draw_id,date,prize,number,slot
01118,2026-08-12,Giải ba,429,0
01118,2026-08-12,Giải ba,508,1
01118,2026-08-12,Giải ba,492,2
01118,2026-08-12,Giải ba,559,3
01118,2026-08-12,Giải ba,500,4
01118,2026-08-12,Giải ba,520,5
01118,2026-08-12,Giải ba,306,6
01118,2026-08-12,Giải ba,095,7
01118,2026-08-12,Giải Đặc biệt,984,0
01118,2026-08-12,Giải Đặc biệt,935,1
01118,2026-08-12,Giải Nhất,839,0
01118,2026-08-12,Giải Nhất,402,1
01118,2026-08-12,Giải Nhất,801,2
01118,2026-08-12,Giải Nhất,791,3
01118,2026-08-12,Giải Nhì,884,0
01118,2026-08-12,Giải Nhì,475,1
01118,2026-08-12,Giải Nhì,732,2
01118,2026-08-12,Giải Nhì,530,3
01118,2026-08-12,Giải Nhì,960,4
01118,2026-08-12,Giải Nhì,080,5
01117,2026-08-10,Giải ba,688,0
01117,2026-08-10,Giải ba,958,1
01117,2026-08-10,Giải ba,824,2
01117,2026-08-10,Giải ba,281,3
01117,2026-08-10,Giải ba,244,4
01117,2026-08-10,Giải ba,457,5
01117,2026-08-10,Giải ba,998,6
01117,2026-08-10,Giải ba,375,7
01117,2026-08-10,Giải Đặc biệt,476,0
01117,2026-08-10,Giải Đặc biệt,882,1
01117,2026-08-10,Giải Nhất,305,0
01117,2026-08-10,Giải Nhất,356,1
01117,2026-08-10,Giải Nhất,808,2
01117,2026-08-10,Giải Nhất,673,3
01117,2026-08-10,Giải Nhì,263,0
01117,2026-08-10,Giải Nhì,148,1
01117,2026-08-10,Giải Nhì,681,2
01117,2026-08-10,Giải Nhì,621,3
01117,2026-08-10,Giải Nhì,545,4
01117,2026-08-10,Giải Nhì,157,5
01116,2026-08-07,Giải ba,769,0
01116,2026-08-07,Giải ba,474,1
01116,2026-08-07,Giải ba,690,2
01116,2026-08-07,Giải ba,063,3
01116,2026-08-07,Giải ba,842,4
01116,2026-08-07,Giải ba,605,5
01116,2026-08-07,Giải ba,527,6
01116,2026-08-07,Giải ba,586,7
01116,2026-08-07,Giải Đặc biệt,464,0
01116,2026-08-07,Giải Đặc biệt,547,1
01116,2026-08-07,Giải Nhất,914,0
01116,2026-08-07,Giải Nhất,859,1
01116,2026-08-07,Giải Nhất,027,2
01116,2026-08-07,Giải Nhất,270,3
01116,2026-08-07,Giải Nhì,055,0
01116,2026-08-07,Giải Nhì,574,1
01116,2026-08-07,Giải Nhì,128,2
01116,2026-08-07,Giải Nhì,587,3
01116,2026-08-07,Giải Nhì,373,4
01116,2026-08-07,Giải Nhì,702,5
01115,2026-08-05,Giải ba,062,0
01115,2026-08-05,Giải ba,017,1
01115,2026-08-05,Giải ba,296,2
01115,2026-08-05,Giải ba,009,3
01115,2026-08-05,Giải ba,702,4
01115,2026-08-05,Giải ba,723,5
01115,2026-08-05,Giải ba,064,6
01115,2026-08-05,Giải ba,593,7
01115,2026-08-05,Giải Đặc biệt,302,0
01115,2026-08-05,Giải Đặc biệt,386,1
01115,2026-08-05,Giải Nhất,681,0
01115,2026-08-05,Giải Nhất,273,1
01115,2026-08-05,Giải Nhất,031,2
01115,2026-08-05,Giải Nhất,990,3
01115,2026-08-05,Giải Nhì,333,0
01115,2026-08-05,Giải Nhì,029,1
01115,2026-08-05,Giải Nhì,893,2
01115,2026-08-05,Giải Nhì,508,3
01115,2026-08-05,Giải Nhì,137,4
01115,2026-08-05,Giải Nhì,300,5
01114,2026-08-03,Giải ba,845,0
01114,2026-08-03,Giải ba,548,1
01114,2026-08-03,Giải ba,123,2
01114,2026-08-03,Giải ba,502,3
01114,2026-08-03,Giải ba,052,4
01114,2026-08-03,Giải ba,124,5
01114,2026-08-03,Giải ba,635,6
01114,2026-08-03,Giải ba,850,7
01114,2026-08-03,Giải Đặc biệt,268,0
01114,2026-08-03,Giải Đặc biệt,568,1
01114,2026-08-03,Giải Nhất,351,0
01114,2026-08-03,Giải Nhất,979,1
01114,2026-08-03,Giải Nhất,231,2
01114,2026-08-03,Giải Nhất,691,3
01114,2026-08-03,Giải Nhì,973,0
01114,2026-08-03,Giải Nhì,102,1
01114,2026-08-03,Giải Nhì,063,2
01114,2026-08-03,Giải Nhì,537,3
01114,2026-08-03,Giải Nhì,359,4
01114,2026-08-03,Giải Nhì,727,5
01113,2026-07-31,Giải ba,819,0
01113,2026-07-31,Giải ba,172,1
01113,2026-07-31,Giải ba,783,2
01113,2026-07-31,Giải ba,083,3
01113,2026-07-31,Giải ba,200,4
01113,2026-07-31,Giải ba,549,5
01113,2026-07-31,Giải ba,803,6
01113,2026-07-31,Giải ba,223,7
01113,2026-07-31,Giải Đặc biệt,133,0
01113,2026-07-31,Giải Đặc biệt,706,1
01113,2026-07-31,Giải Nhất,413,0
01113,2026-07-31,Giải Nhất,123,1
01113,2026-07-31,Giải Nhất,179,2
01113,2026-07-31,Giải Nhất,393,3
01113,2026-07-31,Giải Nhì,752,0
01113,2026-07-31,Giải Nhì,873,1
01113,2026-07-31,Giải Nhì,003,2
01113,2026-07-31,Giải Nhì,589,3
01113,2026-07-31,Giải Nhì,746,4
01113,2026-07-31,Giải Nhì,083,5
01112,2026-07-29,Giải ba,323,0
01112,2026-07-29,Giải ba,893,1
01112,2026-07-29,Giải ba,626,2
01112,2026-07-29,Giải ba,896,3
01112,2026-07-29,Giải ba,393,4
01112,2026-07-29,Giải ba,560,5
01112,2026-07-29,Giải ba,523,6
01112,2026-07-29,Giải ba,768,7
01112,2026-07-29,Giải Đặc biệt,984,0
01112,2026-07-29,Giải Đặc biệt,633,1
01112,2026-07-29,Giải Nhất,411,0
01112,2026-07-29,Giải Nhất,316,1
01112,2026-07-29,Giải Nhất,354,2
01112,2026-07-29,Giải Nhất,883,3
01112,2026-07-29,Giải Nhì,074,0
01112,2026-07-29,Giải Nhì,485,1
01112,2026-07-29,Giải Nhì,381,2
01112,2026-07-29,Giải Nhì,512,3
01112,2026-07-29,Giải Nhì,926,4
01112,2026-07-29,Giải Nhì,446,5
01111,2026-07-27,Giải ba,683,0
01111,2026-07-27,Giải ba,145,1
01111,2026-07-27,Giải ba,801,2
01111,2026-07-27,Giải ba,890,3
01111,2026-07-27,Giải ba,949,4
01111,2026-07-27,Giải ba,755,5
01111,2026-07-27,Giải ba,255,6
01111,2026-07-27,Giải ba,927,7
01111,2026-07-27,Giải Đặc biệt,366,0
01111,2026-07-27,Giải Đặc biệt,681,1
01111,2026-07-27,Giải Nhất,853,0
01111,2026-07-27,Giải Nhất,988,1
01111,2026-07-27,Giải Nhất,718,2
01111,2026-07-27,Giải Nhất,792,3
01111,2026-07-27,Giải Nhì,336,0
01111,2026-07-27,Giải Nhì,795,1
01111,2026-07-27,Giải Nhì,313,2
01111,2026-07-27,Giải Nhì,093,3
01111,2026-07-27,Giải Nhì,523,4
01111,2026-07-27,Giải Nhì,707,5
01110,2026-07-24,Giải ba,414,0
01110,2026-07-24,Giải ba,298,1
01110,2026-07-24,Giải ba,271,2
01110,2026-07-24,Giải ba,697,3
01110,2026-07-24,Giải ba,506,4
01110,2026-07-24,Giải ba,443,5
01110,2026-07-24,Giải ba,807,6
01110,2026-07-24,Giải ba,425,7
01110,2026-07-24,Giải Đặc biệt,516,0
01110,2026-07-24,Giải Đặc biệt,215,1
01110,2026-07-24,Giải Nhất,571,0
01110,2026-07-24,Giải Nhất,229,1
01110,2026-07-24,Giải Nhất,071,2
01110,2026-07-24,Giải Nhất,587,3
01110,2026-07-24,Giải Nhì,927,0
01110,2026-07-24,Giải Nhì,964,1
01110,2026-07-24,Giải Nhì,750,2
01110,2026-07-24,Giải Nhì,346,3
01110,2026-07-24,Giải Nhì,093,4
01110,2026-07-24,Giải Nhì,860,5
01109,2026-07-22,Giải ba,763,0
01109,2026-07-22,Giải ba,923,1
01109,2026-07-22,Giải ba,832,2
01109,2026-07-22,Giải ba,681,3
01109,2026-07-22,Giải ba,993,4
01109,2026-07-22,Giải ba,884,5
01109,2026-07-22,Giải ba,484,6
01109,2026-07-22,Giải ba,073,7
01109,2026-07-22,Giải Đặc biệt,367,0
01109,2026-07-22,Giải Đặc biệt,929,1
01109,2026-07-22,Giải Nhất,605,0
01109,2026-07-22,Giải Nhất,171,1
01109,2026-07-22,Giải Nhất,047,2
01109,2026-07-22,Giải Nhất,514,3
01109,2026-07-22,Giải Nhì,336,0
01109,2026-07-22,Giải Nhì,805,1
01109,2026-07-22,Giải Nhì,833,2
01109,2026-07-22,Giải Nhì,216,3
01109,2026-07-22,Giải Nhì,871,4
01109,2026-07-22,Giải Nhì,947,5
01108,2026-07-20,Giải ba,096,0
01108,2026-07-20,Giải ba,360,1
01108,2026-07-20,Giải ba,113,2
01108,2026-07-20,Giải ba,844,3
01108,2026-07-20,Giải ba,308,4
01108,2026-07-20,Giải ba,175,5
01108,2026-07-20,Giải ba,735,6
01108,2026-07-20,Giải ba,076,7
01108,2026-07-20,Giải Đặc biệt,832,0
01108,2026-07-20,Giải Đặc biệt,317,1
01108,2026-07-20,Giải Nhất,274,0
01108,2026-07-20,Giải Nhất,838,1
01108,2026-07-20,Giải Nhất,247,2
01108,2026-07-20,Giải Nhất,389,3
01108,2026-07-20,Giải Nhì,844,0
01108,2026-07-20,Giải Nhì,440,1
01108,2026-07-20,Giải Nhì,925,2
01108,2026-07-20,Giải Nhì,649,3
01108,2026-07-20,Giải Nhì,693,4
01108,2026-07-20,Giải Nhì,194,5
01107,2026-07-17,Giải ba,323,0
01107,2026-07-17,Giải ba,723,1
01107,2026-07-17,Giải ba,277,2
01107,2026-07-17,Giải ba,958,3
01107,2026-07-17,Giải ba,683,4
01107,2026-07-17,Giải ba,695,5
01107,2026-07-17,Giải ba,081,6
01107,2026-07-17,Giải ba,974,7
01107,2026-07-17,Giải Đặc biệt,512,0
01107,2026-07-17,Giải Đặc biệt,809,1
01107,2026-07-17,Giải Nhất,211,0
01107,2026-07-17,Giải Nhất,655,1
01107,2026-07-17,Giải Nhất,846,2
01107,2026-07-17,Giải Nhất,502,3
01107,2026-07-17,Giải Nhì,072,0
01107,2026-07-17,Giải Nhì,837,1
01107,2026-07-17,Giải Nhì,064,2
01107,2026-07-17,Giải Nhì,238,3
01107,2026-07-17,Giải Nhì,720,4
01107,2026-07-17,Giải Nhì,471,5
01106,2026-07-15,Giải ba,679,0
01106,2026-07-15,Giải ba,104,1
01106,2026-07-15,Giải ba,293,2
01106,2026-07-15,Giải ba,160,3
01106,2026-07-15,Giải ba,979,4
01106,2026-07-15,Giải ba,355,5
01106,2026-07-15,Giải ba,166,6
01106,2026-07-15,Giải ba,732,7
01106,2026-07-15,Giải Đặc biệt,883,0
01106,2026-07-15,Giải Đặc biệt,909,1
01106,2026-07-15,Giải Nhất,045,0
01106,2026-07-15,Giải Nhất,110,1
01106,2026-07-15,Giải Nhất,391,2
01106,2026-07-15,Giải Nhất,595,3
01106,2026-07-15,Giải Nhì,274,0
01106,2026-07-15,Giải Nhì,440,1
01106,2026-07-15,Giải Nhì,644,2
01106,2026-07-15,Giải Nhì,813,3
01106,2026-07-15,Giải Nhì,944,4
01106,2026-07-15,Giải Nhì,202,5
01105,2026-07-13,Giải ba,120,0
01105,2026-07-13,Giải ba,594,1
01105,2026-07-13,Giải ba,588,2
01105,2026-07-13,Giải ba,625,3
01105,2026-07-13,Giải ba,594,4
01105,2026-07-13,Giải ba,308,5
01105,2026-07-13,Giải ba,275,6
01105,2026-07-13,Giải ba,097,7
01105,2026-07-13,Giải Đặc biệt,966,0
01105,2026-07-13,Giải Đặc biệt,541,1
01105,2026-07-13,Giải Nhất,591,0
01105,2026-07-13,Giải Nhất,545,1
01105,2026-07-13,Giải Nhất,014,2
01105,2026-07-13,Giải Nhất,824,3
01105,2026-07-13,Giải Nhì,587,0
01105,2026-07-13,Giải Nhì,271,1
01105,2026-07-13,Giải Nhì,264,2
01105,2026-07-13,Giải Nhì,868,3
01105,2026-07-13,Giải Nhì,688,4
01105,2026-07-13,Giải Nhì,617,5
01104,2026-07-10,Giải ba,001,0
01104,2026-07-10,Giải ba,164,1
01104,2026-07-10,Giải ba,483,2
01104,2026-07-10,Giải ba,029,3
01104,2026-07-10,Giải ba,309,4
01104,2026-07-10,Giải ba,790,5
01104,2026-07-10,Giải ba,619,6
01104,2026-07-10,Giải ba,520,7
01104,2026-07-10,Giải Đặc biệt,985,0
01104,2026-07-10,Giải Đặc biệt,747,1
01104,2026-07-10,Giải Nhất,207,0
01104,2026-07-10,Giải Nhất,165,1
01104,2026-07-10,Giải Nhất,560,2
01104,2026-07-10,Giải Nhất,896,3
01104,2026-07-10,Giải Nhì,006,0
01104,2026-07-10,Giải Nhì,862,1
01104,2026-07-10,Giải Nhì,306,2
01104,2026-07-10,Giải Nhì,216,3
01104,2026-07-10,Giải Nhì,371,4
01104,2026-07-10,Giải Nhì,780,5
01103,2026-07-08,Giải ba,026,0
01103,2026-07-08,Giải ba,954,1
01103,2026-07-08,Giải ba,471,2
01103,2026-07-08,Giải ba,341,3
01103,2026-07-08,Giải ba,346,4
01103,2026-07-08,Giải ba,583,5
01103,2026-07-08,Giải ba,423,6
01103,2026-07-08,Giải ba,489,7
01103,2026-07-08,Giải Đặc biệt,123,0
01103,2026-07-08,Giải Đặc biệt,481,1
01103,2026-07-08,Giải Nhất,548,0
01103,2026-07-08,Giải Nhất,708,1
01103,2026-07-08,Giải Nhất,448,2
01103,2026-07-08,Giải Nhất,140,3
01103,2026-07-08,Giải Nhì,840,0
01103,2026-07-08,Giải Nhì,926,1
01103,2026-07-08,Giải Nhì,851,2
01103,2026-07-08,Giải Nhì,595,3
01103,2026-07-08,Giải Nhì,797,4
01103,2026-07-08,Giải Nhì,721,5
01102,2026-07-06,Giải ba,923,0
01102,2026-07-06,Giải ba,837,1
01102,2026-07-06,Giải ba,523,2
01102,2026-07-06,Giải ba,539,3
01102,2026-07-06,Giải ba,486,4
01102,2026-07-06,Giải ba,047,5
01102,2026-07-06,Giải ba,769,6
01102,2026-07-06,Giải ba,192,7
01102,2026-07-06,Giải Đặc biệt,918,0
01102,2026-07-06,Giải Đặc biệt,406,1
01102,2026-07-06,Giải Nhất,381,0
01102,2026-07-06,Giải Nhất,944,1
01102,2026-07-06,Giải Nhất,328,2
01102,2026-07-06,Giải Nhất,111,3
01102,2026-07-06,Giải Nhì,554,0
01102,2026-07-06,Giải Nhì,531,1
01102,2026-07-06,Giải Nhì,998,2
01102,2026-07-06,Giải Nhì,862,3
01102,2026-07-06,Giải Nhì,024,4
01102,2026-07-06,Giải Nhì,059,5
01101,2026-07-03,Giải ba,933,0
01101,2026-07-03,Giải ba,580,1
01101,2026-07-03,Giải ba,836,2
01101,2026-07-03,Giải ba,166,3
01101,2026-07-03,Giải ba,844,4
01101,2026-07-03,Giải ba,193,5
01101,2026-07-03,Giải ba,879,6
01101,2026-07-03,Giải ba,674,7
01101,2026-07-03,Giải Đặc biệt,541,0
01101,2026-07-03,Giải Đặc biệt,263,1
01101,2026-07-03,Giải Nhất,105,0
01101,2026-07-03,Giải Nhất,032,1
01101,2026-07-03,Giải Nhất,115,2
01101,2026-07-03,Giải Nhất,681,3
01101,2026-07-03,Giải Nhì,916,0
01101,2026-07-03,Giải Nhì,915,1
01101,2026-07-03,Giải Nhì,038,2
01101,2026-07-03,Giải Nhì,671,3
01101,2026-07-03,Giải Nhì,169,4
01101,2026-07-03,Giải Nhì,493,5
01100,2026-07-01,Giải ba,338,0
01100,2026-07-01,Giải ba,352,1
01100,2026-07-01,Giải ba,122,2
01100,2026-07-01,Giải ba,543,3
01100,2026-07-01,Giải ba,753,4
01100,2026-07-01,Giải ba,823,5
01100,2026-07-01,Giải ba,172,6
01100,2026-07-01,Giải ba,004,7
01100,2026-07-01,Giải Đặc biệt,318,0
01100,2026-07-01,Giải Đặc biệt,699,1
01100,2026-07-01,Giải Nhất,921,0
01100,2026-07-01,Giải Nhất,166,1
01100,2026-07-01,Giải Nhất,626,2
01100,2026-07-01,Giải Nhất,143,3
01100,2026-07-01,Giải Nhì,153,0
01100,2026-07-01,Giải Nhì,867,1
01100,2026-07-01,Giải Nhì,664,2
01100,2026-07-01,Giải Nhì,726,3
01100,2026-07-01,Giải Nhì,805,4
01100,2026-07-01,Giải Nhì,457,5
01099,2026-06-29,Giải ba,862,0
01099,2026-06-29,Giải ba,493,1
01099,2026-06-29,Giải ba,169,2
01099,2026-06-29,Giải ba,653,3
01099,2026-06-29,Giải ba,534,4
01099,2026-06-29,Giải ba,492,5
01099,2026-06-29,Giải ba,758,6
01099,2026-06-29,Giải ba,762,7
01099,2026-06-29,Giải Đặc biệt,596,0
01099,2026-06-29,Giải Đặc biệt,290,1
01099,2026-06-29,Giải Nhất,317,0
01099,2026-06-29,Giải Nhất,924,1
01099,2026-06-29,Giải Nhất,263,2
01099,2026-06-29,Giải Nhất,128,3
01099,2026-06-29,Giải Nhì,401,0
01099,2026-06-29,Giải Nhì,559,1
01099,2026-06-29,Giải Nhì,767,2
01099,2026-06-29,Giải Nhì,804,3
01099,2026-06-29,Giải Nhì,924,4
01099,2026-06-29,Giải Nhì,957,5
01098,2026-06-26,Giải ba,337,0
01098,2026-06-26,Giải ba,129,1
01098,2026-06-26,Giải ba,323,2
01098,2026-06-26,Giải ba,911,3
01098,2026-06-26,Giải ba,611,4
01098,2026-06-26,Giải ba,943,5
01098,2026-06-26,Giải ba,110,6
01098,2026-06-26,Giải ba,636,7
01098,2026-06-26,Giải Đặc biệt,076,0
01098,2026-06-26,Giải Đặc biệt,648,1
01098,2026-06-26,Giải Nhất,945,0
01098,2026-06-26,Giải Nhất,570,1
01098,2026-06-26,Giải Nhất,627,2
01098,2026-06-26,Giải Nhất,387,3
01098,2026-06-26,Giải Nhì,322,0
01098,2026-06-26,Giải Nhì,843,1
01098,2026-06-26,Giải Nhì,496,2
01098,2026-06-26,Giải Nhì,981,3
01098,2026-06-26,Giải Nhì,892,4
01098,2026-06-26,Giải Nhì,617,5
01097,2026-06-24,Giải ba,876,0
01097,2026-06-24,Giải ba,906,1
01097,2026-06-24,Giải ba,305,2
01097,2026-06-24,Giải ba,485,3
01097,2026-06-24,Giải ba,116,4
01097,2026-06-24,Giải ba,889,5
01097,2026-06-24,Giải ba,210,6
01097,2026-06-24,Giải ba,610,7
01097,2026-06-24,Giải Đặc biệt,320,0
01097,2026-06-24,Giải Đặc biệt,508,1
01097,2026-06-24,Giải Nhất,501,0
01097,2026-06-24,Giải Nhất,662,1
01097,2026-06-24,Giải Nhất,571,2
01097,2026-06-24,Giải Nhất,920,3
01097,2026-06-24,Giải Nhì,059,0
01097,2026-06-24,Giải Nhì,510,1
01097,2026-06-24,Giải Nhì,177,2
01097,2026-06-24,Giải Nhì,653,3
01097,2026-06-24,Giải Nhì,259,4
01097,2026-06-24,Giải Nhì,695,5
01096,2026-06-22,Giải ba,374,0
01096,2026-06-22,Giải ba,872,1
01096,2026-06-22,Giải ba,367,2
01096,2026-06-22,Giải ba,249,3
01096,2026-06-22,Giải ba,782,4
01096,2026-06-22,Giải ba,898,5
01096,2026-06-22,Giải ba,906,6
01096,2026-06-22,Giải ba,536,7
01096,2026-06-22,Giải Đặc biệt,196,0
01096,2026-06-22,Giải Đặc biệt,438,1
01096,2026-06-22,Giải Nhất,534,0
01096,2026-06-22,Giải Nhất,772,1
01096,2026-06-22,Giải Nhất,379,2
01096,2026-06-22,Giải Nhất,332,3
01096,2026-06-22,Giải Nhì,813,0
01096,2026-06-22,Giải Nhì,659,1
01096,2026-06-22,Giải Nhì,498,2
01096,2026-06-22,Giải Nhì,848,3
01096,2026-06-22,Giải Nhì,183,4
01096,2026-06-22,Giải Nhì,624,5
01095,2026-06-19,Giải ba,991,0
01095,2026-06-19,Giải ba,018,1
01095,2026-06-19,Giải ba,336,2
01095,2026-06-19,Giải ba,830,3
01095,2026-06-19,Giải ba,234,4
01095,2026-06-19,Giải ba,995,5
01095,2026-06-19,Giải ba,055,6
01095,2026-06-19,Giải ba,298,7
01095,2026-06-19,Giải Đặc biệt,468,0
01095,2026-06-19,Giải Đặc biệt,520,1
01095,2026-06-19,Giải Nhất,476,0
01095,2026-06-19,Giải Nhất,969,1
01095,2026-06-19,Giải Nhất,623,2
01095,2026-06-19,Giải Nhất,027,3
01095,2026-06-19,Giải Nhì,600,0
01095,2026-06-19,Giải Nhì,377,1
01095,2026-06-19,Giải Nhì,913,2
01095,2026-06-19,Giải Nhì,044,3
01095,2026-06-19,Giải Nhì,539,4
01095,2026-06-19,Giải Nhì,907,5
01094,2026-06-17,Giải ba,066,0
01094,2026-06-17,Giải ba,487,1
01094,2026-06-17,Giải ba,702,2
01094,2026-06-17,Giải ba,660,3
01094,2026-06-17,Giải ba,212,4
01094,2026-06-17,Giải ba,295,5
01094,2026-06-17,Giải ba,950,6
01094,2026-06-17,Giải ba,722,7
01094,2026-06-17,Giải Đặc biệt,115,0
01094,2026-06-17,Giải Đặc biệt,771,1
01094,2026-06-17,Giải Nhất,300,0
01094,2026-06-17,Giải Nhất,879,1
01094,2026-06-17,Giải Nhất,806,2
01094,2026-06-17,Giải Nhất,415,3
01094,2026-06-17,Giải Nhì,113,0
01094,2026-06-17,Giải Nhì,161,1
01094,2026-06-17,Giải Nhì,143,2
01094,2026-06-17,Giải Nhì,206,3
01094,2026-06-17,Giải Nhì,878,4
01094,2026-06-17,Giải Nhì,415,5
01093,2026-06-15,Giải ba,080,0
01093,2026-06-15,Giải ba,958,1
01093,2026-06-15,Giải ba,167,2
01093,2026-06-15,Giải ba,964,3
01093,2026-06-15,Giải ba,814,4
01093,2026-06-15,Giải ba,597,5
01093,2026-06-15,Giải ba,093,6
01093,2026-06-15,Giải ba,747,7
01093,2026-06-15,Giải Đặc biệt,363,0
01093,2026-06-15,Giải Đặc biệt,028,1
01093,2026-06-15,Giải Nhất,769,0
01093,2026-06-15,Giải Nhất,452,1
01093,2026-06-15,Giải Nhất,043,2
01093,2026-06-15,Giải Nhất,799,3
01093,2026-06-15,Giải Nhì,170,0
01093,2026-06-15,Giải Nhì,949,1
01093,2026-06-15,Giải Nhì,088,2
01093,2026-06-15,Giải Nhì,050,3
01093,2026-06-15,Giải Nhì,693,4
01093,2026-06-15,Giải Nhì,746,5
01092,2026-06-12,Giải ba,397,0
01092,2026-06-12,Giải ba,888,1
01092,2026-06-12,Giải ba,977,2
01092,2026-06-12,Giải ba,204,3
01092,2026-06-12,Giải ba,623,4
01092,2026-06-12,Giải ba,070,5
01092,2026-06-12,Giải ba,140,6
01092,2026-06-12,Giải ba,332,7
01092,2026-06-12,Giải Đặc biệt,350,0
01092,2026-06-12,Giải Đặc biệt,839,1
01092,2026-06-12,Giải Nhất,975,0
01092,2026-06-12,Giải Nhất,955,1
01092,2026-06-12,Giải Nhất,069,2
01092,2026-06-12,Giải Nhất,405,3
01092,2026-06-12,Giải Nhì,896,0
01092,2026-06-12,Giải Nhì,451,1
01092,2026-06-12,Giải Nhì,810,2
01092,2026-06-12,Giải Nhì,851,3
01092,2026-06-12,Giải Nhì,841,4
01092,2026-06-12,Giải Nhì,328,5
01091,2026-06-10,Giải ba,106,0
01091,2026-06-10,Giải ba,665,1
01091,2026-06-10,Giải ba,647,2
01091,2026-06-10,Giải ba,979,3
01091,2026-06-10,Giải ba,737,4
01091,2026-06-10,Giải ba,583,5
01091,2026-06-10,Giải ba,644,6
01091,2026-06-10,Giải ba,506,7
01091,2026-06-10,Giải Đặc biệt,208,0
01091,2026-06-10,Giải Đặc biệt,590,1
01091,2026-06-10,Giải Nhất,885,0
01091,2026-06-10,Giải Nhất,228,1
01091,2026-06-10,Giải Nhất,985,2
01091,2026-06-10,Giải Nhất,027,3
01091,2026-06-10,Giải Nhì,437,0
01091,2026-06-10,Giải Nhì,161,1
01091,2026-06-10,Giải Nhì,575,2
01091,2026-06-10,Giải Nhì,202,3
01091,2026-06-10,Giải Nhì,411,4
01091,2026-06-10,Giải Nhì,596,5
01090,2026-06-08,Giải ba,832,0
01090,2026-06-08,Giải ba,386,1
01090,2026-06-08,Giải ba,421,2
01090,2026-06-08,Giải ba,771,3
01090,2026-06-08,Giải ba,497,4
01090,2026-06-08,Giải ba,045,5
01090,2026-06-08,Giải ba,151,6
01090,2026-06-08,Giải ba,372,7
01090,2026-06-08,Giải Đặc biệt,788,0
01090,2026-06-08,Giải Đặc biệt,518,1
01090,2026-06-08,Giải Nhất,621,0
01090,2026-06-08,Giải Nhất,119,1
01090,2026-06-08,Giải Nhất,583,2
01090,2026-06-08,Giải Nhất,354,3
01090,2026-06-08,Giải Nhì,551,0
01090,2026-06-08,Giải Nhì,188,1
01090,2026-06-08,Giải Nhì,256,2
01090,2026-06-08,Giải Nhì,356,3
01090,2026-06-08,Giải Nhì,032,4
01090,2026-06-08,Giải Nhì,034,5
01089,2026-06-05,Giải ba,629,0
01089,2026-06-05,Giải ba,020,1
01089,2026-06-05,Giải ba,953,2
01089,2026-06-05,Giải ba,553,3
01089,2026-06-05,Giải ba,443,4
01089,2026-06-05,Giải ba,106,5
01089,2026-06-05,Giải ba,068,6
01089,2026-06-05,Giải ba,735,7
01089,2026-06-05,Giải Đặc biệt,989,0
01089,2026-06-05,Giải Đặc biệt,401,1
01089,2026-06-05,Giải Nhất,166,0
01089,2026-06-05,Giải Nhất,847,1
01089,2026-06-05,Giải Nhất,254,2
01089,2026-06-05,Giải Nhất,119,3
01089,2026-06-05,Giải Nhì,901,0
01089,2026-06-05,Giải Nhì,152,1
01089,2026-06-05,Giải Nhì,521,2
01089,2026-06-05,Giải Nhì,216,3
01089,2026-06-05,Giải Nhì,619,4
01089,2026-06-05,Giải Nhì,425,5
01088,2026-06-03,Giải ba,350,0
01088,2026-06-03,Giải ba,103,1
01088,2026-06-03,Giải ba,681,2
01088,2026-06-03,Giải ba,650,3
01088,2026-06-03,Giải ba,954,4
01088,2026-06-03,Giải ba,024,5
01088,2026-06-03,Giải ba,322,6
01088,2026-06-03,Giải ba,733,7
01088,2026-06-03,Giải Đặc biệt,370,0
01088,2026-06-03,Giải Đặc biệt,391,1
01088,2026-06-03,Giải Nhất,233,0
01088,2026-06-03,Giải Nhất,326,1
01088,2026-06-03,Giải Nhất,819,2
01088,2026-06-03,Giải Nhất,633,3
01088,2026-06-03,Giải Nhì,231,0
01088,2026-06-03,Giải Nhì,616,1
01088,2026-06-03,Giải Nhì,121,2
01088,2026-06-03,Giải Nhì,784,3
01088,2026-06-03,Giải Nhì,098,4
01088,2026-06-03,Giải Nhì,146,5
01087,2026-06-01,Giải ba,093,0
01087,2026-06-01,Giải ba,168,1
01087,2026-06-01,Giải ba,722,2
01087,2026-06-01,Giải ba,858,3
01087,2026-06-01,Giải ba,479,4
01087,2026-06-01,Giải ba,411,5
01087,2026-06-01,Giải ba,185,6
01087,2026-06-01,Giải ba,298,7
01087,2026-06-01,Giải Đặc biệt,134,0
01087,2026-06-01,Giải Đặc biệt,693,1
01087,2026-06-01,Giải Nhất,807,0
01087,2026-06-01,Giải Nhất,183,1
01087,2026-06-01,Giải Nhất,888,2
01087,2026-06-01,Giải Nhất,679,3
01087,2026-06-01,Giải Nhì,425,0
01087,2026-06-01,Giải Nhì,396,1
01087,2026-06-01,Giải Nhì,382,2
01087,2026-06-01,Giải Nhì,151,3
01087,2026-06-01,Giải Nhì,410,4
01087,2026-06-01,Giải Nhì,775,5
01086,2026-05-29,Giải ba,671,0
01086,2026-05-29,Giải ba,840,1
01086,2026-05-29,Giải ba,869,2
01086,2026-05-29,Giải ba,649,3
01086,2026-05-29,Giải ba,216,4
01086,2026-05-29,Giải ba,723,5
01086,2026-05-29,Giải ba,018,6
01086,2026-05-29,Giải ba,462,7
01086,2026-05-29,Giải Đặc biệt,708,0
01086,2026-05-29,Giải Đặc biệt,936,1
01086,2026-05-29,Giải Nhất,485,0
01086,2026-05-29,Giải Nhất,377,1
01086,2026-05-29,Giải Nhất,690,2
01086,2026-05-29,Giải Nhất,188,3
01086,2026-05-29,Giải Nhì,317,0
01086,2026-05-29,Giải Nhì,602,1
01086,2026-05-29,Giải Nhì,622,2
01086,2026-05-29,Giải Nhì,963,3
01086,2026-05-29,Giải Nhì,416,4
01086,2026-05-29,Giải Nhì,432,5
01085,2026-05-27,Giải ba,651,0
01085,2026-05-27,Giải ba,975,1
01085,2026-05-27,Giải ba,548,2
01085,2026-05-27,Giải ba,907,3
01085,2026-05-27,Giải ba,093,4
01085,2026-05-27,Giải ba,195,5
01085,2026-05-27,Giải ba,705,6
01085,2026-05-27,Giải ba,829,7
01085,2026-05-27,Giải Đặc biệt,490,0
01085,2026-05-27,Giải Đặc biệt,899,1
01085,2026-05-27,Giải Nhất,924,0
01085,2026-05-27,Giải Nhất,076,1
01085,2026-05-27,Giải Nhất,010,2
01085,2026-05-27,Giải Nhất,963,3
01085,2026-05-27,Giải Nhì,140,0
01085,2026-05-27,Giải Nhì,086,1
01085,2026-05-27,Giải Nhì,857,2
01085,2026-05-27,Giải Nhì,023,3
01085,2026-05-27,Giải Nhì,784,4
01085,2026-05-27,Giải Nhì,380,5
01084,2026-05-25,Giải ba,480,0
01084,2026-05-25,Giải ba,151,1
01084,2026-05-25,Giải ba,632,2
01084,2026-05-25,Giải ba,341,3
01084,2026-05-25,Giải ba,851,4
01084,2026-05-25,Giải ba,178,5
01084,2026-05-25,Giải ba,167,6
01084,2026-05-25,Giải ba,749,7
01084,2026-05-25,Giải Đặc biệt,689,0
01084,2026-05-25,Giải Đặc biệt,829,1
01084,2026-05-25,Giải Nhất,199,0
01084,2026-05-25,Giải Nhất,384,1
01084,2026-05-25,Giải Nhất,125,2
01084,2026-05-25,Giải Nhất,647,3
01084,2026-05-25,Giải Nhì,046,0
01084,2026-05-25,Giải Nhì,869,1
01084,2026-05-25,Giải Nhì,441,2
01084,2026-05-25,Giải Nhì,404,3
01084,2026-05-25,Giải Nhì,064,4
01084,2026-05-25,Giải Nhì,436,5
01083,2026-05-22,Giải ba,434,0
01083,2026-05-22,Giải ba,724,1
01083,2026-05-22,Giải ba,001,2
01083,2026-05-22,Giải ba,135,3
01083,2026-05-22,Giải ba,918,4
01083,2026-05-22,Giải ba,000,5
01083,2026-05-22,Giải ba,220,6
01083,2026-05-22,Giải ba,511,7
01083,2026-05-22,Giải Đặc biệt,364,0
01083,2026-05-22,Giải Đặc biệt,447,1
01083,2026-05-22,Giải Nhất,763,0
01083,2026-05-22,Giải Nhất,332,1
01083,2026-05-22,Giải Nhất,879,2
01083,2026-05-22,Giải Nhất,316,3
01083,2026-05-22,Giải Nhì,415,0
01083,2026-05-22,Giải Nhì,255,1
01083,2026-05-22,Giải Nhì,246,2
01083,2026-05-22,Giải Nhì,767,3
01083,2026-05-22,Giải Nhì,188,4
01083,2026-05-22,Giải Nhì,344,5
01082,2026-05-20,Giải ba,967,0
01082,2026-05-20,Giải ba,061,1
01082,2026-05-20,Giải ba,831,2
01082,2026-05-20,Giải ba,619,3
01082,2026-05-20,Giải ba,320,4
01082,2026-05-20,Giải ba,122,5
01082,2026-05-20,Giải ba,504,6
01082,2026-05-20,Giải ba,202,7
01082,2026-05-20,Giải Đặc biệt,468,0
01082,2026-05-20,Giải Đặc biệt,226,1
01082,2026-05-20,Giải Nhất,927,0
01082,2026-05-20,Giải Nhất,779,1
01082,2026-05-20,Giải Nhất,302,2
01082,2026-05-20,Giải Nhất,860,3
01082,2026-05-20,Giải Nhì,611,0
01082,2026-05-20,Giải Nhì,015,1
01082,2026-05-20,Giải Nhì,220,2
01082,2026-05-20,Giải Nhì,142,3
01082,2026-05-20,Giải Nhì,365,4
01082,2026-05-20,Giải Nhì,384,5
01081,2026-05-18,Giải ba,107,0
01081,2026-05-18,Giải ba,685,1
01081,2026-05-18,Giải ba,685,2
01081,2026-05-18,Giải ba,029,3
01081,2026-05-18,Giải ba,890,4
01081,2026-05-18,Giải ba,519,5
01081,2026-05-18,Giải ba,098,6
01081,2026-05-18,Giải ba,387,7
01081,2026-05-18,Giải Đặc biệt,420,0
01081,2026-05-18,Giải Đặc biệt,377,1
01081,2026-05-18,Giải Nhất,555,0
01081,2026-05-18,Giải Nhất,780,1
01081,2026-05-18,Giải Nhất,286,2
01081,2026-05-18,Giải Nhất,453,3
01081,2026-05-18,Giải Nhì,965,0
01081,2026-05-18,Giải Nhì,534,1
01081,2026-05-18,Giải Nhì,383,2
01081,2026-05-18,Giải Nhì,972,3
01081,2026-05-18,Giải Nhì,111,4
01081,2026-05-18,Giải Nhì,550,5
01080,2026-05-15,Giải ba,268,0
01080,2026-05-15,Giải ba,581,1
01080,2026-05-15,Giải ba,270,2
01080,2026-05-15,Giải ba,741,3
01080,2026-05-15,Giải ba,259,4
01080,2026-05-15,Giải ba,025,5
01080,2026-05-15,Giải ba,035,6
01080,2026-05-15,Giải ba,563,7
01080,2026-05-15,Giải Đặc biệt,641,0
01080,2026-05-15,Giải Đặc biệt,730,1
01080,2026-05-15,Giải Nhất,289,0
01080,2026-05-15,Giải Nhất,447,1
01080,2026-05-15,Giải Nhất,447,2
01080,2026-05-15,Giải Nhất,362,3
01080,2026-05-15,Giải Nhì,346,0
01080,2026-05-15,Giải Nhì,433,1
01080,2026-05-15,Giải Nhì,047,2
01080,2026-05-15,Giải Nhì,028,3
01080,2026-05-15,Giải Nhì,815,4
01080,2026-05-15,Giải Nhì,013,5
01079,2026-05-13,Giải ba,068,0
01079,2026-05-13,Giải ba,336,1
01079,2026-05-13,Giải ba,033,2
01079,2026-05-13,Giải ba,220,3
01079,2026-05-13,Giải ba,663,4
01079,2026-05-13,Giải ba,030,5
01079,2026-05-13,Giải ba,208,6
01079,2026-05-13,Giải ba,498,7
01079,2026-05-13,Giải Đặc biệt,816,0
01079,2026-05-13,Giải Đặc biệt,519,1
01079,2026-05-13,Giải Nhất,217,0
01079,2026-05-13,Giải Nhất,773,1
01079,2026-05-13,Giải Nhất,425,2
01079,2026-05-13,Giải Nhất,844,3
01079,2026-05-13,Giải Nhì,486,0
01079,2026-05-13,Giải Nhì,260,1
01079,2026-05-13,Giải Nhì,373,2
01079,2026-05-13,Giải Nhì,989,3
01079,2026-05-13,Giải Nhì,890,4
01079,2026-05-13,Giải Nhì,021,5
01078,2026-05-11,Giải ba,738,0
01078,2026-05-11,Giải ba,904,1
01078,2026-05-11,Giải ba,746,2
01078,2026-05-11,Giải ba,821,3
01078,2026-05-11,Giải ba,180,4
01078,2026-05-11,Giải ba,896,5
01078,2026-05-11,Giải ba,689,6
01078,2026-05-11,Giải ba,849,7
01078,2026-05-11,Giải Đặc biệt,139,0
01078,2026-05-11,Giải Đặc biệt,046,1
01078,2026-05-11,Giải Nhất,669,0
01078,2026-05-11,Giải Nhất,523,1
01078,2026-05-11,Giải Nhất,747,2
01078,2026-05-11,Giải Nhất,445,3
01078,2026-05-11,Giải Nhì,206,0
01078,2026-05-11,Giải Nhì,963,1
01078,2026-05-11,Giải Nhì,384,2
01078,2026-05-11,Giải Nhì,920,3
01078,2026-05-11,Giải Nhì,031,4
01078,2026-05-11,Giải Nhì,400,5
01077,2026-05-08,Giải ba,426,0
01077,2026-05-08,Giải ba,451,1
01077,2026-05-08,Giải ba,688,2
01077,2026-05-08,Giải ba,958,3
01077,2026-05-08,Giải ba,677,4
01077,2026-05-08,Giải ba,527,5
01077,2026-05-08,Giải ba,467,6
01077,2026-05-08,Giải ba,344,7
01077,2026-05-08,Giải Đặc biệt,987,0
01077,2026-05-08,Giải Đặc biệt,678,1
01077,2026-05-08,Giải Nhất,038,0
01077,2026-05-08,Giải Nhất,337,1
01077,2026-05-08,Giải Nhất,711,2
01077,2026-05-08,Giải Nhất,473,3
01077,2026-05-08,Giải Nhì,266,0
01077,2026-05-08,Giải Nhì,152,1
01077,2026-05-08,Giải Nhì,250,2
01077,2026-05-08,Giải Nhì,115,3
01077,2026-05-08,Giải Nhì,693,4
01077,2026-05-08,Giải Nhì,886,5
01076,2026-05-06,Giải ba,879,0
01076,2026-05-06,Giải ba,442,1
01076,2026-05-06,Giải ba,549,2
01076,2026-05-06,Giải ba,730,3
01076,2026-05-06,Giải ba,240,4
01076,2026-05-06,Giải ba,530,5
01076,2026-05-06,Giải ba,467,6
01076,2026-05-06,Giải ba,690,7
01076,2026-05-06,Giải Đặc biệt,672,0
01076,2026-05-06,Giải Đặc biệt,585,1
01076,2026-05-06,Giải Nhất,223,0
01076,2026-05-06,Giải Nhất,166,1
01076,2026-05-06,Giải Nhất,785,2
01076,2026-05-06,Giải Nhất,273,3
01076,2026-05-06,Giải Nhì,103,0
01076,2026-05-06,Giải Nhì,834,1
01076,2026-05-06,Giải Nhì,922,2
01076,2026-05-06,Giải Nhì,038,3
01076,2026-05-06,Giải Nhì,458,4
01076,2026-05-06,Giải Nhì,889,5
01075,2026-05-04,Giải ba,488,0
01075,2026-05-04,Giải ba,043,1
01075,2026-05-04,Giải ba,477,2
01075,2026-05-04,Giải ba,620,3
01075,2026-05-04,Giải ba,049,4
01075,2026-05-04,Giải ba,658,5
01075,2026-05-04,Giải ba,240,6
01075,2026-05-04,Giải ba,123,7
01075,2026-05-04,Giải Đặc biệt,923,0
01075,2026-05-04,Giải Đặc biệt,448,1
01075,2026-05-04,Giải Nhất,594,0
01075,2026-05-04,Giải Nhất,507,1
01075,2026-05-04,Giải Nhất,662,2
01075,2026-05-04,Giải Nhất,900,3
01075,2026-05-04,Giải Nhì,927,0
01075,2026-05-04,Giải Nhì,111,1
01075,2026-05-04,Giải Nhì,318,2
01075,2026-05-04,Giải Nhì,992,3
01075,2026-05-04,Giải Nhì,912,4
01075,2026-05-04,Giải Nhì,361,5
01074,2026-05-01,Giải ba,114,0
01074,2026-05-01,Giải ba,033,1
01074,2026-05-01,Giải ba,048,2
01074,2026-05-01,Giải ba,980,3
01074,2026-05-01,Giải ba,732,4
01074,2026-05-01,Giải ba,054,5
01074,2026-05-01,Giải ba,627,6
01074,2026-05-01,Giải ba,075,7
01074,2026-05-01,Giải Đặc biệt,471,0
01074,2026-05-01,Giải Đặc biệt,030,1
01074,2026-05-01,Giải Nhất,587,0
01074,2026-05-01,Giải Nhất,292,1
01074,2026-05-01,Giải Nhất,242,2
01074,2026-05-01,Giải Nhất,206,3
01074,2026-05-01,Giải Nhì,044,0
01074,2026-05-01,Giải Nhì,191,1
01074,2026-05-01,Giải Nhì,924,2
01074,2026-05-01,Giải Nhì,057,3
01074,2026-05-01,Giải Nhì,075,4
01074,2026-05-01,Giải Nhì,521,5
01073,2026-04-29,Giải ba,144,0
01073,2026-04-29,Giải ba,755,1
01073,2026-04-29,Giải ba,009,2
01073,2026-04-29,Giải ba,960,3
01073,2026-04-29,Giải ba,126,4
01073,2026-04-29,Giải ba,649,5
01073,2026-04-29,Giải ba,239,6
01073,2026-04-29,Giải ba,639,7
01073,2026-04-29,Giải Đặc biệt,031,0
01073,2026-04-29,Giải Đặc biệt,829,1
01073,2026-04-29,Giải Nhất,397,0
01073,2026-04-29,Giải Nhất,447,1
01073,2026-04-29,Giải Nhất,003,2
01073,2026-04-29,Giải Nhất,648,3
01073,2026-04-29,Giải Nhì,831,0
01073,2026-04-29,Giải Nhì,258,1
01073,2026-04-29,Giải Nhì,989,2
01073,2026-04-29,Giải Nhì,928,3
01073,2026-04-29,Giải Nhì,214,4
01073,2026-04-29,Giải Nhì,826,5
01072,2026-04-27,Giải ba,881,0
01072,2026-04-27,Giải ba,841,1
01072,2026-04-27,Giải ba,722,2
01072,2026-04-27,Giải ba,647,3
01072,2026-04-27,Giải ba,846,4
01072,2026-04-27,Giải ba,199,5
01072,2026-04-27,Giải ba,856,6
01072,2026-04-27,Giải ba,430,7
01072,2026-04-27,Giải Đặc biệt,000,0
01072,2026-04-27,Giải Đặc biệt,210,1
01072,2026-04-27,Giải Nhất,336,0
01072,2026-04-27,Giải Nhất,328,1
01072,2026-04-27,Giải Nhất,995,2
01072,2026-04-27,Giải Nhất,689,3
01072,2026-04-27,Giải Nhì,031,0
01072,2026-04-27,Giải Nhì,274,1
01072,2026-04-27,Giải Nhì,630,2
01072,2026-04-27,Giải Nhì,928,3
01072,2026-04-27,Giải Nhì,082,4
01072,2026-04-27,Giải Nhì,469,5
01071,2026-04-24,Giải ba,187,0
01071,2026-04-24,Giải ba,822,1
01071,2026-04-24,Giải ba,352,2
01071,2026-04-24,Giải ba,736,3
01071,2026-04-24,Giải ba,470,4
01071,2026-04-24,Giải ba,386,5
01071,2026-04-24,Giải ba,789,6
01071,2026-04-24,Giải ba,039,7
01071,2026-04-24,Giải Đặc biệt,671,0
01071,2026-04-24,Giải Đặc biệt,788,1
01071,2026-04-24,Giải Nhất,701,0
01071,2026-04-24,Giải Nhất,901,1
01071,2026-04-24,Giải Nhất,111,2
01071,2026-04-24,Giải Nhất,730,3
01071,2026-04-24,Giải Nhì,633,0
01071,2026-04-24,Giải Nhì,277,1
01071,2026-04-24,Giải Nhì,990,2
01071,2026-04-24,Giải Nhì,182,3
01071,2026-04-24,Giải Nhì,639,4
01071,2026-04-24,Giải Nhì,147,5
01070,2026-04-22,Giải ba,125,0
01070,2026-04-22,Giải ba,907,1
01070,2026-04-22,Giải ba,850,2
01070,2026-04-22,Giải ba,306,3
01070,2026-04-22,Giải ba,398,4
01070,2026-04-22,Giải ba,375,5
01070,2026-04-22,Giải ba,251,6
01070,2026-04-22,Giải ba,158,7
01070,2026-04-22,Giải Đặc biệt,133,0
01070,2026-04-22,Giải Đặc biệt,110,1
01070,2026-04-22,Giải Nhất,696,0
01070,2026-04-22,Giải Nhất,573,1
01070,2026-04-22,Giải Nhất,159,2
01070,2026-04-22,Giải Nhất,720,3
01070,2026-04-22,Giải Nhì,663,0
01070,2026-04-22,Giải Nhì,675,1
01070,2026-04-22,Giải Nhì,834,2
01070,2026-04-22,Giải Nhì,863,3
01070,2026-04-22,Giải Nhì,744,4
01070,2026-04-22,Giải Nhì,513,5
01069,2026-04-20,Giải ba,833,0
01069,2026-04-20,Giải ba,652,1
01069,2026-04-20,Giải ba,063,2
01069,2026-04-20,Giải ba,329,3
01069,2026-04-20,Giải ba,219,4
01069,2026-04-20,Giải ba,317,5
01069,2026-04-20,Giải ba,539,6
01069,2026-04-20,Giải ba,366,7
01069,2026-04-20,Giải Đặc biệt,562,0
01069,2026-04-20,Giải Đặc biệt,939,1
01069,2026-04-20,Giải Nhất,769,0
01069,2026-04-20,Giải Nhất,584,1
01069,2026-04-20,Giải Nhất,381,2
01069,2026-04-20,Giải Nhất,980,3
01069,2026-04-20,Giải Nhì,129,0
01069,2026-04-20,Giải Nhì,829,1
01069,2026-04-20,Giải Nhì,360,2
01069,2026-04-20,Giải Nhì,917,3
01069,2026-04-20,Giải Nhì,062,4
01069,2026-04-20,Giải Nhì,454,5
01068,2026-04-17,Giải ba,599,0
01068,2026-04-17,Giải ba,629,1
01068,2026-04-17,Giải ba,865,2
01068,2026-04-17,Giải ba,124,3
01068,2026-04-17,Giải ba,399,4
01068,2026-04-17,Giải ba,266,5
01068,2026-04-17,Giải ba,643,6
01068,2026-04-17,Giải ba,159,7
01068,2026-04-17,Giải Đặc biệt,968,0
01068,2026-04-17,Giải Đặc biệt,946,1
01068,2026-04-17,Giải Nhất,674,0
01068,2026-04-17,Giải Nhất,771,1
01068,2026-04-17,Giải Nhất,206,2
01068,2026-04-17,Giải Nhất,460,3
01068,2026-04-17,Giải Nhì,616,0
01068,2026-04-17,Giải Nhì,363,1
01068,2026-04-17,Giải Nhì,356,2
01068,2026-04-17,Giải Nhì,111,3
01068,2026-04-17,Giải Nhì,541,4
01068,2026-04-17,Giải Nhì,623,5
01067,2026-04-15,Giải ba,249,0
01067,2026-04-15,Giải ba,139,1
01067,2026-04-15,Giải ba,318,2
01067,2026-04-15,Giải ba,375,3
01067,2026-04-15,Giải ba,616,4
01067,2026-04-15,Giải ba,765,5
01067,2026-04-15,Giải ba,170,6
01067,2026-04-15,Giải ba,157,7
01067,2026-04-15,Giải Đặc biệt,199,0
01067,2026-04-15,Giải Đặc biệt,787,1
01067,2026-04-15,Giải Nhất,987,0
01067,2026-04-15,Giải Nhất,800,1
01067,2026-04-15,Giải Nhất,615,2
01067,2026-04-15,Giải Nhất,715,3
01067,2026-04-15,Giải Nhì,213,0
01067,2026-04-15,Giải Nhì,985,1
01067,2026-04-15,Giải Nhì,607,2
01067,2026-04-15,Giải Nhì,723,3
01067,2026-04-15,Giải Nhì,730,4
01067,2026-04-15,Giải Nhì,791,5
01066,2026-04-13,Giải ba,172,0
01066,2026-04-13,Giải ba,125,1
01066,2026-04-13,Giải ba,434,2
01066,2026-04-13,Giải ba,546,3
01066,2026-04-13,Giải ba,865,4
01066,2026-04-13,Giải ba,488,5
01066,2026-04-13,Giải ba,436,6
01066,2026-04-13,Giải ba,449,7
01066,2026-04-13,Giải Đặc biệt,977,0
01066,2026-04-13,Giải Đặc biệt,915,1
01066,2026-04-13,Giải Nhất,221,0
01066,2026-04-13,Giải Nhất,265,1
01066,2026-04-13,Giải Nhất,963,2
01066,2026-04-13,Giải Nhất,422,3
01066,2026-04-13,Giải Nhì,796,0
01066,2026-04-13,Giải Nhì,529,1
01066,2026-04-13,Giải Nhì,360,2
01066,2026-04-13,Giải Nhì,223,3
01066,2026-04-13,Giải Nhì,852,4
01066,2026-04-13,Giải Nhì,449,5
01065,2026-04-10,Giải ba,234,0
01065,2026-04-10,Giải ba,785,1
01065,2026-04-10,Giải ba,694,2
01065,2026-04-10,Giải ba,121,3
01065,2026-04-10,Giải ba,151,4
01065,2026-04-10,Giải ba,766,5
01065,2026-04-10,Giải ba,439,6
01065,2026-04-10,Giải ba,009,7
01065,2026-04-10,Giải Đặc biệt,760,0
01065,2026-04-10,Giải Đặc biệt,157,1
01065,2026-04-10,Giải Nhất,429,0
01065,2026-04-10,Giải Nhất,690,1
01065,2026-04-10,Giải Nhất,706,2
01065,2026-04-10,Giải Nhất,626,3
01065,2026-04-10,Giải Nhì,757,0
01065,2026-04-10,Giải Nhì,808,1
01065,2026-04-10,Giải Nhì,537,2
01065,2026-04-10,Giải Nhì,232,3
01065,2026-04-10,Giải Nhì,079,4
01065,2026-04-10,Giải Nhì,289,5
01064,2026-04-08,Giải ba,612,0
01064,2026-04-08,Giải ba,776,1
01064,2026-04-08,Giải ba,995,2
01064,2026-04-08,Giải ba,223,3
01064,2026-04-08,Giải ba,591,4
01064,2026-04-08,Giải ba,198,5
01064,2026-04-08,Giải ba,597,6
01064,2026-04-08,Giải ba,653,7
01064,2026-04-08,Giải Đặc biệt,865,0
01064,2026-04-08,Giải Đặc biệt,063,1
01064,2026-04-08,Giải Nhất,433,0
01064,2026-04-08,Giải Nhất,485,1
01064,2026-04-08,Giải Nhất,727,2
01064,2026-04-08,Giải Nhất,517,3
01064,2026-04-08,Giải Nhì,408,0
01064,2026-04-08,Giải Nhì,557,1
01064,2026-04-08,Giải Nhì,758,2
01064,2026-04-08,Giải Nhì,972,3
01064,2026-04-08,Giải Nhì,958,4
01064,2026-04-08,Giải Nhì,823,5
01063,2026-04-06,Giải ba,202,0
01063,2026-04-06,Giải ba,551,1
01063,2026-04-06,Giải ba,188,2
01063,2026-04-06,Giải ba,091,3
01063,2026-04-06,Giải ba,401,4
01063,2026-04-06,Giải ba,713,5
01063,2026-04-06,Giải ba,184,6
01063,2026-04-06,Giải ba,141,7
01063,2026-04-06,Giải Đặc biệt,509,0
01063,2026-04-06,Giải Đặc biệt,545,1
01063,2026-04-06,Giải Nhất,034,0
01063,2026-04-06,Giải Nhất,808,1
01063,2026-04-06,Giải Nhất,016,2
01063,2026-04-06,Giải Nhất,831,3
01063,2026-04-06,Giải Nhì,653,0
01063,2026-04-06,Giải Nhì,484,1
01063,2026-04-06,Giải Nhì,634,2
01063,2026-04-06,Giải Nhì,734,3
01063,2026-04-06,Giải Nhì,369,4
01063,2026-04-06,Giải Nhì,184,5
01062,2026-04-03,Giải ba,823,0
01062,2026-04-03,Giải ba,848,1
01062,2026-04-03,Giải ba,698,2
01062,2026-04-03,Giải ba,337,3
01062,2026-04-03,Giải ba,529,4
01062,2026-04-03,Giải ba,460,5
01062,2026-04-03,Giải ba,150,6
01062,2026-04-03,Giải ba,707,7
01062,2026-04-03,Giải Đặc biệt,138,0
01062,2026-04-03,Giải Đặc biệt,031,1
01062,2026-04-03,Giải Nhất,425,0
01062,2026-04-03,Giải Nhất,612,1
01062,2026-04-03,Giải Nhất,463,2
01062,2026-04-03,Giải Nhất,575,3
01062,2026-04-03,Giải Nhì,654,0
01062,2026-04-03,Giải Nhì,703,1
01062,2026-04-03,Giải Nhì,368,2
01062,2026-04-03,Giải Nhì,464,3
01062,2026-04-03,Giải Nhì,977,4
01062,2026-04-03,Giải Nhì,931,5
01061,2026-04-01,Giải ba,715,0
01061,2026-04-01,Giải ba,819,1
01061,2026-04-01,Giải ba,781,2
01061,2026-04-01,Giải ba,883,3
01061,2026-04-01,Giải ba,239,4
01061,2026-04-01,Giải ba,266,5
01061,2026-04-01,Giải ba,044,6
01061,2026-04-01,Giải ba,421,7
01061,2026-04-01,Giải Đặc biệt,136,0
01061,2026-04-01,Giải Đặc biệt,199,1
01061,2026-04-01,Giải Nhất,530,0
01061,2026-04-01,Giải Nhất,706,1
01061,2026-04-01,Giải Nhất,146,2
01061,2026-04-01,Giải Nhất,746,3
01061,2026-04-01,Giải Nhì,033,0
01061,2026-04-01,Giải Nhì,997,1
01061,2026-04-01,Giải Nhì,850,2
01061,2026-04-01,Giải Nhì,686,3
01061,2026-04-01,Giải Nhì,979,4
01061,2026-04-01,Giải Nhì,834,5
01060,2026-03-30,Giải ba,441,0
01060,2026-03-30,Giải ba,661,1
01060,2026-03-30,Giải ba,226,2
01060,2026-03-30,Giải ba,165,3
01060,2026-03-30,Giải ba,846,4
01060,2026-03-30,Giải ba,911,5
01060,2026-03-30,Giải ba,474,6
01060,2026-03-30,Giải ba,267,7
01060,2026-03-30,Giải Đặc biệt,269,0
01060,2026-03-30,Giải Đặc biệt,442,1
01060,2026-03-30,Giải Nhất,391,0
01060,2026-03-30,Giải Nhất,956,1
01060,2026-03-30,Giải Nhất,621,2
01060,2026-03-30,Giải Nhất,695,3
01060,2026-03-30,Giải Nhì,886,0
01060,2026-03-30,Giải Nhì,395,1
01060,2026-03-30,Giải Nhì,902,2
01060,2026-03-30,Giải Nhì,911,3
01060,2026-03-30,Giải Nhì,137,4
01060,2026-03-30,Giải Nhì,309,5
01059,2026-03-27,Giải ba,143,0
01059,2026-03-27,Giải ba,819,1
01059,2026-03-27,Giải ba,667,2
01059,2026-03-27,Giải ba,417,3
01059,2026-03-27,Giải ba,499,4
01059,2026-03-27,Giải ba,998,5
01059,2026-03-27,Giải ba,162,6
01059,2026-03-27,Giải ba,239,7
01059,2026-03-27,Giải Đặc biệt,099,0
01059,2026-03-27,Giải Đặc biệt,023,1
01059,2026-03-27,Giải Nhất,498,0
01059,2026-03-27,Giải Nhất,811,1
01059,2026-03-27,Giải Nhất,017,2
01059,2026-03-27,Giải Nhất,739,3
01059,2026-03-27,Giải Nhì,949,0
01059,2026-03-27,Giải Nhì,164,1
01059,2026-03-27,Giải Nhì,856,2
01059,2026-03-27,Giải Nhì,314,3
01059,2026-03-27,Giải Nhì,599,4
01059,2026-03-27,Giải Nhì,908,5
01058,2026-03-25,Giải ba,396,0
01058,2026-03-25,Giải ba,284,1
01058,2026-03-25,Giải ba,777,2
01058,2026-03-25,Giải ba,596,3
01058,2026-03-25,Giải ba,606,4
01058,2026-03-25,Giải ba,662,5
01058,2026-03-25,Giải ba,569,6
01058,2026-03-25,Giải ba,849,7
01058,2026-03-25,Giải Đặc biệt,686,0
01058,2026-03-25,Giải Đặc biệt,317,1
01058,2026-03-25,Giải Nhất,268,0
01058,2026-03-25,Giải Nhất,069,1
01058,2026-03-25,Giải Nhất,677,2
01058,2026-03-25,Giải Nhất,159,3
01058,2026-03-25,Giải Nhì,717,0
01058,2026-03-25,Giải Nhì,241,1
01058,2026-03-25,Giải Nhì,718,2
01058,2026-03-25,Giải Nhì,304,3
01058,2026-03-25,Giải Nhì,432,4
01058,2026-03-25,Giải Nhì,256,5
01057,2026-03-23,Giải ba,844,0
01057,2026-03-23,Giải ba,951,1
01057,2026-03-23,Giải ba,589,2
01057,2026-03-23,Giải ba,136,3
01057,2026-03-23,Giải ba,774,4
01057,2026-03-23,Giải ba,150,5
01057,2026-03-23,Giải ba,198,6
01057,2026-03-23,Giải ba,449,7
01057,2026-03-23,Giải Đặc biệt,297,0
01057,2026-03-23,Giải Đặc biệt,217,1
01057,2026-03-23,Giải Nhất,525,0
01057,2026-03-23,Giải Nhất,632,1
01057,2026-03-23,Giải Nhất,303,2
01057,2026-03-23,Giải Nhất,126,3
01057,2026-03-23,Giải Nhì,003,0
01057,2026-03-23,Giải Nhì,316,1
01057,2026-03-23,Giải Nhì,546,2
01057,2026-03-23,Giải Nhì,881,3
01057,2026-03-23,Giải Nhì,917,4
01057,2026-03-23,Giải Nhì,671,5
01056,2026-03-20,Giải ba,877,0
01056,2026-03-20,Giải ba,753,1
01056,2026-03-20,Giải ba,064,2
01056,2026-03-20,Giải ba,521,3
01056,2026-03-20,Giải ba,702,4
01056,2026-03-20,Giải ba,200,5
01056,2026-03-20,Giải ba,407,6
01056,2026-03-20,Giải ba,644,7
01056,2026-03-20,Giải Đặc biệt,543,0
01056,2026-03-20,Giải Đặc biệt,156,1
01056,2026-03-20,Giải Nhất,026,0
01056,2026-03-20,Giải Nhất,744,1
01056,2026-03-20,Giải Nhất,435,2
01056,2026-03-20,Giải Nhất,194,3
01056,2026-03-20,Giải Nhì,786,0
01056,2026-03-20,Giải Nhì,167,1
01056,2026-03-20,Giải Nhì,877,2
01056,2026-03-20,Giải Nhì,097,3
01056,2026-03-20,Giải Nhì,944,4
01056,2026-03-20,Giải Nhì,900,5
01055,2026-03-18,Giải ba,057,0
01055,2026-03-18,Giải ba,966,1
01055,2026-03-18,Giải ba,607,2
01055,2026-03-18,Giải ba,583,3
01055,2026-03-18,Giải ba,110,4
01055,2026-03-18,Giải ba,768,5
01055,2026-03-18,Giải ba,187,6
01055,2026-03-18,Giải ba,625,7
01055,2026-03-18,Giải Đặc biệt,096,0
01055,2026-03-18,Giải Đặc biệt,389,1
01055,2026-03-18,Giải Nhất,683,0
01055,2026-03-18,Giải Nhất,525,1
01055,2026-03-18,Giải Nhất,569,2
01055,2026-03-18,Giải Nhất,598,3
01055,2026-03-18,Giải Nhì,275,0
01055,2026-03-18,Giải Nhì,524,1
01055,2026-03-18,Giải Nhì,968,2
01055,2026-03-18,Giải Nhì,103,3
01055,2026-03-18,Giải Nhì,151,4
01055,2026-03-18,Giải Nhì,133,5
01054,2026-03-16,Giải ba,617,0
01054,2026-03-16,Giải ba,397,1
01054,2026-03-16,Giải ba,276,2
01054,2026-03-16,Giải ba,646,3
01054,2026-03-16,Giải ba,798,4
01054,2026-03-16,Giải ba,965,5
01054,2026-03-16,Giải ba,813,6
01054,2026-03-16,Giải ba,314,7
01054,2026-03-16,Giải Đặc biệt,968,0
01054,2026-03-16,Giải Đặc biệt,041,1
01054,2026-03-16,Giải Nhất,393,0
01054,2026-03-16,Giải Nhất,020,1
01054,2026-03-16,Giải Nhất,891,2
01054,2026-03-16,Giải Nhất,125,3
01054,2026-03-16,Giải Nhì,881,0
01054,2026-03-16,Giải Nhì,443,1
01054,2026-03-16,Giải Nhì,082,2
01054,2026-03-16,Giải Nhì,621,3
01054,2026-03-16,Giải Nhì,721,4
01054,2026-03-16,Giải Nhì,039,5
01053,2026-03-13,Giải ba,181,0
01053,2026-03-13,Giải ba,907,1
01053,2026-03-13,Giải ba,609,2
01053,2026-03-13,Giải ba,400,3
01053,2026-03-13,Giải ba,557,4
01053,2026-03-13,Giải ba,071,5
01053,2026-03-13,Giải ba,483,6
01053,2026-03-13,Giải ba,961,7
01053,2026-03-13,Giải Đặc biệt,596,0
01053,2026-03-13,Giải Đặc biệt,887,1
01053,2026-03-13,Giải Nhất,847,0
01053,2026-03-13,Giải Nhất,358,1
01053,2026-03-13,Giải Nhất,224,2
01053,2026-03-13,Giải Nhất,328,3
01053,2026-03-13,Giải Nhì,465,0
01053,2026-03-13,Giải Nhì,914,1
01053,2026-03-13,Giải Nhì,450,2
01053,2026-03-13,Giải Nhì,765,3
01053,2026-03-13,Giải Nhì,361,4
01053,2026-03-13,Giải Nhì,377,5
01052,2026-03-11,Giải ba,049,0
01052,2026-03-11,Giải ba,427,1
01052,2026-03-11,Giải ba,655,2
01052,2026-03-11,Giải ba,691,3
01052,2026-03-11,Giải ba,225,4
01052,2026-03-11,Giải ba,286,5
01052,2026-03-11,Giải ba,172,6
01052,2026-03-11,Giải ba,785,7
01052,2026-03-11,Giải Đặc biệt,768,0
01052,2026-03-11,Giải Đặc biệt,648,1
01052,2026-03-11,Giải Nhất,188,0
01052,2026-03-11,Giải Nhất,759,1
01052,2026-03-11,Giải Nhất,403,2
01052,2026-03-11,Giải Nhất,372,3
01052,2026-03-11,Giải Nhì,318,0
01052,2026-03-11,Giải Nhì,169,1
01052,2026-03-11,Giải Nhì,034,2
01052,2026-03-11,Giải Nhì,666,3
01052,2026-03-11,Giải Nhì,622,4
01052,2026-03-11,Giải Nhì,765,5
01051,2026-03-09,Giải ba,194,0
01051,2026-03-09,Giải ba,690,1
01051,2026-03-09,Giải ba,885,2
01051,2026-03-09,Giải ba,212,3
01051,2026-03-09,Giải ba,564,4
01051,2026-03-09,Giải ba,580,5
01051,2026-03-09,Giải ba,088,6
01051,2026-03-09,Giải ba,873,7
01051,2026-03-09,Giải Đặc biệt,258,0
01051,2026-03-09,Giải Đặc biệt,778,1
01051,2026-03-09,Giải Nhất,833,0
01051,2026-03-09,Giải Nhất,082,1
01051,2026-03-09,Giải Nhất,104,2
01051,2026-03-09,Giải Nhất,255,3
01051,2026-03-09,Giải Nhì,628,0
01051,2026-03-09,Giải Nhì,441,1
01051,2026-03-09,Giải Nhì,369,2
01051,2026-03-09,Giải Nhì,587,3
01051,2026-03-09,Giải Nhì,109,4
01051,2026-03-09,Giải Nhì,372,5
01050,2026-03-06,Giải ba,639,0
01050,2026-03-06,Giải ba,926,1
01050,2026-03-06,Giải ba,666,2
01050,2026-03-06,Giải ba,925,3
01050,2026-03-06,Giải ba,724,4
01050,2026-03-06,Giải ba,298,5
01050,2026-03-06,Giải ba,980,6
01050,2026-03-06,Giải ba,274,7
01050,2026-03-06,Giải Đặc biệt,281,0
01050,2026-03-06,Giải Đặc biệt,084,1
01050,2026-03-06,Giải Nhất,826,0
01050,2026-03-06,Giải Nhất,177,1
01050,2026-03-06,Giải Nhất,254,2
01050,2026-03-06,Giải Nhất,838,3
01050,2026-03-06,Giải Nhì,956,0
01050,2026-03-06,Giải Nhì,122,1
01050,2026-03-06,Giải Nhì,208,2
01050,2026-03-06,Giải Nhì,966,3
01050,2026-03-06,Giải Nhì,572,4
01050,2026-03-06,Giải Nhì,237,5
01049,2026-03-04,Giải ba,823,0
01049,2026-03-04,Giải ba,041,1
01049,2026-03-04,Giải ba,586,2
01049,2026-03-04,Giải ba,872,3
01049,2026-03-04,Giải ba,594,4
01049,2026-03-04,Giải ba,515,5
01049,2026-03-04,Giải ba,110,6
01049,2026-03-04,Giải ba,550,7
01049,2026-03-04,Giải Đặc biệt,185,0
01049,2026-03-04,Giải Đặc biệt,467,1
01049,2026-03-04,Giải Nhất,459,0
01049,2026-03-04,Giải Nhất,074,1
01049,2026-03-04,Giải Nhất,713,2
01049,2026-03-04,Giải Nhất,195,3
01049,2026-03-04,Giải Nhì,137,0
01049,2026-03-04,Giải Nhì,972,1
01049,2026-03-04,Giải Nhì,255,2
01049,2026-03-04,Giải Nhì,944,3
01049,2026-03-04,Giải Nhì,136,4
01049,2026-03-04,Giải Nhì,308,5
01048,2026-03-02,Giải ba,606,0
01048,2026-03-02,Giải ba,105,1
01048,2026-03-02,Giải ba,979,2
01048,2026-03-02,Giải ba,406,3
01048,2026-03-02,Giải ba,270,4
01048,2026-03-02,Giải ba,582,5
01048,2026-03-02,Giải ba,576,6
01048,2026-03-02,Giải ba,273,7
01048,2026-03-02,Giải Đặc biệt,409,0
01048,2026-03-02,Giải Đặc biệt,718,1
01048,2026-03-02,Giải Nhất,590,0
01048,2026-03-02,Giải Nhất,977,1
01048,2026-03-02,Giải Nhất,225,2
01048,2026-03-02,Giải Nhất,056,3
01048,2026-03-02,Giải Nhì,125,0
01048,2026-03-02,Giải Nhì,676,1
01048,2026-03-02,Giải Nhì,697,2
01048,2026-03-02,Giải Nhì,686,3
01048,2026-03-02,Giải Nhì,822,4
01048,2026-03-02,Giải Nhì,012,5
01047,2026-02-27,Giải ba,707,0
01047,2026-02-27,Giải ba,768,1
01047,2026-02-27,Giải ba,178,2
01047,2026-02-27,Giải ba,046,3
01047,2026-02-27,Giải ba,737,4
01047,2026-02-27,Giải ba,783,5
01047,2026-02-27,Giải ba,568,6
01047,2026-02-27,Giải ba,736,7
01047,2026-02-27,Giải Đặc biệt,501,0
01047,2026-02-27,Giải Đặc biệt,834,1
01047,2026-02-27,Giải Nhất,664,0
01047,2026-02-27,Giải Nhất,561,1
01047,2026-02-27,Giải Nhất,694,2
01047,2026-02-27,Giải Nhất,043,3
01047,2026-02-27,Giải Nhì,090,0
01047,2026-02-27,Giải Nhì,139,1
01047,2026-02-27,Giải Nhì,761,2
01047,2026-02-27,Giải Nhì,480,3
01047,2026-02-27,Giải Nhì,733,4
01047,2026-02-27,Giải Nhì,847,5
01046,2026-02-25,Giải ba,506,0
01046,2026-02-25,Giải ba,941,1
01046,2026-02-25,Giải ba,228,2
01046,2026-02-25,Giải ba,899,3
01046,2026-02-25,Giải ba,684,4
01046,2026-02-25,Giải ba,242,5
01046,2026-02-25,Giải ba,509,6
01046,2026-02-25,Giải ba,564,7
01046,2026-02-25,Giải Đặc biệt,787,0
01046,2026-02-25,Giải Đặc biệt,651,1
01046,2026-02-25,Giải Nhất,355,0
01046,2026-02-25,Giải Nhất,426,1
01046,2026-02-25,Giải Nhất,930,2
01046,2026-02-25,Giải Nhất,736,3
01046,2026-02-25,Giải Nhì,952,0
01046,2026-02-25,Giải Nhì,495,1
01046,2026-02-25,Giải Nhì,016,2
01046,2026-02-25,Giải Nhì,169,3
01046,2026-02-25,Giải Nhì,591,4
01046,2026-02-25,Giải Nhì,549,5
01045,2026-02-23,Giải ba,033,0
01045,2026-02-23,Giải ba,854,1
01045,2026-02-23,Giải ba,896,2
01045,2026-02-23,Giải ba,186,3
01045,2026-02-23,Giải ba,844,4
01045,2026-02-23,Giải ba,788,5
01045,2026-02-23,Giải ba,082,6
01045,2026-02-23,Giải ba,880,7
01045,2026-02-23,Giải Đặc biệt,251,0
01045,2026-02-23,Giải Đặc biệt,888,1
01045,2026-02-23,Giải Nhất,369,0
01045,2026-02-23,Giải Nhất,372,1
01045,2026-02-23,Giải Nhất,507,2
01045,2026-02-23,Giải Nhất,138,3
01045,2026-02-23,Giải Nhì,300,0
01045,2026-02-23,Giải Nhì,712,1
01045,2026-02-23,Giải Nhì,558,2
01045,2026-02-23,Giải Nhì,008,3
01045,2026-02-23,Giải Nhì,641,4
01045,2026-02-23,Giải Nhì,152,5
01044,2026-02-20,Giải ba,948,0
01044,2026-02-20,Giải ba,696,1
01044,2026-02-20,Giải ba,794,2
01044,2026-02-20,Giải ba,768,3
01044,2026-02-20,Giải ba,176,4
01044,2026-02-20,Giải ba,704,5
01044,2026-02-20,Giải ba,515,6
01044,2026-02-20,Giải ba,940,7
01044,2026-02-20,Giải Đặc biệt,188,0
01044,2026-02-20,Giải Đặc biệt,038,1
01044,2026-02-20,Giải Nhất,514,0
01044,2026-02-20,Giải Nhất,126,1
01044,2026-02-20,Giải Nhất,973,2
01044,2026-02-20,Giải Nhất,114,3
01044,2026-02-20,Giải Nhì,809,0
01044,2026-02-20,Giải Nhì,956,1
01044,2026-02-20,Giải Nhì,412,2
01044,2026-02-20,Giải Nhì,988,3
01044,2026-02-20,Giải Nhì,366,4
01044,2026-02-20,Giải Nhì,441,5
01043,2026-02-18,Giải ba,363,0
01043,2026-02-18,Giải ba,775,1
01043,2026-02-18,Giải ba,594,2
01043,2026-02-18,Giải ba,629,3
01043,2026-02-18,Giải ba,128,4
01043,2026-02-18,Giải ba,594,5
01043,2026-02-18,Giải ba,510,6
01043,2026-02-18,Giải ba,057,7
01043,2026-02-18,Giải Đặc biệt,044,0
01043,2026-02-18,Giải Đặc biệt,008,1
01043,2026-02-18,Giải Nhất,724,0
01043,2026-02-18,Giải Nhất,014,1
01043,2026-02-18,Giải Nhất,223,2
01043,2026-02-18,Giải Nhất,706,3
01043,2026-02-18,Giải Nhì,416,0
01043,2026-02-18,Giải Nhì,645,1
01043,2026-02-18,Giải Nhì,388,2
01043,2026-02-18,Giải Nhì,876,3
01043,2026-02-18,Giải Nhì,390,4
01043,2026-02-18,Giải Nhì,300,5
01042,2026-02-13,Giải ba,760,0
01042,2026-02-13,Giải ba,782,1
01042,2026-02-13,Giải ba,577,2
01042,2026-02-13,Giải ba,118,3
01042,2026-02-13,Giải ba,222,4
01042,2026-02-13,Giải ba,120,5
01042,2026-02-13,Giải ba,557,6
01042,2026-02-13,Giải ba,648,7
01042,2026-02-13,Giải Đặc biệt,859,0
01042,2026-02-13,Giải Đặc biệt,111,1
01042,2026-02-13,Giải Nhất,193,0
01042,2026-02-13,Giải Nhất,200,1
01042,2026-02-13,Giải Nhất,314,2
01042,2026-02-13,Giải Nhất,354,3
01042,2026-02-13,Giải Nhì,101,0
01042,2026-02-13,Giải Nhì,499,1
01042,2026-02-13,Giải Nhì,499,2
01042,2026-02-13,Giải Nhì,466,3
01042,2026-02-13,Giải Nhì,765,4
01042,2026-02-13,Giải Nhì,644,5
01041,2026-02-11,Giải ba,267,0
01041,2026-02-11,Giải ba,213,1
01041,2026-02-11,Giải ba,620,2
01041,2026-02-11,Giải ba,784,3
01041,2026-02-11,Giải ba,696,4
01041,2026-02-11,Giải ba,759,5
01041,2026-02-11,Giải ba,606,6
01041,2026-02-11,Giải ba,904,7
01041,2026-02-11,Giải Đặc biệt,049,0
01041,2026-02-11,Giải Đặc biệt,834,1
01041,2026-02-11,Giải Nhất,785,0
01041,2026-02-11,Giải Nhất,834,1
01041,2026-02-11,Giải Nhất,138,2
01041,2026-02-11,Giải Nhất,491,3
01041,2026-02-11,Giải Nhì,464,0
01041,2026-02-11,Giải Nhì,171,1
01041,2026-02-11,Giải Nhì,471,2
01041,2026-02-11,Giải Nhì,242,3
01041,2026-02-11,Giải Nhì,377,4
01041,2026-02-11,Giải Nhì,530,5
01040,2026-02-09,Giải ba,620,0
01040,2026-02-09,Giải ba,137,1
01040,2026-02-09,Giải ba,713,2
01040,2026-02-09,Giải ba,288,3
01040,2026-02-09,Giải ba,552,4
01040,2026-02-09,Giải ba,239,5
01040,2026-02-09,Giải ba,680,6
01040,2026-02-09,Giải ba,251,7
01040,2026-02-09,Giải Đặc biệt,292,0
01040,2026-02-09,Giải Đặc biệt,786,1
01040,2026-02-09,Giải Nhất,754,0
01040,2026-02-09,Giải Nhất,708,1
01040,2026-02-09,Giải Nhất,822,2
01040,2026-02-09,Giải Nhất,465,3
01040,2026-02-09,Giải Nhì,632,0
01040,2026-02-09,Giải Nhì,154,1
01040,2026-02-09,Giải Nhì,529,2
01040,2026-02-09,Giải Nhì,292,3
01040,2026-02-09,Giải Nhì,547,4
01040,2026-02-09,Giải Nhì,415,5
01039,2026-02-06,Giải ba,443,0
01039,2026-02-06,Giải ba,343,1
01039,2026-02-06,Giải ba,994,2
01039,2026-02-06,Giải ba,980,3
01039,2026-02-06,Giải ba,052,4
01039,2026-02-06,Giải ba,166,5
01039,2026-02-06,Giải ba,563,6
01039,2026-02-06,Giải ba,975,7
01039,2026-02-06,Giải Đặc biệt,929,0
01039,2026-02-06,Giải Đặc biệt,439,1
01039,2026-02-06,Giải Nhất,703,0
01039,2026-02-06,Giải Nhất,030,1
01039,2026-02-06,Giải Nhất,154,2
01039,2026-02-06,Giải Nhất,362,3
01039,2026-02-06,Giải Nhì,705,0
01039,2026-02-06,Giải Nhì,825,1
01039,2026-02-06,Giải Nhì,756,2
01039,2026-02-06,Giải Nhì,216,3
01039,2026-02-06,Giải Nhì,779,4
01039,2026-02-06,Giải Nhì,301,5
01038,2026-02-04,Giải ba,344,0
01038,2026-02-04,Giải ba,200,1
01038,2026-02-04,Giải ba,124,2
01038,2026-02-04,Giải ba,724,3
01038,2026-02-04,Giải ba,004,4
01038,2026-02-04,Giải ba,169,5
01038,2026-02-04,Giải ba,186,6
01038,2026-02-04,Giải ba,484,7
01038,2026-02-04,Giải Đặc biệt,536,0
01038,2026-02-04,Giải Đặc biệt,016,1
01038,2026-02-04,Giải Nhất,939,0
01038,2026-02-04,Giải Nhất,288,1
01038,2026-02-04,Giải Nhất,055,2
01038,2026-02-04,Giải Nhất,534,3
01038,2026-02-04,Giải Nhì,990,0
01038,2026-02-04,Giải Nhì,147,1
01038,2026-02-04,Giải Nhì,890,2
01038,2026-02-04,Giải Nhì,594,3
01038,2026-02-04,Giải Nhì,958,4
01038,2026-02-04,Giải Nhì,049,5
01037,2026-02-02,Giải ba,006,0
01037,2026-02-02,Giải ba,194,1
01037,2026-02-02,Giải ba,310,2
01037,2026-02-02,Giải ba,107,3
01037,2026-02-02,Giải ba,968,4
01037,2026-02-02,Giải ba,496,5
01037,2026-02-02,Giải ba,992,6
01037,2026-02-02,Giải ba,519,7
01037,2026-02-02,Giải Đặc biệt,582,0
01037,2026-02-02,Giải Đặc biệt,446,1
01037,2026-02-02,Giải Nhất,202,0
01037,2026-02-02,Giải Nhất,039,1
01037,2026-02-02,Giải Nhất,013,2
01037,2026-02-02,Giải Nhất,226,3
01037,2026-02-02,Giải Nhì,801,0
01037,2026-02-02,Giải Nhì,928,1
01037,2026-02-02,Giải Nhì,859,2
01037,2026-02-02,Giải Nhì,802,3
01037,2026-02-02,Giải Nhì,304,4
01037,2026-02-02,Giải Nhì,535,5
01036,2026-01-30,Giải ba,266,0
01036,2026-01-30,Giải ba,036,1
01036,2026-01-30,Giải ba,673,2
01036,2026-01-30,Giải ba,131,3
01036,2026-01-30,Giải ba,468,4
01036,2026-01-30,Giải ba,675,5
01036,2026-01-30,Giải ba,157,6
01036,2026-01-30,Giải ba,383,7
01036,2026-01-30,Giải Đặc biệt,675,0
01036,2026-01-30,Giải Đặc biệt,811,1
01036,2026-01-30,Giải Nhất,286,0
01036,2026-01-30,Giải Nhất,640,1
01036,2026-01-30,Giải Nhất,569,2
01036,2026-01-30,Giải Nhất,206,3
01036,2026-01-30,Giải Nhì,729,0
01036,2026-01-30,Giải Nhì,467,1
01036,2026-01-30,Giải Nhì,949,2
01036,2026-01-30,Giải Nhì,894,3
01036,2026-01-30,Giải Nhì,962,4
01036,2026-01-30,Giải Nhì,476,5
01035,2026-01-28,Giải ba,447,0
01035,2026-01-28,Giải ba,526,1
01035,2026-01-28,Giải ba,027,2
01035,2026-01-28,Giải ba,534,3
01035,2026-01-28,Giải ba,659,4
01035,2026-01-28,Giải ba,949,5
01035,2026-01-28,Giải ba,069,6
01035,2026-01-28,Giải ba,787,7
01035,2026-01-28,Giải Đặc biệt,230,0
01035,2026-01-28,Giải Đặc biệt,078,1
01035,2026-01-28,Giải Nhất,458,0
01035,2026-01-28,Giải Nhất,495,1
01035,2026-01-28,Giải Nhất,512,2
01035,2026-01-28,Giải Nhất,327,3
01035,2026-01-28,Giải Nhì,284,0
01035,2026-01-28,Giải Nhì,845,1
01035,2026-01-28,Giải Nhì,180,2
01035,2026-01-28,Giải Nhì,514,3
01035,2026-01-28,Giải Nhì,740,4
01035,2026-01-28,Giải Nhì,856,5
01034,2026-01-26,Giải ba,523,0
01034,2026-01-26,Giải ba,953,1
01034,2026-01-26,Giải ba,890,2
01034,2026-01-26,Giải ba,667,3
01034,2026-01-26,Giải ba,784,4
01034,2026-01-26,Giải ba,618,5
01034,2026-01-26,Giải ba,057,6
01034,2026-01-26,Giải ba,482,7
01034,2026-01-26,Giải Đặc biệt,387,0
01034,2026-01-26,Giải Đặc biệt,105,1
01034,2026-01-26,Giải Nhất,761,0
01034,2026-01-26,Giải Nhất,101,1
01034,2026-01-26,Giải Nhất,691,2
01034,2026-01-26,Giải Nhất,797,3
01034,2026-01-26,Giải Nhì,228,0
01034,2026-01-26,Giải Nhì,757,1
01034,2026-01-26,Giải Nhì,159,2
01034,2026-01-26,Giải Nhì,887,3
01034,2026-01-26,Giải Nhì,317,4
01034,2026-01-26,Giải Nhì,665,5
01033,2026-01-23,Giải ba,132,0
01033,2026-01-23,Giải ba,149,1
01033,2026-01-23,Giải ba,185,2
01033,2026-01-23,Giải ba,124,3
01033,2026-01-23,Giải ba,839,4
01033,2026-01-23,Giải ba,239,5
01033,2026-01-23,Giải ba,586,6
01033,2026-01-23,Giải ba,770,7
01033,2026-01-23,Giải Đặc biệt,636,0
01033,2026-01-23,Giải Đặc biệt,706,1
01033,2026-01-23,Giải Nhất,634,0
01033,2026-01-23,Giải Nhất,492,1
01033,2026-01-23,Giải Nhất,253,2
01033,2026-01-23,Giải Nhất,671,3
01033,2026-01-23,Giải Nhì,403,0
01033,2026-01-23,Giải Nhì,386,1
01033,2026-01-23,Giải Nhì,914,2
01033,2026-01-23,Giải Nhì,136,3
01033,2026-01-23,Giải Nhì,747,4
01033,2026-01-23,Giải Nhì,146,5
01032,2026-01-21,Giải ba,944,0
01032,2026-01-21,Giải ba,613,1
01032,2026-01-21,Giải ba,750,2
01032,2026-01-21,Giải ba,052,3
01032,2026-01-21,Giải ba,138,4
01032,2026-01-21,Giải ba,233,5
01032,2026-01-21,Giải ba,549,6
01032,2026-01-21,Giải ba,670,7
01032,2026-01-21,Giải Đặc biệt,329,0
01032,2026-01-21,Giải Đặc biệt,543,1
01032,2026-01-21,Giải Nhất,596,0
01032,2026-01-21,Giải Nhất,787,1
01032,2026-01-21,Giải Nhất,891,2
01032,2026-01-21,Giải Nhất,800,3
01032,2026-01-21,Giải Nhì,819,0
01032,2026-01-21,Giải Nhì,213,1
01032,2026-01-21,Giải Nhì,206,2
01032,2026-01-21,Giải Nhì,550,3
01032,2026-01-21,Giải Nhì,621,4
01032,2026-01-21,Giải Nhì,253,5
01031,2026-01-19,Giải ba,298,0
01031,2026-01-19,Giải ba,317,1
01031,2026-01-19,Giải ba,857,2
01031,2026-01-19,Giải ba,824,3
01031,2026-01-19,Giải ba,003,4
01031,2026-01-19,Giải ba,435,5
01031,2026-01-19,Giải ba,490,6
01031,2026-01-19,Giải ba,967,7
01031,2026-01-19,Giải Đặc biệt,970,0
01031,2026-01-19,Giải Đặc biệt,565,1
01031,2026-01-19,Giải Nhất,027,0
01031,2026-01-19,Giải Nhất,874,1
01031,2026-01-19,Giải Nhất,783,2
01031,2026-01-19,Giải Nhất,830,3
01031,2026-01-19,Giải Nhì,274,0
01031,2026-01-19,Giải Nhì,003,1
01031,2026-01-19,Giải Nhì,397,2
01031,2026-01-19,Giải Nhì,905,3
01031,2026-01-19,Giải Nhì,241,4
01031,2026-01-19,Giải Nhì,094,5
01030,2026-01-16,Giải ba,262,0
01030,2026-01-16,Giải ba,087,1
01030,2026-01-16,Giải ba,011,2
01030,2026-01-16,Giải ba,221,3
01030,2026-01-16,Giải ba,016,4
01030,2026-01-16,Giải ba,416,5
01030,2026-01-16,Giải ba,033,6
01030,2026-01-16,Giải ba,134,7
01030,2026-01-16,Giải Đặc biệt,281,0
01030,2026-01-16,Giải Đặc biệt,783,1
01030,2026-01-16,Giải Nhất,483,0
01030,2026-01-16,Giải Nhất,390,1
01030,2026-01-16,Giải Nhất,737,2
01030,2026-01-16,Giải Nhất,094,3
01030,2026-01-16,Giải Nhì,456,0
01030,2026-01-16,Giải Nhì,913,1
01030,2026-01-16,Giải Nhì,375,2
01030,2026-01-16,Giải Nhì,285,3
01030,2026-01-16,Giải Nhì,095,4
01030,2026-01-16,Giải Nhì,574,5
01029,2026-01-14,Giải ba,236,0
01029,2026-01-14,Giải ba,186,1
01029,2026-01-14,Giải ba,054,2
01029,2026-01-14,Giải ba,452,3
01029,2026-01-14,Giải ba,386,4
01029,2026-01-14,Giải ba,667,5
01029,2026-01-14,Giải ba,168,6
01029,2026-01-14,Giải ba,385,7
01029,2026-01-14,Giải Đặc biệt,564,0
01029,2026-01-14,Giải Đặc biệt,868,1
01029,2026-01-14,Giải Nhất,479,0
01029,2026-01-14,Giải Nhất,129,1
01029,2026-01-14,Giải Nhất,469,2
01029,2026-01-14,Giải Nhất,619,3
01029,2026-01-14,Giải Nhì,222,0
01029,2026-01-14,Giải Nhì,819,1
01029,2026-01-14,Giải Nhì,746,2
01029,2026-01-14,Giải Nhì,155,3
01029,2026-01-14,Giải Nhì,552,4
01029,2026-01-14,Giải Nhì,986,5
01028,2026-01-12,Giải ba,757,0
01028,2026-01-12,Giải ba,987,1
01028,2026-01-12,Giải ba,734,2
01028,2026-01-12,Giải ba,288,3
01028,2026-01-12,Giải ba,350,4
01028,2026-01-12,Giải ba,885,5
01028,2026-01-12,Giải ba,108,6
01028,2026-01-12,Giải ba,770,7
01028,2026-01-12,Giải Đặc biệt,215,0
01028,2026-01-12,Giải Đặc biệt,039,1
01028,2026-01-12,Giải Nhất,339,0
01028,2026-01-12,Giải Nhất,588,1
01028,2026-01-12,Giải Nhất,268,2
01028,2026-01-12,Giải Nhất,942,3
01028,2026-01-12,Giải Nhì,714,0
01028,2026-01-12,Giải Nhì,714,1
01028,2026-01-12,Giải Nhì,277,2
01028,2026-01-12,Giải Nhì,155,3
01028,2026-01-12,Giải Nhì,660,4
01028,2026-01-12,Giải Nhì,394,5
01027,2026-01-09,Giải ba,611,0
01027,2026-01-09,Giải ba,783,1
01027,2026-01-09,Giải ba,349,2
01027,2026-01-09,Giải ba,765,3
01027,2026-01-09,Giải ba,362,4
01027,2026-01-09,Giải ba,106,5
01027,2026-01-09,Giải ba,913,6
01027,2026-01-09,Giải ba,540,7
01027,2026-01-09,Giải Đặc biệt,852,0
01027,2026-01-09,Giải Đặc biệt,190,1
01027,2026-01-09,Giải Nhất,250,0
01027,2026-01-09,Giải Nhất,008,1
01027,2026-01-09,Giải Nhất,296,2
01027,2026-01-09,Giải Nhất,153,3
01027,2026-01-09,Giải Nhì,674,0
01027,2026-01-09,Giải Nhì,284,1
01027,2026-01-09,Giải Nhì,340,2
01027,2026-01-09,Giải Nhì,893,3
01027,2026-01-09,Giải Nhì,296,4
01027,2026-01-09,Giải Nhì,152,5
01026,2026-01-07,Giải ba,269,0
01026,2026-01-07,Giải ba,945,1
01026,2026-01-07,Giải ba,606,2
01026,2026-01-07,Giải ba,403,3
01026,2026-01-07,Giải ba,071,4
01026,2026-01-07,Giải ba,958,5
01026,2026-01-07,Giải ba,476,6
01026,2026-01-07,Giải ba,171,7
01026,2026-01-07,Giải Đặc biệt,454,0
01026,2026-01-07,Giải Đặc biệt,459,1
01026,2026-01-07,Giải Nhất,691,0
01026,2026-01-07,Giải Nhất,416,1
01026,2026-01-07,Giải Nhất,897,2
01026,2026-01-07,Giải Nhất,741,3
01026,2026-01-07,Giải Nhì,868,0
01026,2026-01-07,Giải Nhì,965,1
01026,2026-01-07,Giải Nhì,785,2
01026,2026-01-07,Giải Nhì,869,3
01026,2026-01-07,Giải Nhì,872,4
01026,2026-01-07,Giải Nhì,207,5
01025,2026-01-05,Giải ba,810,0
01025,2026-01-05,Giải ba,507,1
01025,2026-01-05,Giải ba,375,2
01025,2026-01-05,Giải ba,583,3
01025,2026-01-05,Giải ba,098,4
01025,2026-01-05,Giải ba,952,5
01025,2026-01-05,Giải ba,770,6
01025,2026-01-05,Giải ba,690,7
01025,2026-01-05,Giải Đặc biệt,862,0
01025,2026-01-05,Giải Đặc biệt,671,1
01025,2026-01-05,Giải Nhất,006,0
01025,2026-01-05,Giải Nhất,651,1
01025,2026-01-05,Giải Nhất,760,2
01025,2026-01-05,Giải Nhất,747,3
01025,2026-01-05,Giải Nhì,026,0
01025,2026-01-05,Giải Nhì,320,1
01025,2026-01-05,Giải Nhì,756,2
01025,2026-01-05,Giải Nhì,277,3
01025,2026-01-05,Giải Nhì,746,4
01025,2026-01-05,Giải Nhì,194,5
01024,2026-01-02,Giải ba,156,0
01024,2026-01-02,Giải ba,008,1
01024,2026-01-02,Giải ba,534,2
01024,2026-01-02,Giải ba,724,3
01024,2026-01-02,Giải ba,223,4
01024,2026-01-02,Giải ba,315,5
01024,2026-01-02,Giải ba,603,6
01024,2026-01-02,Giải ba,679,7
01024,2026-01-02,Giải Đặc biệt,344,0
01024,2026-01-02,Giải Đặc biệt,808,1
01024,2026-01-02,Giải Nhất,454,0
01024,2026-01-02,Giải Nhất,463,1
01024,2026-01-02,Giải Nhất,611,2
01024,2026-01-02,Giải Nhất,632,3
01024,2026-01-02,Giải Nhì,948,0
01024,2026-01-02,Giải Nhì,946,1
01024,2026-01-02,Giải Nhì,203,2
01024,2026-01-02,Giải Nhì,918,3
01024,2026-01-02,Giải Nhì,124,4
01024,2026-01-02,Giải Nhì,943,5
01023,2025-12-31,Giải ba,774,0
01023,2025-12-31,Giải ba,622,1
01023,2025-12-31,Giải ba,422,2
01023,2025-12-31,Giải ba,769,3
01023,2025-12-31,Giải ba,843,4
01023,2025-12-31,Giải ba,815,5
01023,2025-12-31,Giải ba,007,6
01023,2025-12-31,Giải ba,599,7
01023,2025-12-31,Giải Đặc biệt,098,0
01023,2025-12-31,Giải Đặc biệt,906,1
01023,2025-12-31,Giải Nhất,903,0
01023,2025-12-31,Giải Nhất,722,1
01023,2025-12-31,Giải Nhất,209,2
01023,2025-12-31,Giải Nhất,638,3
01023,2025-12-31,Giải Nhì,489,0
01023,2025-12-31,Giải Nhì,366,1
01023,2025-12-31,Giải Nhì,631,2
01023,2025-12-31,Giải Nhì,431,3
01023,2025-12-31,Giải Nhì,360,4
01023,2025-12-31,Giải Nhì,574,5
01022,2025-12-29,Giải ba,690,0
01022,2025-12-29,Giải ba,815,1
01022,2025-12-29,Giải ba,639,2
01022,2025-12-29,Giải ba,664,3
01022,2025-12-29,Giải ba,158,4
01022,2025-12-29,Giải ba,138,5
01022,2025-12-29,Giải ba,554,6
01022,2025-12-29,Giải ba,323,7
01022,2025-12-29,Giải Đặc biệt,401,0
01022,2025-12-29,Giải Đặc biệt,220,1
01022,2025-12-29,Giải Nhất,534,0
01022,2025-12-29,Giải Nhất,460,1
01022,2025-12-29,Giải Nhất,914,2
01022,2025-12-29,Giải Nhất,127,3
01022,2025-12-29,Giải Nhì,063,0
01022,2025-12-29,Giải Nhì,632,1
01022,2025-12-29,Giải Nhì,607,2
01022,2025-12-29,Giải Nhì,919,3
01022,2025-12-29,Giải Nhì,036,4
01022,2025-12-29,Giải Nhì,297,5
01021,2025-12-26,Giải ba,258,0
01021,2025-12-26,Giải ba,162,1
01021,2025-12-26,Giải ba,455,2
01021,2025-12-26,Giải ba,955,3
01021,2025-12-26,Giải ba,379,4
01021,2025-12-26,Giải ba,127,5
01021,2025-12-26,Giải ba,964,6
01021,2025-12-26,Giải ba,713,7
01021,2025-12-26,Giải Đặc biệt,213,0
01021,2025-12-26,Giải Đặc biệt,603,1
01021,2025-12-26,Giải Nhất,007,0
01021,2025-12-26,Giải Nhất,876,1
01021,2025-12-26,Giải Nhất,723,2
01021,2025-12-26,Giải Nhất,238,3
01021,2025-12-26,Giải Nhì,869,0
01021,2025-12-26,Giải Nhì,958,1
01021,2025-12-26,Giải Nhì,229,2
01021,2025-12-26,Giải Nhì,522,3
01021,2025-12-26,Giải Nhì,592,4
01021,2025-12-26,Giải Nhì,208,5
01020,2025-12-24,Giải ba,541,0
01020,2025-12-24,Giải ba,687,1
01020,2025-12-24,Giải ba,941,2
01020,2025-12-24,Giải ba,318,3
01020,2025-12-24,Giải ba,005,4
01020,2025-12-24,Giải ba,677,5
01020,2025-12-24,Giải ba,879,6
01020,2025-12-24,Giải ba,141,7
01020,2025-12-24,Giải Đặc biệt,386,0
01020,2025-12-24,Giải Đặc biệt,744,1
01020,2025-12-24,Giải Nhất,752,0
01020,2025-12-24,Giải Nhất,672,1
01020,2025-12-24,Giải Nhất,688,2
01020,2025-12-24,Giải Nhất,395,3
01020,2025-12-24,Giải Nhì,885,0
01020,2025-12-24,Giải Nhì,288,1
01020,2025-12-24,Giải Nhì,255,2
01020,2025-12-24,Giải Nhì,711,3
01020,2025-12-24,Giải Nhì,224,4
01020,2025-12-24,Giải Nhì,658,5
01019,2025-12-22,Giải ba,608,0
01019,2025-12-22,Giải ba,880,1
01019,2025-12-22,Giải ba,937,2
01019,2025-12-22,Giải ba,216,3
01019,2025-12-22,Giải ba,335,4
01019,2025-12-22,Giải ba,176,5
01019,2025-12-22,Giải ba,647,6
01019,2025-12-22,Giải ba,130,7
01019,2025-12-22,Giải Đặc biệt,973,0
01019,2025-12-22,Giải Đặc biệt,492,1
01019,2025-12-22,Giải Nhất,190,0
01019,2025-12-22,Giải Nhất,025,1
01019,2025-12-22,Giải Nhất,071,2
01019,2025-12-22,Giải Nhất,024,3
01019,2025-12-22,Giải Nhì,720,0
01019,2025-12-22,Giải Nhì,676,1
01019,2025-12-22,Giải Nhì,842,2
01019,2025-12-22,Giải Nhì,756,3
01019,2025-12-22,Giải Nhì,700,4
01019,2025-12-22,Giải Nhì,482,5
01018,2025-12-19,Giải ba,878,0
01018,2025-12-19,Giải ba,491,1
01018,2025-12-19,Giải ba,578,2
01018,2025-12-19,Giải ba,503,3
01018,2025-12-19,Giải ba,300,4
01018,2025-12-19,Giải ba,855,5
01018,2025-12-19,Giải ba,429,6
01018,2025-12-19,Giải ba,579,7
01018,2025-12-19,Giải Đặc biệt,947,0
01018,2025-12-19,Giải Đặc biệt,331,1
01018,2025-12-19,Giải Nhất,038,0
01018,2025-12-19,Giải Nhất,653,1
01018,2025-12-19,Giải Nhất,371,2
01018,2025-12-19,Giải Nhất,396,3
01018,2025-12-19,Giải Nhì,206,0
01018,2025-12-19,Giải Nhì,761,1
01018,2025-12-19,Giải Nhì,048,2
01018,2025-12-19,Giải Nhì,431,3
01018,2025-12-19,Giải Nhì,334,4
01018,2025-12-19,Giải Nhì,635,5
01017,2025-12-17,Giải ba,297,0
01017,2025-12-17,Giải ba,628,1
01017,2025-12-17,Giải ba,442,2
01017,2025-12-17,Giải ba,330,3
01017,2025-12-17,Giải ba,415,4
01017,2025-12-17,Giải ba,088,5
01017,2025-12-17,Giải ba,396,6
01017,2025-12-17,Giải ba,971,7
01017,2025-12-17,Giải Đặc biệt,743,0
01017,2025-12-17,Giải Đặc biệt,340,1
01017,2025-12-17,Giải Nhất,783,0
01017,2025-12-17,Giải Nhất,711,1
01017,2025-12-17,Giải Nhất,294,2
01017,2025-12-17,Giải Nhất,095,3
01017,2025-12-17,Giải Nhì,747,0
01017,2025-12-17,Giải Nhì,363,1
01017,2025-12-17,Giải Nhì,257,2
01017,2025-12-17,Giải Nhì,095,3
01017,2025-12-17,Giải Nhì,366,4
01017,2025-12-17,Giải Nhì,028,5
01016,2025-12-15,Giải ba,349,0
01016,2025-12-15,Giải ba,439,1
01016,2025-12-15,Giải ba,381,2
01016,2025-12-15,Giải ba,906,3
01016,2025-12-15,Giải ba,969,4
01016,2025-12-15,Giải ba,003,5
01016,2025-12-15,Giải ba,088,6
01016,2025-12-15,Giải ba,889,7
01016,2025-12-15,Giải Đặc biệt,977,0
01016,2025-12-15,Giải Đặc biệt,802,1
01016,2025-12-15,Giải Nhất,621,0
01016,2025-12-15,Giải Nhất,016,1
01016,2025-12-15,Giải Nhất,804,2
01016,2025-12-15,Giải Nhất,919,3
01016,2025-12-15,Giải Nhì,659,0
01016,2025-12-15,Giải Nhì,956,1
01016,2025-12-15,Giải Nhì,785,2
01016,2025-12-15,Giải Nhì,457,3
01016,2025-12-15,Giải Nhì,403,4
01016,2025-12-15,Giải Nhì,518,5
01015,2025-12-12,Giải ba,176,0
01015,2025-12-12,Giải ba,797,1
01015,2025-12-12,Giải ba,570,2
01015,2025-12-12,Giải ba,036,3
01015,2025-12-12,Giải ba,046,4
01015,2025-12-12,Giải ba,800,5
01015,2025-12-12,Giải ba,902,6
01015,2025-12-12,Giải ba,535,7
01015,2025-12-12,Giải Đặc biệt,901,0
01015,2025-12-12,Giải Đặc biệt,891,1
01015,2025-12-12,Giải Nhất,015,0
01015,2025-12-12,Giải Nhất,624,1
01015,2025-12-12,Giải Nhất,211,2
01015,2025-12-12,Giải Nhất,190,3
01015,2025-12-12,Giải Nhì,819,0
01015,2025-12-12,Giải Nhì,182,1
01015,2025-12-12,Giải Nhì,246,2
01015,2025-12-12,Giải Nhì,524,3
01015,2025-12-12,Giải Nhì,961,4
01015,2025-12-12,Giải Nhì,252,5
01014,2025-12-10,Giải ba,995,0
01014,2025-12-10,Giải ba,228,1
01014,2025-12-10,Giải ba,886,2
01014,2025-12-10,Giải ba,661,3
01014,2025-12-10,Giải ba,215,4
01014,2025-12-10,Giải ba,387,5
01014,2025-12-10,Giải ba,618,6
01014,2025-12-10,Giải ba,027,7
01014,2025-12-10,Giải Đặc biệt,077,0
01014,2025-12-10,Giải Đặc biệt,403,1
01014,2025-12-10,Giải Nhất,037,0
01014,2025-12-10,Giải Nhất,111,1
01014,2025-12-10,Giải Nhất,437,2
01014,2025-12-10,Giải Nhất,793,3
01014,2025-12-10,Giải Nhì,205,0
01014,2025-12-10,Giải Nhì,931,1
01014,2025-12-10,Giải Nhì,266,2
01014,2025-12-10,Giải Nhì,455,3
01014,2025-12-10,Giải Nhì,936,4
01014,2025-12-10,Giải Nhì,459,5
01013,2025-12-08,Giải ba,237,0
01013,2025-12-08,Giải ba,213,1
01013,2025-12-08,Giải ba,845,2
01013,2025-12-08,Giải ba,224,3
01013,2025-12-08,Giải ba,223,4
01013,2025-12-08,Giải ba,082,5
01013,2025-12-08,Giải ba,267,6
01013,2025-12-08,Giải ba,692,7
01013,2025-12-08,Giải Đặc biệt,409,0
01013,2025-12-08,Giải Đặc biệt,280,1
01013,2025-12-08,Giải Nhất,445,0
01013,2025-12-08,Giải Nhất,080,1
01013,2025-12-08,Giải Nhất,564,2
01013,2025-12-08,Giải Nhất,310,3
01013,2025-12-08,Giải Nhì,440,0
01013,2025-12-08,Giải Nhì,337,1
01013,2025-12-08,Giải Nhì,900,2
01013,2025-12-08,Giải Nhì,720,3
01013,2025-12-08,Giải Nhì,511,4
01013,2025-12-08,Giải Nhì,380,5
01012,2025-12-05,Giải ba,303,0
01012,2025-12-05,Giải ba,420,1
01012,2025-12-05,Giải ba,100,2
01012,2025-12-05,Giải ba,549,3
01012,2025-12-05,Giải ba,280,4
01012,2025-12-05,Giải ba,431,5
01012,2025-12-05,Giải ba,075,6
01012,2025-12-05,Giải ba,496,7
01012,2025-12-05,Giải Đặc biệt,419,0
01012,2025-12-05,Giải Đặc biệt,996,1
01012,2025-12-05,Giải Nhất,380,0
01012,2025-12-05,Giải Nhất,123,1
01012,2025-12-05,Giải Nhất,931,2
01012,2025-12-05,Giải Nhất,417,3
01012,2025-12-05,Giải Nhì,732,0
01012,2025-12-05,Giải Nhì,115,1
01012,2025-12-05,Giải Nhì,309,2
01012,2025-12-05,Giải Nhì,934,3
01012,2025-12-05,Giải Nhì,502,4
01012,2025-12-05,Giải Nhì,437,5
01011,2025-12-03,Giải ba,085,0
01011,2025-12-03,Giải ba,957,1
01011,2025-12-03,Giải ba,274,2
01011,2025-12-03,Giải ba,772,3
01011,2025-12-03,Giải ba,892,4
01011,2025-12-03,Giải ba,333,5
01011,2025-12-03,Giải ba,849,6
01011,2025-12-03,Giải ba,532,7
01011,2025-12-03,Giải Đặc biệt,887,0
01011,2025-12-03,Giải Đặc biệt,163,1
01011,2025-12-03,Giải Nhất,751,0
01011,2025-12-03,Giải Nhất,123,1
01011,2025-12-03,Giải Nhất,545,2
01011,2025-12-03,Giải Nhất,161,3
01011,2025-12-03,Giải Nhì,438,0
01011,2025-12-03,Giải Nhì,813,1
01011,2025-12-03,Giải Nhì,929,2
01011,2025-12-03,Giải Nhì,984,3
01011,2025-12-03,Giải Nhì,033,4
01011,2025-12-03,Giải Nhì,924,5
01010,2025-12-01,Giải ba,974,0
01010,2025-12-01,Giải ba,400,1
01010,2025-12-01,Giải ba,041,2
01010,2025-12-01,Giải ba,803,3
01010,2025-12-01,Giải ba,208,4
01010,2025-12-01,Giải ba,148,5
01010,2025-12-01,Giải ba,226,6
01010,2025-12-01,Giải ba,331,7
01010,2025-12-01,Giải Đặc biệt,552,0
01010,2025-12-01,Giải Đặc biệt,483,1
01010,2025-12-01,Giải Nhất,163,0
01010,2025-12-01,Giải Nhất,086,1
01010,2025-12-01,Giải Nhất,616,2
01010,2025-12-01,Giải Nhất,262,3
01010,2025-12-01,Giải Nhì,367,0
01010,2025-12-01,Giải Nhì,775,1
01010,2025-12-01,Giải Nhì,811,2
01010,2025-12-01,Giải Nhì,179,3
01010,2025-12-01,Giải Nhì,506,4
01010,2025-12-01,Giải Nhì,026,5
01009,2025-11-28,Giải ba,065,0
01009,2025-11-28,Giải ba,945,1
01009,2025-11-28,Giải ba,805,2
01009,2025-11-28,Giải ba,490,3
01009,2025-11-28,Giải ba,284,4
01009,2025-11-28,Giải ba,422,5
01009,2025-11-28,Giải ba,511,6
01009,2025-11-28,Giải ba,577,7
01009,2025-11-28,Giải Đặc biệt,824,0
01009,2025-11-28,Giải Đặc biệt,652,1
01009,2025-11-28,Giải Nhất,391,0
01009,2025-11-28,Giải Nhất,494,1
01009,2025-11-28,Giải Nhất,876,2
01009,2025-11-28,Giải Nhất,091,3
01009,2025-11-28,Giải Nhì,338,0
01009,2025-11-28,Giải Nhì,398,1
01009,2025-11-28,Giải Nhì,416,2
01009,2025-11-28,Giải Nhì,913,3
01009,2025-11-28,Giải Nhì,877,4
01009,2025-11-28,Giải Nhì,669,5
01008,2025-11-26,Giải ba,053,0
01008,2025-11-26,Giải ba,483,1
01008,2025-11-26,Giải ba,924,2
01008,2025-11-26,Giải ba,103,3
01008,2025-11-26,Giải ba,502,4
01008,2025-11-26,Giải ba,525,5
01008,2025-11-26,Giải ba,209,6
01008,2025-11-26,Giải ba,019,7
01008,2025-11-26,Giải Đặc biệt,991,0
01008,2025-11-26,Giải Đặc biệt,909,1
01008,2025-11-26,Giải Nhất,184,0
01008,2025-11-26,Giải Nhất,831,1
01008,2025-11-26,Giải Nhất,604,2
01008,2025-11-26,Giải Nhất,333,3
01008,2025-11-26,Giải Nhì,301,0
01008,2025-11-26,Giải Nhì,008,1
01008,2025-11-26,Giải Nhì,404,2
01008,2025-11-26,Giải Nhì,890,3
01008,2025-11-26,Giải Nhì,036,4
01008,2025-11-26,Giải Nhì,146,5
01007,2025-11-24,Giải ba,913,0
01007,2025-11-24,Giải ba,843,1
01007,2025-11-24,Giải ba,625,2
01007,2025-11-24,Giải ba,574,3
01007,2025-11-24,Giải ba,963,4
01007,2025-11-24,Giải ba,543,5
01007,2025-11-24,Giải ba,406,6
01007,2025-11-24,Giải ba,835,7
01007,2025-11-24,Giải Đặc biệt,034,0
01007,2025-11-24,Giải Đặc biệt,842,1
01007,2025-11-24,Giải Nhất,470,0
01007,2025-11-24,Giải Nhất,657,1
01007,2025-11-24,Giải Nhất,274,2
01007,2025-11-24,Giải Nhất,224,3
01007,2025-11-24,Giải Nhì,397,0
01007,2025-11-24,Giải Nhì,062,1
01007,2025-11-24,Giải Nhì,566,2
01007,2025-11-24,Giải Nhì,736,3
01007,2025-11-24,Giải Nhì,033,4
01007,2025-11-24,Giải Nhì,221,5
01006,2025-11-21,Giải ba,005,0
01006,2025-11-21,Giải ba,666,1
01006,2025-11-21,Giải ba,621,2
01006,2025-11-21,Giải ba,384,3
01006,2025-11-21,Giải ba,771,4
01006,2025-11-21,Giải ba,945,5
01006,2025-11-21,Giải ba,081,6
01006,2025-11-21,Giải ba,546,7
01006,2025-11-21,Giải Đặc biệt,828,0
01006,2025-11-21,Giải Đặc biệt,443,1
01006,2025-11-21,Giải Nhất,756,0
01006,2025-11-21,Giải Nhất,107,1
01006,2025-11-21,Giải Nhất,559,2
01006,2025-11-21,Giải Nhất,004,3
01006,2025-11-21,Giải Nhì,350,0
01006,2025-11-21,Giải Nhì,940,1
01006,2025-11-21,Giải Nhì,601,2
01006,2025-11-21,Giải Nhì,936,3
01006,2025-11-21,Giải Nhì,307,4
01006,2025-11-21,Giải Nhì,167,5
01005,2025-11-19,Giải ba,528,0
01005,2025-11-19,Giải ba,325,1
01005,2025-11-19,Giải ba,914,2
01005,2025-11-19,Giải ba,796,3
01005,2025-11-19,Giải ba,750,4
01005,2025-11-19,Giải ba,057,5
01005,2025-11-19,Giải ba,273,6
01005,2025-11-19,Giải ba,652,7
01005,2025-11-19,Giải Đặc biệt,049,0
01005,2025-11-19,Giải Đặc biệt,288,1
01005,2025-11-19,Giải Nhất,679,0
01005,2025-11-19,Giải Nhất,867,1
01005,2025-11-19,Giải Nhất,021,2
01005,2025-11-19,Giải Nhất,656,3
01005,2025-11-19,Giải Nhì,560,0
01005,2025-11-19,Giải Nhì,799,1
01005,2025-11-19,Giải Nhì,773,2
01005,2025-11-19,Giải Nhì,606,3
01005,2025-11-19,Giải Nhì,061,4
01005,2025-11-19,Giải Nhì,871,5
01004,2025-11-17,Giải ba,452,0
01004,2025-11-17,Giải ba,255,1
01004,2025-11-17,Giải ba,359,2
01004,2025-11-17,Giải ba,933,3
01004,2025-11-17,Giải ba,816,4
01004,2025-11-17,Giải ba,565,5
01004,2025-11-17,Giải ba,151,6
01004,2025-11-17,Giải ba,324,7
01004,2025-11-17,Giải Đặc biệt,912,0
01004,2025-11-17,Giải Đặc biệt,960,1
01004,2025-11-17,Giải Nhất,951,0
01004,2025-11-17,Giải Nhất,305,1
01004,2025-11-17,Giải Nhất,868,2
01004,2025-11-17,Giải Nhất,037,3
01004,2025-11-17,Giải Nhì,984,0
01004,2025-11-17,Giải Nhì,032,1
01004,2025-11-17,Giải Nhì,829,2
01004,2025-11-17,Giải Nhì,002,3
01004,2025-11-17,Giải Nhì,481,4
01004,2025-11-17,Giải Nhì,966,5
01003,2025-11-14,Giải ba,423,0
01003,2025-11-14,Giải ba,453,1
01003,2025-11-14,Giải ba,551,2
01003,2025-11-14,Giải ba,890,3
01003,2025-11-14,Giải ba,131,4
01003,2025-11-14,Giải ba,298,5
01003,2025-11-14,Giải ba,270,6
01003,2025-11-14,Giải ba,875,7
01003,2025-11-14,Giải Đặc biệt,089,0
01003,2025-11-14,Giải Đặc biệt,353,1
01003,2025-11-14,Giải Nhất,631,0
01003,2025-11-14,Giải Nhất,801,1
01003,2025-11-14,Giải Nhất,979,2
01003,2025-11-14,Giải Nhất,885,3
01003,2025-11-14,Giải Nhì,759,0
01003,2025-11-14,Giải Nhì,442,1
01003,2025-11-14,Giải Nhì,402,2
01003,2025-11-14,Giải Nhì,864,3
01003,2025-11-14,Giải Nhì,325,4
01003,2025-11-14,Giải Nhì,625,5
01002,2025-11-12,Giải ba,114,0
01002,2025-11-12,Giải ba,463,1
01002,2025-11-12,Giải ba,151,2
01002,2025-11-12,Giải ba,687,3
01002,2025-11-12,Giải ba,640,4
01002,2025-11-12,Giải ba,514,5
01002,2025-11-12,Giải ba,849,6
01002,2025-11-12,Giải ba,468,7
01002,2025-11-12,Giải Đặc biệt,041,0
01002,2025-11-12,Giải Đặc biệt,348,1
01002,2025-11-12,Giải Nhất,134,0
01002,2025-11-12,Giải Nhất,572,1
01002,2025-11-12,Giải Nhất,249,2
01002,2025-11-12,Giải Nhất,534,3
01002,2025-11-12,Giải Nhì,909,0
01002,2025-11-12,Giải Nhì,392,1
01002,2025-11-12,Giải Nhì,252,2
01002,2025-11-12,Giải Nhì,588,3
01002,2025-11-12,Giải Nhì,172,4
01002,2025-11-12,Giải Nhì,759,5
01001,2025-11-10,Giải ba,769,0
01001,2025-11-10,Giải ba,494,1
01001,2025-11-10,Giải ba,723,2
01001,2025-11-10,Giải ba,296,3
01001,2025-11-10,Giải ba,515,4
01001,2025-11-10,Giải ba,479,5
01001,2025-11-10,Giải ba,551,6
01001,2025-11-10,Giải ba,221,7
01001,2025-11-10,Giải Đặc biệt,394,0
01001,2025-11-10,Giải Đặc biệt,850,1
01001,2025-11-10,Giải Nhất,166,0
01001,2025-11-10,Giải Nhất,557,1
01001,2025-11-10,Giải Nhất,497,2
01001,2025-11-10,Giải Nhất,554,3
01001,2025-11-10,Giải Nhì,606,0
01001,2025-11-10,Giải Nhì,874,1
01001,2025-11-10,Giải Nhì,460,2
01001,2025-11-10,Giải Nhì,221,3
01001,2025-11-10,Giải Nhì,905,4
01001,2025-11-10,Giải Nhì,717,5
01000,2025-11-07,Giải ba,085,0
01000,2025-11-07,Giải ba,551,1
01000,2025-11-07,Giải ba,553,2
01000,2025-11-07,Giải ba,661,3
01000,2025-11-07,Giải ba,053,4
01000,2025-11-07,Giải ba,086,5
01000,2025-11-07,Giải ba,753,6
01000,2025-11-07,Giải ba,545,7
01000,2025-11-07,Giải Đặc biệt,249,0
01000,2025-11-07,Giải Đặc biệt,356,1
01000,2025-11-07,Giải Nhất,394,0
01000,2025-11-07,Giải Nhất,080,1
01000,2025-11-07,Giải Nhất,397,2
01000,2025-11-07,Giải Nhất,331,3
01000,2025-11-07,Giải Nhì,479,0
01000,2025-11-07,Giải Nhì,921,1
01000,2025-11-07,Giải Nhì,583,2
01000,2025-11-07,Giải Nhì,782,3
01000,2025-11-07,Giải Nhì,335,4
01000,2025-11-07,Giải Nhì,846,5
00999,2025-11-05,Giải ba,413,0
00999,2025-11-05,Giải ba,821,1
00999,2025-11-05,Giải ba,268,2
00999,2025-11-05,Giải ba,226,3
00999,2025-11-05,Giải ba,334,4
00999,2025-11-05,Giải ba,759,5
00999,2025-11-05,Giải ba,819,6
00999,2025-11-05,Giải ba,867,7
00999,2025-11-05,Giải Đặc biệt,201,0
00999,2025-11-05,Giải Đặc biệt,823,1
00999,2025-11-05,Giải Nhất,090,0
00999,2025-11-05,Giải Nhất,588,1
00999,2025-11-05,Giải Nhất,710,2
00999,2025-11-05,Giải Nhất,403,3
00999,2025-11-05,Giải Nhì,084,0
00999,2025-11-05,Giải Nhì,178,1
00999,2025-11-05,Giải Nhì,541,2
00999,2025-11-05,Giải Nhì,451,3
00999,2025-11-05,Giải Nhì,461,4
00999,2025-11-05,Giải Nhì,037,5
00998,2025-11-03,Giải ba,221,0
00998,2025-11-03,Giải ba,843,1
00998,2025-11-03,Giải ba,937,2
00998,2025-11-03,Giải ba,229,3
00998,2025-11-03,Giải ba,068,4
00998,2025-11-03,Giải ba,050,5
00998,2025-11-03,Giải ba,655,6
00998,2025-11-03,Giải ba,703,7
00998,2025-11-03,Giải Đặc biệt,735,0
00998,2025-11-03,Giải Đặc biệt,229,1
00998,2025-11-03,Giải Nhất,310,0
00998,2025-11-03,Giải Nhất,851,1
00998,2025-11-03,Giải Nhất,600,2
00998,2025-11-03,Giải Nhất,057,3
00998,2025-11-03,Giải Nhì,127,0
00998,2025-11-03,Giải Nhì,579,1
00998,2025-11-03,Giải Nhì,174,2
00998,2025-11-03,Giải Nhì,268,3
00998,2025-11-03,Giải Nhì,716,4
00998,2025-11-03,Giải Nhì,807,5
00997,2025-10-31,Giải ba,882,0
00997,2025-10-31,Giải ba,249,1
00997,2025-10-31,Giải ba,018,2
00997,2025-10-31,Giải ba,235,3
00997,2025-10-31,Giải ba,678,4
00997,2025-10-31,Giải ba,825,5
00997,2025-10-31,Giải ba,467,6
00997,2025-10-31,Giải ba,114,7
00997,2025-10-31,Giải Đặc biệt,968,0
00997,2025-10-31,Giải Đặc biệt,875,1
00997,2025-10-31,Giải Nhất,087,0
00997,2025-10-31,Giải Nhất,954,1
00997,2025-10-31,Giải Nhất,812,2
00997,2025-10-31,Giải Nhất,083,3
00997,2025-10-31,Giải Nhì,819,0
00997,2025-10-31,Giải Nhì,486,1
00997,2025-10-31,Giải Nhì,879,2
00997,2025-10-31,Giải Nhì,376,3
00997,2025-10-31,Giải Nhì,411,4
00997,2025-10-31,Giải Nhì,211,5
00996,2025-10-29,Giải ba,024,0
00996,2025-10-29,Giải ba,177,1
00996,2025-10-29,Giải ba,982,2
00996,2025-10-29,Giải ba,321,3
00996,2025-10-29,Giải ba,372,4
00996,2025-10-29,Giải ba,546,5
00996,2025-10-29,Giải ba,236,6
00996,2025-10-29,Giải ba,792,7
00996,2025-10-29,Giải Đặc biệt,985,0
00996,2025-10-29,Giải Đặc biệt,788,1
00996,2025-10-29,Giải Nhất,526,0
00996,2025-10-29,Giải Nhất,142,1
00996,2025-10-29,Giải Nhất,276,2
00996,2025-10-29,Giải Nhất,535,3
00996,2025-10-29,Giải Nhì,069,0
00996,2025-10-29,Giải Nhì,147,1
00996,2025-10-29,Giải Nhì,506,2
00996,2025-10-29,Giải Nhì,411,3
00996,2025-10-29,Giải Nhì,134,4
00996,2025-10-29,Giải Nhì,636,5
00995,2025-10-27,Giải ba,870,0
00995,2025-10-27,Giải ba,844,1
00995,2025-10-27,Giải ba,763,2
00995,2025-10-27,Giải ba,225,3
00995,2025-10-27,Giải ba,584,4
00995,2025-10-27,Giải ba,362,5
00995,2025-10-27,Giải ba,138,6
00995,2025-10-27,Giải ba,781,7
00995,2025-10-27,Giải Đặc biệt,646,0
00995,2025-10-27,Giải Đặc biệt,603,1
00995,2025-10-27,Giải Nhất,836,0
00995,2025-10-27,Giải Nhất,193,1
00995,2025-10-27,Giải Nhất,006,2
00995,2025-10-27,Giải Nhất,602,3
00995,2025-10-27,Giải Nhì,474,0
00995,2025-10-27,Giải Nhì,398,1
00995,2025-10-27,Giải Nhì,755,2
00995,2025-10-27,Giải Nhì,287,3
00995,2025-10-27,Giải Nhì,156,4
00995,2025-10-27,Giải Nhì,679,5
00994,2025-10-24,Giải ba,730,0
00994,2025-10-24,Giải ba,397,1
00994,2025-10-24,Giải ba,311,2
00994,2025-10-24,Giải ba,924,3
00994,2025-10-24,Giải ba,760,4
00994,2025-10-24,Giải ba,426,5
00994,2025-10-24,Giải ba,425,6
00994,2025-10-24,Giải ba,919,7
00994,2025-10-24,Giải Đặc biệt,031,0
00994,2025-10-24,Giải Đặc biệt,912,1
00994,2025-10-24,Giải Nhất,457,0
00994,2025-10-24,Giải Nhất,864,1
00994,2025-10-24,Giải Nhất,528,2
00994,2025-10-24,Giải Nhất,239,3
00994,2025-10-24,Giải Nhì,017,0
00994,2025-10-24,Giải Nhì,594,1
00994,2025-10-24,Giải Nhì,342,2
00994,2025-10-24,Giải Nhì,698,3
00994,2025-10-24,Giải Nhì,809,4
00994,2025-10-24,Giải Nhì,551,5
00993,2025-10-22,Giải ba,839,0
00993,2025-10-22,Giải ba,219,1
00993,2025-10-22,Giải ba,794,2
00993,2025-10-22,Giải ba,444,3
00993,2025-10-22,Giải ba,629,4
00993,2025-10-22,Giải ba,769,5
00993,2025-10-22,Giải ba,507,6
00993,2025-10-22,Giải ba,922,7
00993,2025-10-22,Giải Đặc biệt,233,0
00993,2025-10-22,Giải Đặc biệt,299,1
00993,2025-10-22,Giải Nhất,546,0
00993,2025-10-22,Giải Nhất,079,1
00993,2025-10-22,Giải Nhất,602,2
00993,2025-10-22,Giải Nhất,100,3
00993,2025-10-22,Giải Nhì,350,0
00993,2025-10-22,Giải Nhì,814,1
00993,2025-10-22,Giải Nhì,010,2
00993,2025-10-22,Giải Nhì,323,3
00993,2025-10-22,Giải Nhì,107,4
00993,2025-10-22,Giải Nhì,406,5
00992,2025-10-20,Giải ba,935,0
00992,2025-10-20,Giải ba,488,1
00992,2025-10-20,Giải ba,503,2
00992,2025-10-20,Giải ba,879,3
00992,2025-10-20,Giải ba,916,4
00992,2025-10-20,Giải ba,159,5
00992,2025-10-20,Giải ba,022,6
00992,2025-10-20,Giải ba,984,7
00992,2025-10-20,Giải Đặc biệt,223,0
00992,2025-10-20,Giải Đặc biệt,221,1
00992,2025-10-20,Giải Nhất,327,0
00992,2025-10-20,Giải Nhất,272,1
00992,2025-10-20,Giải Nhất,229,2
00992,2025-10-20,Giải Nhất,462,3
00992,2025-10-20,Giải Nhì,642,0
00992,2025-10-20,Giải Nhì,740,1
00992,2025-10-20,Giải Nhì,755,2
00992,2025-10-20,Giải Nhì,712,3
00992,2025-10-20,Giải Nhì,872,4
00992,2025-10-20,Giải Nhì,085,5
00991,2025-10-17,Giải ba,322,0
00991,2025-10-17,Giải ba,802,1
00991,2025-10-17,Giải ba,970,2
00991,2025-10-17,Giải ba,495,3
00991,2025-10-17,Giải ba,229,4
00991,2025-10-17,Giải ba,635,5
00991,2025-10-17,Giải ba,143,6
00991,2025-10-17,Giải ba,283,7
00991,2025-10-17,Giải Đặc biệt,686,0
00991,2025-10-17,Giải Đặc biệt,237,1
00991,2025-10-17,Giải Nhất,473,0
00991,2025-10-17,Giải Nhất,107,1
00991,2025-10-17,Giải Nhất,156,2
00991,2025-10-17,Giải Nhất,428,3
00991,2025-10-17,Giải Nhì,486,0
00991,2025-10-17,Giải Nhì,249,1
00991,2025-10-17,Giải Nhì,957,2
00991,2025-10-17,Giải Nhì,519,3
00991,2025-10-17,Giải Nhì,121,4
00991,2025-10-17,Giải Nhì,997,5
00990,2025-10-15,Giải ba,602,0
00990,2025-10-15,Giải ba,718,1
00990,2025-10-15,Giải ba,969,2
00990,2025-10-15,Giải ba,718,3
00990,2025-10-15,Giải ba,476,4
00990,2025-10-15,Giải ba,115,5
00990,2025-10-15,Giải ba,133,6
00990,2025-10-15,Giải ba,227,7
00990,2025-10-15,Giải Đặc biệt,228,0
00990,2025-10-15,Giải Đặc biệt,799,1
00990,2025-10-15,Giải Nhất,772,0
00990,2025-10-15,Giải Nhất,541,1
00990,2025-10-15,Giải Nhất,415,2
00990,2025-10-15,Giải Nhất,719,3
00990,2025-10-15,Giải Nhì,689,0
00990,2025-10-15,Giải Nhì,452,1
00990,2025-10-15,Giải Nhì,905,2
00990,2025-10-15,Giải Nhì,634,3
00990,2025-10-15,Giải Nhì,299,4
00990,2025-10-15,Giải Nhì,735,5
00989,2025-10-13,Giải ba,512,0
00989,2025-10-13,Giải ba,510,1
00989,2025-10-13,Giải ba,128,2
00989,2025-10-13,Giải ba,139,3
00989,2025-10-13,Giải ba,459,4
00989,2025-10-13,Giải ba,083,5
00989,2025-10-13,Giải ba,777,6
00989,2025-10-13,Giải ba,360,7
00989,2025-10-13,Giải Đặc biệt,720,0
00989,2025-10-13,Giải Đặc biệt,263,1
00989,2025-10-13,Giải Nhất,757,0
00989,2025-10-13,Giải Nhất,452,1
00989,2025-10-13,Giải Nhất,627,2
00989,2025-10-13,Giải Nhất,258,3
00989,2025-10-13,Giải Nhì,348,0
00989,2025-10-13,Giải Nhì,890,1
00989,2025-10-13,Giải Nhì,951,2
00989,2025-10-13,Giải Nhì,993,3
00989,2025-10-13,Giải Nhì,924,4
00989,2025-10-13,Giải Nhì,420,5
00988,2025-10-10,Giải ba,524,0
00988,2025-10-10,Giải ba,590,1
00988,2025-10-10,Giải ba,014,2
00988,2025-10-10,Giải ba,663,3
00988,2025-10-10,Giải ba,271,4
00988,2025-10-10,Giải ba,312,5
00988,2025-10-10,Giải ba,855,6
00988,2025-10-10,Giải ba,000,7
00988,2025-10-10,Giải Đặc biệt,811,0
00988,2025-10-10,Giải Đặc biệt,086,1
00988,2025-10-10,Giải Nhất,656,0
00988,2025-10-10,Giải Nhất,503,1
00988,2025-10-10,Giải Nhất,940,2
00988,2025-10-10,Giải Nhất,390,3
00988,2025-10-10,Giải Nhì,380,0
00988,2025-10-10,Giải Nhì,571,1
00988,2025-10-10,Giải Nhì,500,2
00988,2025-10-10,Giải Nhì,413,3
00988,2025-10-10,Giải Nhì,189,4
00988,2025-10-10,Giải Nhì,033,5
00987,2025-10-08,Giải ba,118,0
00987,2025-10-08,Giải ba,642,1
00987,2025-10-08,Giải ba,927,2
00987,2025-10-08,Giải ba,145,3
00987,2025-10-08,Giải ba,039,4
00987,2025-10-08,Giải ba,659,5
00987,2025-10-08,Giải ba,248,6
00987,2025-10-08,Giải ba,508,7
00987,2025-10-08,Giải Đặc biệt,684,0
00987,2025-10-08,Giải Đặc biệt,115,1
00987,2025-10-08,Giải Nhất,166,0
00987,2025-10-08,Giải Nhất,551,1
00987,2025-10-08,Giải Nhất,827,2
00987,2025-10-08,Giải Nhất,022,3
00987,2025-10-08,Giải Nhì,389,0
00987,2025-10-08,Giải Nhì,268,1
00987,2025-10-08,Giải Nhì,234,2
00987,2025-10-08,Giải Nhì,419,3
00987,2025-10-08,Giải Nhì,274,4
00987,2025-10-08,Giải Nhì,354,5
00986,2025-10-06,Giải ba,581,0
00986,2025-10-06,Giải ba,031,1
00986,2025-10-06,Giải ba,261,2
00986,2025-10-06,Giải ba,791,3
00986,2025-10-06,Giải ba,017,4
00986,2025-10-06,Giải ba,215,5
00986,2025-10-06,Giải ba,395,6
00986,2025-10-06,Giải ba,655,7
00986,2025-10-06,Giải Đặc biệt,695,0
00986,2025-10-06,Giải Đặc biệt,403,1
00986,2025-10-06,Giải Nhất,880,0
00986,2025-10-06,Giải Nhất,010,1
00986,2025-10-06,Giải Nhất,296,2
00986,2025-10-06,Giải Nhất,290,3
00986,2025-10-06,Giải Nhì,449,0
00986,2025-10-06,Giải Nhì,437,1
00986,2025-10-06,Giải Nhì,727,2
00986,2025-10-06,Giải Nhì,164,3
00986,2025-10-06,Giải Nhì,793,4
00986,2025-10-06,Giải Nhì,831,5
00985,2025-10-03,Giải ba,804,0
00985,2025-10-03,Giải ba,061,1
00985,2025-10-03,Giải ba,488,2
00985,2025-10-03,Giải ba,532,3
00985,2025-10-03,Giải ba,632,4
00985,2025-10-03,Giải ba,759,5
00985,2025-10-03,Giải ba,070,6
00985,2025-10-03,Giải ba,069,7
00985,2025-10-03,Giải Đặc biệt,942,0
00985,2025-10-03,Giải Đặc biệt,360,1
00985,2025-10-03,Giải Nhất,914,0
00985,2025-10-03,Giải Nhất,174,1
00985,2025-10-03,Giải Nhất,119,2
00985,2025-10-03,Giải Nhất,442,3
00985,2025-10-03,Giải Nhì,487,0
00985,2025-10-03,Giải Nhì,951,1
00985,2025-10-03,Giải Nhì,473,2
00985,2025-10-03,Giải Nhì,224,3
00985,2025-10-03,Giải Nhì,813,4
00985,2025-10-03,Giải Nhì,193,5
00984,2025-10-01,Giải ba,754,0
00984,2025-10-01,Giải ba,542,1
00984,2025-10-01,Giải ba,151,2
00984,2025-10-01,Giải ba,973,3
00984,2025-10-01,Giải ba,409,4
00984,2025-10-01,Giải ba,006,5
00984,2025-10-01,Giải ba,365,6
00984,2025-10-01,Giải ba,678,7
00984,2025-10-01,Giải Đặc biệt,656,0
00984,2025-10-01,Giải Đặc biệt,543,1
00984,2025-10-01,Giải Nhất,527,0
00984,2025-10-01,Giải Nhất,458,1
00984,2025-10-01,Giải Nhất,036,2
00984,2025-10-01,Giải Nhất,719,3
00984,2025-10-01,Giải Nhì,807,0
00984,2025-10-01,Giải Nhì,216,1
00984,2025-10-01,Giải Nhì,970,2
00984,2025-10-01,Giải Nhì,283,3
00984,2025-10-01,Giải Nhì,226,4
00984,2025-10-01,Giải Nhì,237,5
00983,2025-09-29,Giải ba,663,0
00983,2025-09-29,Giải ba,463,1
00983,2025-09-29,Giải ba,231,2
00983,2025-09-29,Giải ba,465,3
00983,2025-09-29,Giải ba,983,4
00983,2025-09-29,Giải ba,851,5
00983,2025-09-29,Giải ba,238,6
00983,2025-09-29,Giải ba,160,7
00983,2025-09-29,Giải Đặc biệt,463,0
00983,2025-09-29,Giải Đặc biệt,495,1
00983,2025-09-29,Giải Nhất,891,0
00983,2025-09-29,Giải Nhất,788,1
00983,2025-09-29,Giải Nhất,253,2
00983,2025-09-29,Giải Nhất,600,3
00983,2025-09-29,Giải Nhì,721,0
00983,2025-09-29,Giải Nhì,211,1
00983,2025-09-29,Giải Nhì,821,2
00983,2025-09-29,Giải Nhì,245,3
00983,2025-09-29,Giải Nhì,203,4
00983,2025-09-29,Giải Nhì,996,5
00982,2025-09-26,Giải ba,309,0
00982,2025-09-26,Giải ba,733,1
00982,2025-09-26,Giải ba,818,2
00982,2025-09-26,Giải ba,106,3
00982,2025-09-26,Giải ba,981,4
00982,2025-09-26,Giải ba,805,5
00982,2025-09-26,Giải ba,226,6
00982,2025-09-26,Giải ba,059,7
00982,2025-09-26,Giải Đặc biệt,155,0
00982,2025-09-26,Giải Đặc biệt,926,1
00982,2025-09-26,Giải Nhất,930,0
00982,2025-09-26,Giải Nhất,843,1
00982,2025-09-26,Giải Nhất,333,2
00982,2025-09-26,Giải Nhất,532,3
00982,2025-09-26,Giải Nhì,336,0
00982,2025-09-26,Giải Nhì,056,1
00982,2025-09-26,Giải Nhì,897,2
00982,2025-09-26,Giải Nhì,547,3
00982,2025-09-26,Giải Nhì,166,4
00982,2025-09-26,Giải Nhì,704,5
00981,2025-09-24,Giải ba,871,0
00981,2025-09-24,Giải ba,461,1
00981,2025-09-24,Giải ba,989,2
00981,2025-09-24,Giải ba,252,3
00981,2025-09-24,Giải ba,075,4
00981,2025-09-24,Giải ba,470,5
00981,2025-09-24,Giải ba,198,6
00981,2025-09-24,Giải ba,455,7
00981,2025-09-24,Giải Đặc biệt,229,0
00981,2025-09-24,Giải Đặc biệt,825,1
00981,2025-09-24,Giải Nhất,467,0
00981,2025-09-24,Giải Nhất,775,1
00981,2025-09-24,Giải Nhất,312,2
00981,2025-09-24,Giải Nhất,135,3
00981,2025-09-24,Giải Nhì,828,0
00981,2025-09-24,Giải Nhì,202,1
00981,2025-09-24,Giải Nhì,880,2
00981,2025-09-24,Giải Nhì,230,3
00981,2025-09-24,Giải Nhì,005,4
00981,2025-09-24,Giải Nhì,728,5
00980,2025-09-22,Giải ba,469,0
00980,2025-09-22,Giải ba,979,1
00980,2025-09-22,Giải ba,332,2
00980,2025-09-22,Giải ba,771,3
00980,2025-09-22,Giải ba,358,4
00980,2025-09-22,Giải ba,931,5
00980,2025-09-22,Giải ba,217,6
00980,2025-09-22,Giải ba,745,7
00980,2025-09-22,Giải Đặc biệt,497,0
00980,2025-09-22,Giải Đặc biệt,662,1
00980,2025-09-22,Giải Nhất,845,0
00980,2025-09-22,Giải Nhất,117,1
00980,2025-09-22,Giải Nhất,888,2
00980,2025-09-22,Giải Nhất,769,3
00980,2025-09-22,Giải Nhì,597,0
00980,2025-09-22,Giải Nhì,365,1
00980,2025-09-22,Giải Nhì,506,2
00980,2025-09-22,Giải Nhì,802,3
00980,2025-09-22,Giải Nhì,990,4
00980,2025-09-22,Giải Nhì,012,5
00979,2025-09-19,Giải ba,192,0
00979,2025-09-19,Giải ba,104,1
00979,2025-09-19,Giải ba,443,2
00979,2025-09-19,Giải ba,754,3
00979,2025-09-19,Giải ba,158,4
00979,2025-09-19,Giải ba,456,5
00979,2025-09-19,Giải ba,667,6
00979,2025-09-19,Giải ba,935,7
00979,2025-09-19,Giải Đặc biệt,962,0
00979,2025-09-19,Giải Đặc biệt,552,1
00979,2025-09-19,Giải Nhất,265,0
00979,2025-09-19,Giải Nhất,299,1
00979,2025-09-19,Giải Nhất,330,2
00979,2025-09-19,Giải Nhất,837,3
00979,2025-09-19,Giải Nhì,160,0
00979,2025-09-19,Giải Nhì,667,1
00979,2025-09-19,Giải Nhì,861,2
00979,2025-09-19,Giải Nhì,604,3
00979,2025-09-19,Giải Nhì,440,4
00979,2025-09-19,Giải Nhì,695,5
00978,2025-09-17,Giải ba,173,0
00978,2025-09-17,Giải ba,054,1
00978,2025-09-17,Giải ba,233,2
00978,2025-09-17,Giải ba,779,3
00978,2025-09-17,Giải ba,535,4
00978,2025-09-17,Giải ba,213,5
00978,2025-09-17,Giải ba,426,6
00978,2025-09-17,Giải ba,048,7
00978,2025-09-17,Giải Đặc biệt,324,0
00978,2025-09-17,Giải Đặc biệt,135,1
00978,2025-09-17,Giải Nhất,764,0
00978,2025-09-17,Giải Nhất,737,1
00978,2025-09-17,Giải Nhất,137,2
00978,2025-09-17,Giải Nhất,397,3
00978,2025-09-17,Giải Nhì,812,0
00978,2025-09-17,Giải Nhì,138,1
00978,2025-09-17,Giải Nhì,838,2
00978,2025-09-17,Giải Nhì,690,3
00978,2025-09-17,Giải Nhì,957,4
00978,2025-09-17,Giải Nhì,921,5
00977,2025-09-15,Giải ba,983,0
00977,2025-09-15,Giải ba,458,1
00977,2025-09-15,Giải ba,021,2
00977,2025-09-15,Giải ba,928,3
00977,2025-09-15,Giải ba,046,4
00977,2025-09-15,Giải ba,535,5
00977,2025-09-15,Giải ba,197,6
00977,2025-09-15,Giải ba,875,7
00977,2025-09-15,Giải Đặc biệt,064,0
00977,2025-09-15,Giải Đặc biệt,123,1
00977,2025-09-15,Giải Nhất,923,0
00977,2025-09-15,Giải Nhất,218,1
00977,2025-09-15,Giải Nhất,659,2
00977,2025-09-15,Giải Nhất,474,3
00977,2025-09-15,Giải Nhì,118,0
00977,2025-09-15,Giải Nhì,142,1
00977,2025-09-15,Giải Nhì,867,2
00977,2025-09-15,Giải Nhì,549,3
00977,2025-09-15,Giải Nhì,936,4
00977,2025-09-15,Giải Nhì,065,5
00976,2025-09-12,Giải ba,997,0
00976,2025-09-12,Giải ba,170,1
00976,2025-09-12,Giải ba,792,2
00976,2025-09-12,Giải ba,630,3
00976,2025-09-12,Giải ba,199,4
00976,2025-09-12,Giải ba,281,5
00976,2025-09-12,Giải ba,105,6
00976,2025-09-12,Giải ba,656,7
00976,2025-09-12,Giải Đặc biệt,488,0
00976,2025-09-12,Giải Đặc biệt,485,1
00976,2025-09-12,Giải Nhất,728,0
00976,2025-09-12,Giải Nhất,432,1
00976,2025-09-12,Giải Nhất,951,2
00976,2025-09-12,Giải Nhất,821,3
00976,2025-09-12,Giải Nhì,415,0
00976,2025-09-12,Giải Nhì,198,1
00976,2025-09-12,Giải Nhì,514,2
00976,2025-09-12,Giải Nhì,440,3
00976,2025-09-12,Giải Nhì,264,4
00976,2025-09-12,Giải Nhì,170,5
00975,2025-09-10,Giải ba,711,0
00975,2025-09-10,Giải ba,367,1
00975,2025-09-10,Giải ba,801,2
00975,2025-09-10,Giải ba,424,3
00975,2025-09-10,Giải ba,449,4
00975,2025-09-10,Giải ba,017,5
00975,2025-09-10,Giải ba,339,6
00975,2025-09-10,Giải ba,409,7
00975,2025-09-10,Giải Đặc biệt,504,0
00975,2025-09-10,Giải Đặc biệt,658,1
00975,2025-09-10,Giải Nhất,531,0
00975,2025-09-10,Giải Nhất,527,1
00975,2025-09-10,Giải Nhất,833,2
00975,2025-09-10,Giải Nhất,797,3
00975,2025-09-10,Giải Nhì,165,0
00975,2025-09-10,Giải Nhì,487,1
00975,2025-09-10,Giải Nhì,303,2
00975,2025-09-10,Giải Nhì,513,3
00975,2025-09-10,Giải Nhì,507,4
00975,2025-09-10,Giải Nhì,526,5
00974,2025-09-08,Giải ba,604,0
00974,2025-09-08,Giải ba,834,1
00974,2025-09-08,Giải ba,605,2
00974,2025-09-08,Giải ba,238,3
00974,2025-09-08,Giải ba,403,4
00974,2025-09-08,Giải ba,718,5
00974,2025-09-08,Giải ba,021,6
00974,2025-09-08,Giải ba,022,7
00974,2025-09-08,Giải Đặc biệt,422,0
00974,2025-09-08,Giải Đặc biệt,591,1
00974,2025-09-08,Giải Nhất,314,0
00974,2025-09-08,Giải Nhất,742,1
00974,2025-09-08,Giải Nhất,022,2
00974,2025-09-08,Giải Nhất,555,3
00974,2025-09-08,Giải Nhì,543,0
00974,2025-09-08,Giải Nhì,572,1
00974,2025-09-08,Giải Nhì,209,2
00974,2025-09-08,Giải Nhì,192,3
00974,2025-09-08,Giải Nhì,475,4
00974,2025-09-08,Giải Nhì,802,5
00973,2025-09-05,Giải ba,358,0
00973,2025-09-05,Giải ba,342,1
00973,2025-09-05,Giải ba,149,2
00973,2025-09-05,Giải ba,179,3
00973,2025-09-05,Giải ba,736,4
00973,2025-09-05,Giải ba,233,5
00973,2025-09-05,Giải ba,691,6
00973,2025-09-05,Giải ba,627,7
00973,2025-09-05,Giải Đặc biệt,392,0
00973,2025-09-05,Giải Đặc biệt,148,1
00973,2025-09-05,Giải Nhất,347,0
00973,2025-09-05,Giải Nhất,534,1
00973,2025-09-05,Giải Nhất,104,2
00973,2025-09-05,Giải Nhất,625,3
00973,2025-09-05,Giải Nhì,070,0
00973,2025-09-05,Giải Nhì,597,1
00973,2025-09-05,Giải Nhì,751,2
00973,2025-09-05,Giải Nhì,733,3
00973,2025-09-05,Giải Nhì,757,4
00973,2025-09-05,Giải Nhì,361,5
00972,2025-09-03,Giải ba,700,0
00972,2025-09-03,Giải ba,200,1
00972,2025-09-03,Giải ba,026,2
00972,2025-09-03,Giải ba,999,3
00972,2025-09-03,Giải ba,043,4
00972,2025-09-03,Giải ba,877,5
00972,2025-09-03,Giải ba,696,6
00972,2025-09-03,Giải ba,438,7
00972,2025-09-03,Giải Đặc biệt,552,0
00972,2025-09-03,Giải Đặc biệt,953,1
00972,2025-09-03,Giải Nhất,465,0
00972,2025-09-03,Giải Nhất,169,1
00972,2025-09-03,Giải Nhất,851,2
00972,2025-09-03,Giải Nhất,515,3
00972,2025-09-03,Giải Nhì,902,0
00972,2025-09-03,Giải Nhì,417,1
00972,2025-09-03,Giải Nhì,010,2
00972,2025-09-03,Giải Nhì,220,3
00972,2025-09-03,Giải Nhì,527,4
00972,2025-09-03,Giải Nhì,882,5
00971,2025-09-01,Giải ba,331,0
00971,2025-09-01,Giải ba,554,1
00971,2025-09-01,Giải ba,169,2
00971,2025-09-01,Giải ba,075,3
00971,2025-09-01,Giải ba,578,4
00971,2025-09-01,Giải ba,941,5
00971,2025-09-01,Giải ba,118,6
00971,2025-09-01,Giải ba,326,7
00971,2025-09-01,Giải Đặc biệt,825,0
00971,2025-09-01,Giải Đặc biệt,869,1
00971,2025-09-01,Giải Nhất,503,0
00971,2025-09-01,Giải Nhất,288,1
00971,2025-09-01,Giải Nhất,356,2
00971,2025-09-01,Giải Nhất,471,3
00971,2025-09-01,Giải Nhì,735,0
00971,2025-09-01,Giải Nhì,227,1
00971,2025-09-01,Giải Nhì,842,2
00971,2025-09-01,Giải Nhì,036,3
00971,2025-09-01,Giải Nhì,045,4
00971,2025-09-01,Giải Nhì,085,5
00970,2025-08-29,Giải ba,329,0
00970,2025-08-29,Giải ba,530,1
00970,2025-08-29,Giải ba,524,2
00970,2025-08-29,Giải ba,684,3
00970,2025-08-29,Giải ba,216,4
00970,2025-08-29,Giải ba,950,5
00970,2025-08-29,Giải ba,125,6
00970,2025-08-29,Giải ba,773,7
00970,2025-08-29,Giải Đặc biệt,519,0
00970,2025-08-29,Giải Đặc biệt,614,1
00970,2025-08-29,Giải Nhất,509,0
00970,2025-08-29,Giải Nhất,470,1
00970,2025-08-29,Giải Nhất,360,2
00970,2025-08-29,Giải Nhất,589,3
00970,2025-08-29,Giải Nhì,423,0
00970,2025-08-29,Giải Nhì,798,1
00970,2025-08-29,Giải Nhì,691,2
00970,2025-08-29,Giải Nhì,058,3
00970,2025-08-29,Giải Nhì,253,4
00970,2025-08-29,Giải Nhì,569,5
00969,2025-08-27,Giải ba,755,0
00969,2025-08-27,Giải ba,685,1
00969,2025-08-27,Giải ba,606,2
00969,2025-08-27,Giải ba,588,3
00969,2025-08-27,Giải ba,599,4
00969,2025-08-27,Giải ba,021,5
00969,2025-08-27,Giải ba,800,6
00969,2025-08-27,Giải ba,659,7
00969,2025-08-27,Giải Đặc biệt,428,0
00969,2025-08-27,Giải Đặc biệt,381,1
00969,2025-08-27,Giải Nhất,059,0
00969,2025-08-27,Giải Nhất,013,1
00969,2025-08-27,Giải Nhất,060,2
00969,2025-08-27,Giải Nhất,844,3
00969,2025-08-27,Giải Nhì,204,0
00969,2025-08-27,Giải Nhì,499,1
00969,2025-08-27,Giải Nhì,418,2
00969,2025-08-27,Giải Nhì,464,3
00969,2025-08-27,Giải Nhì,624,4
00969,2025-08-27,Giải Nhì,580,5
00968,2025-08-25,Giải ba,619,0
00968,2025-08-25,Giải ba,898,1
00968,2025-08-25,Giải ba,054,2
00968,2025-08-25,Giải ba,396,3
00968,2025-08-25,Giải ba,372,4
00968,2025-08-25,Giải ba,111,5
00968,2025-08-25,Giải ba,142,6
00968,2025-08-25,Giải ba,055,7
00968,2025-08-25,Giải Đặc biệt,118,0
00968,2025-08-25,Giải Đặc biệt,813,1
00968,2025-08-25,Giải Nhất,536,0
00968,2025-08-25,Giải Nhất,984,1
00968,2025-08-25,Giải Nhất,232,2
00968,2025-08-25,Giải Nhất,482,3
00968,2025-08-25,Giải Nhì,719,0
00968,2025-08-25,Giải Nhì,175,1
00968,2025-08-25,Giải Nhì,778,2
00968,2025-08-25,Giải Nhì,152,3
00968,2025-08-25,Giải Nhì,890,4
00968,2025-08-25,Giải Nhì,112,5
00967,2025-08-22,Giải ba,658,0
00967,2025-08-22,Giải ba,001,1
00967,2025-08-22,Giải ba,769,2
00967,2025-08-22,Giải ba,839,3
00967,2025-08-22,Giải ba,075,4
00967,2025-08-22,Giải ba,110,5
00967,2025-08-22,Giải ba,402,6
00967,2025-08-22,Giải ba,366,7
00967,2025-08-22,Giải Đặc biệt,104,0
00967,2025-08-22,Giải Đặc biệt,052,1
00967,2025-08-22,Giải Nhất,701,0
00967,2025-08-22,Giải Nhất,222,1
00967,2025-08-22,Giải Nhất,206,2
00967,2025-08-22,Giải Nhất,056,3
00967,2025-08-22,Giải Nhì,995,0
00967,2025-08-22,Giải Nhì,792,1
00967,2025-08-22,Giải Nhì,953,2
00967,2025-08-22,Giải Nhì,549,3
00967,2025-08-22,Giải Nhì,417,4
00967,2025-08-22,Giải Nhì,753,5
00966,2025-08-20,Giải ba,006,0
00966,2025-08-20,Giải ba,666,1
00966,2025-08-20,Giải ba,986,2
00966,2025-08-20,Giải ba,430,3
00966,2025-08-20,Giải ba,655,4
00966,2025-08-20,Giải ba,596,5
00966,2025-08-20,Giải ba,386,6
00966,2025-08-20,Giải ba,678,7
00966,2025-08-20,Giải Đặc biệt,437,0
00966,2025-08-20,Giải Đặc biệt,232,1
00966,2025-08-20,Giải Nhất,073,0
00966,2025-08-20,Giải Nhất,211,1
00966,2025-08-20,Giải Nhất,881,2
00966,2025-08-20,Giải Nhất,689,3
00966,2025-08-20,Giải Nhì,625,0
00966,2025-08-20,Giải Nhì,010,1
00966,2025-08-20,Giải Nhì,223,2
00966,2025-08-20,Giải Nhì,285,3
00966,2025-08-20,Giải Nhì,967,4
00966,2025-08-20,Giải Nhì,205,5
00965,2025-08-18,Giải ba,424,0
00965,2025-08-18,Giải ba,525,1
00965,2025-08-18,Giải ba,800,2
00965,2025-08-18,Giải ba,926,3
00965,2025-08-18,Giải ba,357,4
00965,2025-08-18,Giải ba,995,5
00965,2025-08-18,Giải ba,165,6
00965,2025-08-18,Giải ba,625,7
00965,2025-08-18,Giải Đặc biệt,227,0
00965,2025-08-18,Giải Đặc biệt,752,1
00965,2025-08-18,Giải Nhất,230,0
00965,2025-08-18,Giải Nhất,135,1
00965,2025-08-18,Giải Nhất,589,2
00965,2025-08-18,Giải Nhất,009,3
00965,2025-08-18,Giải Nhì,029,0
00965,2025-08-18,Giải Nhì,418,1
00965,2025-08-18,Giải Nhì,895,2
00965,2025-08-18,Giải Nhì,500,3
00965,2025-08-18,Giải Nhì,074,4
00965,2025-08-18,Giải Nhì,234,5
00964,2025-08-15,Giải ba,917,0
00964,2025-08-15,Giải ba,485,1
00964,2025-08-15,Giải ba,175,2
00964,2025-08-15,Giải ba,723,3
00964,2025-08-15,Giải ba,020,4
00964,2025-08-15,Giải ba,427,5
00964,2025-08-15,Giải ba,467,6
00964,2025-08-15,Giải ba,893,7
00964,2025-08-15,Giải Đặc biệt,920,0
00964,2025-08-15,Giải Đặc biệt,313,1
00964,2025-08-15,Giải Nhất,889,0
00964,2025-08-15,Giải Nhất,868,1
00964,2025-08-15,Giải Nhất,837,2
00964,2025-08-15,Giải Nhất,790,3
00964,2025-08-15,Giải Nhì,044,0
00964,2025-08-15,Giải Nhì,678,1
00964,2025-08-15,Giải Nhì,731,2
00964,2025-08-15,Giải Nhì,411,3
00964,2025-08-15,Giải Nhì,234,4
00964,2025-08-15,Giải Nhì,322,5
00963,2025-08-13,Giải ba,973,0
00963,2025-08-13,Giải ba,055,1
00963,2025-08-13,Giải ba,478,2
00963,2025-08-13,Giải ba,093,3
00963,2025-08-13,Giải ba,619,4
00963,2025-08-13,Giải ba,539,5
00963,2025-08-13,Giải ba,472,6
00963,2025-08-13,Giải ba,035,7
00963,2025-08-13,Giải Đặc biệt,563,0
00963,2025-08-13,Giải Đặc biệt,788,1
00963,2025-08-13,Giải Nhất,368,0
00963,2025-08-13,Giải Nhất,608,1
00963,2025-08-13,Giải Nhất,038,2
00963,2025-08-13,Giải Nhất,840,3
00963,2025-08-13,Giải Nhì,433,0
00963,2025-08-13,Giải Nhì,027,1
00963,2025-08-13,Giải Nhì,805,2
00963,2025-08-13,Giải Nhì,826,3
00963,2025-08-13,Giải Nhì,982,4
00963,2025-08-13,Giải Nhì,478,5
00962,2025-08-11,Giải ba,148,0
00962,2025-08-11,Giải ba,678,1
00962,2025-08-11,Giải ba,213,2
00962,2025-08-11,Giải ba,426,3
00962,2025-08-11,Giải ba,448,4
00962,2025-08-11,Giải ba,087,5
00962,2025-08-11,Giải ba,528,6
00962,2025-08-11,Giải ba,056,7
00962,2025-08-11,Giải Đặc biệt,350,0
00962,2025-08-11,Giải Đặc biệt,987,1
00962,2025-08-11,Giải Nhất,573,0
00962,2025-08-11,Giải Nhất,355,1
00962,2025-08-11,Giải Nhất,511,2
00962,2025-08-11,Giải Nhất,125,3
00962,2025-08-11,Giải Nhì,059,0
00962,2025-08-11,Giải Nhì,154,1
00962,2025-08-11,Giải Nhì,642,2
00962,2025-08-11,Giải Nhì,779,3
00962,2025-08-11,Giải Nhì,450,4
00962,2025-08-11,Giải Nhì,154,5
00961,2025-08-08,Giải ba,409,0
00961,2025-08-08,Giải ba,846,1
00961,2025-08-08,Giải ba,091,2
00961,2025-08-08,Giải ba,859,3
00961,2025-08-08,Giải ba,999,4
00961,2025-08-08,Giải ba,488,5
00961,2025-08-08,Giải ba,026,6
00961,2025-08-08,Giải ba,311,7
00961,2025-08-08,Giải Đặc biệt,935,0
00961,2025-08-08,Giải Đặc biệt,711,1
00961,2025-08-08,Giải Nhất,742,0
00961,2025-08-08,Giải Nhất,656,1
00961,2025-08-08,Giải Nhất,855,2
00961,2025-08-08,Giải Nhất,274,3
00961,2025-08-08,Giải Nhì,416,0
00961,2025-08-08,Giải Nhì,902,1
00961,2025-08-08,Giải Nhì,105,2
00961,2025-08-08,Giải Nhì,988,3
00961,2025-08-08,Giải Nhì,223,4
00961,2025-08-08,Giải Nhì,170,5
00960,2025-08-06,Giải ba,699,0
00960,2025-08-06,Giải ba,800,1
00960,2025-08-06,Giải ba,473,2
00960,2025-08-06,Giải ba,995,3
00960,2025-08-06,Giải ba,023,4
00960,2025-08-06,Giải ba,605,5
00960,2025-08-06,Giải ba,258,6
00960,2025-08-06,Giải ba,806,7
00960,2025-08-06,Giải Đặc biệt,306,0
00960,2025-08-06,Giải Đặc biệt,729,1
00960,2025-08-06,Giải Nhất,695,0
00960,2025-08-06,Giải Nhất,529,1
00960,2025-08-06,Giải Nhất,679,2
00960,2025-08-06,Giải Nhất,504,3
00960,2025-08-06,Giải Nhì,039,0
00960,2025-08-06,Giải Nhì,571,1
00960,2025-08-06,Giải Nhì,046,2
00960,2025-08-06,Giải Nhì,367,3
00960,2025-08-06,Giải Nhì,156,4
00960,2025-08-06,Giải Nhì,661,5
00959,2025-08-04,Giải ba,570,0
00959,2025-08-04,Giải ba,359,1
00959,2025-08-04,Giải ba,044,2
00959,2025-08-04,Giải ba,202,3
00959,2025-08-04,Giải ba,796,4
00959,2025-08-04,Giải ba,872,5
00959,2025-08-04,Giải ba,262,6
00959,2025-08-04,Giải ba,706,7
00959,2025-08-04,Giải Đặc biệt,638,0
00959,2025-08-04,Giải Đặc biệt,136,1
00959,2025-08-04,Giải Nhất,114,0
00959,2025-08-04,Giải Nhất,503,1
00959,2025-08-04,Giải Nhất,147,2
00959,2025-08-04,Giải Nhất,186,3
00959,2025-08-04,Giải Nhì,313,0
00959,2025-08-04,Giải Nhì,108,1
00959,2025-08-04,Giải Nhì,156,2
00959,2025-08-04,Giải Nhì,622,3
00959,2025-08-04,Giải Nhì,202,4
00959,2025-08-04,Giải Nhì,871,5
00958,2025-08-01,Giải ba,088,0
00958,2025-08-01,Giải ba,583,1
00958,2025-08-01,Giải ba,356,2
00958,2025-08-01,Giải ba,485,3
00958,2025-08-01,Giải ba,102,4
00958,2025-08-01,Giải ba,506,5
00958,2025-08-01,Giải ba,766,6
00958,2025-08-01,Giải ba,555,7
00958,2025-08-01,Giải Đặc biệt,764,0
00958,2025-08-01,Giải Đặc biệt,967,1
00958,2025-08-01,Giải Nhất,607,0
00958,2025-08-01,Giải Nhất,613,1
00958,2025-08-01,Giải Nhất,552,2
00958,2025-08-01,Giải Nhất,396,3
00958,2025-08-01,Giải Nhì,881,0
00958,2025-08-01,Giải Nhì,709,1
00958,2025-08-01,Giải Nhì,069,2
00958,2025-08-01,Giải Nhì,820,3
00958,2025-08-01,Giải Nhì,286,4
00958,2025-08-01,Giải Nhì,893,5
00957,2025-07-30,Giải ba,361,0
00957,2025-07-30,Giải ba,484,1
00957,2025-07-30,Giải ba,757,2
00957,2025-07-30,Giải ba,414,3
00957,2025-07-30,Giải ba,469,4
00957,2025-07-30,Giải ba,366,5
00957,2025-07-30,Giải ba,903,6
00957,2025-07-30,Giải ba,531,7
00957,2025-07-30,Giải Đặc biệt,890,0
00957,2025-07-30,Giải Đặc biệt,670,1
00957,2025-07-30,Giải Nhất,781,0
00957,2025-07-30,Giải Nhất,325,1
00957,2025-07-30,Giải Nhất,458,2
00957,2025-07-30,Giải Nhất,222,3
00957,2025-07-30,Giải Nhì,171,0
00957,2025-07-30,Giải Nhì,509,1
00957,2025-07-30,Giải Nhì,250,2
00957,2025-07-30,Giải Nhì,882,3
00957,2025-07-30,Giải Nhì,962,4
00957,2025-07-30,Giải Nhì,138,5
00956,2025-07-28,Giải ba,549,0
00956,2025-07-28,Giải ba,348,1
00956,2025-07-28,Giải ba,189,2
00956,2025-07-28,Giải ba,191,3
00956,2025-07-28,Giải ba,695,4
00956,2025-07-28,Giải ba,510,5
00956,2025-07-28,Giải ba,444,6
00956,2025-07-28,Giải ba,193,7
00956,2025-07-28,Giải Đặc biệt,013,0
00956,2025-07-28,Giải Đặc biệt,713,1
00956,2025-07-28,Giải Nhất,987,0
00956,2025-07-28,Giải Nhất,899,1
00956,2025-07-28,Giải Nhất,968,2
00956,2025-07-28,Giải Nhất,450,3
00956,2025-07-28,Giải Nhì,140,0
00956,2025-07-28,Giải Nhì,390,1
00956,2025-07-28,Giải Nhì,731,2
00956,2025-07-28,Giải Nhì,732,3
00956,2025-07-28,Giải Nhì,894,4
00956,2025-07-28,Giải Nhì,467,5
00955,2025-07-25,Giải ba,993,0
00955,2025-07-25,Giải ba,022,1
00955,2025-07-25,Giải ba,493,2
00955,2025-07-25,Giải ba,483,3
00955,2025-07-25,Giải ba,811,4
00955,2025-07-25,Giải ba,768,5
00955,2025-07-25,Giải ba,775,6
00955,2025-07-25,Giải ba,099,7
00955,2025-07-25,Giải Đặc biệt,486,0
00955,2025-07-25,Giải Đặc biệt,877,1
00955,2025-07-25,Giải Nhất,494,0
00955,2025-07-25,Giải Nhất,214,1
00955,2025-07-25,Giải Nhất,927,2
00955,2025-07-25,Giải Nhất,260,3
00955,2025-07-25,Giải Nhì,316,0
00955,2025-07-25,Giải Nhì,038,1
00955,2025-07-25,Giải Nhì,005,2
00955,2025-07-25,Giải Nhì,733,3
00955,2025-07-25,Giải Nhì,942,4
00955,2025-07-25,Giải Nhì,654,5
00954,2025-07-23,Giải ba,510,0
00954,2025-07-23,Giải ba,514,1
00954,2025-07-23,Giải ba,417,2
00954,2025-07-23,Giải ba,482,3
00954,2025-07-23,Giải ba,968,4
00954,2025-07-23,Giải ba,515,5
00954,2025-07-23,Giải ba,720,6
00954,2025-07-23,Giải ba,663,7
00954,2025-07-23,Giải Đặc biệt,131,0
00954,2025-07-23,Giải Đặc biệt,548,1
00954,2025-07-23,Giải Nhất,466,0
00954,2025-07-23,Giải Nhất,933,1
00954,2025-07-23,Giải Nhất,926,2
00954,2025-07-23,Giải Nhất,245,3
00954,2025-07-23,Giải Nhì,109,0
00954,2025-07-23,Giải Nhì,008,1
00954,2025-07-23,Giải Nhì,199,2
00954,2025-07-23,Giải Nhì,827,3
00954,2025-07-23,Giải Nhì,591,4
00954,2025-07-23,Giải Nhì,495,5
00953,2025-07-21,Giải ba,622,0
00953,2025-07-21,Giải ba,775,1
00953,2025-07-21,Giải ba,132,2
00953,2025-07-21,Giải ba,082,3
00953,2025-07-21,Giải ba,019,4
00953,2025-07-21,Giải ba,960,5
00953,2025-07-21,Giải ba,799,6
00953,2025-07-21,Giải ba,306,7
00953,2025-07-21,Giải Đặc biệt,489,0
00953,2025-07-21,Giải Đặc biệt,636,1
00953,2025-07-21,Giải Nhất,253,0
00953,2025-07-21,Giải Nhất,627,1
00953,2025-07-21,Giải Nhất,072,2
00953,2025-07-21,Giải Nhất,294,3
00953,2025-07-21,Giải Nhì,554,0
00953,2025-07-21,Giải Nhì,429,1
00953,2025-07-21,Giải Nhì,361,2
00953,2025-07-21,Giải Nhì,866,3
00953,2025-07-21,Giải Nhì,822,4
00953,2025-07-21,Giải Nhì,102,5
00952,2025-07-18,Giải ba,000,0
00952,2025-07-18,Giải ba,422,1
00952,2025-07-18,Giải ba,241,2
00952,2025-07-18,Giải ba,665,3
00952,2025-07-18,Giải ba,782,4
00952,2025-07-18,Giải ba,083,5
00952,2025-07-18,Giải ba,529,6
00952,2025-07-18,Giải ba,537,7
00952,2025-07-18,Giải Đặc biệt,965,0
00952,2025-07-18,Giải Đặc biệt,327,1
00952,2025-07-18,Giải Nhất,489,0
00952,2025-07-18,Giải Nhất,576,1
00952,2025-07-18,Giải Nhất,728,2
00952,2025-07-18,Giải Nhất,110,3
00952,2025-07-18,Giải Nhì,643,0
00952,2025-07-18,Giải Nhì,491,1
00952,2025-07-18,Giải Nhì,869,2
00952,2025-07-18,Giải Nhì,160,3
00952,2025-07-18,Giải Nhì,026,4
00952,2025-07-18,Giải Nhì,592,5
00951,2025-07-16,Giải ba,763,0
00951,2025-07-16,Giải ba,147,1
00951,2025-07-16,Giải ba,666,2
00951,2025-07-16,Giải ba,045,3
00951,2025-07-16,Giải ba,727,4
00951,2025-07-16,Giải ba,480,5
00951,2025-07-16,Giải ba,857,6
00951,2025-07-16,Giải ba,634,7
00951,2025-07-16,Giải Đặc biệt,507,0
00951,2025-07-16,Giải Đặc biệt,986,1
00951,2025-07-16,Giải Nhất,857,0
00951,2025-07-16,Giải Nhất,103,1
00951,2025-07-16,Giải Nhất,635,2
00951,2025-07-16,Giải Nhất,461,3
00951,2025-07-16,Giải Nhì,781,0
00951,2025-07-16,Giải Nhì,342,1
00951,2025-07-16,Giải Nhì,225,2
00951,2025-07-16,Giải Nhì,530,3
00951,2025-07-16,Giải Nhì,291,4
00951,2025-07-16,Giải Nhì,713,5
00950,2025-07-14,Giải ba,143,0
00950,2025-07-14,Giải ba,640,1
00950,2025-07-14,Giải ba,383,2
00950,2025-07-14,Giải ba,929,3
00950,2025-07-14,Giải ba,411,4
00950,2025-07-14,Giải ba,939,5
00950,2025-07-14,Giải ba,836,6
00950,2025-07-14,Giải ba,927,7
00950,2025-07-14,Giải Đặc biệt,691,0
00950,2025-07-14,Giải Đặc biệt,306,1
00950,2025-07-14,Giải Nhất,801,0
00950,2025-07-14,Giải Nhất,810,1
00950,2025-07-14,Giải Nhất,350,2
00950,2025-07-14,Giải Nhất,206,3
00950,2025-07-14,Giải Nhì,889,0
00950,2025-07-14,Giải Nhì,928,1
00950,2025-07-14,Giải Nhì,833,2
00950,2025-07-14,Giải Nhì,850,3
00950,2025-07-14,Giải Nhì,777,4
00950,2025-07-14,Giải Nhì,899,5
00949,2025-07-11,Giải ba,771,0
00949,2025-07-11,Giải ba,225,1
00949,2025-07-11,Giải ba,871,2
00949,2025-07-11,Giải ba,967,3
00949,2025-07-11,Giải ba,480,4
00949,2025-07-11,Giải ba,670,5
00949,2025-07-11,Giải ba,652,6
00949,2025-07-11,Giải ba,787,7
00949,2025-07-11,Giải Đặc biệt,596,0
00949,2025-07-11,Giải Đặc biệt,362,1
00949,2025-07-11,Giải Nhất,247,0
00949,2025-07-11,Giải Nhất,841,1
00949,2025-07-11,Giải Nhất,354,2
00949,2025-07-11,Giải Nhất,887,3
00949,2025-07-11,Giải Nhì,526,0
00949,2025-07-11,Giải Nhì,566,1
00949,2025-07-11,Giải Nhì,806,2
00949,2025-07-11,Giải Nhì,389,3
00949,2025-07-11,Giải Nhì,287,4
00949,2025-07-11,Giải Nhì,955,5
00948,2025-07-09,Giải ba,590,0
00948,2025-07-09,Giải ba,346,1
00948,2025-07-09,Giải ba,032,2
00948,2025-07-09,Giải ba,037,3
00948,2025-07-09,Giải ba,808,4
00948,2025-07-09,Giải ba,820,5
00948,2025-07-09,Giải ba,958,6
00948,2025-07-09,Giải ba,075,7
00948,2025-07-09,Giải Đặc biệt,799,0
00948,2025-07-09,Giải Đặc biệt,734,1
00948,2025-07-09,Giải Nhất,846,0
00948,2025-07-09,Giải Nhất,850,1
00948,2025-07-09,Giải Nhất,451,2
00948,2025-07-09,Giải Nhất,348,3
00948,2025-07-09,Giải Nhì,066,0
00948,2025-07-09,Giải Nhì,079,1
00948,2025-07-09,Giải Nhì,466,2
00948,2025-07-09,Giải Nhì,620,3
00948,2025-07-09,Giải Nhì,702,4
00948,2025-07-09,Giải Nhì,367,5
00947,2025-07-07,Giải ba,921,0
00947,2025-07-07,Giải ba,144,1
00947,2025-07-07,Giải ba,495,2
00947,2025-07-07,Giải ba,422,3
00947,2025-07-07,Giải ba,960,4
00947,2025-07-07,Giải ba,662,5
00947,2025-07-07,Giải ba,718,6
00947,2025-07-07,Giải ba,661,7
00947,2025-07-07,Giải Đặc biệt,611,0
00947,2025-07-07,Giải Đặc biệt,026,1
00947,2025-07-07,Giải Nhất,020,0
00947,2025-07-07,Giải Nhất,319,1
00947,2025-07-07,Giải Nhất,429,2
00947,2025-07-07,Giải Nhất,143,3
00947,2025-07-07,Giải Nhì,938,0
00947,2025-07-07,Giải Nhì,540,1
00947,2025-07-07,Giải Nhì,480,2
00947,2025-07-07,Giải Nhì,831,3
00947,2025-07-07,Giải Nhì,250,4
00947,2025-07-07,Giải Nhì,195,5
00946,2025-07-04,Giải ba,889,0
00946,2025-07-04,Giải ba,164,1
00946,2025-07-04,Giải ba,089,2
00946,2025-07-04,Giải ba,782,3
00946,2025-07-04,Giải ba,649,4
00946,2025-07-04,Giải ba,165,5
00946,2025-07-04,Giải ba,460,6
00946,2025-07-04,Giải ba,316,7
00946,2025-07-04,Giải Đặc biệt,327,0
00946,2025-07-04,Giải Đặc biệt,249,1
00946,2025-07-04,Giải Nhất,097,0
00946,2025-07-04,Giải Nhất,928,1
00946,2025-07-04,Giải Nhất,052,2
00946,2025-07-04,Giải Nhất,277,3
00946,2025-07-04,Giải Nhì,015,0
00946,2025-07-04,Giải Nhì,160,1
00946,2025-07-04,Giải Nhì,302,2
00946,2025-07-04,Giải Nhì,185,3
00946,2025-07-04,Giải Nhì,573,4
00946,2025-07-04,Giải Nhì,162,5
00945,2025-07-02,Giải ba,466,0
00945,2025-07-02,Giải ba,224,1
00945,2025-07-02,Giải ba,856,2
00945,2025-07-02,Giải ba,085,3
00945,2025-07-02,Giải ba,105,4
00945,2025-07-02,Giải ba,875,5
00945,2025-07-02,Giải ba,555,6
00945,2025-07-02,Giải ba,436,7
00945,2025-07-02,Giải Đặc biệt,380,0
00945,2025-07-02,Giải Đặc biệt,917,1
00945,2025-07-02,Giải Nhất,173,0
00945,2025-07-02,Giải Nhất,483,1
00945,2025-07-02,Giải Nhất,334,2
00945,2025-07-02,Giải Nhất,592,3
00945,2025-07-02,Giải Nhì,070,0
00945,2025-07-02,Giải Nhì,776,1
00945,2025-07-02,Giải Nhì,864,2
00945,2025-07-02,Giải Nhì,105,3
00945,2025-07-02,Giải Nhì,334,4
00945,2025-07-02,Giải Nhì,207,5
00944,2025-06-30,Giải ba,083,0
00944,2025-06-30,Giải ba,726,1
00944,2025-06-30,Giải ba,352,2
00944,2025-06-30,Giải ba,260,3
00944,2025-06-30,Giải ba,477,4
00944,2025-06-30,Giải ba,625,5
00944,2025-06-30,Giải ba,478,6
00944,2025-06-30,Giải ba,468,7
00944,2025-06-30,Giải Đặc biệt,041,0
00944,2025-06-30,Giải Đặc biệt,155,1
00944,2025-06-30,Giải Nhất,223,0
00944,2025-06-30,Giải Nhất,733,1
00944,2025-06-30,Giải Nhất,780,2
00944,2025-06-30,Giải Nhất,231,3
00944,2025-06-30,Giải Nhì,318,0
00944,2025-06-30,Giải Nhì,580,1
00944,2025-06-30,Giải Nhì,111,2
00944,2025-06-30,Giải Nhì,276,3
00944,2025-06-30,Giải Nhì,960,4
00944,2025-06-30,Giải Nhì,241,5
00943,2025-06-27,Giải ba,092,0
00943,2025-06-27,Giải ba,223,1
00943,2025-06-27,Giải ba,293,2
00943,2025-06-27,Giải ba,529,3
00943,2025-06-27,Giải ba,271,4
00943,2025-06-27,Giải ba,676,5
00943,2025-06-27,Giải ba,057,6
00943,2025-06-27,Giải ba,746,7
00943,2025-06-27,Giải Đặc biệt,401,0
00943,2025-06-27,Giải Đặc biệt,297,1
00943,2025-06-27,Giải Nhất,120,0
00943,2025-06-27,Giải Nhất,476,1
00943,2025-06-27,Giải Nhất,178,2
00943,2025-06-27,Giải Nhất,646,3
00943,2025-06-27,Giải Nhì,487,0
00943,2025-06-27,Giải Nhì,053,1
00943,2025-06-27,Giải Nhì,793,2
00943,2025-06-27,Giải Nhì,218,3
00943,2025-06-27,Giải Nhì,122,4
00943,2025-06-27,Giải Nhì,629,5
00942,2025-06-25,Giải ba,827,0
00942,2025-06-25,Giải ba,428,1
00942,2025-06-25,Giải ba,006,2
00942,2025-06-25,Giải ba,525,3
00942,2025-06-25,Giải ba,449,4
00942,2025-06-25,Giải ba,291,5
00942,2025-06-25,Giải ba,099,6
00942,2025-06-25,Giải ba,369,7
00942,2025-06-25,Giải Đặc biệt,159,0
00942,2025-06-25,Giải Đặc biệt,705,1
00942,2025-06-25,Giải Nhất,125,0
00942,2025-06-25,Giải Nhất,150,1
00942,2025-06-25,Giải Nhất,824,2
00942,2025-06-25,Giải Nhất,680,3
00942,2025-06-25,Giải Nhì,879,0
00942,2025-06-25,Giải Nhì,599,1
00942,2025-06-25,Giải Nhì,819,2
00942,2025-06-25,Giải Nhì,002,3
00942,2025-06-25,Giải Nhì,264,4
00942,2025-06-25,Giải Nhì,594,5
00941,2025-06-23,Giải ba,714,0
00941,2025-06-23,Giải ba,735,1
00941,2025-06-23,Giải ba,286,2
00941,2025-06-23,Giải ba,872,3
00941,2025-06-23,Giải ba,789,4
00941,2025-06-23,Giải ba,507,5
00941,2025-06-23,Giải ba,266,6
00941,2025-06-23,Giải ba,539,7
00941,2025-06-23,Giải Đặc biệt,121,0
00941,2025-06-23,Giải Đặc biệt,157,1
00941,2025-06-23,Giải Nhất,107,0
00941,2025-06-23,Giải Nhất,602,1
00941,2025-06-23,Giải Nhất,732,2
00941,2025-06-23,Giải Nhất,441,3
00941,2025-06-23,Giải Nhì,117,0
00941,2025-06-23,Giải Nhì,991,1
00941,2025-06-23,Giải Nhì,541,2
00941,2025-06-23,Giải Nhì,435,3
00941,2025-06-23,Giải Nhì,790,4
00941,2025-06-23,Giải Nhì,014,5
00940,2025-06-20,Giải ba,806,0
00940,2025-06-20,Giải ba,351,1
00940,2025-06-20,Giải ba,247,2
00940,2025-06-20,Giải ba,475,3
00940,2025-06-20,Giải ba,898,4
00940,2025-06-20,Giải ba,351,5
00940,2025-06-20,Giải ba,673,6
00940,2025-06-20,Giải ba,046,7
00940,2025-06-20,Giải Đặc biệt,184,0
00940,2025-06-20,Giải Đặc biệt,848,1
00940,2025-06-20,Giải Nhất,374,0
00940,2025-06-20,Giải Nhất,306,1
00940,2025-06-20,Giải Nhất,023,2
00940,2025-06-20,Giải Nhất,188,3
00940,2025-06-20,Giải Nhì,387,0
00940,2025-06-20,Giải Nhì,727,1
00940,2025-06-20,Giải Nhì,501,2
00940,2025-06-20,Giải Nhì,607,3
00940,2025-06-20,Giải Nhì,839,4
00940,2025-06-20,Giải Nhì,484,5
00939,2025-06-18,Giải ba,805,0
00939,2025-06-18,Giải ba,563,1
00939,2025-06-18,Giải ba,976,2
00939,2025-06-18,Giải ba,573,3
00939,2025-06-18,Giải ba,054,4
00939,2025-06-18,Giải ba,427,5
00939,2025-06-18,Giải ba,980,6
00939,2025-06-18,Giải ba,422,7
00939,2025-06-18,Giải Đặc biệt,040,0
00939,2025-06-18,Giải Đặc biệt,200,1
00939,2025-06-18,Giải Nhất,703,0
00939,2025-06-18,Giải Nhất,491,1
00939,2025-06-18,Giải Nhất,474,2
00939,2025-06-18,Giải Nhất,879,3
00939,2025-06-18,Giải Nhì,062,0
00939,2025-06-18,Giải Nhì,904,1
00939,2025-06-18,Giải Nhì,136,2
00939,2025-06-18,Giải Nhì,334,3
00939,2025-06-18,Giải Nhì,745,4
00939,2025-06-18,Giải Nhì,669,5
00938,2025-06-16,Giải ba,415,0
00938,2025-06-16,Giải ba,184,1
00938,2025-06-16,Giải ba,145,2
00938,2025-06-16,Giải ba,685,3
00938,2025-06-16,Giải ba,731,4
00938,2025-06-16,Giải ba,349,5
00938,2025-06-16,Giải ba,890,6
00938,2025-06-16,Giải ba,895,7
00938,2025-06-16,Giải Đặc biệt,587,0
00938,2025-06-16,Giải Đặc biệt,340,1
00938,2025-06-16,Giải Nhất,302,0
00938,2025-06-16,Giải Nhất,480,1
00938,2025-06-16,Giải Nhất,534,2
00938,2025-06-16,Giải Nhất,405,3
00938,2025-06-16,Giải Nhì,828,0
00938,2025-06-16,Giải Nhì,570,1
00938,2025-06-16,Giải Nhì,240,2
00938,2025-06-16,Giải Nhì,199,3
00938,2025-06-16,Giải Nhì,971,4
00938,2025-06-16,Giải Nhì,906,5
00937,2025-06-13,Giải ba,854,0
00937,2025-06-13,Giải ba,380,1
00937,2025-06-13,Giải ba,585,2
00937,2025-06-13,Giải ba,423,3
00937,2025-06-13,Giải ba,758,4
00937,2025-06-13,Giải ba,914,5
00937,2025-06-13,Giải ba,739,6
00937,2025-06-13,Giải ba,016,7
00937,2025-06-13,Giải Đặc biệt,891,0
00937,2025-06-13,Giải Đặc biệt,099,1
00937,2025-06-13,Giải Nhất,124,0
00937,2025-06-13,Giải Nhất,539,1
00937,2025-06-13,Giải Nhất,067,2
00937,2025-06-13,Giải Nhất,051,3
00937,2025-06-13,Giải Nhì,766,0
00937,2025-06-13,Giải Nhì,595,1
00937,2025-06-13,Giải Nhì,554,2
00937,2025-06-13,Giải Nhì,954,3
00937,2025-06-13,Giải Nhì,388,4
00937,2025-06-13,Giải Nhì,927,5
00936,2025-06-11,Giải ba,559,0
00936,2025-06-11,Giải ba,432,1
00936,2025-06-11,Giải ba,142,2
00936,2025-06-11,Giải ba,595,3
00936,2025-06-11,Giải ba,392,4
00936,2025-06-11,Giải ba,188,5
00936,2025-06-11,Giải ba,592,6
00936,2025-06-11,Giải ba,982,7
00936,2025-06-11,Giải Đặc biệt,754,0
00936,2025-06-11,Giải Đặc biệt,238,1
00936,2025-06-11,Giải Nhất,301,0
00936,2025-06-11,Giải Nhất,609,1
00936,2025-06-11,Giải Nhất,286,2
00936,2025-06-11,Giải Nhất,276,3
00936,2025-06-11,Giải Nhì,461,0
00936,2025-06-11,Giải Nhì,434,1
00936,2025-06-11,Giải Nhì,342,2
00936,2025-06-11,Giải Nhì,651,3
00936,2025-06-11,Giải Nhì,718,4
00936,2025-06-11,Giải Nhì,696,5
00935,2025-06-09,Giải ba,351,0
00935,2025-06-09,Giải ba,139,1
00935,2025-06-09,Giải ba,915,2
00935,2025-06-09,Giải ba,268,3
00935,2025-06-09,Giải ba,576,4
00935,2025-06-09,Giải ba,988,5
00935,2025-06-09,Giải ba,538,6
00935,2025-06-09,Giải ba,361,7
00935,2025-06-09,Giải Đặc biệt,211,0
00935,2025-06-09,Giải Đặc biệt,324,1
00935,2025-06-09,Giải Nhất,166,0
00935,2025-06-09,Giải Nhất,727,1
00935,2025-06-09,Giải Nhất,298,2
00935,2025-06-09,Giải Nhất,326,3
00935,2025-06-09,Giải Nhì,638,0
00935,2025-06-09,Giải Nhì,881,1
00935,2025-06-09,Giải Nhì,381,2
00935,2025-06-09,Giải Nhì,314,3
00935,2025-06-09,Giải Nhì,265,4
00935,2025-06-09,Giải Nhì,347,5
00934,2025-06-06,Giải ba,519,0
00934,2025-06-06,Giải ba,099,1
00934,2025-06-06,Giải ba,447,2
00934,2025-06-06,Giải ba,283,3
00934,2025-06-06,Giải ba,619,4
00934,2025-06-06,Giải ba,957,5
00934,2025-06-06,Giải ba,690,6
00934,2025-06-06,Giải ba,619,7
00934,2025-06-06,Giải Đặc biệt,003,0
00934,2025-06-06,Giải Đặc biệt,312,1
00934,2025-06-06,Giải Nhất,561,0
00934,2025-06-06,Giải Nhất,041,1
00934,2025-06-06,Giải Nhất,748,2
00934,2025-06-06,Giải Nhất,296,3
00934,2025-06-06,Giải Nhì,627,0
00934,2025-06-06,Giải Nhì,852,1
00934,2025-06-06,Giải Nhì,334,2
00934,2025-06-06,Giải Nhì,117,3
00934,2025-06-06,Giải Nhì,542,4
00934,2025-06-06,Giải Nhì,213,5
00933,2025-06-04,Giải ba,430,0
00933,2025-06-04,Giải ba,203,1
00933,2025-06-04,Giải ba,468,2
00933,2025-06-04,Giải ba,086,3
00933,2025-06-04,Giải ba,568,4
00933,2025-06-04,Giải ba,659,5
00933,2025-06-04,Giải ba,450,6
00933,2025-06-04,Giải ba,920,7
00933,2025-06-04,Giải Đặc biệt,602,0
00933,2025-06-04,Giải Đặc biệt,552,1
00933,2025-06-04,Giải Nhất,524,0
00933,2025-06-04,Giải Nhất,567,1
00933,2025-06-04,Giải Nhất,882,2
00933,2025-06-04,Giải Nhất,018,3
00933,2025-06-04,Giải Nhì,913,0
00933,2025-06-04,Giải Nhì,775,1
00933,2025-06-04,Giải Nhì,065,2
00933,2025-06-04,Giải Nhì,265,3
00933,2025-06-04,Giải Nhì,929,4
00933,2025-06-04,Giải Nhì,156,5
00932,2025-06-02,Giải ba,813,0
00932,2025-06-02,Giải ba,025,1
00932,2025-06-02,Giải ba,830,2
00932,2025-06-02,Giải ba,499,3
00932,2025-06-02,Giải ba,683,4
00932,2025-06-02,Giải ba,949,5
00932,2025-06-02,Giải ba,651,6
00932,2025-06-02,Giải ba,387,7
00932,2025-06-02,Giải Đặc biệt,621,0
00932,2025-06-02,Giải Đặc biệt,051,1
00932,2025-06-02,Giải Nhất,734,0
00932,2025-06-02,Giải Nhất,323,1
00932,2025-06-02,Giải Nhất,400,2
00932,2025-06-02,Giải Nhất,889,3
00932,2025-06-02,Giải Nhì,380,0
00932,2025-06-02,Giải Nhì,029,1
00932,2025-06-02,Giải Nhì,225,2
00932,2025-06-02,Giải Nhì,539,3
00932,2025-06-02,Giải Nhì,690,4
00932,2025-06-02,Giải Nhì,800,5
00931,2025-05-30,Giải ba,846,0
00931,2025-05-30,Giải ba,672,1
00931,2025-05-30,Giải ba,815,2
00931,2025-05-30,Giải ba,307,3
00931,2025-05-30,Giải ba,705,4
00931,2025-05-30,Giải ba,468,5
00931,2025-05-30,Giải ba,504,6
00931,2025-05-30,Giải ba,478,7
00931,2025-05-30,Giải Đặc biệt,841,0
00931,2025-05-30,Giải Đặc biệt,752,1
00931,2025-05-30,Giải Nhất,648,0
00931,2025-05-30,Giải Nhất,411,1
00931,2025-05-30,Giải Nhất,077,2
00931,2025-05-30,Giải Nhất,357,3
00931,2025-05-30,Giải Nhì,754,0
00931,2025-05-30,Giải Nhì,979,1
00931,2025-05-30,Giải Nhì,304,2
00931,2025-05-30,Giải Nhì,758,3
00931,2025-05-30,Giải Nhì,639,4
00931,2025-05-30,Giải Nhì,587,5
00930,2025-05-28,Giải ba,488,0
00930,2025-05-28,Giải ba,396,1
00930,2025-05-28,Giải ba,476,2
00930,2025-05-28,Giải ba,123,3
00930,2025-05-28,Giải ba,866,4
00930,2025-05-28,Giải ba,844,5
00930,2025-05-28,Giải ba,437,6
00930,2025-05-28,Giải ba,987,7
00930,2025-05-28,Giải Đặc biệt,324,0
00930,2025-05-28,Giải Đặc biệt,427,1
00930,2025-05-28,Giải Nhất,676,0
00930,2025-05-28,Giải Nhất,297,1
00930,2025-05-28,Giải Nhất,855,2
00930,2025-05-28,Giải Nhất,631,3
00930,2025-05-28,Giải Nhì,663,0
00930,2025-05-28,Giải Nhì,175,1
00930,2025-05-28,Giải Nhì,782,2
00930,2025-05-28,Giải Nhì,121,3
00930,2025-05-28,Giải Nhì,749,4
00930,2025-05-28,Giải Nhì,850,5
00929,2025-05-26,Giải ba,311,0
00929,2025-05-26,Giải ba,023,1
00929,2025-05-26,Giải ba,590,2
00929,2025-05-26,Giải ba,653,3
00929,2025-05-26,Giải ba,146,4
00929,2025-05-26,Giải ba,578,5
00929,2025-05-26,Giải ba,380,6
00929,2025-05-26,Giải ba,541,7
00929,2025-05-26,Giải Đặc biệt,907,0
00929,2025-05-26,Giải Đặc biệt,106,1
00929,2025-05-26,Giải Nhất,994,0
00929,2025-05-26,Giải Nhất,780,1
00929,2025-05-26,Giải Nhất,952,2
00929,2025-05-26,Giải Nhất,558,3
00929,2025-05-26,Giải Nhì,365,0
00929,2025-05-26,Giải Nhì,093,1
00929,2025-05-26,Giải Nhì,740,2
00929,2025-05-26,Giải Nhì,006,3
00929,2025-05-26,Giải Nhì,021,4
00929,2025-05-26,Giải Nhì,376,5
00928,2025-05-23,Giải ba,604,0
00928,2025-05-23,Giải ba,206,1
00928,2025-05-23,Giải ba,028,2
00928,2025-05-23,Giải ba,821,3
00928,2025-05-23,Giải ba,819,4
00928,2025-05-23,Giải ba,554,5
00928,2025-05-23,Giải ba,016,6
00928,2025-05-23,Giải ba,619,7
00928,2025-05-23,Giải Đặc biệt,366,0
00928,2025-05-23,Giải Đặc biệt,239,1
00928,2025-05-23,Giải Nhất,651,0
00928,2025-05-23,Giải Nhất,753,1
00928,2025-05-23,Giải Nhất,546,2
00928,2025-05-23,Giải Nhất,766,3
00928,2025-05-23,Giải Nhì,289,0
00928,2025-05-23,Giải Nhì,574,1
00928,2025-05-23,Giải Nhì,408,2
00928,2025-05-23,Giải Nhì,683,3
00928,2025-05-23,Giải Nhì,965,4
00928,2025-05-23,Giải Nhì,947,5
00927,2025-05-21,Giải ba,981,0
00927,2025-05-21,Giải ba,128,1
00927,2025-05-21,Giải ba,254,2
00927,2025-05-21,Giải ba,186,3
00927,2025-05-21,Giải ba,646,4
00927,2025-05-21,Giải ba,337,5
00927,2025-05-21,Giải ba,285,6
00927,2025-05-21,Giải ba,289,7
00927,2025-05-21,Giải Đặc biệt,052,0
00927,2025-05-21,Giải Đặc biệt,557,1
00927,2025-05-21,Giải Nhất,128,0
00927,2025-05-21,Giải Nhất,860,1
00927,2025-05-21,Giải Nhất,156,2
00927,2025-05-21,Giải Nhất,508,3
00927,2025-05-21,Giải Nhì,005,0
00927,2025-05-21,Giải Nhì,059,1
00927,2025-05-21,Giải Nhì,796,2
00927,2025-05-21,Giải Nhì,385,3
00927,2025-05-21,Giải Nhì,281,4
00927,2025-05-21,Giải Nhì,786,5
00926,2025-05-19,Giải ba,232,0
00926,2025-05-19,Giải ba,554,1
00926,2025-05-19,Giải ba,995,2
00926,2025-05-19,Giải ba,169,3
00926,2025-05-19,Giải ba,988,4
00926,2025-05-19,Giải ba,909,5
00926,2025-05-19,Giải ba,118,6
00926,2025-05-19,Giải ba,146,7
00926,2025-05-19,Giải Đặc biệt,050,0
00926,2025-05-19,Giải Đặc biệt,150,1
00926,2025-05-19,Giải Nhất,843,0
00926,2025-05-19,Giải Nhất,317,1
00926,2025-05-19,Giải Nhất,001,2
00926,2025-05-19,Giải Nhất,975,3
00926,2025-05-19,Giải Nhì,206,0
00926,2025-05-19,Giải Nhì,120,1
00926,2025-05-19,Giải Nhì,196,2
00926,2025-05-19,Giải Nhì,743,3
00926,2025-05-19,Giải Nhì,811,4
00926,2025-05-19,Giải Nhì,323,5
00925,2025-05-16,Giải ba,029,0
00925,2025-05-16,Giải ba,402,1
00925,2025-05-16,Giải ba,591,2
00925,2025-05-16,Giải ba,277,3
00925,2025-05-16,Giải ba,136,4
00925,2025-05-16,Giải ba,897,5
00925,2025-05-16,Giải ba,126,6
00925,2025-05-16,Giải ba,043,7
00925,2025-05-16,Giải Đặc biệt,796,0
00925,2025-05-16,Giải Đặc biệt,476,1
00925,2025-05-16,Giải Nhất,815,0
00925,2025-05-16,Giải Nhất,136,1
00925,2025-05-16,Giải Nhất,707,2
00925,2025-05-16,Giải Nhất,991,3
00925,2025-05-16,Giải Nhì,812,0
00925,2025-05-16,Giải Nhì,163,1
00925,2025-05-16,Giải Nhì,355,2
00925,2025-05-16,Giải Nhì,956,3
00925,2025-05-16,Giải Nhì,613,4
00925,2025-05-16,Giải Nhì,948,5
00924,2025-05-14,Giải ba,372,0
00924,2025-05-14,Giải ba,805,1
00924,2025-05-14,Giải ba,753,2
00924,2025-05-14,Giải ba,435,3
00924,2025-05-14,Giải ba,957,4
00924,2025-05-14,Giải ba,825,5
00924,2025-05-14,Giải ba,536,6
00924,2025-05-14,Giải ba,955,7
00924,2025-05-14,Giải Đặc biệt,402,0
00924,2025-05-14,Giải Đặc biệt,458,1
00924,2025-05-14,Giải Nhất,700,0
00924,2025-05-14,Giải Nhất,796,1
00924,2025-05-14,Giải Nhất,275,2
00924,2025-05-14,Giải Nhất,207,3
00924,2025-05-14,Giải Nhì,011,0
00924,2025-05-14,Giải Nhì,119,1
00924,2025-05-14,Giải Nhì,238,2
00924,2025-05-14,Giải Nhì,161,3
00924,2025-05-14,Giải Nhì,062,4
00924,2025-05-14,Giải Nhì,045,5
00923,2025-05-12,Giải ba,232,0
00923,2025-05-12,Giải ba,293,1
00923,2025-05-12,Giải ba,275,2
00923,2025-05-12,Giải ba,968,3
00923,2025-05-12,Giải ba,963,4
00923,2025-05-12,Giải ba,059,5
00923,2025-05-12,Giải ba,128,6
00923,2025-05-12,Giải ba,416,7
00923,2025-05-12,Giải Đặc biệt,050,0
00923,2025-05-12,Giải Đặc biệt,121,1
00923,2025-05-12,Giải Nhất,912,0
00923,2025-05-12,Giải Nhất,692,1
00923,2025-05-12,Giải Nhất,712,2
00923,2025-05-12,Giải Nhất,954,3
00923,2025-05-12,Giải Nhì,765,0
00923,2025-05-12,Giải Nhì,522,1
00923,2025-05-12,Giải Nhì,414,2
00923,2025-05-12,Giải Nhì,079,3
00923,2025-05-12,Giải Nhì,303,4
00923,2025-05-12,Giải Nhì,609,5
00922,2025-05-09,Giải ba,612,0
00922,2025-05-09,Giải ba,293,1
00922,2025-05-09,Giải ba,337,2
00922,2025-05-09,Giải ba,652,3
00922,2025-05-09,Giải ba,094,4
00922,2025-05-09,Giải ba,485,5
00922,2025-05-09,Giải ba,799,6
00922,2025-05-09,Giải ba,418,7
00922,2025-05-09,Giải Đặc biệt,536,0
00922,2025-05-09,Giải Đặc biệt,326,1
00922,2025-05-09,Giải Nhất,555,0
00922,2025-05-09,Giải Nhất,450,1
00922,2025-05-09,Giải Nhất,597,2
00922,2025-05-09,Giải Nhất,589,3
00922,2025-05-09,Giải Nhì,187,0
00922,2025-05-09,Giải Nhì,863,1
00922,2025-05-09,Giải Nhì,905,2
00922,2025-05-09,Giải Nhì,141,3
00922,2025-05-09,Giải Nhì,529,4
00922,2025-05-09,Giải Nhì,579,5
00921,2025-05-07,Giải ba,127,0
00921,2025-05-07,Giải ba,713,1
00921,2025-05-07,Giải ba,096,2
00921,2025-05-07,Giải ba,377,3
00921,2025-05-07,Giải ba,269,4
00921,2025-05-07,Giải ba,212,5
00921,2025-05-07,Giải ba,225,6
00921,2025-05-07,Giải ba,427,7
00921,2025-05-07,Giải Đặc biệt,545,0
00921,2025-05-07,Giải Đặc biệt,631,1
00921,2025-05-07,Giải Nhất,293,0
00921,2025-05-07,Giải Nhất,632,1
00921,2025-05-07,Giải Nhất,548,2
00921,2025-05-07,Giải Nhất,125,3
00921,2025-05-07,Giải Nhì,329,0
00921,2025-05-07,Giải Nhì,544,1
00921,2025-05-07,Giải Nhì,260,2
00921,2025-05-07,Giải Nhì,932,3
00921,2025-05-07,Giải Nhì,964,4
00921,2025-05-07,Giải Nhì,593,5
00920,2025-05-05,Giải ba,968,0
00920,2025-05-05,Giải ba,318,1
00920,2025-05-05,Giải ba,749,2
00920,2025-05-05,Giải ba,252,3
00920,2025-05-05,Giải ba,719,4
00920,2025-05-05,Giải ba,825,5
00920,2025-05-05,Giải ba,749,6
00920,2025-05-05,Giải ba,282,7
00920,2025-05-05,Giải Đặc biệt,866,0
00920,2025-05-05,Giải Đặc biệt,891,1
00920,2025-05-05,Giải Nhất,882,0
00920,2025-05-05,Giải Nhất,635,1
00920,2025-05-05,Giải Nhất,401,2
00920,2025-05-05,Giải Nhất,745,3
00920,2025-05-05,Giải Nhì,231,0
00920,2025-05-05,Giải Nhì,006,1
00920,2025-05-05,Giải Nhì,509,2
00920,2025-05-05,Giải Nhì,233,3
00920,2025-05-05,Giải Nhì,049,4
00920,2025-05-05,Giải Nhì,213,5
00919,2025-05-02,Giải ba,466,0
00919,2025-05-02,Giải ba,869,1
00919,2025-05-02,Giải ba,870,2
00919,2025-05-02,Giải ba,555,3
00919,2025-05-02,Giải ba,103,4
00919,2025-05-02,Giải ba,090,5
00919,2025-05-02,Giải ba,166,6
00919,2025-05-02,Giải ba,072,7
00919,2025-05-02,Giải Đặc biệt,185,0
00919,2025-05-02,Giải Đặc biệt,189,1
00919,2025-05-02,Giải Nhất,608,0
00919,2025-05-02,Giải Nhất,380,1
00919,2025-05-02,Giải Nhất,796,2
00919,2025-05-02,Giải Nhất,551,3
00919,2025-05-02,Giải Nhì,488,0
00919,2025-05-02,Giải Nhì,610,1
00919,2025-05-02,Giải Nhì,432,2
00919,2025-05-02,Giải Nhì,605,3
00919,2025-05-02,Giải Nhì,059,4
00919,2025-05-02,Giải Nhì,160,5
00918,2025-04-30,Giải ba,296,0
00918,2025-04-30,Giải ba,174,1
00918,2025-04-30,Giải ba,760,2
00918,2025-04-30,Giải ba,202,3
00918,2025-04-30,Giải ba,902,4
00918,2025-04-30,Giải ba,540,5
00918,2025-04-30,Giải ba,108,6
00918,2025-04-30,Giải ba,358,7
00918,2025-04-30,Giải Đặc biệt,530,0
00918,2025-04-30,Giải Đặc biệt,960,1
00918,2025-04-30,Giải Nhất,054,0
00918,2025-04-30,Giải Nhất,307,1
00918,2025-04-30,Giải Nhất,340,2
00918,2025-04-30,Giải Nhất,091,3
00918,2025-04-30,Giải Nhì,032,0
00918,2025-04-30,Giải Nhì,596,1
00918,2025-04-30,Giải Nhì,820,2
00918,2025-04-30,Giải Nhì,124,3
00918,2025-04-30,Giải Nhì,059,4
00918,2025-04-30,Giải Nhì,039,5
00917,2025-04-28,Giải ba,315,0
00917,2025-04-28,Giải ba,614,1
00917,2025-04-28,Giải ba,420,2
00917,2025-04-28,Giải ba,613,3
00917,2025-04-28,Giải ba,273,4
00917,2025-04-28,Giải ba,989,5
00917,2025-04-28,Giải ba,352,6
00917,2025-04-28,Giải ba,936,7
00917,2025-04-28,Giải Đặc biệt,358,0
00917,2025-04-28,Giải Đặc biệt,815,1
00917,2025-04-28,Giải Nhất,981,0
00917,2025-04-28,Giải Nhất,462,1
00917,2025-04-28,Giải Nhất,427,2
00917,2025-04-28,Giải Nhất,883,3
00917,2025-04-28,Giải Nhì,184,0
00917,2025-04-28,Giải Nhì,377,1
00917,2025-04-28,Giải Nhì,521,2
00917,2025-04-28,Giải Nhì,407,3
00917,2025-04-28,Giải Nhì,916,4
00917,2025-04-28,Giải Nhì,321,5
00916,2025-04-25,Giải ba,626,0
00916,2025-04-25,Giải ba,343,1
00916,2025-04-25,Giải ba,756,2
00916,2025-04-25,Giải ba,152,3
00916,2025-04-25,Giải ba,352,4
00916,2025-04-25,Giải ba,461,5
00916,2025-04-25,Giải ba,410,6
00916,2025-04-25,Giải ba,131,7
00916,2025-04-25,Giải Đặc biệt,886,0
00916,2025-04-25,Giải Đặc biệt,040,1
00916,2025-04-25,Giải Nhất,392,0
00916,2025-04-25,Giải Nhất,273,1
00916,2025-04-25,Giải Nhất,656,2
00916,2025-04-25,Giải Nhất,543,3
00916,2025-04-25,Giải Nhì,042,0
00916,2025-04-25,Giải Nhì,659,1
00916,2025-04-25,Giải Nhì,075,2
00916,2025-04-25,Giải Nhì,546,3
00916,2025-04-25,Giải Nhì,085,4
00916,2025-04-25,Giải Nhì,738,5
00915,2025-04-23,Giải ba,663,0
00915,2025-04-23,Giải ba,320,1
00915,2025-04-23,Giải ba,593,2
00915,2025-04-23,Giải ba,203,3
00915,2025-04-23,Giải ba,268,4
00915,2025-04-23,Giải ba,985,5
00915,2025-04-23,Giải ba,369,6
00915,2025-04-23,Giải ba,218,7
00915,2025-04-23,Giải Đặc biệt,877,0
00915,2025-04-23,Giải Đặc biệt,106,1
00915,2025-04-23,Giải Nhất,842,0
00915,2025-04-23,Giải Nhất,945,1
00915,2025-04-23,Giải Nhất,827,2
00915,2025-04-23,Giải Nhất,681,3
00915,2025-04-23,Giải Nhì,333,0
00915,2025-04-23,Giải Nhì,877,1
00915,2025-04-23,Giải Nhì,231,2
00915,2025-04-23,Giải Nhì,609,3
00915,2025-04-23,Giải Nhì,205,4
00915,2025-04-23,Giải Nhì,623,5
00914,2025-04-21,Giải ba,164,0
00914,2025-04-21,Giải ba,946,1
00914,2025-04-21,Giải ba,966,2
00914,2025-04-21,Giải ba,233,3
00914,2025-04-21,Giải ba,537,4
00914,2025-04-21,Giải ba,135,5
00914,2025-04-21,Giải ba,314,6
00914,2025-04-21,Giải ba,032,7
00914,2025-04-21,Giải Đặc biệt,834,0
00914,2025-04-21,Giải Đặc biệt,151,1
00914,2025-04-21,Giải Nhất,388,0
00914,2025-04-21,Giải Nhất,097,1
00914,2025-04-21,Giải Nhất,474,2
00914,2025-04-21,Giải Nhất,181,3
00914,2025-04-21,Giải Nhì,153,0
00914,2025-04-21,Giải Nhì,848,1
00914,2025-04-21,Giải Nhì,083,2
00914,2025-04-21,Giải Nhì,747,3
00914,2025-04-21,Giải Nhì,140,4
00914,2025-04-21,Giải Nhì,885,5
00913,2025-04-18,Giải ba,240,0
00913,2025-04-18,Giải ba,053,1
00913,2025-04-18,Giải ba,405,2
00913,2025-04-18,Giải ba,136,3
00913,2025-04-18,Giải ba,992,4
00913,2025-04-18,Giải ba,939,5
00913,2025-04-18,Giải ba,320,6
00913,2025-04-18,Giải ba,014,7
00913,2025-04-18,Giải Đặc biệt,621,0
00913,2025-04-18,Giải Đặc biệt,423,1
00913,2025-04-18,Giải Nhất,490,0
00913,2025-04-18,Giải Nhất,771,1
00913,2025-04-18,Giải Nhất,099,2
00913,2025-04-18,Giải Nhất,242,3
00913,2025-04-18,Giải Nhì,380,0
00913,2025-04-18,Giải Nhì,292,1
00913,2025-04-18,Giải Nhì,204,2
00913,2025-04-18,Giải Nhì,487,3
00913,2025-04-18,Giải Nhì,630,4
00913,2025-04-18,Giải Nhì,254,5
00912,2025-04-16,Giải ba,309,0
00912,2025-04-16,Giải ba,627,1
00912,2025-04-16,Giải ba,204,2
00912,2025-04-16,Giải ba,629,3
00912,2025-04-16,Giải ba,219,4
00912,2025-04-16,Giải ba,114,5
00912,2025-04-16,Giải ba,126,6
00912,2025-04-16,Giải ba,205,7
00912,2025-04-16,Giải Đặc biệt,824,0
00912,2025-04-16,Giải Đặc biệt,252,1
00912,2025-04-16,Giải Nhất,095,0
00912,2025-04-16,Giải Nhất,389,1
00912,2025-04-16,Giải Nhất,351,2
00912,2025-04-16,Giải Nhất,165,3
00912,2025-04-16,Giải Nhì,800,0
00912,2025-04-16,Giải Nhì,915,1
00912,2025-04-16,Giải Nhì,936,2
00912,2025-04-16,Giải Nhì,812,3
00912,2025-04-16,Giải Nhì,588,4
00912,2025-04-16,Giải Nhì,010,5
00911,2025-04-14,Giải ba,162,0
00911,2025-04-14,Giải ba,268,1
00911,2025-04-14,Giải ba,103,2
00911,2025-04-14,Giải ba,644,3
00911,2025-04-14,Giải ba,401,4
00911,2025-04-14,Giải ba,135,5
00911,2025-04-14,Giải ba,863,6
00911,2025-04-14,Giải ba,385,7
00911,2025-04-14,Giải Đặc biệt,489,0
00911,2025-04-14,Giải Đặc biệt,831,1
00911,2025-04-14,Giải Nhất,196,0
00911,2025-04-14,Giải Nhất,201,1
00911,2025-04-14,Giải Nhất,869,2
00911,2025-04-14,Giải Nhất,202,3
00911,2025-04-14,Giải Nhì,941,0
00911,2025-04-14,Giải Nhì,130,1
00911,2025-04-14,Giải Nhì,124,2
00911,2025-04-14,Giải Nhì,766,3
00911,2025-04-14,Giải Nhì,303,4
00911,2025-04-14,Giải Nhì,189,5
00910,2025-04-11,Giải ba,492,0
00910,2025-04-11,Giải ba,636,1
00910,2025-04-11,Giải ba,959,2
00910,2025-04-11,Giải ba,250,3
00910,2025-04-11,Giải ba,713,4
00910,2025-04-11,Giải ba,585,5
00910,2025-04-11,Giải ba,104,6
00910,2025-04-11,Giải ba,429,7
00910,2025-04-11,Giải Đặc biệt,989,0
00910,2025-04-11,Giải Đặc biệt,508,1
00910,2025-04-11,Giải Nhất,441,0
00910,2025-04-11,Giải Nhất,322,1
00910,2025-04-11,Giải Nhất,925,2
00910,2025-04-11,Giải Nhất,727,3
00910,2025-04-11,Giải Nhì,950,0
00910,2025-04-11,Giải Nhì,390,1
00910,2025-04-11,Giải Nhì,723,2
00910,2025-04-11,Giải Nhì,509,3
00910,2025-04-11,Giải Nhì,863,4
00910,2025-04-11,Giải Nhì,752,5
00909,2025-04-09,Giải ba,790,0
00909,2025-04-09,Giải ba,430,1
00909,2025-04-09,Giải ba,272,2
00909,2025-04-09,Giải ba,067,3
00909,2025-04-09,Giải ba,865,4
00909,2025-04-09,Giải ba,507,5
00909,2025-04-09,Giải ba,112,6
00909,2025-04-09,Giải ba,627,7
00909,2025-04-09,Giải Đặc biệt,486,0
00909,2025-04-09,Giải Đặc biệt,397,1
00909,2025-04-09,Giải Nhất,598,0
00909,2025-04-09,Giải Nhất,503,1
00909,2025-04-09,Giải Nhất,632,2
00909,2025-04-09,Giải Nhất,090,3
00909,2025-04-09,Giải Nhì,711,0
00909,2025-04-09,Giải Nhì,524,1
00909,2025-04-09,Giải Nhì,804,2
00909,2025-04-09,Giải Nhì,948,3
00909,2025-04-09,Giải Nhì,684,4
00909,2025-04-09,Giải Nhì,693,5
00908,2025-04-07,Giải ba,476,0
00908,2025-04-07,Giải ba,990,1
00908,2025-04-07,Giải ba,044,2
00908,2025-04-07,Giải ba,375,3
00908,2025-04-07,Giải ba,733,4
00908,2025-04-07,Giải ba,239,5
00908,2025-04-07,Giải ba,879,6
00908,2025-04-07,Giải ba,002,7
00908,2025-04-07,Giải Đặc biệt,897,0
00908,2025-04-07,Giải Đặc biệt,579,1
00908,2025-04-07,Giải Nhất,329,0
00908,2025-04-07,Giải Nhất,726,1
00908,2025-04-07,Giải Nhất,822,2
00908,2025-04-07,Giải Nhất,210,3
00908,2025-04-07,Giải Nhì,078,0
00908,2025-04-07,Giải Nhì,006,1
00908,2025-04-07,Giải Nhì,681,2
00908,2025-04-07,Giải Nhì,398,3
00908,2025-04-07,Giải Nhì,315,4
00908,2025-04-07,Giải Nhì,885,5
00907,2025-04-04,Giải ba,741,0
00907,2025-04-04,Giải ba,536,1
00907,2025-04-04,Giải ba,381,2
00907,2025-04-04,Giải ba,063,3
00907,2025-04-04,Giải ba,016,4
00907,2025-04-04,Giải ba,745,5
00907,2025-04-04,Giải ba,908,6
00907,2025-04-04,Giải ba,562,7
00907,2025-04-04,Giải Đặc biệt,786,0
00907,2025-04-04,Giải Đặc biệt,861,1
00907,2025-04-04,Giải Nhất,688,0
00907,2025-04-04,Giải Nhất,798,1
00907,2025-04-04,Giải Nhất,751,2
00907,2025-04-04,Giải Nhất,672,3
00907,2025-04-04,Giải Nhì,012,0
00907,2025-04-04,Giải Nhì,234,1
00907,2025-04-04,Giải Nhì,472,2
00907,2025-04-04,Giải Nhì,057,3
00907,2025-04-04,Giải Nhì,806,4
00907,2025-04-04,Giải Nhì,029,5
00906,2025-04-02,Giải ba,479,0
00906,2025-04-02,Giải ba,883,1
00906,2025-04-02,Giải ba,813,2
00906,2025-04-02,Giải ba,379,3
00906,2025-04-02,Giải ba,490,4
00906,2025-04-02,Giải ba,179,5
00906,2025-04-02,Giải ba,377,6
00906,2025-04-02,Giải ba,475,7
00906,2025-04-02,Giải Đặc biệt,774,0
00906,2025-04-02,Giải Đặc biệt,863,1
00906,2025-04-02,Giải Nhất,418,0
00906,2025-04-02,Giải Nhất,200,1
00906,2025-04-02,Giải Nhất,000,2
00906,2025-04-02,Giải Nhất,852,3
00906,2025-04-02,Giải Nhì,120,0
00906,2025-04-02,Giải Nhì,253,1
00906,2025-04-02,Giải Nhì,821,2
00906,2025-04-02,Giải Nhì,247,3
00906,2025-04-02,Giải Nhì,926,4
00906,2025-04-02,Giải Nhì,319,5
00905,2025-03-31,Giải ba,611,0
00905,2025-03-31,Giải ba,262,1
00905,2025-03-31,Giải ba,320,2
00905,2025-03-31,Giải ba,607,3
00905,2025-03-31,Giải ba,077,4
00905,2025-03-31,Giải ba,878,5
00905,2025-03-31,Giải ba,577,6
00905,2025-03-31,Giải ba,111,7
00905,2025-03-31,Giải Đặc biệt,576,0
00905,2025-03-31,Giải Đặc biệt,500,1
00905,2025-03-31,Giải Nhất,226,0
00905,2025-03-31,Giải Nhất,791,1
00905,2025-03-31,Giải Nhất,190,2
00905,2025-03-31,Giải Nhất,560,3
00905,2025-03-31,Giải Nhì,941,0
00905,2025-03-31,Giải Nhì,729,1
00905,2025-03-31,Giải Nhì,360,2
00905,2025-03-31,Giải Nhì,355,3
00905,2025-03-31,Giải Nhì,407,4
00905,2025-03-31,Giải Nhì,936,5
00904,2025-03-28,Giải ba,780,0
00904,2025-03-28,Giải ba,899,1
00904,2025-03-28,Giải ba,611,2
00904,2025-03-28,Giải ba,352,3
00904,2025-03-28,Giải ba,523,4
00904,2025-03-28,Giải ba,134,5
00904,2025-03-28,Giải ba,676,6
00904,2025-03-28,Giải ba,265,7
00904,2025-03-28,Giải Đặc biệt,361,0
00904,2025-03-28,Giải Đặc biệt,218,1
00904,2025-03-28,Giải Nhất,284,0
00904,2025-03-28,Giải Nhất,200,1
00904,2025-03-28,Giải Nhất,088,2
00904,2025-03-28,Giải Nhất,455,3
00904,2025-03-28,Giải Nhì,351,0
00904,2025-03-28,Giải Nhì,650,1
00904,2025-03-28,Giải Nhì,300,2
00904,2025-03-28,Giải Nhì,208,3
00904,2025-03-28,Giải Nhì,353,4
00904,2025-03-28,Giải Nhì,005,5
00903,2025-03-26,Giải ba,005,0
00903,2025-03-26,Giải ba,682,1
00903,2025-03-26,Giải ba,918,2
00903,2025-03-26,Giải ba,377,3
00903,2025-03-26,Giải ba,796,4
00903,2025-03-26,Giải ba,030,5
00903,2025-03-26,Giải ba,994,6
00903,2025-03-26,Giải ba,642,7
00903,2025-03-26,Giải Đặc biệt,532,0
00903,2025-03-26,Giải Đặc biệt,216,1
00903,2025-03-26,Giải Nhất,557,0
00903,2025-03-26,Giải Nhất,698,1
00903,2025-03-26,Giải Nhất,544,2
00903,2025-03-26,Giải Nhất,620,3
00903,2025-03-26,Giải Nhì,502,0
00903,2025-03-26,Giải Nhì,140,1
00903,2025-03-26,Giải Nhì,562,2
00903,2025-03-26,Giải Nhì,618,3
00903,2025-03-26,Giải Nhì,010,4
00903,2025-03-26,Giải Nhì,397,5
00902,2025-03-24,Giải ba,119,0
00902,2025-03-24,Giải ba,538,1
00902,2025-03-24,Giải ba,397,2
00902,2025-03-24,Giải ba,518,3
00902,2025-03-24,Giải ba,115,4
00902,2025-03-24,Giải ba,382,5
00902,2025-03-24,Giải ba,829,6
00902,2025-03-24,Giải ba,845,7
00902,2025-03-24,Giải Đặc biệt,056,0
00902,2025-03-24,Giải Đặc biệt,363,1
00902,2025-03-24,Giải Nhất,024,0
00902,2025-03-24,Giải Nhất,313,1
00902,2025-03-24,Giải Nhất,940,2
00902,2025-03-24,Giải Nhất,162,3
00902,2025-03-24,Giải Nhì,166,0
00902,2025-03-24,Giải Nhì,742,1
00902,2025-03-24,Giải Nhì,744,2
00902,2025-03-24,Giải Nhì,261,3
00902,2025-03-24,Giải Nhì,961,4
00902,2025-03-24,Giải Nhì,770,5
00901,2025-03-21,Giải ba,040,0
00901,2025-03-21,Giải ba,057,1
00901,2025-03-21,Giải ba,005,2
00901,2025-03-21,Giải ba,066,3
00901,2025-03-21,Giải ba,016,4
00901,2025-03-21,Giải ba,282,5
00901,2025-03-21,Giải ba,307,6
00901,2025-03-21,Giải ba,287,7
00901,2025-03-21,Giải Đặc biệt,006,0
00901,2025-03-21,Giải Đặc biệt,244,1
00901,2025-03-21,Giải Nhất,303,0
00901,2025-03-21,Giải Nhất,094,1
00901,2025-03-21,Giải Nhất,980,2
00901,2025-03-21,Giải Nhất,082,3
00901,2025-03-21,Giải Nhì,188,0
00901,2025-03-21,Giải Nhì,197,1
00901,2025-03-21,Giải Nhì,925,2
00901,2025-03-21,Giải Nhì,414,3
00901,2025-03-21,Giải Nhì,809,4
00901,2025-03-21,Giải Nhì,896,5
00900,2025-03-19,Giải ba,167,0
00900,2025-03-19,Giải ba,359,1
00900,2025-03-19,Giải ba,438,2
00900,2025-03-19,Giải ba,258,3
00900,2025-03-19,Giải ba,076,4
00900,2025-03-19,Giải ba,308,5
00900,2025-03-19,Giải ba,171,6
00900,2025-03-19,Giải ba,031,7
00900,2025-03-19,Giải Đặc biệt,845,0
00900,2025-03-19,Giải Đặc biệt,127,1
00900,2025-03-19,Giải Nhất,808,0
00900,2025-03-19,Giải Nhất,175,1
00900,2025-03-19,Giải Nhất,144,2
00900,2025-03-19,Giải Nhất,522,3
00900,2025-03-19,Giải Nhì,003,0
00900,2025-03-19,Giải Nhì,482,1
00900,2025-03-19,Giải Nhì,865,2
00900,2025-03-19,Giải Nhì,116,3
00900,2025-03-19,Giải Nhì,548,4
00900,2025-03-19,Giải Nhì,987,5
00899,2025-03-17,Giải ba,114,0
00899,2025-03-17,Giải ba,397,1
00899,2025-03-17,Giải ba,994,2
00899,2025-03-17,Giải ba,941,3
00899,2025-03-17,Giải ba,296,4
00899,2025-03-17,Giải ba,956,5
00899,2025-03-17,Giải ba,962,6
00899,2025-03-17,Giải ba,819,7
00899,2025-03-17,Giải Đặc biệt,731,0
00899,2025-03-17,Giải Đặc biệt,020,1
00899,2025-03-17,Giải Nhất,432,0
00899,2025-03-17,Giải Nhất,356,1
00899,2025-03-17,Giải Nhất,533,2
00899,2025-03-17,Giải Nhất,436,3
00899,2025-03-17,Giải Nhì,078,0
00899,2025-03-17,Giải Nhì,638,1
00899,2025-03-17,Giải Nhì,635,2
00899,2025-03-17,Giải Nhì,752,3
00899,2025-03-17,Giải Nhì,189,4
00899,2025-03-17,Giải Nhì,455,5
00898,2025-03-14,Giải ba,887,0
00898,2025-03-14,Giải ba,314,1
00898,2025-03-14,Giải ba,462,2
00898,2025-03-14,Giải ba,034,3
00898,2025-03-14,Giải ba,849,4
00898,2025-03-14,Giải ba,374,5
00898,2025-03-14,Giải ba,612,6
00898,2025-03-14,Giải ba,830,7
00898,2025-03-14,Giải Đặc biệt,028,0
00898,2025-03-14,Giải Đặc biệt,886,1
00898,2025-03-14,Giải Nhất,795,0
00898,2025-03-14,Giải Nhất,783,1
00898,2025-03-14,Giải Nhất,653,2
00898,2025-03-14,Giải Nhất,119,3
00898,2025-03-14,Giải Nhì,203,0
00898,2025-03-14,Giải Nhì,096,1
00898,2025-03-14,Giải Nhì,052,2
00898,2025-03-14,Giải Nhì,412,3
00898,2025-03-14,Giải Nhì,290,4
00898,2025-03-14,Giải Nhì,150,5
00897,2025-03-12,Giải ba,984,0
00897,2025-03-12,Giải ba,066,1
00897,2025-03-12,Giải ba,470,2
00897,2025-03-12,Giải ba,989,3
00897,2025-03-12,Giải ba,053,4
00897,2025-03-12,Giải ba,714,5
00897,2025-03-12,Giải ba,372,6
00897,2025-03-12,Giải ba,063,7
00897,2025-03-12,Giải Đặc biệt,928,0
00897,2025-03-12,Giải Đặc biệt,395,1
00897,2025-03-12,Giải Nhất,160,0
00897,2025-03-12,Giải Nhất,966,1
00897,2025-03-12,Giải Nhất,082,2
00897,2025-03-12,Giải Nhất,867,3
00897,2025-03-12,Giải Nhì,913,0
00897,2025-03-12,Giải Nhì,970,1
00897,2025-03-12,Giải Nhì,437,2
00897,2025-03-12,Giải Nhì,715,3
00897,2025-03-12,Giải Nhì,632,4
00897,2025-03-12,Giải Nhì,524,5
00896,2025-03-10,Giải ba,406,0
00896,2025-03-10,Giải ba,279,1
00896,2025-03-10,Giải ba,234,2
00896,2025-03-10,Giải ba,545,3
00896,2025-03-10,Giải ba,782,4
00896,2025-03-10,Giải ba,535,5
00896,2025-03-10,Giải ba,829,6
00896,2025-03-10,Giải ba,732,7
00896,2025-03-10,Giải Đặc biệt,037,0
00896,2025-03-10,Giải Đặc biệt,088,1
00896,2025-03-10,Giải Nhất,886,0
00896,2025-03-10,Giải Nhất,592,1
00896,2025-03-10,Giải Nhất,543,2
00896,2025-03-10,Giải Nhất,695,3
00896,2025-03-10,Giải Nhì,075,0
00896,2025-03-10,Giải Nhì,799,1
00896,2025-03-10,Giải Nhì,485,2
00896,2025-03-10,Giải Nhì,144,3
00896,2025-03-10,Giải Nhì,824,4
00896,2025-03-10,Giải Nhì,652,5
00895,2025-03-07,Giải ba,801,0
00895,2025-03-07,Giải ba,711,1
00895,2025-03-07,Giải ba,950,2
00895,2025-03-07,Giải ba,990,3
00895,2025-03-07,Giải ba,172,4
00895,2025-03-07,Giải ba,674,5
00895,2025-03-07,Giải ba,939,6
00895,2025-03-07,Giải ba,595,7
00895,2025-03-07,Giải Đặc biệt,725,0
00895,2025-03-07,Giải Đặc biệt,308,1
00895,2025-03-07,Giải Nhất,527,0
00895,2025-03-07,Giải Nhất,115,1
00895,2025-03-07,Giải Nhất,205,2
00895,2025-03-07,Giải Nhất,553,3
00895,2025-03-07,Giải Nhì,745,0
00895,2025-03-07,Giải Nhì,409,1
00895,2025-03-07,Giải Nhì,463,2
00895,2025-03-07,Giải Nhì,965,3
00895,2025-03-07,Giải Nhì,543,4
00895,2025-03-07,Giải Nhì,650,5
00894,2025-03-05,Giải ba,818,0
00894,2025-03-05,Giải ba,877,1
00894,2025-03-05,Giải ba,696,2
00894,2025-03-05,Giải ba,394,3
00894,2025-03-05,Giải ba,401,4
00894,2025-03-05,Giải ba,366,5
00894,2025-03-05,Giải ba,694,6
00894,2025-03-05,Giải ba,062,7
00894,2025-03-05,Giải Đặc biệt,757,0
00894,2025-03-05,Giải Đặc biệt,130,1
00894,2025-03-05,Giải Nhất,220,0
00894,2025-03-05,Giải Nhất,691,1
00894,2025-03-05,Giải Nhất,636,2
00894,2025-03-05,Giải Nhất,920,3
00894,2025-03-05,Giải Nhì,934,0
00894,2025-03-05,Giải Nhì,350,1
00894,2025-03-05,Giải Nhì,923,2
00894,2025-03-05,Giải Nhì,437,3
00894,2025-03-05,Giải Nhì,449,4
00894,2025-03-05,Giải Nhì,938,5
00893,2025-03-03,Giải ba,850,0
00893,2025-03-03,Giải ba,687,1
00893,2025-03-03,Giải ba,588,2
00893,2025-03-03,Giải ba,012,3
00893,2025-03-03,Giải ba,548,4
00893,2025-03-03,Giải ba,597,5
00893,2025-03-03,Giải ba,863,6
00893,2025-03-03,Giải ba,982,7
00893,2025-03-03,Giải Đặc biệt,310,0
00893,2025-03-03,Giải Đặc biệt,144,1
00893,2025-03-03,Giải Nhất,805,0
00893,2025-03-03,Giải Nhất,853,1
00893,2025-03-03,Giải Nhất,472,2
00893,2025-03-03,Giải Nhất,704,3
00893,2025-03-03,Giải Nhì,420,0
00893,2025-03-03,Giải Nhì,861,1
00893,2025-03-03,Giải Nhì,137,2
00893,2025-03-03,Giải Nhì,276,3
00893,2025-03-03,Giải Nhì,071,4
00893,2025-03-03,Giải Nhì,696,5
00892,2025-02-28,Giải ba,214,0
00892,2025-02-28,Giải ba,101,1
00892,2025-02-28,Giải ba,536,2
00892,2025-02-28,Giải ba,909,3
00892,2025-02-28,Giải ba,855,4
00892,2025-02-28,Giải ba,124,5
00892,2025-02-28,Giải ba,694,6
00892,2025-02-28,Giải ba,758,7
00892,2025-02-28,Giải Đặc biệt,801,0
00892,2025-02-28,Giải Đặc biệt,632,1
00892,2025-02-28,Giải Nhất,693,0
00892,2025-02-28,Giải Nhất,109,1
00892,2025-02-28,Giải Nhất,377,2
00892,2025-02-28,Giải Nhất,150,3
00892,2025-02-28,Giải Nhì,933,0
00892,2025-02-28,Giải Nhì,848,1
00892,2025-02-28,Giải Nhì,786,2
00892,2025-02-28,Giải Nhì,811,3
00892,2025-02-28,Giải Nhì,493,4
00892,2025-02-28,Giải Nhì,780,5
00891,2025-02-26,Giải ba,544,0
00891,2025-02-26,Giải ba,065,1
00891,2025-02-26,Giải ba,439,2
00891,2025-02-26,Giải ba,223,3
00891,2025-02-26,Giải ba,679,4
00891,2025-02-26,Giải ba,325,5
00891,2025-02-26,Giải ba,246,6
00891,2025-02-26,Giải ba,576,7
00891,2025-02-26,Giải Đặc biệt,818,0
00891,2025-02-26,Giải Đặc biệt,406,1
00891,2025-02-26,Giải Nhất,682,0
00891,2025-02-26,Giải Nhất,484,1
00891,2025-02-26,Giải Nhất,249,2
00891,2025-02-26,Giải Nhất,374,3
00891,2025-02-26,Giải Nhì,519,0
00891,2025-02-26,Giải Nhì,921,1
00891,2025-02-26,Giải Nhì,521,2
00891,2025-02-26,Giải Nhì,516,3
00891,2025-02-26,Giải Nhì,108,4
00891,2025-02-26,Giải Nhì,405,5
00890,2025-02-24,Giải ba,486,0
00890,2025-02-24,Giải ba,216,1
00890,2025-02-24,Giải ba,675,2
00890,2025-02-24,Giải ba,935,3
00890,2025-02-24,Giải ba,748,4
00890,2025-02-24,Giải ba,609,5
00890,2025-02-24,Giải ba,500,6
00890,2025-02-24,Giải ba,849,7
00890,2025-02-24,Giải Đặc biệt,855,0
00890,2025-02-24,Giải Đặc biệt,287,1
00890,2025-02-24,Giải Nhất,223,0
00890,2025-02-24,Giải Nhất,434,1
00890,2025-02-24,Giải Nhất,497,2
00890,2025-02-24,Giải Nhất,327,3
00890,2025-02-24,Giải Nhì,525,0
00890,2025-02-24,Giải Nhì,989,1
00890,2025-02-24,Giải Nhì,815,2
00890,2025-02-24,Giải Nhì,805,3
00890,2025-02-24,Giải Nhì,522,4
00890,2025-02-24,Giải Nhì,772,5
00889,2025-02-21,Giải ba,656,0
00889,2025-02-21,Giải ba,736,1
00889,2025-02-21,Giải ba,848,2
00889,2025-02-21,Giải ba,364,3
00889,2025-02-21,Giải ba,172,4
00889,2025-02-21,Giải ba,694,5
00889,2025-02-21,Giải ba,055,6
00889,2025-02-21,Giải ba,507,7
00889,2025-02-21,Giải Đặc biệt,381,0
00889,2025-02-21,Giải Đặc biệt,993,1
00889,2025-02-21,Giải Nhất,719,0
00889,2025-02-21,Giải Nhất,368,1
00889,2025-02-21,Giải Nhất,987,2
00889,2025-02-21,Giải Nhất,363,3
00889,2025-02-21,Giải Nhì,437,0
00889,2025-02-21,Giải Nhì,711,1
00889,2025-02-21,Giải Nhì,043,2
00889,2025-02-21,Giải Nhì,630,3
00889,2025-02-21,Giải Nhì,427,4
00889,2025-02-21,Giải Nhì,409,5
00888,2025-02-19,Giải ba,942,0
00888,2025-02-19,Giải ba,351,1
00888,2025-02-19,Giải ba,832,2
00888,2025-02-19,Giải ba,311,3
00888,2025-02-19,Giải ba,820,4
00888,2025-02-19,Giải ba,159,5
00888,2025-02-19,Giải ba,709,6
00888,2025-02-19,Giải ba,949,7
00888,2025-02-19,Giải Đặc biệt,339,0
00888,2025-02-19,Giải Đặc biệt,066,1
00888,2025-02-19,Giải Nhất,310,0
00888,2025-02-19,Giải Nhất,101,1
00888,2025-02-19,Giải Nhất,705,2
00888,2025-02-19,Giải Nhất,729,3
00888,2025-02-19,Giải Nhì,175,0
00888,2025-02-19,Giải Nhì,155,1
00888,2025-02-19,Giải Nhì,095,2
00888,2025-02-19,Giải Nhì,983,3
00888,2025-02-19,Giải Nhì,475,4
00888,2025-02-19,Giải Nhì,084,5
00887,2025-02-17,Giải ba,931,0
00887,2025-02-17,Giải ba,935,1
00887,2025-02-17,Giải ba,860,2
00887,2025-02-17,Giải ba,192,3
00887,2025-02-17,Giải ba,366,4
00887,2025-02-17,Giải ba,072,5
00887,2025-02-17,Giải ba,386,6
00887,2025-02-17,Giải ba,005,7
00887,2025-02-17,Giải Đặc biệt,820,0
00887,2025-02-17,Giải Đặc biệt,195,1
00887,2025-02-17,Giải Nhất,937,0
00887,2025-02-17,Giải Nhất,881,1
00887,2025-02-17,Giải Nhất,498,2
00887,2025-02-17,Giải Nhất,894,3
00887,2025-02-17,Giải Nhì,921,0
00887,2025-02-17,Giải Nhì,394,1
00887,2025-02-17,Giải Nhì,846,2
00887,2025-02-17,Giải Nhì,212,3
00887,2025-02-17,Giải Nhì,966,4
00887,2025-02-17,Giải Nhì,466,5
00886,2025-02-14,Giải ba,238,0
00886,2025-02-14,Giải ba,270,1
00886,2025-02-14,Giải ba,899,2
00886,2025-02-14,Giải ba,429,3
00886,2025-02-14,Giải ba,519,4
00886,2025-02-14,Giải ba,141,5
00886,2025-02-14,Giải ba,020,6
00886,2025-02-14,Giải ba,745,7
00886,2025-02-14,Giải Đặc biệt,372,0
00886,2025-02-14,Giải Đặc biệt,652,1
00886,2025-02-14,Giải Nhất,372,0
00886,2025-02-14,Giải Nhất,586,1
00886,2025-02-14,Giải Nhất,057,2
00886,2025-02-14,Giải Nhất,268,3
00886,2025-02-14,Giải Nhì,800,0
00886,2025-02-14,Giải Nhì,373,1
00886,2025-02-14,Giải Nhì,310,2
00886,2025-02-14,Giải Nhì,542,3
00886,2025-02-14,Giải Nhì,916,4
00886,2025-02-14,Giải Nhì,226,5
00885,2025-02-12,Giải ba,772,0
00885,2025-02-12,Giải ba,930,1
00885,2025-02-12,Giải ba,697,2
00885,2025-02-12,Giải ba,878,3
00885,2025-02-12,Giải ba,834,4
00885,2025-02-12,Giải ba,110,5
00885,2025-02-12,Giải ba,947,6
00885,2025-02-12,Giải ba,864,7
00885,2025-02-12,Giải Đặc biệt,895,0
00885,2025-02-12,Giải Đặc biệt,255,1
00885,2025-02-12,Giải Nhất,528,0
00885,2025-02-12,Giải Nhất,430,1
00885,2025-02-12,Giải Nhất,458,2
00885,2025-02-12,Giải Nhất,178,3
00885,2025-02-12,Giải Nhì,308,0
00885,2025-02-12,Giải Nhì,862,1
00885,2025-02-12,Giải Nhì,164,2
00885,2025-02-12,Giải Nhì,606,3
00885,2025-02-12,Giải Nhì,859,4
00885,2025-02-12,Giải Nhì,638,5
00884,2025-02-10,Giải ba,421,0
00884,2025-02-10,Giải ba,224,1
00884,2025-02-10,Giải ba,054,2
00884,2025-02-10,Giải ba,036,3
00884,2025-02-10,Giải ba,170,4
00884,2025-02-10,Giải ba,979,5
00884,2025-02-10,Giải ba,859,6
00884,2025-02-10,Giải ba,016,7
00884,2025-02-10,Giải Đặc biệt,337,0
00884,2025-02-10,Giải Đặc biệt,077,1
00884,2025-02-10,Giải Nhất,412,0
00884,2025-02-10,Giải Nhất,479,1
00884,2025-02-10,Giải Nhất,866,2
00884,2025-02-10,Giải Nhất,449,3
00884,2025-02-10,Giải Nhì,584,0
00884,2025-02-10,Giải Nhì,991,1
00884,2025-02-10,Giải Nhì,271,2
00884,2025-02-10,Giải Nhì,444,3
00884,2025-02-10,Giải Nhì,369,4
00884,2025-02-10,Giải Nhì,423,5
00883,2025-02-07,Giải ba,205,0
00883,2025-02-07,Giải ba,858,1
00883,2025-02-07,Giải ba,689,2
00883,2025-02-07,Giải ba,482,3
00883,2025-02-07,Giải ba,360,4
00883,2025-02-07,Giải ba,916,5
00883,2025-02-07,Giải ba,680,6
00883,2025-02-07,Giải ba,014,7
00883,2025-02-07,Giải Đặc biệt,724,0
00883,2025-02-07,Giải Đặc biệt,737,1
00883,2025-02-07,Giải Nhất,584,0
00883,2025-02-07,Giải Nhất,587,1
00883,2025-02-07,Giải Nhất,215,2
00883,2025-02-07,Giải Nhất,023,3
00883,2025-02-07,Giải Nhì,425,0
00883,2025-02-07,Giải Nhì,163,1
00883,2025-02-07,Giải Nhì,707,2
00883,2025-02-07,Giải Nhì,972,3
00883,2025-02-07,Giải Nhì,577,4
00883,2025-02-07,Giải Nhì,359,5
00882,2025-02-05,Giải ba,450,0
00882,2025-02-05,Giải ba,138,1
00882,2025-02-05,Giải ba,296,2
00882,2025-02-05,Giải ba,359,3
00882,2025-02-05,Giải ba,203,4
00882,2025-02-05,Giải ba,526,5
00882,2025-02-05,Giải ba,449,6
00882,2025-02-05,Giải ba,685,7
00882,2025-02-05,Giải Đặc biệt,661,0
00882,2025-02-05,Giải Đặc biệt,126,1
00882,2025-02-05,Giải Nhất,499,0
00882,2025-02-05,Giải Nhất,199,1
00882,2025-02-05,Giải Nhất,182,2
00882,2025-02-05,Giải Nhất,154,3
00882,2025-02-05,Giải Nhì,907,0
00882,2025-02-05,Giải Nhì,739,1
00882,2025-02-05,Giải Nhì,482,2
00882,2025-02-05,Giải Nhì,299,3
00882,2025-02-05,Giải Nhì,509,4
00882,2025-02-05,Giải Nhì,450,5
00881,2025-02-03,Giải ba,267,0
00881,2025-02-03,Giải ba,419,1
00881,2025-02-03,Giải ba,584,2
00881,2025-02-03,Giải ba,927,3
00881,2025-02-03,Giải ba,805,4
00881,2025-02-03,Giải ba,212,5
00881,2025-02-03,Giải ba,429,6
00881,2025-02-03,Giải ba,832,7
00881,2025-02-03,Giải Đặc biệt,049,0
00881,2025-02-03,Giải Đặc biệt,884,1
00881,2025-02-03,Giải Nhất,439,0
00881,2025-02-03,Giải Nhất,018,1
00881,2025-02-03,Giải Nhất,459,2
00881,2025-02-03,Giải Nhất,673,3
00881,2025-02-03,Giải Nhì,949,0
00881,2025-02-03,Giải Nhì,123,1
00881,2025-02-03,Giải Nhì,661,2
00881,2025-02-03,Giải Nhì,427,3
00881,2025-02-03,Giải Nhì,502,4
00881,2025-02-03,Giải Nhì,519,5
00880,2025-01-31,Giải ba,094,0
00880,2025-01-31,Giải ba,714,1
00880,2025-01-31,Giải ba,565,2
00880,2025-01-31,Giải ba,335,3
00880,2025-01-31,Giải ba,529,4
00880,2025-01-31,Giải ba,703,5
00880,2025-01-31,Giải ba,231,6
00880,2025-01-31,Giải ba,144,7
00880,2025-01-31,Giải Đặc biệt,484,0
00880,2025-01-31,Giải Đặc biệt,633,1
00880,2025-01-31,Giải Nhất,628,0
00880,2025-01-31,Giải Nhất,452,1
00880,2025-01-31,Giải Nhất,506,2
00880,2025-01-31,Giải Nhất,073,3
00880,2025-01-31,Giải Nhì,299,0
00880,2025-01-31,Giải Nhì,388,1
00880,2025-01-31,Giải Nhì,692,2
00880,2025-01-31,Giải Nhì,092,3
00880,2025-01-31,Giải Nhì,552,4
00880,2025-01-31,Giải Nhì,895,5
00879,2025-01-27,Giải ba,115,0
00879,2025-01-27,Giải ba,794,1
00879,2025-01-27,Giải ba,227,2
00879,2025-01-27,Giải ba,060,3
00879,2025-01-27,Giải ba,545,4
00879,2025-01-27,Giải ba,289,5
00879,2025-01-27,Giải ba,446,6
00879,2025-01-27,Giải ba,908,7
00879,2025-01-27,Giải Đặc biệt,086,0
00879,2025-01-27,Giải Đặc biệt,657,1
00879,2025-01-27,Giải Nhất,807,0
00879,2025-01-27,Giải Nhất,498,1
00879,2025-01-27,Giải Nhất,487,2
00879,2025-01-27,Giải Nhất,754,3
00879,2025-01-27,Giải Nhì,431,0
00879,2025-01-27,Giải Nhì,002,1
00879,2025-01-27,Giải Nhì,837,2
00879,2025-01-27,Giải Nhì,295,3
00879,2025-01-27,Giải Nhì,755,4
00879,2025-01-27,Giải Nhì,057,5
00878,2025-01-24,Giải ba,313,0
00878,2025-01-24,Giải ba,065,1
00878,2025-01-24,Giải ba,830,2
00878,2025-01-24,Giải ba,372,3
00878,2025-01-24,Giải ba,564,4
00878,2025-01-24,Giải ba,055,5
00878,2025-01-24,Giải ba,294,6
00878,2025-01-24,Giải ba,143,7
00878,2025-01-24,Giải Đặc biệt,012,0
00878,2025-01-24,Giải Đặc biệt,803,1
00878,2025-01-24,Giải Nhất,377,0
00878,2025-01-24,Giải Nhất,588,1
00878,2025-01-24,Giải Nhất,253,2
00878,2025-01-24,Giải Nhất,961,3
00878,2025-01-24,Giải Nhì,317,0
00878,2025-01-24,Giải Nhì,279,1
00878,2025-01-24,Giải Nhì,892,2
00878,2025-01-24,Giải Nhì,960,3
00878,2025-01-24,Giải Nhì,945,4
00878,2025-01-24,Giải Nhì,984,5
00877,2025-01-22,Giải ba,335,0
00877,2025-01-22,Giải ba,336,1
00877,2025-01-22,Giải ba,525,2
00877,2025-01-22,Giải ba,458,3
00877,2025-01-22,Giải ba,707,4
00877,2025-01-22,Giải ba,223,5
00877,2025-01-22,Giải ba,503,6
00877,2025-01-22,Giải ba,602,7
00877,2025-01-22,Giải Đặc biệt,851,0
00877,2025-01-22,Giải Đặc biệt,164,1
00877,2025-01-22,Giải Nhất,197,0
00877,2025-01-22,Giải Nhất,188,1
00877,2025-01-22,Giải Nhất,295,2
00877,2025-01-22,Giải Nhất,622,3
00877,2025-01-22,Giải Nhì,332,0
00877,2025-01-22,Giải Nhì,208,1
00877,2025-01-22,Giải Nhì,326,2
00877,2025-01-22,Giải Nhì,692,3
00877,2025-01-22,Giải Nhì,203,4
00877,2025-01-22,Giải Nhì,845,5
00876,2025-01-20,Giải ba,904,0
00876,2025-01-20,Giải ba,633,1
00876,2025-01-20,Giải ba,641,2
00876,2025-01-20,Giải ba,317,3
00876,2025-01-20,Giải ba,137,4
00876,2025-01-20,Giải ba,971,5
00876,2025-01-20,Giải ba,386,6
00876,2025-01-20,Giải ba,660,7
00876,2025-01-20,Giải Đặc biệt,453,0
00876,2025-01-20,Giải Đặc biệt,847,1
00876,2025-01-20,Giải Nhất,737,0
00876,2025-01-20,Giải Nhất,494,1
00876,2025-01-20,Giải Nhất,359,2
00876,2025-01-20,Giải Nhất,251,3
00876,2025-01-20,Giải Nhì,499,0
00876,2025-01-20,Giải Nhì,939,1
00876,2025-01-20,Giải Nhì,831,2
00876,2025-01-20,Giải Nhì,136,3
00876,2025-01-20,Giải Nhì,231,4
00876,2025-01-20,Giải Nhì,258,5
00875,2025-01-17,Giải ba,242,0
00875,2025-01-17,Giải ba,680,1
00875,2025-01-17,Giải ba,656,2
00875,2025-01-17,Giải ba,313,3
00875,2025-01-17,Giải ba,645,4
00875,2025-01-17,Giải ba,961,5
00875,2025-01-17,Giải ba,589,6
00875,2025-01-17,Giải ba,493,7
00875,2025-01-17,Giải Đặc biệt,058,0
00875,2025-01-17,Giải Đặc biệt,387,1
00875,2025-01-17,Giải Nhất,379,0
00875,2025-01-17,Giải Nhất,963,1
00875,2025-01-17,Giải Nhất,572,2
00875,2025-01-17,Giải Nhất,897,3
00875,2025-01-17,Giải Nhì,377,0
00875,2025-01-17,Giải Nhì,925,1
00875,2025-01-17,Giải Nhì,621,2
00875,2025-01-17,Giải Nhì,895,3
00875,2025-01-17,Giải Nhì,547,4
00875,2025-01-17,Giải Nhì,446,5
00874,2025-01-15,Giải ba,598,0
00874,2025-01-15,Giải ba,515,1
00874,2025-01-15,Giải ba,290,2
00874,2025-01-15,Giải ba,483,3
00874,2025-01-15,Giải ba,463,4
00874,2025-01-15,Giải ba,047,5
00874,2025-01-15,Giải ba,739,6
00874,2025-01-15,Giải ba,554,7
00874,2025-01-15,Giải Đặc biệt,227,0
00874,2025-01-15,Giải Đặc biệt,591,1
00874,2025-01-15,Giải Nhất,431,0
00874,2025-01-15,Giải Nhất,443,1
00874,2025-01-15,Giải Nhất,067,2
00874,2025-01-15,Giải Nhất,769,3
00874,2025-01-15,Giải Nhì,848,0
00874,2025-01-15,Giải Nhì,164,1
00874,2025-01-15,Giải Nhì,957,2
00874,2025-01-15,Giải Nhì,342,3
00874,2025-01-15,Giải Nhì,585,4
00874,2025-01-15,Giải Nhì,935,5
00873,2025-01-13,Giải ba,666,0
00873,2025-01-13,Giải ba,539,1
00873,2025-01-13,Giải ba,739,2
00873,2025-01-13,Giải ba,050,3
00873,2025-01-13,Giải ba,072,4
00873,2025-01-13,Giải ba,659,5
00873,2025-01-13,Giải ba,133,6
00873,2025-01-13,Giải ba,925,7
00873,2025-01-13,Giải Đặc biệt,734,0
00873,2025-01-13,Giải Đặc biệt,420,1
00873,2025-01-13,Giải Nhất,324,0
00873,2025-01-13,Giải Nhất,179,1
00873,2025-01-13,Giải Nhất,213,2
00873,2025-01-13,Giải Nhất,037,3
00873,2025-01-13,Giải Nhì,768,0
00873,2025-01-13,Giải Nhì,475,1
00873,2025-01-13,Giải Nhì,080,2
00873,2025-01-13,Giải Nhì,173,3
00873,2025-01-13,Giải Nhì,684,4
00873,2025-01-13,Giải Nhì,383,5
00872,2025-01-10,Giải ba,766,0
00872,2025-01-10,Giải ba,546,1
00872,2025-01-10,Giải ba,062,2
00872,2025-01-10,Giải ba,148,3
00872,2025-01-10,Giải ba,670,4
00872,2025-01-10,Giải ba,499,5
00872,2025-01-10,Giải ba,108,6
00872,2025-01-10,Giải ba,781,7
00872,2025-01-10,Giải Đặc biệt,617,0
00872,2025-01-10,Giải Đặc biệt,558,1
00872,2025-01-10,Giải Nhất,680,0
00872,2025-01-10,Giải Nhất,491,1
00872,2025-01-10,Giải Nhất,432,2
00872,2025-01-10,Giải Nhất,764,3
00872,2025-01-10,Giải Nhì,819,0
00872,2025-01-10,Giải Nhì,202,1
00872,2025-01-10,Giải Nhì,544,2
00872,2025-01-10,Giải Nhì,902,3
00872,2025-01-10,Giải Nhì,347,4
00872,2025-01-10,Giải Nhì,414,5
00871,2025-01-08,Giải ba,723,0
00871,2025-01-08,Giải ba,219,1
00871,2025-01-08,Giải ba,872,2
00871,2025-01-08,Giải ba,077,3
00871,2025-01-08,Giải ba,320,4
00871,2025-01-08,Giải ba,719,5
00871,2025-01-08,Giải ba,842,6
00871,2025-01-08,Giải ba,217,7
00871,2025-01-08,Giải Đặc biệt,102,0
00871,2025-01-08,Giải Đặc biệt,321,1
00871,2025-01-08,Giải Nhất,446,0
00871,2025-01-08,Giải Nhất,221,1
00871,2025-01-08,Giải Nhất,111,2
00871,2025-01-08,Giải Nhất,811,3
00871,2025-01-08,Giải Nhì,711,0
00871,2025-01-08,Giải Nhì,301,1
00871,2025-01-08,Giải Nhì,594,2
00871,2025-01-08,Giải Nhì,527,3
00871,2025-01-08,Giải Nhì,602,4
00871,2025-01-08,Giải Nhì,479,5
00870,2025-01-06,Giải ba,585,0
00870,2025-01-06,Giải ba,440,1
00870,2025-01-06,Giải ba,721,2
00870,2025-01-06,Giải ba,695,3
00870,2025-01-06,Giải ba,227,4
00870,2025-01-06,Giải ba,200,5
00870,2025-01-06,Giải ba,896,6
00870,2025-01-06,Giải ba,215,7
00870,2025-01-06,Giải Đặc biệt,593,0
00870,2025-01-06,Giải Đặc biệt,115,1
00870,2025-01-06,Giải Nhất,610,0
00870,2025-01-06,Giải Nhất,552,1
00870,2025-01-06,Giải Nhất,965,2
00870,2025-01-06,Giải Nhất,880,3
00870,2025-01-06,Giải Nhì,108,0
00870,2025-01-06,Giải Nhì,677,1
00870,2025-01-06,Giải Nhì,557,2
00870,2025-01-06,Giải Nhì,468,3
00870,2025-01-06,Giải Nhì,416,4
00870,2025-01-06,Giải Nhì,580,5
00869,2025-01-03,Giải ba,929,0
00869,2025-01-03,Giải ba,460,1
00869,2025-01-03,Giải ba,825,2
00869,2025-01-03,Giải ba,954,3
00869,2025-01-03,Giải ba,093,4
00869,2025-01-03,Giải ba,153,5
00869,2025-01-03,Giải ba,349,6
00869,2025-01-03,Giải ba,211,7
00869,2025-01-03,Giải Đặc biệt,599,0
00869,2025-01-03,Giải Đặc biệt,780,1
00869,2025-01-03,Giải Nhất,361,0
00869,2025-01-03,Giải Nhất,788,1
00869,2025-01-03,Giải Nhất,147,2
00869,2025-01-03,Giải Nhất,009,3
00869,2025-01-03,Giải Nhì,318,0
00869,2025-01-03,Giải Nhì,520,1
00869,2025-01-03,Giải Nhì,032,2
00869,2025-01-03,Giải Nhì,914,3
00869,2025-01-03,Giải Nhì,951,4
00869,2025-01-03,Giải Nhì,544,5
00868,2025-01-01,Giải ba,638,0
00868,2025-01-01,Giải ba,055,1
00868,2025-01-01,Giải ba,127,2
00868,2025-01-01,Giải ba,980,3
00868,2025-01-01,Giải ba,432,4
00868,2025-01-01,Giải ba,165,5
00868,2025-01-01,Giải ba,752,6
00868,2025-01-01,Giải ba,834,7
00868,2025-01-01,Giải Đặc biệt,833,0
00868,2025-01-01,Giải Đặc biệt,085,1
00868,2025-01-01,Giải Nhất,547,0
00868,2025-01-01,Giải Nhất,101,1
00868,2025-01-01,Giải Nhất,501,2
00868,2025-01-01,Giải Nhất,684,3
00868,2025-01-01,Giải Nhì,682,0
00868,2025-01-01,Giải Nhì,131,1
00868,2025-01-01,Giải Nhì,461,2
00868,2025-01-01,Giải Nhì,442,3
00868,2025-01-01,Giải Nhì,069,4
00868,2025-01-01,Giải Nhì,869,5
00867,2024-12-30,Giải ba,989,0
00867,2024-12-30,Giải ba,690,1
00867,2024-12-30,Giải ba,400,2
00867,2024-12-30,Giải ba,807,3
00867,2024-12-30,Giải ba,656,4
00867,2024-12-30,Giải ba,593,5
00867,2024-12-30,Giải ba,683,6
00867,2024-12-30,Giải ba,570,7
00867,2024-12-30,Giải Đặc biệt,822,0
00867,2024-12-30,Giải Đặc biệt,961,1
00867,2024-12-30,Giải Nhất,477,0
00867,2024-12-30,Giải Nhất,754,1
00867,2024-12-30,Giải Nhất,377,2
00867,2024-12-30,Giải Nhất,056,3
00867,2024-12-30,Giải Nhì,303,0
00867,2024-12-30,Giải Nhì,520,1
00867,2024-12-30,Giải Nhì,218,2
00867,2024-12-30,Giải Nhì,817,3
00867,2024-12-30,Giải Nhì,675,4
00867,2024-12-30,Giải Nhì,045,5
00866,2024-12-27,Giải ba,100,0
00866,2024-12-27,Giải ba,788,1
00866,2024-12-27,Giải ba,749,2
00866,2024-12-27,Giải ba,181,3
00866,2024-12-27,Giải ba,538,4
00866,2024-12-27,Giải ba,120,5
00866,2024-12-27,Giải ba,538,6
00866,2024-12-27,Giải ba,325,7
00866,2024-12-27,Giải Đặc biệt,593,0
00866,2024-12-27,Giải Đặc biệt,436,1
00866,2024-12-27,Giải Nhất,350,0
00866,2024-12-27,Giải Nhất,367,1
00866,2024-12-27,Giải Nhất,186,2
00866,2024-12-27,Giải Nhất,212,3
00866,2024-12-27,Giải Nhì,191,0
00866,2024-12-27,Giải Nhì,248,1
00866,2024-12-27,Giải Nhì,600,2
00866,2024-12-27,Giải Nhì,936,3
00866,2024-12-27,Giải Nhì,094,4
00866,2024-12-27,Giải Nhì,762,5
00865,2024-12-25,Giải ba,257,0
00865,2024-12-25,Giải ba,541,1
00865,2024-12-25,Giải ba,176,2
00865,2024-12-25,Giải ba,480,3
00865,2024-12-25,Giải ba,707,4
00865,2024-12-25,Giải ba,591,5
00865,2024-12-25,Giải ba,672,6
00865,2024-12-25,Giải ba,538,7
00865,2024-12-25,Giải Đặc biệt,993,0
00865,2024-12-25,Giải Đặc biệt,904,1
00865,2024-12-25,Giải Nhất,612,0
00865,2024-12-25,Giải Nhất,469,1
00865,2024-12-25,Giải Nhất,236,2
00865,2024-12-25,Giải Nhất,931,3
00865,2024-12-25,Giải Nhì,884,0
00865,2024-12-25,Giải Nhì,604,1
00865,2024-12-25,Giải Nhì,230,2
00865,2024-12-25,Giải Nhì,772,3
00865,2024-12-25,Giải Nhì,793,4
00865,2024-12-25,Giải Nhì,466,5
00864,2024-12-23,Giải ba,155,0
00864,2024-12-23,Giải ba,014,1
00864,2024-12-23,Giải ba,155,2
00864,2024-12-23,Giải ba,875,3
00864,2024-12-23,Giải ba,938,4
00864,2024-12-23,Giải ba,624,5
00864,2024-12-23,Giải ba,943,6
00864,2024-12-23,Giải ba,442,7
00864,2024-12-23,Giải Đặc biệt,776,0
00864,2024-12-23,Giải Đặc biệt,991,1
00864,2024-12-23,Giải Nhất,043,0
00864,2024-12-23,Giải Nhất,152,1
00864,2024-12-23,Giải Nhất,542,2
00864,2024-12-23,Giải Nhất,229,3
00864,2024-12-23,Giải Nhì,024,0
00864,2024-12-23,Giải Nhì,574,1
00864,2024-12-23,Giải Nhì,503,2
00864,2024-12-23,Giải Nhì,931,3
00864,2024-12-23,Giải Nhì,389,4
00864,2024-12-23,Giải Nhì,808,5
00863,2024-12-20,Giải ba,396,0
00863,2024-12-20,Giải ba,864,1
00863,2024-12-20,Giải ba,498,2
00863,2024-12-20,Giải ba,453,3
00863,2024-12-20,Giải ba,568,4
00863,2024-12-20,Giải ba,073,5
00863,2024-12-20,Giải ba,559,6
00863,2024-12-20,Giải ba,325,7
00863,2024-12-20,Giải Đặc biệt,441,0
00863,2024-12-20,Giải Đặc biệt,004,1
00863,2024-12-20,Giải Nhất,182,0
00863,2024-12-20,Giải Nhất,414,1
00863,2024-12-20,Giải Nhất,508,2
00863,2024-12-20,Giải Nhất,527,3
00863,2024-12-20,Giải Nhì,128,0
00863,2024-12-20,Giải Nhì,380,1
00863,2024-12-20,Giải Nhì,535,2
00863,2024-12-20,Giải Nhì,296,3
00863,2024-12-20,Giải Nhì,105,4
00863,2024-12-20,Giải Nhì,854,5
00862,2024-12-18,Giải ba,202,0
00862,2024-12-18,Giải ba,549,1
00862,2024-12-18,Giải ba,232,2
00862,2024-12-18,Giải ba,144,3
00862,2024-12-18,Giải ba,821,4
00862,2024-12-18,Giải ba,842,5
00862,2024-12-18,Giải ba,512,6
00862,2024-12-18,Giải ba,142,7
00862,2024-12-18,Giải Đặc biệt,720,0
00862,2024-12-18,Giải Đặc biệt,842,1
00862,2024-12-18,Giải Nhất,606,0
00862,2024-12-18,Giải Nhất,288,1
00862,2024-12-18,Giải Nhất,922,2
00862,2024-12-18,Giải Nhất,762,3
00862,2024-12-18,Giải Nhì,020,0
00862,2024-12-18,Giải Nhì,608,1
00862,2024-12-18,Giải Nhì,441,2
00862,2024-12-18,Giải Nhì,499,3
00862,2024-12-18,Giải Nhì,915,4
00862,2024-12-18,Giải Nhì,577,5
00861,2024-12-16,Giải ba,608,0
00861,2024-12-16,Giải ba,005,1
00861,2024-12-16,Giải ba,177,2
00861,2024-12-16,Giải ba,087,3
00861,2024-12-16,Giải ba,293,4
00861,2024-12-16,Giải ba,894,5
00861,2024-12-16,Giải ba,690,6
00861,2024-12-16,Giải ba,462,7
00861,2024-12-16,Giải Đặc biệt,752,0
00861,2024-12-16,Giải Đặc biệt,491,1
00861,2024-12-16,Giải Nhất,991,0
00861,2024-12-16,Giải Nhất,970,1
00861,2024-12-16,Giải Nhất,873,2
00861,2024-12-16,Giải Nhất,082,3
00861,2024-12-16,Giải Nhì,977,0
00861,2024-12-16,Giải Nhì,125,1
00861,2024-12-16,Giải Nhì,936,2
00861,2024-12-16,Giải Nhì,651,3
00861,2024-12-16,Giải Nhì,003,4
00861,2024-12-16,Giải Nhì,168,5
00860,2024-12-13,Giải ba,720,0
00860,2024-12-13,Giải ba,219,1
00860,2024-12-13,Giải ba,747,2
00860,2024-12-13,Giải ba,746,3
00860,2024-12-13,Giải ba,229,4
00860,2024-12-13,Giải ba,912,5
00860,2024-12-13,Giải ba,216,6
00860,2024-12-13,Giải ba,612,7
00860,2024-12-13,Giải Đặc biệt,449,0
00860,2024-12-13,Giải Đặc biệt,999,1
00860,2024-12-13,Giải Nhất,188,0
00860,2024-12-13,Giải Nhất,667,1
00860,2024-12-13,Giải Nhất,883,2
00860,2024-12-13,Giải Nhất,486,3
00860,2024-12-13,Giải Nhì,642,0
00860,2024-12-13,Giải Nhì,676,1
00860,2024-12-13,Giải Nhì,406,2
00860,2024-12-13,Giải Nhì,386,3
00860,2024-12-13,Giải Nhì,375,4
00860,2024-12-13,Giải Nhì,706,5
00859,2024-12-11,Giải ba,080,0
00859,2024-12-11,Giải ba,084,1
00859,2024-12-11,Giải ba,439,2
00859,2024-12-11,Giải ba,240,3
00859,2024-12-11,Giải ba,192,4
00859,2024-12-11,Giải ba,529,5
00859,2024-12-11,Giải ba,407,6
00859,2024-12-11,Giải ba,311,7
00859,2024-12-11,Giải Đặc biệt,622,0
00859,2024-12-11,Giải Đặc biệt,809,1
00859,2024-12-11,Giải Nhất,214,0
00859,2024-12-11,Giải Nhất,052,1
00859,2024-12-11,Giải Nhất,217,2
00859,2024-12-11,Giải Nhất,932,3
00859,2024-12-11,Giải Nhì,713,0
00859,2024-12-11,Giải Nhì,069,1
00859,2024-12-11,Giải Nhì,496,2
00859,2024-12-11,Giải Nhì,061,3
00859,2024-12-11,Giải Nhì,006,4
00859,2024-12-11,Giải Nhì,195,5
00858,2024-12-09,Giải ba,114,0
00858,2024-12-09,Giải ba,723,1
00858,2024-12-09,Giải ba,289,2
00858,2024-12-09,Giải ba,358,3
00858,2024-12-09,Giải ba,809,4
00858,2024-12-09,Giải ba,469,5
00858,2024-12-09,Giải ba,149,6
00858,2024-12-09,Giải ba,722,7
00858,2024-12-09,Giải Đặc biệt,972,0
00858,2024-12-09,Giải Đặc biệt,403,1
00858,2024-12-09,Giải Nhất,903,0
00858,2024-12-09,Giải Nhất,311,1
00858,2024-12-09,Giải Nhất,502,2
00858,2024-12-09,Giải Nhất,648,3
00858,2024-12-09,Giải Nhì,869,0
00858,2024-12-09,Giải Nhì,564,1
00858,2024-12-09,Giải Nhì,345,2
00858,2024-12-09,Giải Nhì,828,3
00858,2024-12-09,Giải Nhì,881,4
00858,2024-12-09,Giải Nhì,316,5
00857,2024-12-06,Giải ba,069,0
00857,2024-12-06,Giải ba,824,1
00857,2024-12-06,Giải ba,736,2
00857,2024-12-06,Giải ba,358,3
00857,2024-12-06,Giải ba,872,4
00857,2024-12-06,Giải ba,224,5
00857,2024-12-06,Giải ba,206,6
00857,2024-12-06,Giải ba,609,7
00857,2024-12-06,Giải Đặc biệt,981,0
00857,2024-12-06,Giải Đặc biệt,230,1
00857,2024-12-06,Giải Nhất,458,0
00857,2024-12-06,Giải Nhất,388,1
00857,2024-12-06,Giải Nhất,255,2
00857,2024-12-06,Giải Nhất,221,3
00857,2024-12-06,Giải Nhì,257,0
00857,2024-12-06,Giải Nhì,075,1
00857,2024-12-06,Giải Nhì,879,2
00857,2024-12-06,Giải Nhì,659,3
00857,2024-12-06,Giải Nhì,656,4
00857,2024-12-06,Giải Nhì,734,5
00856,2024-12-04,Giải ba,382,0
00856,2024-12-04,Giải ba,173,1
00856,2024-12-04,Giải ba,705,2
00856,2024-12-04,Giải ba,794,3
00856,2024-12-04,Giải ba,176,4
00856,2024-12-04,Giải ba,997,5
00856,2024-12-04,Giải ba,420,6
00856,2024-12-04,Giải ba,135,7
00856,2024-12-04,Giải Đặc biệt,999,0
00856,2024-12-04,Giải Đặc biệt,481,1
00856,2024-12-04,Giải Nhất,934,0
00856,2024-12-04,Giải Nhất,934,1
00856,2024-12-04,Giải Nhất,415,2
00856,2024-12-04,Giải Nhất,902,3
00856,2024-12-04,Giải Nhì,326,0
00856,2024-12-04,Giải Nhì,617,1
00856,2024-12-04,Giải Nhì,618,2
00856,2024-12-04,Giải Nhì,835,3
00856,2024-12-04,Giải Nhì,322,4
00856,2024-12-04,Giải Nhì,460,5
00855,2024-12-02,Giải ba,621,0
00855,2024-12-02,Giải ba,298,1
00855,2024-12-02,Giải ba,726,2
00855,2024-12-02,Giải ba,212,3
00855,2024-12-02,Giải ba,552,4
00855,2024-12-02,Giải ba,643,5
00855,2024-12-02,Giải ba,722,6
00855,2024-12-02,Giải ba,704,7
00855,2024-12-02,Giải Đặc biệt,473,0
00855,2024-12-02,Giải Đặc biệt,645,1
00855,2024-12-02,Giải Nhất,952,0
00855,2024-12-02,Giải Nhất,098,1
00855,2024-12-02,Giải Nhất,872,2
00855,2024-12-02,Giải Nhất,559,3
00855,2024-12-02,Giải Nhì,950,0
00855,2024-12-02,Giải Nhì,234,1
00855,2024-12-02,Giải Nhì,820,2
00855,2024-12-02,Giải Nhì,158,3
00855,2024-12-02,Giải Nhì,794,4
00855,2024-12-02,Giải Nhì,367,5
00854,2024-11-29,Giải ba,498,0
00854,2024-11-29,Giải ba,470,1
00854,2024-11-29,Giải ba,135,2
00854,2024-11-29,Giải ba,498,3
00854,2024-11-29,Giải ba,178,4
00854,2024-11-29,Giải ba,413,5
00854,2024-11-29,Giải ba,215,6
00854,2024-11-29,Giải ba,328,7
00854,2024-11-29,Giải Đặc biệt,818,0
00854,2024-11-29,Giải Đặc biệt,391,1
00854,2024-11-29,Giải Nhất,217,0
00854,2024-11-29,Giải Nhất,227,1
00854,2024-11-29,Giải Nhất,472,2
00854,2024-11-29,Giải Nhất,926,3
00854,2024-11-29,Giải Nhì,323,0
00854,2024-11-29,Giải Nhì,005,1
00854,2024-11-29,Giải Nhì,759,2
00854,2024-11-29,Giải Nhì,201,3
00854,2024-11-29,Giải Nhì,396,4
00854,2024-11-29,Giải Nhì,872,5
00853,2024-11-27,Giải ba,192,0
00853,2024-11-27,Giải ba,190,1
00853,2024-11-27,Giải ba,726,2
00853,2024-11-27,Giải ba,492,3
00853,2024-11-27,Giải ba,784,4
00853,2024-11-27,Giải ba,188,5
00853,2024-11-27,Giải ba,909,6
00853,2024-11-27,Giải ba,009,7
00853,2024-11-27,Giải Đặc biệt,704,0
00853,2024-11-27,Giải Đặc biệt,065,1
00853,2024-11-27,Giải Nhất,624,0
00853,2024-11-27,Giải Nhất,821,1
00853,2024-11-27,Giải Nhất,867,2
00853,2024-11-27,Giải Nhất,623,3
00853,2024-11-27,Giải Nhì,604,0
00853,2024-11-27,Giải Nhì,852,1
00853,2024-11-27,Giải Nhì,347,2
00853,2024-11-27,Giải Nhì,420,3
00853,2024-11-27,Giải Nhì,443,4
00853,2024-11-27,Giải Nhì,512,5
00852,2024-11-25,Giải ba,901,0
00852,2024-11-25,Giải ba,249,1
00852,2024-11-25,Giải ba,339,2
00852,2024-11-25,Giải ba,142,3
00852,2024-11-25,Giải ba,902,4
00852,2024-11-25,Giải ba,374,5
00852,2024-11-25,Giải ba,068,6
00852,2024-11-25,Giải ba,110,7
00852,2024-11-25,Giải Đặc biệt,959,0
00852,2024-11-25,Giải Đặc biệt,972,1
00852,2024-11-25,Giải Nhất,454,0
00852,2024-11-25,Giải Nhất,559,1
00852,2024-11-25,Giải Nhất,380,2
00852,2024-11-25,Giải Nhất,504,3
00852,2024-11-25,Giải Nhì,085,0
00852,2024-11-25,Giải Nhì,863,1
00852,2024-11-25,Giải Nhì,524,2
00852,2024-11-25,Giải Nhì,916,3
00852,2024-11-25,Giải Nhì,163,4
00852,2024-11-25,Giải Nhì,694,5
00851,2024-11-22,Giải ba,867,0
00851,2024-11-22,Giải ba,965,1
00851,2024-11-22,Giải ba,714,2
00851,2024-11-22,Giải ba,105,3
00851,2024-11-22,Giải ba,241,4
00851,2024-11-22,Giải ba,651,5
00851,2024-11-22,Giải ba,460,6
00851,2024-11-22,Giải ba,419,7
00851,2024-11-22,Giải Đặc biệt,101,0
00851,2024-11-22,Giải Đặc biệt,509,1
00851,2024-11-22,Giải Nhất,817,0
00851,2024-11-22,Giải Nhất,115,1
00851,2024-11-22,Giải Nhất,110,2
00851,2024-11-22,Giải Nhất,192,3
00851,2024-11-22,Giải Nhì,025,0
00851,2024-11-22,Giải Nhì,275,1
00851,2024-11-22,Giải Nhì,751,2
00851,2024-11-22,Giải Nhì,619,3
00851,2024-11-22,Giải Nhì,154,4
00851,2024-11-22,Giải Nhì,338,5
00850,2024-11-20,Giải ba,790,0
00850,2024-11-20,Giải ba,832,1
00850,2024-11-20,Giải ba,105,2
00850,2024-11-20,Giải ba,548,3
00850,2024-11-20,Giải ba,610,4
00850,2024-11-20,Giải ba,722,5
00850,2024-11-20,Giải ba,553,6
00850,2024-11-20,Giải ba,537,7
00850,2024-11-20,Giải Đặc biệt,382,0
00850,2024-11-20,Giải Đặc biệt,002,1
00850,2024-11-20,Giải Nhất,370,0
00850,2024-11-20,Giải Nhất,888,1
00850,2024-11-20,Giải Nhất,233,2
00850,2024-11-20,Giải Nhất,360,3
00850,2024-11-20,Giải Nhì,657,0
00850,2024-11-20,Giải Nhì,852,1
00850,2024-11-20,Giải Nhì,175,2
00850,2024-11-20,Giải Nhì,405,3
00850,2024-11-20,Giải Nhì,137,4
00850,2024-11-20,Giải Nhì,078,5
00849,2024-11-18,Giải ba,597,0
00849,2024-11-18,Giải ba,645,1
00849,2024-11-18,Giải ba,927,2
00849,2024-11-18,Giải ba,965,3
00849,2024-11-18,Giải ba,338,4
00849,2024-11-18,Giải ba,083,5
00849,2024-11-18,Giải ba,452,6
00849,2024-11-18,Giải ba,012,7
00849,2024-11-18,Giải Đặc biệt,125,0
00849,2024-11-18,Giải Đặc biệt,618,1
00849,2024-11-18,Giải Nhất,674,0
00849,2024-11-18,Giải Nhất,262,1
00849,2024-11-18,Giải Nhất,125,2
00849,2024-11-18,Giải Nhất,654,3
00849,2024-11-18,Giải Nhì,817,0
00849,2024-11-18,Giải Nhì,371,1
00849,2024-11-18,Giải Nhì,422,2
00849,2024-11-18,Giải Nhì,450,3
00849,2024-11-18,Giải Nhì,169,4
00849,2024-11-18,Giải Nhì,952,5
00848,2024-11-15,Giải ba,498,0
00848,2024-11-15,Giải ba,123,1
00848,2024-11-15,Giải ba,402,2
00848,2024-11-15,Giải ba,189,3
00848,2024-11-15,Giải ba,639,4
00848,2024-11-15,Giải ba,447,5
00848,2024-11-15,Giải ba,280,6
00848,2024-11-15,Giải ba,363,7
00848,2024-11-15,Giải Đặc biệt,529,0
00848,2024-11-15,Giải Đặc biệt,723,1
00848,2024-11-15,Giải Nhất,119,0
00848,2024-11-15,Giải Nhất,365,1
00848,2024-11-15,Giải Nhất,319,2
00848,2024-11-15,Giải Nhất,934,3
00848,2024-11-15,Giải Nhì,936,0
00848,2024-11-15,Giải Nhì,031,1
00848,2024-11-15,Giải Nhì,583,2
00848,2024-11-15,Giải Nhì,675,3
00848,2024-11-15,Giải Nhì,155,4
00848,2024-11-15,Giải Nhì,959,5
00847,2024-11-13,Giải ba,908,0
00847,2024-11-13,Giải ba,810,1
00847,2024-11-13,Giải ba,246,2
00847,2024-11-13,Giải ba,306,3
00847,2024-11-13,Giải ba,289,4
00847,2024-11-13,Giải ba,863,5
00847,2024-11-13,Giải ba,333,6
00847,2024-11-13,Giải ba,980,7
00847,2024-11-13,Giải Đặc biệt,464,0
00847,2024-11-13,Giải Đặc biệt,934,1
00847,2024-11-13,Giải Nhất,835,0
00847,2024-11-13,Giải Nhất,909,1
00847,2024-11-13,Giải Nhất,893,2
00847,2024-11-13,Giải Nhất,041,3
00847,2024-11-13,Giải Nhì,910,0
00847,2024-11-13,Giải Nhì,656,1
00847,2024-11-13,Giải Nhì,949,2
00847,2024-11-13,Giải Nhì,548,3
00847,2024-11-13,Giải Nhì,715,4
00847,2024-11-13,Giải Nhì,306,5
00846,2024-11-11,Giải ba,276,0
00846,2024-11-11,Giải ba,689,1
00846,2024-11-11,Giải ba,061,2
00846,2024-11-11,Giải ba,952,3
00846,2024-11-11,Giải ba,975,4
00846,2024-11-11,Giải ba,247,5
00846,2024-11-11,Giải ba,694,6
00846,2024-11-11,Giải ba,115,7
00846,2024-11-11,Giải Đặc biệt,323,0
00846,2024-11-11,Giải Đặc biệt,439,1
00846,2024-11-11,Giải Nhất,863,0
00846,2024-11-11,Giải Nhất,196,1
00846,2024-11-11,Giải Nhất,986,2
00846,2024-11-11,Giải Nhất,086,3
00846,2024-11-11,Giải Nhì,256,0
00846,2024-11-11,Giải Nhì,104,1
00846,2024-11-11,Giải Nhì,289,2
00846,2024-11-11,Giải Nhì,606,3
00846,2024-11-11,Giải Nhì,180,4
00846,2024-11-11,Giải Nhì,457,5
00845,2024-11-08,Giải ba,856,0
00845,2024-11-08,Giải ba,033,1
00845,2024-11-08,Giải ba,020,2
00845,2024-11-08,Giải ba,276,3
00845,2024-11-08,Giải ba,119,4
00845,2024-11-08,Giải ba,480,5
00845,2024-11-08,Giải ba,335,6
00845,2024-11-08,Giải ba,693,7
00845,2024-11-08,Giải Đặc biệt,222,0
00845,2024-11-08,Giải Đặc biệt,108,1
00845,2024-11-08,Giải Nhất,571,0
00845,2024-11-08,Giải Nhất,222,1
00845,2024-11-08,Giải Nhất,082,2
00845,2024-11-08,Giải Nhất,622,3
00845,2024-11-08,Giải Nhì,756,0
00845,2024-11-08,Giải Nhì,569,1
00845,2024-11-08,Giải Nhì,428,2
00845,2024-11-08,Giải Nhì,294,3
00845,2024-11-08,Giải Nhì,844,4
00845,2024-11-08,Giải Nhì,873,5
00844,2024-11-06,Giải ba,652,0
00844,2024-11-06,Giải ba,590,1
00844,2024-11-06,Giải ba,845,2
00844,2024-11-06,Giải ba,436,3
00844,2024-11-06,Giải ba,546,4
00844,2024-11-06,Giải ba,951,5
00844,2024-11-06,Giải ba,081,6
00844,2024-11-06,Giải ba,437,7
00844,2024-11-06,Giải Đặc biệt,578,0
00844,2024-11-06,Giải Đặc biệt,337,1
00844,2024-11-06,Giải Nhất,602,0
00844,2024-11-06,Giải Nhất,066,1
00844,2024-11-06,Giải Nhất,359,2
00844,2024-11-06,Giải Nhất,692,3
00844,2024-11-06,Giải Nhì,494,0
00844,2024-11-06,Giải Nhì,283,1
00844,2024-11-06,Giải Nhì,658,2
00844,2024-11-06,Giải Nhì,529,3
00844,2024-11-06,Giải Nhì,185,4
00844,2024-11-06,Giải Nhì,810,5
00843,2024-11-04,Giải ba,931,0
00843,2024-11-04,Giải ba,170,1
00843,2024-11-04,Giải ba,709,2
00843,2024-11-04,Giải ba,407,3
00843,2024-11-04,Giải ba,491,4
00843,2024-11-04,Giải ba,130,5
00843,2024-11-04,Giải ba,504,6
00843,2024-11-04,Giải ba,640,7
00843,2024-11-04,Giải Đặc biệt,070,0
00843,2024-11-04,Giải Đặc biệt,945,1
00843,2024-11-04,Giải Nhất,490,0
00843,2024-11-04,Giải Nhất,401,1
00843,2024-11-04,Giải Nhất,873,2
00843,2024-11-04,Giải Nhất,342,3
00843,2024-11-04,Giải Nhì,785,0
00843,2024-11-04,Giải Nhì,188,1
00843,2024-11-04,Giải Nhì,171,2
00843,2024-11-04,Giải Nhì,809,3
00843,2024-11-04,Giải Nhì,832,4
00843,2024-11-04,Giải Nhì,788,5
00842,2024-11-01,Giải ba,724,0
00842,2024-11-01,Giải ba,328,1
00842,2024-11-01,Giải ba,709,2
00842,2024-11-01,Giải ba,471,3
00842,2024-11-01,Giải ba,199,4
00842,2024-11-01,Giải ba,537,5
00842,2024-11-01,Giải ba,611,6
00842,2024-11-01,Giải ba,086,7
00842,2024-11-01,Giải Đặc biệt,099,0
00842,2024-11-01,Giải Đặc biệt,751,1
00842,2024-11-01,Giải Nhất,125,0
00842,2024-11-01,Giải Nhất,900,1
00842,2024-11-01,Giải Nhất,380,2
00842,2024-11-01,Giải Nhất,109,3
00842,2024-11-01,Giải Nhì,228,0
00842,2024-11-01,Giải Nhì,964,1
00842,2024-11-01,Giải Nhì,174,2
00842,2024-11-01,Giải Nhì,998,3
00842,2024-11-01,Giải Nhì,448,4
00842,2024-11-01,Giải Nhì,120,5
00841,2024-10-30,Giải ba,096,0
00841,2024-10-30,Giải ba,166,1
00841,2024-10-30,Giải ba,905,2
00841,2024-10-30,Giải ba,363,3
00841,2024-10-30,Giải ba,470,4
00841,2024-10-30,Giải ba,476,5
00841,2024-10-30,Giải ba,590,6
00841,2024-10-30,Giải ba,122,7
00841,2024-10-30,Giải Đặc biệt,433,0
00841,2024-10-30,Giải Đặc biệt,853,1
00841,2024-10-30,Giải Nhất,022,0
00841,2024-10-30,Giải Nhất,615,1
00841,2024-10-30,Giải Nhất,105,2
00841,2024-10-30,Giải Nhất,771,3
00841,2024-10-30,Giải Nhì,951,0
00841,2024-10-30,Giải Nhì,666,1
00841,2024-10-30,Giải Nhì,489,2
00841,2024-10-30,Giải Nhì,467,3
00841,2024-10-30,Giải Nhì,831,4
00841,2024-10-30,Giải Nhì,861,5
00840,2024-10-28,Giải ba,284,0
00840,2024-10-28,Giải ba,445,1
00840,2024-10-28,Giải ba,216,2
00840,2024-10-28,Giải ba,160,3
00840,2024-10-28,Giải ba,347,4
00840,2024-10-28,Giải ba,689,5
00840,2024-10-28,Giải ba,218,6
00840,2024-10-28,Giải ba,973,7
00840,2024-10-28,Giải Đặc biệt,582,0
00840,2024-10-28,Giải Đặc biệt,046,1
00840,2024-10-28,Giải Nhất,312,0
00840,2024-10-28,Giải Nhất,383,1
00840,2024-10-28,Giải Nhất,097,2
00840,2024-10-28,Giải Nhất,180,3
00840,2024-10-28,Giải Nhì,637,0
00840,2024-10-28,Giải Nhì,330,1
00840,2024-10-28,Giải Nhì,871,2
00840,2024-10-28,Giải Nhì,111,3
00840,2024-10-28,Giải Nhì,887,4
00840,2024-10-28,Giải Nhì,033,5
00839,2024-10-25,Giải ba,885,0
00839,2024-10-25,Giải ba,881,1
00839,2024-10-25,Giải ba,242,2
00839,2024-10-25,Giải ba,361,3
00839,2024-10-25,Giải ba,797,4
00839,2024-10-25,Giải ba,671,5
00839,2024-10-25,Giải ba,930,6
00839,2024-10-25,Giải ba,016,7
00839,2024-10-25,Giải Đặc biệt,725,0
00839,2024-10-25,Giải Đặc biệt,012,1
00839,2024-10-25,Giải Nhất,244,0
00839,2024-10-25,Giải Nhất,235,1
00839,2024-10-25,Giải Nhất,021,2
00839,2024-10-25,Giải Nhất,550,3
00839,2024-10-25,Giải Nhì,569,0
00839,2024-10-25,Giải Nhì,533,1
00839,2024-10-25,Giải Nhì,694,2
00839,2024-10-25,Giải Nhì,491,3
00839,2024-10-25,Giải Nhì,631,4
00839,2024-10-25,Giải Nhì,332,5
00838,2024-10-23,Giải ba,004,0
00838,2024-10-23,Giải ba,578,1
00838,2024-10-23,Giải ba,393,2
00838,2024-10-23,Giải ba,376,3
00838,2024-10-23,Giải ba,415,4
00838,2024-10-23,Giải ba,983,5
00838,2024-10-23,Giải ba,549,6
00838,2024-10-23,Giải ba,186,7
00838,2024-10-23,Giải Đặc biệt,664,0
00838,2024-10-23,Giải Đặc biệt,786,1
00838,2024-10-23,Giải Nhất,829,0
00838,2024-10-23,Giải Nhất,871,1
00838,2024-10-23,Giải Nhất,738,2
00838,2024-10-23,Giải Nhất,306,3
00838,2024-10-23,Giải Nhì,991,0
00838,2024-10-23,Giải Nhì,394,1
00838,2024-10-23,Giải Nhì,298,2
00838,2024-10-23,Giải Nhì,747,3
00838,2024-10-23,Giải Nhì,333,4
00838,2024-10-23,Giải Nhì,133,5
00837,2024-10-21,Giải ba,630,0
00837,2024-10-21,Giải ba,550,1
00837,2024-10-21,Giải ba,364,2
00837,2024-10-21,Giải ba,761,3
00837,2024-10-21,Giải ba,573,4
00837,2024-10-21,Giải ba,148,5
00837,2024-10-21,Giải ba,218,6
00837,2024-10-21,Giải ba,764,7
00837,2024-10-21,Giải Đặc biệt,623,0
00837,2024-10-21,Giải Đặc biệt,244,1
00837,2024-10-21,Giải Nhất,991,0
00837,2024-10-21,Giải Nhất,238,1
00837,2024-10-21,Giải Nhất,238,2
00837,2024-10-21,Giải Nhất,432,3
00837,2024-10-21,Giải Nhì,478,0
00837,2024-10-21,Giải Nhì,927,1
00837,2024-10-21,Giải Nhì,970,2
00837,2024-10-21,Giải Nhì,861,3
00837,2024-10-21,Giải Nhì,269,4
00837,2024-10-21,Giải Nhì,275,5
00836,2024-10-18,Giải ba,995,0
00836,2024-10-18,Giải ba,255,1
00836,2024-10-18,Giải ba,479,2
00836,2024-10-18,Giải ba,074,3
00836,2024-10-18,Giải ba,993,4
00836,2024-10-18,Giải ba,768,5
00836,2024-10-18,Giải ba,619,6
00836,2024-10-18,Giải ba,531,7
00836,2024-10-18,Giải Đặc biệt,387,0
00836,2024-10-18,Giải Đặc biệt,695,1
00836,2024-10-18,Giải Nhất,524,0
00836,2024-10-18,Giải Nhất,062,1
00836,2024-10-18,Giải Nhất,066,2
00836,2024-10-18,Giải Nhất,506,3
00836,2024-10-18,Giải Nhì,836,0
00836,2024-10-18,Giải Nhì,183,1
00836,2024-10-18,Giải Nhì,696,2
00836,2024-10-18,Giải Nhì,175,3
00836,2024-10-18,Giải Nhì,741,4
00836,2024-10-18,Giải Nhì,228,5
00835,2024-10-16,Giải ba,051,0
00835,2024-10-16,Giải ba,550,1
00835,2024-10-16,Giải ba,513,2
00835,2024-10-16,Giải ba,596,3
00835,2024-10-16,Giải ba,151,4
00835,2024-10-16,Giải ba,528,5
00835,2024-10-16,Giải ba,523,6
00835,2024-10-16,Giải ba,068,7
00835,2024-10-16,Giải Đặc biệt,517,0
00835,2024-10-16,Giải Đặc biệt,445,1
00835,2024-10-16,Giải Nhất,701,0
00835,2024-10-16,Giải Nhất,065,1
00835,2024-10-16,Giải Nhất,786,2
00835,2024-10-16,Giải Nhất,716,3
00835,2024-10-16,Giải Nhì,929,0
00835,2024-10-16,Giải Nhì,383,1
00835,2024-10-16,Giải Nhì,392,2
00835,2024-10-16,Giải Nhì,326,3
00835,2024-10-16,Giải Nhì,332,4
00835,2024-10-16,Giải Nhì,979,5
00834,2024-10-14,Giải ba,266,0
00834,2024-10-14,Giải ba,354,1
00834,2024-10-14,Giải ba,494,2
00834,2024-10-14,Giải ba,793,3
00834,2024-10-14,Giải ba,037,4
00834,2024-10-14,Giải ba,672,5
00834,2024-10-14,Giải ba,214,6
00834,2024-10-14,Giải ba,005,7
00834,2024-10-14,Giải Đặc biệt,955,0
00834,2024-10-14,Giải Đặc biệt,076,1
00834,2024-10-14,Giải Nhất,334,0
00834,2024-10-14,Giải Nhất,294,1
00834,2024-10-14,Giải Nhất,814,2
00834,2024-10-14,Giải Nhất,513,3
00834,2024-10-14,Giải Nhì,462,0
00834,2024-10-14,Giải Nhì,914,1
00834,2024-10-14,Giải Nhì,577,2
00834,2024-10-14,Giải Nhì,423,3
00834,2024-10-14,Giải Nhì,897,4
00834,2024-10-14,Giải Nhì,688,5
00833,2024-10-11,Giải ba,860,0
00833,2024-10-11,Giải ba,329,1
00833,2024-10-11,Giải ba,389,2
00833,2024-10-11,Giải ba,921,3
00833,2024-10-11,Giải ba,759,4
00833,2024-10-11,Giải ba,411,5
00833,2024-10-11,Giải ba,430,6
00833,2024-10-11,Giải ba,348,7
00833,2024-10-11,Giải Đặc biệt,977,0
00833,2024-10-11,Giải Đặc biệt,877,1
00833,2024-10-11,Giải Nhất,770,0
00833,2024-10-11,Giải Nhất,759,1
00833,2024-10-11,Giải Nhất,776,2
00833,2024-10-11,Giải Nhất,913,3
00833,2024-10-11,Giải Nhì,543,0
00833,2024-10-11,Giải Nhì,190,1
00833,2024-10-11,Giải Nhì,478,2
00833,2024-10-11,Giải Nhì,468,3
00833,2024-10-11,Giải Nhì,425,4
00833,2024-10-11,Giải Nhì,795,5
00832,2024-10-09,Giải ba,794,0
00832,2024-10-09,Giải ba,649,1
00832,2024-10-09,Giải ba,587,2
00832,2024-10-09,Giải ba,516,3
00832,2024-10-09,Giải ba,551,4
00832,2024-10-09,Giải ba,869,5
00832,2024-10-09,Giải ba,358,6
00832,2024-10-09,Giải ba,166,7
00832,2024-10-09,Giải Đặc biệt,265,0
00832,2024-10-09,Giải Đặc biệt,036,1
00832,2024-10-09,Giải Nhất,385,0
00832,2024-10-09,Giải Nhất,158,1
00832,2024-10-09,Giải Nhất,246,2
00832,2024-10-09,Giải Nhất,447,3
00832,2024-10-09,Giải Nhì,425,0
00832,2024-10-09,Giải Nhì,222,1
00832,2024-10-09,Giải Nhì,166,2
00832,2024-10-09,Giải Nhì,667,3
00832,2024-10-09,Giải Nhì,865,4
00832,2024-10-09,Giải Nhì,438,5
00831,2024-10-07,Giải ba,323,0
00831,2024-10-07,Giải ba,434,1
00831,2024-10-07,Giải ba,488,2
00831,2024-10-07,Giải ba,934,3
00831,2024-10-07,Giải ba,665,4
00831,2024-10-07,Giải ba,763,5
00831,2024-10-07,Giải ba,008,6
00831,2024-10-07,Giải ba,546,7
00831,2024-10-07,Giải Đặc biệt,548,0
00831,2024-10-07,Giải Đặc biệt,011,1
00831,2024-10-07,Giải Nhất,861,0
00831,2024-10-07,Giải Nhất,396,1
00831,2024-10-07,Giải Nhất,242,2
00831,2024-10-07,Giải Nhất,172,3
00831,2024-10-07,Giải Nhì,716,0
00831,2024-10-07,Giải Nhì,172,1
00831,2024-10-07,Giải Nhì,094,2
00831,2024-10-07,Giải Nhì,656,3
00831,2024-10-07,Giải Nhì,812,4
00831,2024-10-07,Giải Nhì,287,5
00830,2024-10-04,Giải ba,510,0
00830,2024-10-04,Giải ba,018,1
00830,2024-10-04,Giải ba,435,2
00830,2024-10-04,Giải ba,435,3
00830,2024-10-04,Giải ba,893,4
00830,2024-10-04,Giải ba,964,5
00830,2024-10-04,Giải ba,928,6
00830,2024-10-04,Giải ba,196,7
00830,2024-10-04,Giải Đặc biệt,979,0
00830,2024-10-04,Giải Đặc biệt,487,1
00830,2024-10-04,Giải Nhất,352,0
00830,2024-10-04,Giải Nhất,376,1
00830,2024-10-04,Giải Nhất,285,2
00830,2024-10-04,Giải Nhất,278,3
00830,2024-10-04,Giải Nhì,722,0
00830,2024-10-04,Giải Nhì,479,1
00830,2024-10-04,Giải Nhì,662,2
00830,2024-10-04,Giải Nhì,710,3
00830,2024-10-04,Giải Nhì,216,4
00830,2024-10-04,Giải Nhì,643,5
00829,2024-10-02,Giải ba,267,0
00829,2024-10-02,Giải ba,907,1
00829,2024-10-02,Giải ba,006,2
00829,2024-10-02,Giải ba,634,3
00829,2024-10-02,Giải ba,909,4
00829,2024-10-02,Giải ba,516,5
00829,2024-10-02,Giải ba,656,6
00829,2024-10-02,Giải ba,105,7
00829,2024-10-02,Giải Đặc biệt,399,0
00829,2024-10-02,Giải Đặc biệt,105,1
00829,2024-10-02,Giải Nhất,850,0
00829,2024-10-02,Giải Nhất,999,1
00829,2024-10-02,Giải Nhất,696,2
00829,2024-10-02,Giải Nhất,190,3
00829,2024-10-02,Giải Nhì,720,0
00829,2024-10-02,Giải Nhì,429,1
00829,2024-10-02,Giải Nhì,454,2
00829,2024-10-02,Giải Nhì,327,3
00829,2024-10-02,Giải Nhì,676,4
00829,2024-10-02,Giải Nhì,161,5
00828,2024-09-30,Giải ba,088,0
00828,2024-09-30,Giải ba,233,1
00828,2024-09-30,Giải ba,804,2
00828,2024-09-30,Giải ba,014,3
00828,2024-09-30,Giải ba,086,4
00828,2024-09-30,Giải ba,474,5
00828,2024-09-30,Giải ba,638,6
00828,2024-09-30,Giải ba,278,7
00828,2024-09-30,Giải Đặc biệt,199,0
00828,2024-09-30,Giải Đặc biệt,691,1
00828,2024-09-30,Giải Nhất,266,0
00828,2024-09-30,Giải Nhất,059,1
00828,2024-09-30,Giải Nhất,516,2
00828,2024-09-30,Giải Nhất,367,3
00828,2024-09-30,Giải Nhì,557,0
00828,2024-09-30,Giải Nhì,477,1
00828,2024-09-30,Giải Nhì,878,2
00828,2024-09-30,Giải Nhì,491,3
00828,2024-09-30,Giải Nhì,099,4
00828,2024-09-30,Giải Nhì,045,5
00827,2024-09-27,Giải ba,745,0
00827,2024-09-27,Giải ba,350,1
00827,2024-09-27,Giải ba,939,2
00827,2024-09-27,Giải ba,924,3
00827,2024-09-27,Giải ba,077,4
00827,2024-09-27,Giải ba,093,5
00827,2024-09-27,Giải ba,489,6
00827,2024-09-27,Giải ba,913,7
00827,2024-09-27,Giải Đặc biệt,721,0
00827,2024-09-27,Giải Đặc biệt,546,1
00827,2024-09-27,Giải Nhất,806,0
00827,2024-09-27,Giải Nhất,693,1
00827,2024-09-27,Giải Nhất,193,2
00827,2024-09-27,Giải Nhất,373,3
00827,2024-09-27,Giải Nhì,154,0
00827,2024-09-27,Giải Nhì,996,1
00827,2024-09-27,Giải Nhì,290,2
00827,2024-09-27,Giải Nhì,757,3
00827,2024-09-27,Giải Nhì,340,4
00827,2024-09-27,Giải Nhì,010,5
00826,2024-09-25,Giải ba,973,0
00826,2024-09-25,Giải ba,541,1
00826,2024-09-25,Giải ba,001,2
00826,2024-09-25,Giải ba,196,3
00826,2024-09-25,Giải ba,673,4
00826,2024-09-25,Giải ba,461,5
00826,2024-09-25,Giải ba,626,6
00826,2024-09-25,Giải ba,559,7
00826,2024-09-25,Giải Đặc biệt,080,0
00826,2024-09-25,Giải Đặc biệt,309,1
00826,2024-09-25,Giải Nhất,789,0
00826,2024-09-25,Giải Nhất,795,1
00826,2024-09-25,Giải Nhất,981,2
00826,2024-09-25,Giải Nhất,488,3
00826,2024-09-25,Giải Nhì,210,0
00826,2024-09-25,Giải Nhì,463,1
00826,2024-09-25,Giải Nhì,109,2
00826,2024-09-25,Giải Nhì,674,3
00826,2024-09-25,Giải Nhì,470,4
00826,2024-09-25,Giải Nhì,592,5
00825,2024-09-23,Giải ba,672,0
00825,2024-09-23,Giải ba,431,1
00825,2024-09-23,Giải ba,690,2
00825,2024-09-23,Giải ba,109,3
00825,2024-09-23,Giải ba,455,4
00825,2024-09-23,Giải ba,086,5
00825,2024-09-23,Giải ba,362,6
00825,2024-09-23,Giải ba,750,7
00825,2024-09-23,Giải Đặc biệt,210,0
00825,2024-09-23,Giải Đặc biệt,102,1
00825,2024-09-23,Giải Nhất,752,0
00825,2024-09-23,Giải Nhất,000,1
00825,2024-09-23,Giải Nhất,533,2
00825,2024-09-23,Giải Nhất,275,3
00825,2024-09-23,Giải Nhì,525,0
00825,2024-09-23,Giải Nhì,190,1
00825,2024-09-23,Giải Nhì,862,2
00825,2024-09-23,Giải Nhì,742,3
00825,2024-09-23,Giải Nhì,886,4
00825,2024-09-23,Giải Nhì,375,5
00824,2024-09-20,Giải ba,876,0
00824,2024-09-20,Giải ba,284,1
00824,2024-09-20,Giải ba,010,2
00824,2024-09-20,Giải ba,965,3
00824,2024-09-20,Giải ba,223,4
00824,2024-09-20,Giải ba,714,5
00824,2024-09-20,Giải ba,043,6
00824,2024-09-20,Giải ba,004,7
00824,2024-09-20,Giải Đặc biệt,833,0
00824,2024-09-20,Giải Đặc biệt,961,1
00824,2024-09-20,Giải Nhất,568,0
00824,2024-09-20,Giải Nhất,429,1
00824,2024-09-20,Giải Nhất,454,2
00824,2024-09-20,Giải Nhất,561,3
00824,2024-09-20,Giải Nhì,828,0
00824,2024-09-20,Giải Nhì,391,1
00824,2024-09-20,Giải Nhì,053,2
00824,2024-09-20,Giải Nhì,201,3
00824,2024-09-20,Giải Nhì,413,4
00824,2024-09-20,Giải Nhì,349,5
00823,2024-09-18,Giải ba,655,0
00823,2024-09-18,Giải ba,429,1
00823,2024-09-18,Giải ba,480,2
00823,2024-09-18,Giải ba,623,3
00823,2024-09-18,Giải ba,845,4
00823,2024-09-18,Giải ba,347,5
00823,2024-09-18,Giải ba,203,6
00823,2024-09-18,Giải ba,644,7
00823,2024-09-18,Giải Đặc biệt,627,0
00823,2024-09-18,Giải Đặc biệt,968,1
00823,2024-09-18,Giải Nhất,718,0
00823,2024-09-18,Giải Nhất,867,1
00823,2024-09-18,Giải Nhất,689,2
00823,2024-09-18,Giải Nhất,014,3
00823,2024-09-18,Giải Nhì,397,0
00823,2024-09-18,Giải Nhì,364,1
00823,2024-09-18,Giải Nhì,164,2
00823,2024-09-18,Giải Nhì,750,3
00823,2024-09-18,Giải Nhì,885,4
00823,2024-09-18,Giải Nhì,066,5
00822,2024-09-16,Giải ba,805,0
00822,2024-09-16,Giải ba,915,1
00822,2024-09-16,Giải ba,655,2
00822,2024-09-16,Giải ba,812,3
00822,2024-09-16,Giải ba,061,4
00822,2024-09-16,Giải ba,592,5
00822,2024-09-16,Giải ba,519,6
00822,2024-09-16,Giải ba,768,7
00822,2024-09-16,Giải Đặc biệt,597,0
00822,2024-09-16,Giải Đặc biệt,016,1
00822,2024-09-16,Giải Nhất,793,0
00822,2024-09-16,Giải Nhất,345,1
00822,2024-09-16,Giải Nhất,618,2
00822,2024-09-16,Giải Nhất,825,3
00822,2024-09-16,Giải Nhì,074,0
00822,2024-09-16,Giải Nhì,059,1
00822,2024-09-16,Giải Nhì,761,2
00822,2024-09-16,Giải Nhì,353,3
00822,2024-09-16,Giải Nhì,161,4
00822,2024-09-16,Giải Nhì,463,5
00821,2024-09-13,Giải ba,209,0
00821,2024-09-13,Giải ba,106,1
00821,2024-09-13,Giải ba,731,2
00821,2024-09-13,Giải ba,327,3
00821,2024-09-13,Giải ba,220,4
00821,2024-09-13,Giải ba,965,5
00821,2024-09-13,Giải ba,789,6
00821,2024-09-13,Giải ba,426,7
00821,2024-09-13,Giải Đặc biệt,546,0
00821,2024-09-13,Giải Đặc biệt,800,1
00821,2024-09-13,Giải Nhất,232,0
00821,2024-09-13,Giải Nhất,158,1
00821,2024-09-13,Giải Nhất,382,2
00821,2024-09-13,Giải Nhất,194,3
00821,2024-09-13,Giải Nhì,353,0
00821,2024-09-13,Giải Nhì,962,1
00821,2024-09-13,Giải Nhì,400,2
00821,2024-09-13,Giải Nhì,404,3
00821,2024-09-13,Giải Nhì,102,4
00821,2024-09-13,Giải Nhì,494,5
00820,2024-09-11,Giải ba,320,0
00820,2024-09-11,Giải ba,745,1
00820,2024-09-11,Giải ba,993,2
00820,2024-09-11,Giải ba,037,3
00820,2024-09-11,Giải ba,512,4
00820,2024-09-11,Giải ba,279,5
00820,2024-09-11,Giải ba,496,6
00820,2024-09-11,Giải ba,147,7
00820,2024-09-11,Giải Đặc biệt,120,0
00820,2024-09-11,Giải Đặc biệt,363,1
00820,2024-09-11,Giải Nhất,629,0
00820,2024-09-11,Giải Nhất,251,1
00820,2024-09-11,Giải Nhất,702,2
00820,2024-09-11,Giải Nhất,969,3
00820,2024-09-11,Giải Nhì,490,0
00820,2024-09-11,Giải Nhì,547,1
00820,2024-09-11,Giải Nhì,145,2
00820,2024-09-11,Giải Nhì,752,3
00820,2024-09-11,Giải Nhì,449,4
00820,2024-09-11,Giải Nhì,853,5
00819,2024-09-09,Giải ba,251,0
00819,2024-09-09,Giải ba,473,1
00819,2024-09-09,Giải ba,613,2
00819,2024-09-09,Giải ba,791,3
00819,2024-09-09,Giải ba,296,4
00819,2024-09-09,Giải ba,670,5
00819,2024-09-09,Giải ba,539,6
00819,2024-09-09,Giải ba,493,7
00819,2024-09-09,Giải Đặc biệt,101,0
00819,2024-09-09,Giải Đặc biệt,952,1
00819,2024-09-09,Giải Nhất,204,0
00819,2024-09-09,Giải Nhất,681,1
00819,2024-09-09,Giải Nhất,011,2
00819,2024-09-09,Giải Nhất,098,3
00819,2024-09-09,Giải Nhì,910,0
00819,2024-09-09,Giải Nhì,760,1
00819,2024-09-09,Giải Nhì,572,2
00819,2024-09-09,Giải Nhì,633,3
00819,2024-09-09,Giải Nhì,750,4
00819,2024-09-09,Giải Nhì,831,5
00818,2024-09-06,Giải ba,991,0
00818,2024-09-06,Giải ba,886,1
00818,2024-09-06,Giải ba,350,2
00818,2024-09-06,Giải ba,659,3
00818,2024-09-06,Giải ba,213,4
00818,2024-09-06,Giải ba,151,5
00818,2024-09-06,Giải ba,778,6
00818,2024-09-06,Giải ba,416,7
00818,2024-09-06,Giải Đặc biệt,243,0
00818,2024-09-06,Giải Đặc biệt,902,1
00818,2024-09-06,Giải Nhất,379,0
00818,2024-09-06,Giải Nhất,805,1
00818,2024-09-06,Giải Nhất,723,2
00818,2024-09-06,Giải Nhất,672,3
00818,2024-09-06,Giải Nhì,172,0
00818,2024-09-06,Giải Nhì,906,1
00818,2024-09-06,Giải Nhì,067,2
00818,2024-09-06,Giải Nhì,885,3
00818,2024-09-06,Giải Nhì,486,4
00818,2024-09-06,Giải Nhì,045,5
00817,2024-09-04,Giải ba,280,0
00817,2024-09-04,Giải ba,305,1
00817,2024-09-04,Giải ba,139,2
00817,2024-09-04,Giải ba,900,3
00817,2024-09-04,Giải ba,448,4
00817,2024-09-04,Giải ba,883,5
00817,2024-09-04,Giải ba,587,6
00817,2024-09-04,Giải ba,528,7
00817,2024-09-04,Giải Đặc biệt,812,0
00817,2024-09-04,Giải Đặc biệt,143,1
00817,2024-09-04,Giải Nhất,217,0
00817,2024-09-04,Giải Nhất,139,1
00817,2024-09-04,Giải Nhất,206,2
00817,2024-09-04,Giải Nhất,859,3
00817,2024-09-04,Giải Nhì,630,0
00817,2024-09-04,Giải Nhì,553,1
00817,2024-09-04,Giải Nhì,121,2
00817,2024-09-04,Giải Nhì,840,3
00817,2024-09-04,Giải Nhì,620,4
00817,2024-09-04,Giải Nhì,786,5
00816,2024-09-02,Giải ba,922,0
00816,2024-09-02,Giải ba,655,1
00816,2024-09-02,Giải ba,690,2
00816,2024-09-02,Giải ba,271,3
00816,2024-09-02,Giải ba,784,4
00816,2024-09-02,Giải ba,186,5
00816,2024-09-02,Giải ba,545,6
00816,2024-09-02,Giải ba,221,7
00816,2024-09-02,Giải Đặc biệt,026,0
00816,2024-09-02,Giải Đặc biệt,933,1
00816,2024-09-02,Giải Nhất,891,0
00816,2024-09-02,Giải Nhất,152,1
00816,2024-09-02,Giải Nhất,201,2
00816,2024-09-02,Giải Nhất,526,3
00816,2024-09-02,Giải Nhì,607,0
00816,2024-09-02,Giải Nhì,500,1
00816,2024-09-02,Giải Nhì,919,2
00816,2024-09-02,Giải Nhì,010,3
00816,2024-09-02,Giải Nhì,770,4
00816,2024-09-02,Giải Nhì,186,5
00815,2024-08-30,Giải ba,397,0
00815,2024-08-30,Giải ba,844,1
00815,2024-08-30,Giải ba,992,2
00815,2024-08-30,Giải ba,890,3
00815,2024-08-30,Giải ba,143,4
00815,2024-08-30,Giải ba,224,5
00815,2024-08-30,Giải ba,668,6
00815,2024-08-30,Giải ba,850,7
00815,2024-08-30,Giải Đặc biệt,257,0
00815,2024-08-30,Giải Đặc biệt,816,1
00815,2024-08-30,Giải Nhất,038,0
00815,2024-08-30,Giải Nhất,137,1
00815,2024-08-30,Giải Nhất,688,2
00815,2024-08-30,Giải Nhất,222,3
00815,2024-08-30,Giải Nhì,994,0
00815,2024-08-30,Giải Nhì,703,1
00815,2024-08-30,Giải Nhì,164,2
00815,2024-08-30,Giải Nhì,891,3
00815,2024-08-30,Giải Nhì,333,4
00815,2024-08-30,Giải Nhì,167,5
00814,2024-08-28,Giải ba,680,0
00814,2024-08-28,Giải ba,208,1
00814,2024-08-28,Giải ba,448,2
00814,2024-08-28,Giải ba,922,3
00814,2024-08-28,Giải ba,385,4
00814,2024-08-28,Giải ba,703,5
00814,2024-08-28,Giải ba,792,6
00814,2024-08-28,Giải ba,806,7
00814,2024-08-28,Giải Đặc biệt,606,0
00814,2024-08-28,Giải Đặc biệt,590,1
00814,2024-08-28,Giải Nhất,538,0
00814,2024-08-28,Giải Nhất,838,1
00814,2024-08-28,Giải Nhất,741,2
00814,2024-08-28,Giải Nhất,474,3
00814,2024-08-28,Giải Nhì,618,0
00814,2024-08-28,Giải Nhì,707,1
00814,2024-08-28,Giải Nhì,316,2
00814,2024-08-28,Giải Nhì,088,3
00814,2024-08-28,Giải Nhì,034,4
00814,2024-08-28,Giải Nhì,618,5
00813,2024-08-26,Giải ba,816,0
00813,2024-08-26,Giải ba,145,1
00813,2024-08-26,Giải ba,825,2
00813,2024-08-26,Giải ba,913,3
00813,2024-08-26,Giải ba,334,4
00813,2024-08-26,Giải ba,916,5
00813,2024-08-26,Giải ba,559,6
00813,2024-08-26,Giải ba,833,7
00813,2024-08-26,Giải Đặc biệt,283,0
00813,2024-08-26,Giải Đặc biệt,417,1
00813,2024-08-26,Giải Nhất,213,0
00813,2024-08-26,Giải Nhất,130,1
00813,2024-08-26,Giải Nhất,273,2
00813,2024-08-26,Giải Nhất,184,3
00813,2024-08-26,Giải Nhì,587,0
00813,2024-08-26,Giải Nhì,719,1
00813,2024-08-26,Giải Nhì,369,2
00813,2024-08-26,Giải Nhì,205,3
00813,2024-08-26,Giải Nhì,810,4
00813,2024-08-26,Giải Nhì,290,5
00812,2024-08-23,Giải ba,935,0
00812,2024-08-23,Giải ba,232,1
00812,2024-08-23,Giải ba,526,2
00812,2024-08-23,Giải ba,599,3
00812,2024-08-23,Giải ba,379,4
00812,2024-08-23,Giải ba,497,5
00812,2024-08-23,Giải ba,775,6
00812,2024-08-23,Giải ba,143,7
00812,2024-08-23,Giải Đặc biệt,338,0
00812,2024-08-23,Giải Đặc biệt,836,1
00812,2024-08-23,Giải Nhất,249,0
00812,2024-08-23,Giải Nhất,851,1
00812,2024-08-23,Giải Nhất,923,2
00812,2024-08-23,Giải Nhất,789,3
00812,2024-08-23,Giải Nhì,333,0
00812,2024-08-23,Giải Nhì,497,1
00812,2024-08-23,Giải Nhì,273,2
00812,2024-08-23,Giải Nhì,251,3
00812,2024-08-23,Giải Nhì,295,4
00812,2024-08-23,Giải Nhì,290,5
00811,2024-08-21,Giải ba,929,0
00811,2024-08-21,Giải ba,561,1
00811,2024-08-21,Giải ba,256,2
00811,2024-08-21,Giải ba,649,3
00811,2024-08-21,Giải ba,428,4
00811,2024-08-21,Giải ba,744,5
00811,2024-08-21,Giải ba,545,6
00811,2024-08-21,Giải ba,465,7
00811,2024-08-21,Giải Đặc biệt,246,0
00811,2024-08-21,Giải Đặc biệt,886,1
00811,2024-08-21,Giải Nhất,435,0
00811,2024-08-21,Giải Nhất,615,1
00811,2024-08-21,Giải Nhất,885,2
00811,2024-08-21,Giải Nhất,850,3
00811,2024-08-21,Giải Nhì,865,0
00811,2024-08-21,Giải Nhì,478,1
00811,2024-08-21,Giải Nhì,154,2
00811,2024-08-21,Giải Nhì,178,3
00811,2024-08-21,Giải Nhì,129,4
00811,2024-08-21,Giải Nhì,027,5
00810,2024-08-19,Giải ba,547,0
00810,2024-08-19,Giải ba,615,1
00810,2024-08-19,Giải ba,314,2
00810,2024-08-19,Giải ba,445,3
00810,2024-08-19,Giải ba,768,4
00810,2024-08-19,Giải ba,488,5
00810,2024-08-19,Giải ba,543,6
00810,2024-08-19,Giải ba,240,7
00810,2024-08-19,Giải Đặc biệt,179,0
00810,2024-08-19,Giải Đặc biệt,740,1
00810,2024-08-19,Giải Nhất,319,0
00810,2024-08-19,Giải Nhất,990,1
00810,2024-08-19,Giải Nhất,099,2
00810,2024-08-19,Giải Nhất,949,3
00810,2024-08-19,Giải Nhì,750,0
00810,2024-08-19,Giải Nhì,084,1
00810,2024-08-19,Giải Nhì,636,2
00810,2024-08-19,Giải Nhì,770,3
00810,2024-08-19,Giải Nhì,867,4
00810,2024-08-19,Giải Nhì,836,5
00809,2024-08-16,Giải ba,204,0
00809,2024-08-16,Giải ba,576,1
00809,2024-08-16,Giải ba,256,2
00809,2024-08-16,Giải ba,521,3
00809,2024-08-16,Giải ba,504,4
00809,2024-08-16,Giải ba,911,5
00809,2024-08-16,Giải ba,326,6
00809,2024-08-16,Giải ba,621,7
00809,2024-08-16,Giải Đặc biệt,782,0
00809,2024-08-16,Giải Đặc biệt,772,1
00809,2024-08-16,Giải Nhất,881,0
00809,2024-08-16,Giải Nhất,474,1
00809,2024-08-16,Giải Nhất,666,2
00809,2024-08-16,Giải Nhất,045,3
00809,2024-08-16,Giải Nhì,861,0
00809,2024-08-16,Giải Nhì,055,1
00809,2024-08-16,Giải Nhì,719,2
00809,2024-08-16,Giải Nhì,851,3
00809,2024-08-16,Giải Nhì,026,4
00809,2024-08-16,Giải Nhì,853,5
00808,2024-08-14,Giải ba,643,0
00808,2024-08-14,Giải ba,386,1
00808,2024-08-14,Giải ba,185,2
00808,2024-08-14,Giải ba,354,3
00808,2024-08-14,Giải ba,465,4
00808,2024-08-14,Giải ba,151,5
00808,2024-08-14,Giải ba,335,6
00808,2024-08-14,Giải ba,552,7
00808,2024-08-14,Giải Đặc biệt,282,0
00808,2024-08-14,Giải Đặc biệt,633,1
00808,2024-08-14,Giải Nhất,655,0
00808,2024-08-14,Giải Nhất,256,1
00808,2024-08-14,Giải Nhất,698,2
00808,2024-08-14,Giải Nhất,582,3
00808,2024-08-14,Giải Nhì,977,0
00808,2024-08-14,Giải Nhì,075,1
00808,2024-08-14,Giải Nhì,831,2
00808,2024-08-14,Giải Nhì,211,3
00808,2024-08-14,Giải Nhì,515,4
00808,2024-08-14,Giải Nhì,028,5
00807,2024-08-12,Giải ba,629,0
00807,2024-08-12,Giải ba,125,1
00807,2024-08-12,Giải ba,230,2
00807,2024-08-12,Giải ba,134,3
00807,2024-08-12,Giải ba,401,4
00807,2024-08-12,Giải ba,013,5
00807,2024-08-12,Giải ba,199,6
00807,2024-08-12,Giải ba,690,7
00807,2024-08-12,Giải Đặc biệt,140,0
00807,2024-08-12,Giải Đặc biệt,114,1
00807,2024-08-12,Giải Nhất,054,0
00807,2024-08-12,Giải Nhất,218,1
00807,2024-08-12,Giải Nhất,629,2
00807,2024-08-12,Giải Nhất,612,3
00807,2024-08-12,Giải Nhì,704,0
00807,2024-08-12,Giải Nhì,648,1
00807,2024-08-12,Giải Nhì,484,2
00807,2024-08-12,Giải Nhì,117,3
00807,2024-08-12,Giải Nhì,681,4
00807,2024-08-12,Giải Nhì,335,5
00806,2024-08-09,Giải ba,177,0
00806,2024-08-09,Giải ba,657,1
00806,2024-08-09,Giải ba,375,2
00806,2024-08-09,Giải ba,726,3
00806,2024-08-09,Giải ba,364,4
00806,2024-08-09,Giải ba,554,5
00806,2024-08-09,Giải ba,542,6
00806,2024-08-09,Giải ba,568,7
00806,2024-08-09,Giải Đặc biệt,481,0
00806,2024-08-09,Giải Đặc biệt,347,1
00806,2024-08-09,Giải Nhất,093,0
00806,2024-08-09,Giải Nhất,842,1
00806,2024-08-09,Giải Nhất,715,2
00806,2024-08-09,Giải Nhất,034,3
00806,2024-08-09,Giải Nhì,887,0
00806,2024-08-09,Giải Nhì,769,1
00806,2024-08-09,Giải Nhì,569,2
00806,2024-08-09,Giải Nhì,569,3
00806,2024-08-09,Giải Nhì,664,4
00806,2024-08-09,Giải Nhì,422,5
00805,2024-08-07,Giải ba,068,0
00805,2024-08-07,Giải ba,450,1
00805,2024-08-07,Giải ba,016,2
00805,2024-08-07,Giải ba,586,3
00805,2024-08-07,Giải ba,302,4
00805,2024-08-07,Giải ba,252,5
00805,2024-08-07,Giải ba,591,6
00805,2024-08-07,Giải ba,783,7
00805,2024-08-07,Giải Đặc biệt,129,0
00805,2024-08-07,Giải Đặc biệt,728,1
00805,2024-08-07,Giải Nhất,478,0
00805,2024-08-07,Giải Nhất,707,1
00805,2024-08-07,Giải Nhất,769,2
00805,2024-08-07,Giải Nhất,872,3
00805,2024-08-07,Giải Nhì,339,0
00805,2024-08-07,Giải Nhì,007,1
00805,2024-08-07,Giải Nhì,553,2
00805,2024-08-07,Giải Nhì,159,3
00805,2024-08-07,Giải Nhì,277,4
00805,2024-08-07,Giải Nhì,959,5
00804,2024-08-05,Giải ba,390,0
00804,2024-08-05,Giải ba,749,1
00804,2024-08-05,Giải ba,596,2
00804,2024-08-05,Giải ba,753,3
00804,2024-08-05,Giải ba,331,4
00804,2024-08-05,Giải ba,542,5
00804,2024-08-05,Giải ba,190,6
00804,2024-08-05,Giải ba,976,7
00804,2024-08-05,Giải Đặc biệt,638,0
00804,2024-08-05,Giải Đặc biệt,793,1
00804,2024-08-05,Giải Nhất,036,0
00804,2024-08-05,Giải Nhất,809,1
00804,2024-08-05,Giải Nhất,431,2
00804,2024-08-05,Giải Nhất,606,3
00804,2024-08-05,Giải Nhì,667,0
00804,2024-08-05,Giải Nhì,634,1
00804,2024-08-05,Giải Nhì,637,2
00804,2024-08-05,Giải Nhì,692,3
00804,2024-08-05,Giải Nhì,222,4
00804,2024-08-05,Giải Nhì,947,5
00803,2024-08-02,Giải ba,619,0
00803,2024-08-02,Giải ba,807,1
00803,2024-08-02,Giải ba,199,2
00803,2024-08-02,Giải ba,774,3
00803,2024-08-02,Giải ba,688,4
00803,2024-08-02,Giải ba,953,5
00803,2024-08-02,Giải ba,923,6
00803,2024-08-02,Giải ba,588,7
00803,2024-08-02,Giải Đặc biệt,677,0
00803,2024-08-02,Giải Đặc biệt,066,1
00803,2024-08-02,Giải Nhất,569,0
00803,2024-08-02,Giải Nhất,468,1
00803,2024-08-02,Giải Nhất,004,2
00803,2024-08-02,Giải Nhất,697,3
00803,2024-08-02,Giải Nhì,651,0
00803,2024-08-02,Giải Nhì,944,1
00803,2024-08-02,Giải Nhì,416,2
00803,2024-08-02,Giải Nhì,334,3
00803,2024-08-02,Giải Nhì,535,4
00803,2024-08-02,Giải Nhì,046,5
00802,2024-07-31,Giải ba,957,0
00802,2024-07-31,Giải ba,653,1
00802,2024-07-31,Giải ba,924,2
00802,2024-07-31,Giải ba,120,3
00802,2024-07-31,Giải ba,053,4
00802,2024-07-31,Giải ba,463,5
00802,2024-07-31,Giải ba,672,6
00802,2024-07-31,Giải ba,922,7
00802,2024-07-31,Giải Đặc biệt,315,0
00802,2024-07-31,Giải Đặc biệt,437,1
00802,2024-07-31,Giải Nhất,479,0
00802,2024-07-31,Giải Nhất,536,1
00802,2024-07-31,Giải Nhất,337,2
00802,2024-07-31,Giải Nhất,626,3
00802,2024-07-31,Giải Nhì,716,0
00802,2024-07-31,Giải Nhì,942,1
00802,2024-07-31,Giải Nhì,290,2
00802,2024-07-31,Giải Nhì,195,3
00802,2024-07-31,Giải Nhì,216,4
00802,2024-07-31,Giải Nhì,702,5
00801,2024-07-29,Giải ba,705,0
00801,2024-07-29,Giải ba,465,1
00801,2024-07-29,Giải ba,115,2
00801,2024-07-29,Giải ba,764,3
00801,2024-07-29,Giải ba,943,4
00801,2024-07-29,Giải ba,205,5
00801,2024-07-29,Giải ba,832,6
00801,2024-07-29,Giải ba,748,7
00801,2024-07-29,Giải Đặc biệt,502,0
00801,2024-07-29,Giải Đặc biệt,081,1
00801,2024-07-29,Giải Nhất,616,0
00801,2024-07-29,Giải Nhất,055,1
00801,2024-07-29,Giải Nhất,415,2
00801,2024-07-29,Giải Nhất,459,3
00801,2024-07-29,Giải Nhì,804,0
00801,2024-07-29,Giải Nhì,450,1
00801,2024-07-29,Giải Nhì,755,2
00801,2024-07-29,Giải Nhì,999,3
00801,2024-07-29,Giải Nhì,816,4
00801,2024-07-29,Giải Nhì,823,5
00800,2024-07-26,Giải ba,837,0
00800,2024-07-26,Giải ba,373,1
00800,2024-07-26,Giải ba,884,2
00800,2024-07-26,Giải ba,443,3
00800,2024-07-26,Giải ba,659,4
00800,2024-07-26,Giải ba,242,5
00800,2024-07-26,Giải ba,688,6
00800,2024-07-26,Giải ba,026,7
00800,2024-07-26,Giải Đặc biệt,360,0
00800,2024-07-26,Giải Đặc biệt,935,1
00800,2024-07-26,Giải Nhất,887,0
00800,2024-07-26,Giải Nhất,861,1
00800,2024-07-26,Giải Nhất,356,2
00800,2024-07-26,Giải Nhất,650,3
00800,2024-07-26,Giải Nhì,596,0
00800,2024-07-26,Giải Nhì,269,1
00800,2024-07-26,Giải Nhì,165,2
00800,2024-07-26,Giải Nhì,863,3
00800,2024-07-26,Giải Nhì,537,4
00800,2024-07-26,Giải Nhì,091,5
00799,2024-07-24,Giải ba,618,0
00799,2024-07-24,Giải ba,622,1
00799,2024-07-24,Giải ba,928,2
00799,2024-07-24,Giải ba,597,3
00799,2024-07-24,Giải ba,519,4
00799,2024-07-24,Giải ba,808,5
00799,2024-07-24,Giải ba,300,6
00799,2024-07-24,Giải ba,670,7
00799,2024-07-24,Giải Đặc biệt,662,0
00799,2024-07-24,Giải Đặc biệt,611,1
00799,2024-07-24,Giải Nhất,280,0
00799,2024-07-24,Giải Nhất,163,1
00799,2024-07-24,Giải Nhất,199,2
00799,2024-07-24,Giải Nhất,162,3
00799,2024-07-24,Giải Nhì,489,0
00799,2024-07-24,Giải Nhì,924,1
00799,2024-07-24,Giải Nhì,359,2
00799,2024-07-24,Giải Nhì,326,3
00799,2024-07-24,Giải Nhì,389,4
00799,2024-07-24,Giải Nhì,150,5
00798,2024-07-22,Giải ba,822,0
00798,2024-07-22,Giải ba,897,1
00798,2024-07-22,Giải ba,939,2
00798,2024-07-22,Giải ba,663,3
00798,2024-07-22,Giải ba,191,4
00798,2024-07-22,Giải ba,814,5
00798,2024-07-22,Giải ba,585,6
00798,2024-07-22,Giải ba,050,7
00798,2024-07-22,Giải Đặc biệt,487,0
00798,2024-07-22,Giải Đặc biệt,484,1
00798,2024-07-22,Giải Nhất,350,0
00798,2024-07-22,Giải Nhất,441,1
00798,2024-07-22,Giải Nhất,296,2
00798,2024-07-22,Giải Nhất,493,3
00798,2024-07-22,Giải Nhì,151,0
00798,2024-07-22,Giải Nhì,994,1
00798,2024-07-22,Giải Nhì,465,2
00798,2024-07-22,Giải Nhì,412,3
00798,2024-07-22,Giải Nhì,825,4
00798,2024-07-22,Giải Nhì,159,5
00797,2024-07-19,Giải ba,151,0
00797,2024-07-19,Giải ba,945,1
00797,2024-07-19,Giải ba,707,2
00797,2024-07-19,Giải ba,448,3
00797,2024-07-19,Giải ba,546,4
00797,2024-07-19,Giải ba,282,5
00797,2024-07-19,Giải ba,099,6
00797,2024-07-19,Giải ba,270,7
00797,2024-07-19,Giải Đặc biệt,735,0
00797,2024-07-19,Giải Đặc biệt,400,1
00797,2024-07-19,Giải Nhất,411,0
00797,2024-07-19,Giải Nhất,531,1
00797,2024-07-19,Giải Nhất,310,2
00797,2024-07-19,Giải Nhất,975,3
00797,2024-07-19,Giải Nhì,229,0
00797,2024-07-19,Giải Nhì,374,1
00797,2024-07-19,Giải Nhì,018,2
00797,2024-07-19,Giải Nhì,765,3
00797,2024-07-19,Giải Nhì,358,4
00797,2024-07-19,Giải Nhì,725,5
00796,2024-07-17,Giải ba,425,0
00796,2024-07-17,Giải ba,872,1
00796,2024-07-17,Giải ba,303,2
00796,2024-07-17,Giải ba,349,3
00796,2024-07-17,Giải ba,219,4
00796,2024-07-17,Giải ba,436,5
00796,2024-07-17,Giải ba,006,6
00796,2024-07-17,Giải ba,118,7
00796,2024-07-17,Giải Đặc biệt,918,0
00796,2024-07-17,Giải Đặc biệt,543,1
00796,2024-07-17,Giải Nhất,195,0
00796,2024-07-17,Giải Nhất,052,1
00796,2024-07-17,Giải Nhất,156,2
00796,2024-07-17,Giải Nhất,286,3
00796,2024-07-17,Giải Nhì,144,0
00796,2024-07-17,Giải Nhì,097,1
00796,2024-07-17,Giải Nhì,952,2
00796,2024-07-17,Giải Nhì,732,3
00796,2024-07-17,Giải Nhì,763,4
00796,2024-07-17,Giải Nhì,830,5
00795,2024-07-15,Giải ba,631,0
00795,2024-07-15,Giải ba,599,1
00795,2024-07-15,Giải ba,104,2
00795,2024-07-15,Giải ba,304,3
00795,2024-07-15,Giải ba,235,4
00795,2024-07-15,Giải ba,866,5
00795,2024-07-15,Giải ba,807,6
00795,2024-07-15,Giải ba,261,7
00795,2024-07-15,Giải Đặc biệt,443,0
00795,2024-07-15,Giải Đặc biệt,995,1
00795,2024-07-15,Giải Nhất,328,0
00795,2024-07-15,Giải Nhất,463,1
00795,2024-07-15,Giải Nhất,787,2
00795,2024-07-15,Giải Nhất,466,3
00795,2024-07-15,Giải Nhì,095,0
00795,2024-07-15,Giải Nhì,884,1
00795,2024-07-15,Giải Nhì,933,2
00795,2024-07-15,Giải Nhì,917,3
00795,2024-07-15,Giải Nhì,875,4
00795,2024-07-15,Giải Nhì,972,5
00794,2024-07-12,Giải ba,706,0
00794,2024-07-12,Giải ba,241,1
00794,2024-07-12,Giải ba,950,2
00794,2024-07-12,Giải ba,536,3
00794,2024-07-12,Giải ba,444,4
00794,2024-07-12,Giải ba,827,5
00794,2024-07-12,Giải ba,763,6
00794,2024-07-12,Giải ba,897,7
00794,2024-07-12,Giải Đặc biệt,459,0
00794,2024-07-12,Giải Đặc biệt,218,1
00794,2024-07-12,Giải Nhất,471,0
00794,2024-07-12,Giải Nhất,818,1
00794,2024-07-12,Giải Nhất,493,2
00794,2024-07-12,Giải Nhất,293,3
00794,2024-07-12,Giải Nhì,742,0
00794,2024-07-12,Giải Nhì,659,1
00794,2024-07-12,Giải Nhì,284,2
00794,2024-07-12,Giải Nhì,745,3
00794,2024-07-12,Giải Nhì,294,4
00794,2024-07-12,Giải Nhì,904,5
00793,2024-07-10,Giải ba,381,0
00793,2024-07-10,Giải ba,030,1
00793,2024-07-10,Giải ba,343,2
00793,2024-07-10,Giải ba,805,3
00793,2024-07-10,Giải ba,963,4
00793,2024-07-10,Giải ba,601,5
00793,2024-07-10,Giải ba,193,6
00793,2024-07-10,Giải ba,516,7
00793,2024-07-10,Giải Đặc biệt,630,0
00793,2024-07-10,Giải Đặc biệt,172,1
00793,2024-07-10,Giải Nhất,985,0
00793,2024-07-10,Giải Nhất,124,1
00793,2024-07-10,Giải Nhất,646,2
00793,2024-07-10,Giải Nhất,271,3
00793,2024-07-10,Giải Nhì,016,0
00793,2024-07-10,Giải Nhì,038,1
00793,2024-07-10,Giải Nhì,466,2
00793,2024-07-10,Giải Nhì,438,3
00793,2024-07-10,Giải Nhì,781,4
00793,2024-07-10,Giải Nhì,237,5
00792,2024-07-08,Giải ba,393,0
00792,2024-07-08,Giải ba,970,1
00792,2024-07-08,Giải ba,831,2
00792,2024-07-08,Giải ba,147,3
00792,2024-07-08,Giải ba,384,4
00792,2024-07-08,Giải ba,284,5
00792,2024-07-08,Giải ba,017,6
00792,2024-07-08,Giải ba,784,7
00792,2024-07-08,Giải Đặc biệt,534,0
00792,2024-07-08,Giải Đặc biệt,467,1
00792,2024-07-08,Giải Nhất,823,0
00792,2024-07-08,Giải Nhất,933,1
00792,2024-07-08,Giải Nhất,435,2
00792,2024-07-08,Giải Nhất,908,3
00792,2024-07-08,Giải Nhì,365,0
00792,2024-07-08,Giải Nhì,341,1
00792,2024-07-08,Giải Nhì,639,2
00792,2024-07-08,Giải Nhì,313,3
00792,2024-07-08,Giải Nhì,877,4
00792,2024-07-08,Giải Nhì,154,5
00791,2024-07-05,Giải ba,579,0
00791,2024-07-05,Giải ba,691,1
00791,2024-07-05,Giải ba,374,2
00791,2024-07-05,Giải ba,022,3
00791,2024-07-05,Giải ba,137,4
00791,2024-07-05,Giải ba,275,5
00791,2024-07-05,Giải ba,147,6
00791,2024-07-05,Giải ba,341,7
00791,2024-07-05,Giải Đặc biệt,769,0
00791,2024-07-05,Giải Đặc biệt,867,1
00791,2024-07-05,Giải Nhất,769,0
00791,2024-07-05,Giải Nhất,564,1
00791,2024-07-05,Giải Nhất,514,2
00791,2024-07-05,Giải Nhất,056,3
00791,2024-07-05,Giải Nhì,509,0
00791,2024-07-05,Giải Nhì,811,1
00791,2024-07-05,Giải Nhì,579,2
00791,2024-07-05,Giải Nhì,438,3
00791,2024-07-05,Giải Nhì,389,4
00791,2024-07-05,Giải Nhì,628,5
00790,2024-07-03,Giải ba,353,0
00790,2024-07-03,Giải ba,211,1
00790,2024-07-03,Giải ba,914,2
00790,2024-07-03,Giải ba,769,3
00790,2024-07-03,Giải ba,580,4
00790,2024-07-03,Giải ba,707,5
00790,2024-07-03,Giải ba,114,6
00790,2024-07-03,Giải ba,020,7
00790,2024-07-03,Giải Đặc biệt,571,0
00790,2024-07-03,Giải Đặc biệt,631,1
00790,2024-07-03,Giải Nhất,448,0
00790,2024-07-03,Giải Nhất,203,1
00790,2024-07-03,Giải Nhất,410,2
00790,2024-07-03,Giải Nhất,087,3
00790,2024-07-03,Giải Nhì,305,0
00790,2024-07-03,Giải Nhì,684,1
00790,2024-07-03,Giải Nhì,073,2
00790,2024-07-03,Giải Nhì,527,3
00790,2024-07-03,Giải Nhì,910,4
00790,2024-07-03,Giải Nhì,242,5
00789,2024-07-01,Giải ba,356,0
00789,2024-07-01,Giải ba,450,1
00789,2024-07-01,Giải ba,005,2
00789,2024-07-01,Giải ba,661,3
00789,2024-07-01,Giải ba,814,4
00789,2024-07-01,Giải ba,215,5
00789,2024-07-01,Giải ba,052,6
00789,2024-07-01,Giải ba,904,7
00789,2024-07-01,Giải Đặc biệt,789,0
00789,2024-07-01,Giải Đặc biệt,895,1
00789,2024-07-01,Giải Nhất,015,0
00789,2024-07-01,Giải Nhất,106,1
00789,2024-07-01,Giải Nhất,141,2
00789,2024-07-01,Giải Nhất,652,3
00789,2024-07-01,Giải Nhì,835,0
00789,2024-07-01,Giải Nhì,875,1
00789,2024-07-01,Giải Nhì,379,2
00789,2024-07-01,Giải Nhì,060,3
00789,2024-07-01,Giải Nhì,008,4
00789,2024-07-01,Giải Nhì,619,5
00788,2024-06-28,Giải ba,772,0
00788,2024-06-28,Giải ba,918,1
00788,2024-06-28,Giải ba,867,2
00788,2024-06-28,Giải ba,591,3
00788,2024-06-28,Giải ba,605,4
00788,2024-06-28,Giải ba,314,5
00788,2024-06-28,Giải ba,422,6
00788,2024-06-28,Giải ba,411,7
00788,2024-06-28,Giải Đặc biệt,398,0
00788,2024-06-28,Giải Đặc biệt,551,1
00788,2024-06-28,Giải Nhất,993,0
00788,2024-06-28,Giải Nhất,519,1
00788,2024-06-28,Giải Nhất,662,2
00788,2024-06-28,Giải Nhất,919,3
00788,2024-06-28,Giải Nhì,051,0
00788,2024-06-28,Giải Nhì,306,1
00788,2024-06-28,Giải Nhì,093,2
00788,2024-06-28,Giải Nhì,380,3
00788,2024-06-28,Giải Nhì,520,4
00788,2024-06-28,Giải Nhì,586,5
00787,2024-06-26,Giải ba,678,0
00787,2024-06-26,Giải ba,522,1
00787,2024-06-26,Giải ba,424,2
00787,2024-06-26,Giải ba,167,3
00787,2024-06-26,Giải ba,706,4
00787,2024-06-26,Giải ba,372,5
00787,2024-06-26,Giải ba,993,6
00787,2024-06-26,Giải ba,637,7
00787,2024-06-26,Giải Đặc biệt,443,0
00787,2024-06-26,Giải Đặc biệt,532,1
00787,2024-06-26,Giải Nhất,275,0
00787,2024-06-26,Giải Nhất,039,1
00787,2024-06-26,Giải Nhất,977,2
00787,2024-06-26,Giải Nhất,916,3
00787,2024-06-26,Giải Nhì,865,0
00787,2024-06-26,Giải Nhì,078,1
00787,2024-06-26,Giải Nhì,630,2
00787,2024-06-26,Giải Nhì,275,3
00787,2024-06-26,Giải Nhì,723,4
00787,2024-06-26,Giải Nhì,436,5
00786,2024-06-24,Giải ba,795,0
00786,2024-06-24,Giải ba,107,1
00786,2024-06-24,Giải ba,599,2
00786,2024-06-24,Giải ba,549,3
00786,2024-06-24,Giải ba,322,4
00786,2024-06-24,Giải ba,921,5
00786,2024-06-24,Giải ba,432,6
00786,2024-06-24,Giải ba,630,7
00786,2024-06-24,Giải Đặc biệt,825,0
00786,2024-06-24,Giải Đặc biệt,663,1
00786,2024-06-24,Giải Nhất,377,0
00786,2024-06-24,Giải Nhất,661,1
00786,2024-06-24,Giải Nhất,355,2
00786,2024-06-24,Giải Nhất,554,3
00786,2024-06-24,Giải Nhì,148,0
00786,2024-06-24,Giải Nhì,851,1
00786,2024-06-24,Giải Nhì,602,2
00786,2024-06-24,Giải Nhì,822,3
00786,2024-06-24,Giải Nhì,619,4
00786,2024-06-24,Giải Nhì,273,5
00785,2024-06-21,Giải ba,858,0
00785,2024-06-21,Giải ba,835,1
00785,2024-06-21,Giải ba,115,2
00785,2024-06-21,Giải ba,459,3
00785,2024-06-21,Giải ba,365,4
00785,2024-06-21,Giải ba,150,5
00785,2024-06-21,Giải ba,855,6
00785,2024-06-21,Giải ba,288,7
00785,2024-06-21,Giải Đặc biệt,057,0
00785,2024-06-21,Giải Đặc biệt,188,1
00785,2024-06-21,Giải Nhất,550,0
00785,2024-06-21,Giải Nhất,607,1
00785,2024-06-21,Giải Nhất,554,2
00785,2024-06-21,Giải Nhất,264,3
00785,2024-06-21,Giải Nhì,512,0
00785,2024-06-21,Giải Nhì,904,1
00785,2024-06-21,Giải Nhì,410,2
00785,2024-06-21,Giải Nhì,068,3
00785,2024-06-21,Giải Nhì,248,4
00785,2024-06-21,Giải Nhì,369,5
00784,2024-06-19,Giải ba,368,0
00784,2024-06-19,Giải ba,768,1
00784,2024-06-19,Giải ba,090,2
00784,2024-06-19,Giải ba,253,3
00784,2024-06-19,Giải ba,847,4
00784,2024-06-19,Giải ba,892,5
00784,2024-06-19,Giải ba,125,6
00784,2024-06-19,Giải ba,537,7
00784,2024-06-19,Giải Đặc biệt,340,0
00784,2024-06-19,Giải Đặc biệt,260,1
00784,2024-06-19,Giải Nhất,597,0
00784,2024-06-19,Giải Nhất,845,1
00784,2024-06-19,Giải Nhất,507,2
00784,2024-06-19,Giải Nhất,434,3
00784,2024-06-19,Giải Nhì,330,0
00784,2024-06-19,Giải Nhì,387,1
00784,2024-06-19,Giải Nhì,765,2
00784,2024-06-19,Giải Nhì,589,3
00784,2024-06-19,Giải Nhì,366,4
00784,2024-06-19,Giải Nhì,159,5
00783,2024-06-17,Giải ba,122,0
00783,2024-06-17,Giải ba,728,1
00783,2024-06-17,Giải ba,603,2
00783,2024-06-17,Giải ba,050,3
00783,2024-06-17,Giải ba,687,4
00783,2024-06-17,Giải ba,347,5
00783,2024-06-17,Giải ba,302,6
00783,2024-06-17,Giải ba,746,7
00783,2024-06-17,Giải Đặc biệt,687,0
00783,2024-06-17,Giải Đặc biệt,382,1
00783,2024-06-17,Giải Nhất,866,0
00783,2024-06-17,Giải Nhất,359,1
00783,2024-06-17,Giải Nhất,553,2
00783,2024-06-17,Giải Nhất,146,3
00783,2024-06-17,Giải Nhì,220,0
00783,2024-06-17,Giải Nhì,772,1
00783,2024-06-17,Giải Nhì,240,2
00783,2024-06-17,Giải Nhì,461,3
00783,2024-06-17,Giải Nhì,740,4
00783,2024-06-17,Giải Nhì,506,5
00782,2024-06-14,Giải ba,219,0
00782,2024-06-14,Giải ba,779,1
00782,2024-06-14,Giải ba,161,2
00782,2024-06-14,Giải ba,503,3
00782,2024-06-14,Giải ba,468,4
00782,2024-06-14,Giải ba,577,5
00782,2024-06-14,Giải ba,577,6
00782,2024-06-14,Giải ba,096,7
00782,2024-06-14,Giải Đặc biệt,870,0
00782,2024-06-14,Giải Đặc biệt,689,1
00782,2024-06-14,Giải Nhất,686,0
00782,2024-06-14,Giải Nhất,881,1
00782,2024-06-14,Giải Nhất,543,2
00782,2024-06-14,Giải Nhất,581,3
00782,2024-06-14,Giải Nhì,415,0
00782,2024-06-14,Giải Nhì,870,1
00782,2024-06-14,Giải Nhì,959,2
00782,2024-06-14,Giải Nhì,244,3
00782,2024-06-14,Giải Nhì,994,4
00782,2024-06-14,Giải Nhì,412,5
00781,2024-06-12,Giải ba,985,0
00781,2024-06-12,Giải ba,473,1
00781,2024-06-12,Giải ba,706,2
00781,2024-06-12,Giải ba,070,3
00781,2024-06-12,Giải ba,606,4
00781,2024-06-12,Giải ba,321,5
00781,2024-06-12,Giải ba,027,6
00781,2024-06-12,Giải ba,638,7
00781,2024-06-12,Giải Đặc biệt,889,0
00781,2024-06-12,Giải Đặc biệt,812,1
00781,2024-06-12,Giải Nhất,477,0
00781,2024-06-12,Giải Nhất,756,1
00781,2024-06-12,Giải Nhất,072,2
00781,2024-06-12,Giải Nhất,724,3
00781,2024-06-12,Giải Nhì,493,0
00781,2024-06-12,Giải Nhì,222,1
00781,2024-06-12,Giải Nhì,779,2
00781,2024-06-12,Giải Nhì,827,3
00781,2024-06-12,Giải Nhì,101,4
00781,2024-06-12,Giải Nhì,319,5
00780,2024-06-10,Giải ba,396,0
00780,2024-06-10,Giải ba,204,1
00780,2024-06-10,Giải ba,591,2
00780,2024-06-10,Giải ba,085,3
00780,2024-06-10,Giải ba,849,4
00780,2024-06-10,Giải ba,862,5
00780,2024-06-10,Giải ba,756,6
00780,2024-06-10,Giải ba,058,7
00780,2024-06-10,Giải Đặc biệt,950,0
00780,2024-06-10,Giải Đặc biệt,472,1
00780,2024-06-10,Giải Nhất,570,0
00780,2024-06-10,Giải Nhất,905,1
00780,2024-06-10,Giải Nhất,705,2
00780,2024-06-10,Giải Nhất,574,3
00780,2024-06-10,Giải Nhì,641,0
00780,2024-06-10,Giải Nhì,086,1
00780,2024-06-10,Giải Nhì,091,2
00780,2024-06-10,Giải Nhì,661,3
00780,2024-06-10,Giải Nhì,139,4
00780,2024-06-10,Giải Nhì,563,5
00779,2024-06-07,Giải ba,554,0
00779,2024-06-07,Giải ba,255,1
00779,2024-06-07,Giải ba,635,2
00779,2024-06-07,Giải ba,487,3
00779,2024-06-07,Giải ba,119,4
00779,2024-06-07,Giải ba,165,5
00779,2024-06-07,Giải ba,100,6
00779,2024-06-07,Giải ba,551,7
00779,2024-06-07,Giải Đặc biệt,538,0
00779,2024-06-07,Giải Đặc biệt,391,1
00779,2024-06-07,Giải Nhất,394,0
00779,2024-06-07,Giải Nhất,550,1
00779,2024-06-07,Giải Nhất,409,2
00779,2024-06-07,Giải Nhất,724,3
00779,2024-06-07,Giải Nhì,523,0
00779,2024-06-07,Giải Nhì,112,1
00779,2024-06-07,Giải Nhì,873,2
00779,2024-06-07,Giải Nhì,266,3
00779,2024-06-07,Giải Nhì,912,4
00779,2024-06-07,Giải Nhì,383,5
00778,2024-06-05,Giải ba,119,0
00778,2024-06-05,Giải ba,786,1
00778,2024-06-05,Giải ba,691,2
00778,2024-06-05,Giải ba,514,3
00778,2024-06-05,Giải ba,227,4
00778,2024-06-05,Giải ba,207,5
00778,2024-06-05,Giải ba,747,6
00778,2024-06-05,Giải ba,726,7
00778,2024-06-05,Giải Đặc biệt,043,0
00778,2024-06-05,Giải Đặc biệt,147,1
00778,2024-06-05,Giải Nhất,683,0
00778,2024-06-05,Giải Nhất,484,1
00778,2024-06-05,Giải Nhất,064,2
00778,2024-06-05,Giải Nhất,243,3
00778,2024-06-05,Giải Nhì,943,0
00778,2024-06-05,Giải Nhì,773,1
00778,2024-06-05,Giải Nhì,276,2
00778,2024-06-05,Giải Nhì,937,3
00778,2024-06-05,Giải Nhì,358,4
00778,2024-06-05,Giải Nhì,834,5
00777,2024-06-03,Giải ba,699,0
00777,2024-06-03,Giải ba,857,1
00777,2024-06-03,Giải ba,626,2
00777,2024-06-03,Giải ba,628,3
00777,2024-06-03,Giải ba,492,4
00777,2024-06-03,Giải ba,995,5
00777,2024-06-03,Giải ba,649,6
00777,2024-06-03,Giải ba,006,7
00777,2024-06-03,Giải Đặc biệt,042,0
00777,2024-06-03,Giải Đặc biệt,881,1
00777,2024-06-03,Giải Nhất,021,0
00777,2024-06-03,Giải Nhất,698,1
00777,2024-06-03,Giải Nhất,050,2
00777,2024-06-03,Giải Nhất,006,3
00777,2024-06-03,Giải Nhì,151,0
00777,2024-06-03,Giải Nhì,608,1
00777,2024-06-03,Giải Nhì,119,2
00777,2024-06-03,Giải Nhì,514,3
00777,2024-06-03,Giải Nhì,380,4
00777,2024-06-03,Giải Nhì,898,5
00776,2024-05-31,Giải ba,855,0
00776,2024-05-31,Giải ba,089,1
00776,2024-05-31,Giải ba,098,2
00776,2024-05-31,Giải ba,630,3
00776,2024-05-31,Giải ba,707,4
00776,2024-05-31,Giải ba,286,5
00776,2024-05-31,Giải ba,960,6
00776,2024-05-31,Giải ba,019,7
00776,2024-05-31,Giải Đặc biệt,041,0
00776,2024-05-31,Giải Đặc biệt,146,1
00776,2024-05-31,Giải Nhất,641,0
00776,2024-05-31,Giải Nhất,008,1
00776,2024-05-31,Giải Nhất,928,2
00776,2024-05-31,Giải Nhất,874,3
00776,2024-05-31,Giải Nhì,067,0
00776,2024-05-31,Giải Nhì,472,1
00776,2024-05-31,Giải Nhì,175,2
00776,2024-05-31,Giải Nhì,755,3
00776,2024-05-31,Giải Nhì,872,4
00776,2024-05-31,Giải Nhì,170,5
00775,2024-05-29,Giải ba,625,0
00775,2024-05-29,Giải ba,520,1
00775,2024-05-29,Giải ba,657,2
00775,2024-05-29,Giải ba,322,3
00775,2024-05-29,Giải ba,617,4
00775,2024-05-29,Giải ba,029,5
00775,2024-05-29,Giải ba,466,6
00775,2024-05-29,Giải ba,470,7
00775,2024-05-29,Giải Đặc biệt,368,0
00775,2024-05-29,Giải Đặc biệt,126,1
00775,2024-05-29,Giải Nhất,477,0
00775,2024-05-29,Giải Nhất,410,1
00775,2024-05-29,Giải Nhất,745,2
00775,2024-05-29,Giải Nhất,611,3
00775,2024-05-29,Giải Nhì,098,0
00775,2024-05-29,Giải Nhì,608,1
00775,2024-05-29,Giải Nhì,206,2
00775,2024-05-29,Giải Nhì,528,3
00775,2024-05-29,Giải Nhì,836,4
00775,2024-05-29,Giải Nhì,750,5
00774,2024-05-27,Giải ba,328,0
00774,2024-05-27,Giải ba,324,1
00774,2024-05-27,Giải ba,172,2
00774,2024-05-27,Giải ba,939,3
00774,2024-05-27,Giải ba,298,4
00774,2024-05-27,Giải ba,073,5
00774,2024-05-27,Giải ba,410,6
00774,2024-05-27,Giải ba,133,7
00774,2024-05-27,Giải Đặc biệt,896,0
00774,2024-05-27,Giải Đặc biệt,253,1
00774,2024-05-27,Giải Nhất,211,0
00774,2024-05-27,Giải Nhất,224,1
00774,2024-05-27,Giải Nhất,982,2
00774,2024-05-27,Giải Nhất,519,3
00774,2024-05-27,Giải Nhì,476,0
00774,2024-05-27,Giải Nhì,782,1
00774,2024-05-27,Giải Nhì,701,2
00774,2024-05-27,Giải Nhì,173,3
00774,2024-05-27,Giải Nhì,530,4
00774,2024-05-27,Giải Nhì,459,5
00773,2024-05-24,Giải ba,209,0
00773,2024-05-24,Giải ba,706,1
00773,2024-05-24,Giải ba,218,2
00773,2024-05-24,Giải ba,094,3
00773,2024-05-24,Giải ba,500,4
00773,2024-05-24,Giải ba,445,5
00773,2024-05-24,Giải ba,480,6
00773,2024-05-24,Giải ba,018,7
00773,2024-05-24,Giải Đặc biệt,465,0
00773,2024-05-24,Giải Đặc biệt,479,1
00773,2024-05-24,Giải Nhất,780,0
00773,2024-05-24,Giải Nhất,250,1
00773,2024-05-24,Giải Nhất,206,2
00773,2024-05-24,Giải Nhất,786,3
00773,2024-05-24,Giải Nhì,362,0
00773,2024-05-24,Giải Nhì,233,1
00773,2024-05-24,Giải Nhì,606,2
00773,2024-05-24,Giải Nhì,552,3
00773,2024-05-24,Giải Nhì,222,4
00773,2024-05-24,Giải Nhì,075,5
00772,2024-05-22,Giải ba,411,0
00772,2024-05-22,Giải ba,564,1
00772,2024-05-22,Giải ba,679,2
00772,2024-05-22,Giải ba,472,3
00772,2024-05-22,Giải ba,579,4
00772,2024-05-22,Giải ba,625,5
00772,2024-05-22,Giải ba,802,6
00772,2024-05-22,Giải ba,469,7
00772,2024-05-22,Giải Đặc biệt,493,0
00772,2024-05-22,Giải Đặc biệt,691,1
00772,2024-05-22,Giải Nhất,066,0
00772,2024-05-22,Giải Nhất,566,1
00772,2024-05-22,Giải Nhất,928,2
00772,2024-05-22,Giải Nhất,691,3
00772,2024-05-22,Giải Nhì,096,0
00772,2024-05-22,Giải Nhì,541,1
00772,2024-05-22,Giải Nhì,183,2
00772,2024-05-22,Giải Nhì,645,3
00772,2024-05-22,Giải Nhì,195,4
00772,2024-05-22,Giải Nhì,093,5
00771,2024-05-20,Giải ba,769,0
00771,2024-05-20,Giải ba,743,1
00771,2024-05-20,Giải ba,308,2
00771,2024-05-20,Giải ba,593,3
00771,2024-05-20,Giải ba,675,4
00771,2024-05-20,Giải ba,056,5
00771,2024-05-20,Giải ba,927,6
00771,2024-05-20,Giải ba,346,7
00771,2024-05-20,Giải Đặc biệt,820,0
00771,2024-05-20,Giải Đặc biệt,749,1
00771,2024-05-20,Giải Nhất,174,0
00771,2024-05-20,Giải Nhất,017,1
00771,2024-05-20,Giải Nhất,235,2
00771,2024-05-20,Giải Nhất,707,3
00771,2024-05-20,Giải Nhì,785,0
00771,2024-05-20,Giải Nhì,789,1
00771,2024-05-20,Giải Nhì,510,2
00771,2024-05-20,Giải Nhì,930,3
00771,2024-05-20,Giải Nhì,123,4
00771,2024-05-20,Giải Nhì,123,5
00770,2024-05-17,Giải ba,047,0
00770,2024-05-17,Giải ba,966,1
00770,2024-05-17,Giải ba,682,2
00770,2024-05-17,Giải ba,748,3
00770,2024-05-17,Giải ba,494,4
00770,2024-05-17,Giải ba,549,5
00770,2024-05-17,Giải ba,052,6
00770,2024-05-17,Giải ba,659,7
00770,2024-05-17,Giải Đặc biệt,750,0
00770,2024-05-17,Giải Đặc biệt,193,1
00770,2024-05-17,Giải Nhất,202,0
00770,2024-05-17,Giải Nhất,250,1
00770,2024-05-17,Giải Nhất,007,2
00770,2024-05-17,Giải Nhất,800,3
00770,2024-05-17,Giải Nhì,499,0
00770,2024-05-17,Giải Nhì,570,1
00770,2024-05-17,Giải Nhì,233,2
00770,2024-05-17,Giải Nhì,548,3
00770,2024-05-17,Giải Nhì,604,4
00770,2024-05-17,Giải Nhì,739,5
00769,2024-05-15,Giải ba,193,0
00769,2024-05-15,Giải ba,683,1
00769,2024-05-15,Giải ba,756,2
00769,2024-05-15,Giải ba,800,3
00769,2024-05-15,Giải ba,682,4
00769,2024-05-15,Giải ba,877,5
00769,2024-05-15,Giải ba,807,6
00769,2024-05-15,Giải ba,163,7
00769,2024-05-15,Giải Đặc biệt,388,0
00769,2024-05-15,Giải Đặc biệt,887,1
00769,2024-05-15,Giải Nhất,883,0
00769,2024-05-15,Giải Nhất,167,1
00769,2024-05-15,Giải Nhất,854,2
00769,2024-05-15,Giải Nhất,931,3
00769,2024-05-15,Giải Nhì,510,0
00769,2024-05-15,Giải Nhì,133,1
00769,2024-05-15,Giải Nhì,637,2
00769,2024-05-15,Giải Nhì,876,3
00769,2024-05-15,Giải Nhì,075,4
00769,2024-05-15,Giải Nhì,756,5
00768,2024-05-13,Giải ba,430,0
00768,2024-05-13,Giải ba,510,1
00768,2024-05-13,Giải ba,669,2
00768,2024-05-13,Giải ba,746,3
00768,2024-05-13,Giải ba,607,4
00768,2024-05-13,Giải ba,384,5
00768,2024-05-13,Giải ba,998,6
00768,2024-05-13,Giải ba,972,7
00768,2024-05-13,Giải Đặc biệt,134,0
00768,2024-05-13,Giải Đặc biệt,952,1
00768,2024-05-13,Giải Nhất,752,0
00768,2024-05-13,Giải Nhất,760,1
00768,2024-05-13,Giải Nhất,202,2
00768,2024-05-13,Giải Nhất,164,3
00768,2024-05-13,Giải Nhì,722,0
00768,2024-05-13,Giải Nhì,236,1
00768,2024-05-13,Giải Nhì,943,2
00768,2024-05-13,Giải Nhì,895,3
00768,2024-05-13,Giải Nhì,656,4
00768,2024-05-13,Giải Nhì,260,5
00767,2024-05-10,Giải ba,817,0
00767,2024-05-10,Giải ba,484,1
00767,2024-05-10,Giải ba,920,2
00767,2024-05-10,Giải ba,732,3
00767,2024-05-10,Giải ba,842,4
00767,2024-05-10,Giải ba,292,5
00767,2024-05-10,Giải ba,484,6
00767,2024-05-10,Giải ba,733,7
00767,2024-05-10,Giải Đặc biệt,289,0
00767,2024-05-10,Giải Đặc biệt,278,1
00767,2024-05-10,Giải Nhất,890,0
00767,2024-05-10,Giải Nhất,982,1
00767,2024-05-10,Giải Nhất,099,2
00767,2024-05-10,Giải Nhất,204,3
00767,2024-05-10,Giải Nhì,613,0
00767,2024-05-10,Giải Nhì,000,1
00767,2024-05-10,Giải Nhì,618,2
00767,2024-05-10,Giải Nhì,763,3
00767,2024-05-10,Giải Nhì,380,4
00767,2024-05-10,Giải Nhì,830,5
00766,2024-05-08,Giải ba,060,0
00766,2024-05-08,Giải ba,616,1
00766,2024-05-08,Giải ba,667,2
00766,2024-05-08,Giải ba,024,3
00766,2024-05-08,Giải ba,615,4
00766,2024-05-08,Giải ba,821,5
00766,2024-05-08,Giải ba,899,6
00766,2024-05-08,Giải ba,790,7
00766,2024-05-08,Giải Đặc biệt,687,0
00766,2024-05-08,Giải Đặc biệt,453,1
00766,2024-05-08,Giải Nhất,345,0
00766,2024-05-08,Giải Nhất,933,1
00766,2024-05-08,Giải Nhất,468,2
00766,2024-05-08,Giải Nhất,666,3
00766,2024-05-08,Giải Nhì,446,0
00766,2024-05-08,Giải Nhì,996,1
00766,2024-05-08,Giải Nhì,899,2
00766,2024-05-08,Giải Nhì,426,3
00766,2024-05-08,Giải Nhì,559,4
00766,2024-05-08,Giải Nhì,051,5
00765,2024-05-06,Giải ba,000,0
00765,2024-05-06,Giải ba,096,1
00765,2024-05-06,Giải ba,578,2
00765,2024-05-06,Giải ba,780,3
00765,2024-05-06,Giải ba,367,4
00765,2024-05-06,Giải ba,233,5
00765,2024-05-06,Giải ba,050,6
00765,2024-05-06,Giải ba,943,7
00765,2024-05-06,Giải Đặc biệt,713,0
00765,2024-05-06,Giải Đặc biệt,446,1
00765,2024-05-06,Giải Nhất,061,0
00765,2024-05-06,Giải Nhất,858,1
00765,2024-05-06,Giải Nhất,288,2
00765,2024-05-06,Giải Nhất,321,3
00765,2024-05-06,Giải Nhì,167,0
00765,2024-05-06,Giải Nhì,529,1
00765,2024-05-06,Giải Nhì,730,2
00765,2024-05-06,Giải Nhì,305,3
00765,2024-05-06,Giải Nhì,585,4
00765,2024-05-06,Giải Nhì,336,5
00764,2024-05-03,Giải ba,364,0
00764,2024-05-03,Giải ba,323,1
00764,2024-05-03,Giải ba,421,2
00764,2024-05-03,Giải ba,386,3
00764,2024-05-03,Giải ba,190,4
00764,2024-05-03,Giải ba,065,5
00764,2024-05-03,Giải ba,594,6
00764,2024-05-03,Giải ba,694,7
00764,2024-05-03,Giải Đặc biệt,119,0
00764,2024-05-03,Giải Đặc biệt,793,1
00764,2024-05-03,Giải Nhất,750,0
00764,2024-05-03,Giải Nhất,665,1
00764,2024-05-03,Giải Nhất,323,2
00764,2024-05-03,Giải Nhất,285,3
00764,2024-05-03,Giải Nhì,448,0
00764,2024-05-03,Giải Nhì,247,1
00764,2024-05-03,Giải Nhì,905,2
00764,2024-05-03,Giải Nhì,501,3
00764,2024-05-03,Giải Nhì,588,4
00764,2024-05-03,Giải Nhì,309,5
00763,2024-05-01,Giải ba,334,0
00763,2024-05-01,Giải ba,650,1
00763,2024-05-01,Giải ba,073,2
00763,2024-05-01,Giải ba,456,3
00763,2024-05-01,Giải ba,296,4
00763,2024-05-01,Giải ba,592,5
00763,2024-05-01,Giải ba,819,6
00763,2024-05-01,Giải ba,496,7
00763,2024-05-01,Giải Đặc biệt,577,0
00763,2024-05-01,Giải Đặc biệt,704,1
00763,2024-05-01,Giải Nhất,380,0
00763,2024-05-01,Giải Nhất,287,1
00763,2024-05-01,Giải Nhất,186,2
00763,2024-05-01,Giải Nhất,594,3
00763,2024-05-01,Giải Nhì,360,0
00763,2024-05-01,Giải Nhì,551,1
00763,2024-05-01,Giải Nhì,407,2
00763,2024-05-01,Giải Nhì,717,3
00763,2024-05-01,Giải Nhì,174,4
00763,2024-05-01,Giải Nhì,332,5
00762,2024-04-29,Giải ba,476,0
00762,2024-04-29,Giải ba,806,1
00762,2024-04-29,Giải ba,441,2
00762,2024-04-29,Giải ba,918,3
00762,2024-04-29,Giải ba,490,4
00762,2024-04-29,Giải ba,218,5
00762,2024-04-29,Giải ba,865,6
00762,2024-04-29,Giải ba,255,7
00762,2024-04-29,Giải Đặc biệt,171,0
00762,2024-04-29,Giải Đặc biệt,119,1
00762,2024-04-29,Giải Nhất,882,0
00762,2024-04-29,Giải Nhất,271,1
00762,2024-04-29,Giải Nhất,027,2
00762,2024-04-29,Giải Nhất,078,3
00762,2024-04-29,Giải Nhì,431,0
00762,2024-04-29,Giải Nhì,340,1
00762,2024-04-29,Giải Nhì,087,2
00762,2024-04-29,Giải Nhì,988,3
00762,2024-04-29,Giải Nhì,744,4
00762,2024-04-29,Giải Nhì,204,5
00761,2024-04-26,Giải ba,308,0
00761,2024-04-26,Giải ba,523,1
00761,2024-04-26,Giải ba,285,2
00761,2024-04-26,Giải ba,509,3
00761,2024-04-26,Giải ba,686,4
00761,2024-04-26,Giải ba,998,5
00761,2024-04-26,Giải ba,088,6
00761,2024-04-26,Giải ba,266,7
00761,2024-04-26,Giải Đặc biệt,848,0
00761,2024-04-26,Giải Đặc biệt,528,1
00761,2024-04-26,Giải Nhất,158,0
00761,2024-04-26,Giải Nhất,438,1
00761,2024-04-26,Giải Nhất,060,2
00761,2024-04-26,Giải Nhất,879,3
00761,2024-04-26,Giải Nhì,300,0
00761,2024-04-26,Giải Nhì,246,1
00761,2024-04-26,Giải Nhì,826,2
00761,2024-04-26,Giải Nhì,422,3
00761,2024-04-26,Giải Nhì,959,4
00761,2024-04-26,Giải Nhì,300,5
00760,2024-04-24,Giải ba,545,0
00760,2024-04-24,Giải ba,067,1
00760,2024-04-24,Giải ba,608,2
00760,2024-04-24,Giải ba,388,3
00760,2024-04-24,Giải ba,305,4
00760,2024-04-24,Giải ba,726,5
00760,2024-04-24,Giải ba,700,6
00760,2024-04-24,Giải ba,216,7
00760,2024-04-24,Giải Đặc biệt,200,0
00760,2024-04-24,Giải Đặc biệt,297,1
00760,2024-04-24,Giải Nhất,501,0
00760,2024-04-24,Giải Nhất,387,1
00760,2024-04-24,Giải Nhất,402,2
00760,2024-04-24,Giải Nhất,733,3
00760,2024-04-24,Giải Nhì,043,0
00760,2024-04-24,Giải Nhì,024,1
00760,2024-04-24,Giải Nhì,346,2
00760,2024-04-24,Giải Nhì,578,3
00760,2024-04-24,Giải Nhì,729,4
00760,2024-04-24,Giải Nhì,548,5
00759,2024-04-22,Giải ba,271,0
00759,2024-04-22,Giải ba,131,1
00759,2024-04-22,Giải ba,766,2
00759,2024-04-22,Giải ba,852,3
00759,2024-04-22,Giải ba,100,4
00759,2024-04-22,Giải ba,760,5
00759,2024-04-22,Giải ba,835,6
00759,2024-04-22,Giải ba,225,7
00759,2024-04-22,Giải Đặc biệt,879,0
00759,2024-04-22,Giải Đặc biệt,319,1
00759,2024-04-22,Giải Nhất,299,0
00759,2024-04-22,Giải Nhất,833,1
00759,2024-04-22,Giải Nhất,926,2
00759,2024-04-22,Giải Nhất,356,3
00759,2024-04-22,Giải Nhì,686,0
00759,2024-04-22,Giải Nhì,270,1
00759,2024-04-22,Giải Nhì,011,2
00759,2024-04-22,Giải Nhì,983,3
00759,2024-04-22,Giải Nhì,076,4
00759,2024-04-22,Giải Nhì,048,5
00758,2024-04-19,Giải ba,484,0
00758,2024-04-19,Giải ba,923,1
00758,2024-04-19,Giải ba,347,2
00758,2024-04-19,Giải ba,270,3
00758,2024-04-19,Giải ba,385,4
00758,2024-04-19,Giải ba,460,5
00758,2024-04-19,Giải ba,322,6
00758,2024-04-19,Giải ba,141,7
00758,2024-04-19,Giải Đặc biệt,400,0
00758,2024-04-19,Giải Đặc biệt,736,1
00758,2024-04-19,Giải Nhất,226,0
00758,2024-04-19,Giải Nhất,212,1
00758,2024-04-19,Giải Nhất,454,2
00758,2024-04-19,Giải Nhất,631,3
00758,2024-04-19,Giải Nhì,641,0
00758,2024-04-19,Giải Nhì,669,1
00758,2024-04-19,Giải Nhì,445,2
00758,2024-04-19,Giải Nhì,154,3
00758,2024-04-19,Giải Nhì,183,4
00758,2024-04-19,Giải Nhì,867,5
00757,2024-04-17,Giải ba,914,0
00757,2024-04-17,Giải ba,571,1
00757,2024-04-17,Giải ba,612,2
00757,2024-04-17,Giải ba,278,3
00757,2024-04-17,Giải ba,441,4
00757,2024-04-17,Giải ba,796,5
00757,2024-04-17,Giải ba,128,6
00757,2024-04-17,Giải ba,234,7
00757,2024-04-17,Giải Đặc biệt,273,0
00757,2024-04-17,Giải Đặc biệt,124,1
00757,2024-04-17,Giải Nhất,317,0
00757,2024-04-17,Giải Nhất,333,1
00757,2024-04-17,Giải Nhất,298,2
00757,2024-04-17,Giải Nhất,812,3
00757,2024-04-17,Giải Nhì,644,0
00757,2024-04-17,Giải Nhì,636,1
00757,2024-04-17,Giải Nhì,420,2
00757,2024-04-17,Giải Nhì,510,3
00757,2024-04-17,Giải Nhì,307,4
00757,2024-04-17,Giải Nhì,709,5
00756,2024-04-15,Giải ba,300,0
00756,2024-04-15,Giải ba,819,1
00756,2024-04-15,Giải ba,478,2
00756,2024-04-15,Giải ba,882,3
00756,2024-04-15,Giải ba,979,4
00756,2024-04-15,Giải ba,692,5
00756,2024-04-15,Giải ba,611,6
00756,2024-04-15,Giải ba,094,7
00756,2024-04-15,Giải Đặc biệt,157,0
00756,2024-04-15,Giải Đặc biệt,349,1
00756,2024-04-15,Giải Nhất,832,0
00756,2024-04-15,Giải Nhất,311,1
00756,2024-04-15,Giải Nhất,228,2
00756,2024-04-15,Giải Nhất,735,3
00756,2024-04-15,Giải Nhì,650,0
00756,2024-04-15,Giải Nhì,867,1
00756,2024-04-15,Giải Nhì,963,2
00756,2024-04-15,Giải Nhì,236,3
00756,2024-04-15,Giải Nhì,487,4
00756,2024-04-15,Giải Nhì,513,5
00755,2024-04-12,Giải ba,041,0
00755,2024-04-12,Giải ba,665,1
00755,2024-04-12,Giải ba,038,2
00755,2024-04-12,Giải ba,389,3
00755,2024-04-12,Giải ba,067,4
00755,2024-04-12,Giải ba,748,5
00755,2024-04-12,Giải ba,226,6
00755,2024-04-12,Giải ba,557,7
00755,2024-04-12,Giải Đặc biệt,720,0
00755,2024-04-12,Giải Đặc biệt,217,1
00755,2024-04-12,Giải Nhất,573,0
00755,2024-04-12,Giải Nhất,379,1
00755,2024-04-12,Giải Nhất,612,2
00755,2024-04-12,Giải Nhất,338,3
00755,2024-04-12,Giải Nhì,264,0
00755,2024-04-12,Giải Nhì,144,1
00755,2024-04-12,Giải Nhì,114,2
00755,2024-04-12,Giải Nhì,025,3
00755,2024-04-12,Giải Nhì,465,4
00755,2024-04-12,Giải Nhì,932,5
00754,2024-04-10,Giải ba,626,0
00754,2024-04-10,Giải ba,240,1
00754,2024-04-10,Giải ba,729,2
00754,2024-04-10,Giải ba,972,3
00754,2024-04-10,Giải ba,531,4
00754,2024-04-10,Giải ba,445,5
00754,2024-04-10,Giải ba,921,6
00754,2024-04-10,Giải ba,216,7
00754,2024-04-10,Giải Đặc biệt,577,0
00754,2024-04-10,Giải Đặc biệt,268,1
00754,2024-04-10,Giải Nhất,353,0
00754,2024-04-10,Giải Nhất,360,1
00754,2024-04-10,Giải Nhất,313,2
00754,2024-04-10,Giải Nhất,399,3
00754,2024-04-10,Giải Nhì,669,0
00754,2024-04-10,Giải Nhì,493,1
00754,2024-04-10,Giải Nhì,577,2
00754,2024-04-10,Giải Nhì,671,3
00754,2024-04-10,Giải Nhì,090,4
00754,2024-04-10,Giải Nhì,720,5
00753,2024-04-08,Giải ba,093,0
00753,2024-04-08,Giải ba,484,1
00753,2024-04-08,Giải ba,673,2
00753,2024-04-08,Giải ba,820,3
00753,2024-04-08,Giải ba,117,4
00753,2024-04-08,Giải ba,149,5
00753,2024-04-08,Giải ba,111,6
00753,2024-04-08,Giải ba,888,7
00753,2024-04-08,Giải Đặc biệt,356,0
00753,2024-04-08,Giải Đặc biệt,026,1
00753,2024-04-08,Giải Nhất,553,0
00753,2024-04-08,Giải Nhất,466,1
00753,2024-04-08,Giải Nhất,562,2
00753,2024-04-08,Giải Nhất,100,3
00753,2024-04-08,Giải Nhì,206,0
00753,2024-04-08,Giải Nhì,479,1
00753,2024-04-08,Giải Nhì,436,2
00753,2024-04-08,Giải Nhì,998,3
00753,2024-04-08,Giải Nhì,641,4
00753,2024-04-08,Giải Nhì,371,5
00752,2024-04-05,Giải ba,723,0
00752,2024-04-05,Giải ba,115,1
00752,2024-04-05,Giải ba,538,2
00752,2024-04-05,Giải ba,007,3
00752,2024-04-05,Giải ba,418,4
00752,2024-04-05,Giải ba,992,5
00752,2024-04-05,Giải ba,060,6
00752,2024-04-05,Giải ba,202,7
00752,2024-04-05,Giải Đặc biệt,677,0
00752,2024-04-05,Giải Đặc biệt,048,1
00752,2024-04-05,Giải Nhất,734,0
00752,2024-04-05,Giải Nhất,538,1
00752,2024-04-05,Giải Nhất,040,2
00752,2024-04-05,Giải Nhất,803,3
00752,2024-04-05,Giải Nhì,493,0
00752,2024-04-05,Giải Nhì,844,1
00752,2024-04-05,Giải Nhì,085,2
00752,2024-04-05,Giải Nhì,850,3
00752,2024-04-05,Giải Nhì,556,4
00752,2024-04-05,Giải Nhì,432,5
00751,2024-04-03,Giải ba,970,0
00751,2024-04-03,Giải ba,130,1
00751,2024-04-03,Giải ba,362,2
00751,2024-04-03,Giải ba,808,3
00751,2024-04-03,Giải ba,599,4
00751,2024-04-03,Giải ba,150,5
00751,2024-04-03,Giải ba,825,6
00751,2024-04-03,Giải ba,070,7
00751,2024-04-03,Giải Đặc biệt,572,0
00751,2024-04-03,Giải Đặc biệt,807,1
00751,2024-04-03,Giải Nhất,459,0
00751,2024-04-03,Giải Nhất,252,1
00751,2024-04-03,Giải Nhất,285,2
00751,2024-04-03,Giải Nhất,085,3
00751,2024-04-03,Giải Nhì,507,0
00751,2024-04-03,Giải Nhì,222,1
00751,2024-04-03,Giải Nhì,125,2
00751,2024-04-03,Giải Nhì,363,3
00751,2024-04-03,Giải Nhì,829,4
00751,2024-04-03,Giải Nhì,739,5
00750,2024-04-01,Giải ba,314,0
00750,2024-04-01,Giải ba,280,1
00750,2024-04-01,Giải ba,317,2
00750,2024-04-01,Giải ba,717,3
00750,2024-04-01,Giải ba,076,4
00750,2024-04-01,Giải ba,340,5
00750,2024-04-01,Giải ba,462,6
00750,2024-04-01,Giải ba,708,7
00750,2024-04-01,Giải Đặc biệt,572,0
00750,2024-04-01,Giải Đặc biệt,211,1
00750,2024-04-01,Giải Nhất,914,0
00750,2024-04-01,Giải Nhất,900,1
00750,2024-04-01,Giải Nhất,845,2
00750,2024-04-01,Giải Nhất,854,3
00750,2024-04-01,Giải Nhì,346,0
00750,2024-04-01,Giải Nhì,081,1
00750,2024-04-01,Giải Nhì,560,2
00750,2024-04-01,Giải Nhì,199,3
00750,2024-04-01,Giải Nhì,991,4
00750,2024-04-01,Giải Nhì,016,5
00749,2024-03-29,Giải ba,598,0
00749,2024-03-29,Giải ba,290,1
00749,2024-03-29,Giải ba,276,2
00749,2024-03-29,Giải ba,149,3
00749,2024-03-29,Giải ba,661,4
00749,2024-03-29,Giải ba,233,5
00749,2024-03-29,Giải ba,454,6
00749,2024-03-29,Giải ba,367,7
00749,2024-03-29,Giải Đặc biệt,021,0
00749,2024-03-29,Giải Đặc biệt,859,1
00749,2024-03-29,Giải Nhất,971,0
00749,2024-03-29,Giải Nhất,420,1
00749,2024-03-29,Giải Nhất,088,2
00749,2024-03-29,Giải Nhất,572,3
00749,2024-03-29,Giải Nhì,450,0
00749,2024-03-29,Giải Nhì,371,1
00749,2024-03-29,Giải Nhì,362,2
00749,2024-03-29,Giải Nhì,973,3
00749,2024-03-29,Giải Nhì,171,4
00749,2024-03-29,Giải Nhì,032,5
00748,2024-03-27,Giải ba,910,0
00748,2024-03-27,Giải ba,704,1
00748,2024-03-27,Giải ba,797,2
00748,2024-03-27,Giải ba,728,3
00748,2024-03-27,Giải ba,824,4
00748,2024-03-27,Giải ba,866,5
00748,2024-03-27,Giải ba,256,6
00748,2024-03-27,Giải ba,696,7
00748,2024-03-27,Giải Đặc biệt,887,0
00748,2024-03-27,Giải Đặc biệt,272,1
00748,2024-03-27,Giải Nhất,766,0
00748,2024-03-27,Giải Nhất,046,1
00748,2024-03-27,Giải Nhất,292,2
00748,2024-03-27,Giải Nhất,276,3
00748,2024-03-27,Giải Nhì,140,0
00748,2024-03-27,Giải Nhì,081,1
00748,2024-03-27,Giải Nhì,967,2
00748,2024-03-27,Giải Nhì,302,3
00748,2024-03-27,Giải Nhì,514,4
00748,2024-03-27,Giải Nhì,930,5
00747,2024-03-25,Giải ba,286,0
00747,2024-03-25,Giải ba,068,1
00747,2024-03-25,Giải ba,691,2
00747,2024-03-25,Giải ba,271,3
00747,2024-03-25,Giải ba,832,4
00747,2024-03-25,Giải ba,407,5
00747,2024-03-25,Giải ba,551,6
00747,2024-03-25,Giải ba,279,7
00747,2024-03-25,Giải Đặc biệt,359,0
00747,2024-03-25,Giải Đặc biệt,924,1
00747,2024-03-25,Giải Nhất,177,0
00747,2024-03-25,Giải Nhất,280,1
00747,2024-03-25,Giải Nhất,851,2
00747,2024-03-25,Giải Nhất,941,3
00747,2024-03-25,Giải Nhì,991,0
00747,2024-03-25,Giải Nhì,273,1
00747,2024-03-25,Giải Nhì,976,2
00747,2024-03-25,Giải Nhì,706,3
00747,2024-03-25,Giải Nhì,691,4
00747,2024-03-25,Giải Nhì,844,5
00746,2024-03-22,Giải ba,487,0
00746,2024-03-22,Giải ba,927,1
00746,2024-03-22,Giải ba,277,2
00746,2024-03-22,Giải ba,748,3
00746,2024-03-22,Giải ba,988,4
00746,2024-03-22,Giải ba,993,5
00746,2024-03-22,Giải ba,755,6
00746,2024-03-22,Giải ba,222,7
00746,2024-03-22,Giải Đặc biệt,415,0
00746,2024-03-22,Giải Đặc biệt,783,1
00746,2024-03-22,Giải Nhất,400,0
00746,2024-03-22,Giải Nhất,139,1
00746,2024-03-22,Giải Nhất,075,2
00746,2024-03-22,Giải Nhất,401,3
00746,2024-03-22,Giải Nhì,356,0
00746,2024-03-22,Giải Nhì,791,1
00746,2024-03-22,Giải Nhì,888,2
00746,2024-03-22,Giải Nhì,386,3
00746,2024-03-22,Giải Nhì,669,4
00746,2024-03-22,Giải Nhì,470,5
00745,2024-03-20,Giải ba,354,0
00745,2024-03-20,Giải ba,827,1
00745,2024-03-20,Giải ba,420,2
00745,2024-03-20,Giải ba,356,3
00745,2024-03-20,Giải ba,463,4
00745,2024-03-20,Giải ba,800,5
00745,2024-03-20,Giải ba,817,6
00745,2024-03-20,Giải ba,390,7
00745,2024-03-20,Giải Đặc biệt,918,0
00745,2024-03-20,Giải Đặc biệt,551,1
00745,2024-03-20,Giải Nhất,305,0
00745,2024-03-20,Giải Nhất,428,1
00745,2024-03-20,Giải Nhất,862,2
00745,2024-03-20,Giải Nhất,084,3
00745,2024-03-20,Giải Nhì,801,0
00745,2024-03-20,Giải Nhì,435,1
00745,2024-03-20,Giải Nhì,542,2
00745,2024-03-20,Giải Nhì,662,3
00745,2024-03-20,Giải Nhì,330,4
00745,2024-03-20,Giải Nhì,297,5
00744,2024-03-18,Giải ba,685,0
00744,2024-03-18,Giải ba,487,1
00744,2024-03-18,Giải ba,899,2
00744,2024-03-18,Giải ba,650,3
00744,2024-03-18,Giải ba,134,4
00744,2024-03-18,Giải ba,843,5
00744,2024-03-18,Giải ba,785,6
00744,2024-03-18,Giải ba,623,7
00744,2024-03-18,Giải Đặc biệt,189,0
00744,2024-03-18,Giải Đặc biệt,011,1
00744,2024-03-18,Giải Nhất,603,0
00744,2024-03-18,Giải Nhất,177,1
00744,2024-03-18,Giải Nhất,486,2
00744,2024-03-18,Giải Nhất,517,3
00744,2024-03-18,Giải Nhì,668,0
00744,2024-03-18,Giải Nhì,658,1
00744,2024-03-18,Giải Nhì,020,2
00744,2024-03-18,Giải Nhì,611,3
00744,2024-03-18,Giải Nhì,570,4
00744,2024-03-18,Giải Nhì,735,5
00743,2024-03-15,Giải ba,316,0
00743,2024-03-15,Giải ba,355,1
00743,2024-03-15,Giải ba,830,2
00743,2024-03-15,Giải ba,677,3
00743,2024-03-15,Giải ba,528,4
00743,2024-03-15,Giải ba,445,5
00743,2024-03-15,Giải ba,395,6
00743,2024-03-15,Giải ba,593,7
00743,2024-03-15,Giải Đặc biệt,892,0
00743,2024-03-15,Giải Đặc biệt,153,1
00743,2024-03-15,Giải Nhất,632,0
00743,2024-03-15,Giải Nhất,595,1
00743,2024-03-15,Giải Nhất,546,2
00743,2024-03-15,Giải Nhất,990,3
00743,2024-03-15,Giải Nhì,203,0
00743,2024-03-15,Giải Nhì,106,1
00743,2024-03-15,Giải Nhì,021,2
00743,2024-03-15,Giải Nhì,939,3
00743,2024-03-15,Giải Nhì,290,4
00743,2024-03-15,Giải Nhì,799,5
00742,2024-03-13,Giải ba,157,0
00742,2024-03-13,Giải ba,568,1
00742,2024-03-13,Giải ba,737,2
00742,2024-03-13,Giải ba,795,3
00742,2024-03-13,Giải ba,556,4
00742,2024-03-13,Giải ba,861,5
00742,2024-03-13,Giải ba,735,6
00742,2024-03-13,Giải ba,136,7
00742,2024-03-13,Giải Đặc biệt,376,0
00742,2024-03-13,Giải Đặc biệt,444,1
00742,2024-03-13,Giải Nhất,408,0
00742,2024-03-13,Giải Nhất,533,1
00742,2024-03-13,Giải Nhất,174,2
00742,2024-03-13,Giải Nhất,330,3
00742,2024-03-13,Giải Nhì,629,0
00742,2024-03-13,Giải Nhì,480,1
00742,2024-03-13,Giải Nhì,846,2
00742,2024-03-13,Giải Nhì,856,3
00742,2024-03-13,Giải Nhì,962,4
00742,2024-03-13,Giải Nhì,094,5
00741,2024-03-11,Giải ba,673,0
00741,2024-03-11,Giải ba,778,1
00741,2024-03-11,Giải ba,240,2
00741,2024-03-11,Giải ba,358,3
00741,2024-03-11,Giải ba,031,4
00741,2024-03-11,Giải ba,485,5
00741,2024-03-11,Giải ba,159,6
00741,2024-03-11,Giải ba,321,7
00741,2024-03-11,Giải Đặc biệt,323,0
00741,2024-03-11,Giải Đặc biệt,457,1
00741,2024-03-11,Giải Nhất,959,0
00741,2024-03-11,Giải Nhất,237,1
00741,2024-03-11,Giải Nhất,736,2
00741,2024-03-11,Giải Nhất,094,3
00741,2024-03-11,Giải Nhì,973,0
00741,2024-03-11,Giải Nhì,795,1
00741,2024-03-11,Giải Nhì,165,2
00741,2024-03-11,Giải Nhì,957,3
00741,2024-03-11,Giải Nhì,119,4
00741,2024-03-11,Giải Nhì,556,5
00740,2024-03-08,Giải ba,103,0
00740,2024-03-08,Giải ba,051,1
00740,2024-03-08,Giải ba,374,2
00740,2024-03-08,Giải ba,615,3
00740,2024-03-08,Giải ba,342,4
00740,2024-03-08,Giải ba,625,5
00740,2024-03-08,Giải ba,004,6
00740,2024-03-08,Giải ba,226,7
00740,2024-03-08,Giải Đặc biệt,427,0
00740,2024-03-08,Giải Đặc biệt,334,1
00740,2024-03-08,Giải Nhất,312,0
00740,2024-03-08,Giải Nhất,611,1
00740,2024-03-08,Giải Nhất,794,2
00740,2024-03-08,Giải Nhất,805,3
00740,2024-03-08,Giải Nhì,688,0
00740,2024-03-08,Giải Nhì,304,1
00740,2024-03-08,Giải Nhì,215,2
00740,2024-03-08,Giải Nhì,580,3
00740,2024-03-08,Giải Nhì,455,4
00740,2024-03-08,Giải Nhì,689,5
00739,2024-03-06,Giải ba,683,0
00739,2024-03-06,Giải ba,906,1
00739,2024-03-06,Giải ba,335,2
00739,2024-03-06,Giải ba,750,3
00739,2024-03-06,Giải ba,079,4
00739,2024-03-06,Giải ba,223,5
00739,2024-03-06,Giải ba,713,6
00739,2024-03-06,Giải ba,663,7
00739,2024-03-06,Giải Đặc biệt,864,0
00739,2024-03-06,Giải Đặc biệt,325,1
00739,2024-03-06,Giải Nhất,846,0
00739,2024-03-06,Giải Nhất,892,1
00739,2024-03-06,Giải Nhất,827,2
00739,2024-03-06,Giải Nhất,091,3
00739,2024-03-06,Giải Nhì,410,0
00739,2024-03-06,Giải Nhì,813,1
00739,2024-03-06,Giải Nhì,413,2
00739,2024-03-06,Giải Nhì,696,3
00739,2024-03-06,Giải Nhì,559,4
00739,2024-03-06,Giải Nhì,076,5
00738,2024-03-04,Giải ba,643,0
00738,2024-03-04,Giải ba,682,1
00738,2024-03-04,Giải ba,615,2
00738,2024-03-04,Giải ba,872,3
00738,2024-03-04,Giải ba,294,4
00738,2024-03-04,Giải ba,979,5
00738,2024-03-04,Giải ba,570,6
00738,2024-03-04,Giải ba,937,7
00738,2024-03-04,Giải Đặc biệt,264,0
00738,2024-03-04,Giải Đặc biệt,759,1
00738,2024-03-04,Giải Nhất,074,0
00738,2024-03-04,Giải Nhất,514,1
00738,2024-03-04,Giải Nhất,644,2
00738,2024-03-04,Giải Nhất,603,3
00738,2024-03-04,Giải Nhì,827,0
00738,2024-03-04,Giải Nhì,698,1
00738,2024-03-04,Giải Nhì,038,2
00738,2024-03-04,Giải Nhì,664,3
00738,2024-03-04,Giải Nhì,671,4
00738,2024-03-04,Giải Nhì,984,5
00737,2024-03-01,Giải ba,934,0
00737,2024-03-01,Giải ba,086,1
00737,2024-03-01,Giải ba,689,2
00737,2024-03-01,Giải ba,052,3
00737,2024-03-01,Giải ba,866,4
00737,2024-03-01,Giải ba,660,5
00737,2024-03-01,Giải ba,096,6
00737,2024-03-01,Giải ba,201,7
00737,2024-03-01,Giải Đặc biệt,689,0
00737,2024-03-01,Giải Đặc biệt,686,1
00737,2024-03-01,Giải Nhất,718,0
00737,2024-03-01,Giải Nhất,183,1
00737,2024-03-01,Giải Nhất,323,2
00737,2024-03-01,Giải Nhất,620,3
00737,2024-03-01,Giải Nhì,470,0
00737,2024-03-01,Giải Nhì,429,1
00737,2024-03-01,Giải Nhì,137,2
00737,2024-03-01,Giải Nhì,891,3
00737,2024-03-01,Giải Nhì,924,4
00737,2024-03-01,Giải Nhì,772,5
00736,2024-02-28,Giải ba,239,0
00736,2024-02-28,Giải ba,808,1
00736,2024-02-28,Giải ba,782,2
00736,2024-02-28,Giải ba,683,3
00736,2024-02-28,Giải ba,385,4
00736,2024-02-28,Giải ba,271,5
00736,2024-02-28,Giải ba,876,6
00736,2024-02-28,Giải ba,489,7
00736,2024-02-28,Giải Đặc biệt,902,0
00736,2024-02-28,Giải Đặc biệt,630,1
00736,2024-02-28,Giải Nhất,294,0
00736,2024-02-28,Giải Nhất,466,1
00736,2024-02-28,Giải Nhất,054,2
00736,2024-02-28,Giải Nhất,310,3
00736,2024-02-28,Giải Nhì,369,0
00736,2024-02-28,Giải Nhì,975,1
00736,2024-02-28,Giải Nhì,284,2
00736,2024-02-28,Giải Nhì,793,3
00736,2024-02-28,Giải Nhì,269,4
00736,2024-02-28,Giải Nhì,203,5
00735,2024-02-26,Giải ba,390,0
00735,2024-02-26,Giải ba,707,1
00735,2024-02-26,Giải ba,766,2
00735,2024-02-26,Giải ba,374,3
00735,2024-02-26,Giải ba,646,4
00735,2024-02-26,Giải ba,342,5
00735,2024-02-26,Giải ba,131,6
00735,2024-02-26,Giải ba,363,7
00735,2024-02-26,Giải Đặc biệt,526,0
00735,2024-02-26,Giải Đặc biệt,275,1
00735,2024-02-26,Giải Nhất,239,0
00735,2024-02-26,Giải Nhất,795,1
00735,2024-02-26,Giải Nhất,406,2
00735,2024-02-26,Giải Nhất,141,3
00735,2024-02-26,Giải Nhì,852,0
00735,2024-02-26,Giải Nhì,566,1
00735,2024-02-26,Giải Nhì,664,2
00735,2024-02-26,Giải Nhì,357,3
00735,2024-02-26,Giải Nhì,413,4
00735,2024-02-26,Giải Nhì,249,5
00734,2024-02-23,Giải ba,088,0
00734,2024-02-23,Giải ba,475,1
00734,2024-02-23,Giải ba,925,2
00734,2024-02-23,Giải ba,599,3
00734,2024-02-23,Giải ba,930,4
00734,2024-02-23,Giải ba,383,5
00734,2024-02-23,Giải ba,970,6
00734,2024-02-23,Giải ba,607,7
00734,2024-02-23,Giải Đặc biệt,928,0
00734,2024-02-23,Giải Đặc biệt,870,1
00734,2024-02-23,Giải Nhất,757,0
00734,2024-02-23,Giải Nhất,567,1
00734,2024-02-23,Giải Nhất,541,2
00734,2024-02-23,Giải Nhất,718,3
00734,2024-02-23,Giải Nhì,256,0
00734,2024-02-23,Giải Nhì,167,1
00734,2024-02-23,Giải Nhì,824,2
00734,2024-02-23,Giải Nhì,097,3
00734,2024-02-23,Giải Nhì,400,4
00734,2024-02-23,Giải Nhì,574,5
00733,2024-02-21,Giải ba,475,0
00733,2024-02-21,Giải ba,612,1
00733,2024-02-21,Giải ba,410,2
00733,2024-02-21,Giải ba,172,3
00733,2024-02-21,Giải ba,155,4
00733,2024-02-21,Giải ba,093,5
00733,2024-02-21,Giải ba,135,6
00733,2024-02-21,Giải ba,388,7
00733,2024-02-21,Giải Đặc biệt,785,0
00733,2024-02-21,Giải Đặc biệt,987,1
00733,2024-02-21,Giải Nhất,989,0
00733,2024-02-21,Giải Nhất,337,1
00733,2024-02-21,Giải Nhất,766,2
00733,2024-02-21,Giải Nhất,569,3
00733,2024-02-21,Giải Nhì,697,0
00733,2024-02-21,Giải Nhì,885,1
00733,2024-02-21,Giải Nhì,107,2
00733,2024-02-21,Giải Nhì,306,3
00733,2024-02-21,Giải Nhì,134,4
00733,2024-02-21,Giải Nhì,336,5
00732,2024-02-19,Giải ba,033,0
00732,2024-02-19,Giải ba,799,1
00732,2024-02-19,Giải ba,713,2
00732,2024-02-19,Giải ba,379,3
00732,2024-02-19,Giải ba,832,4
00732,2024-02-19,Giải ba,606,5
00732,2024-02-19,Giải ba,238,6
00732,2024-02-19,Giải ba,425,7
00732,2024-02-19,Giải Đặc biệt,659,0
00732,2024-02-19,Giải Đặc biệt,370,1
00732,2024-02-19,Giải Nhất,766,0
00732,2024-02-19,Giải Nhất,092,1
00732,2024-02-19,Giải Nhất,622,2
00732,2024-02-19,Giải Nhất,447,3
00732,2024-02-19,Giải Nhì,535,0
00732,2024-02-19,Giải Nhì,280,1
00732,2024-02-19,Giải Nhì,142,2
00732,2024-02-19,Giải Nhì,421,3
00732,2024-02-19,Giải Nhì,941,4
00732,2024-02-19,Giải Nhì,250,5
00731,2024-02-16,Giải ba,436,0
00731,2024-02-16,Giải ba,335,1
00731,2024-02-16,Giải ba,696,2
00731,2024-02-16,Giải ba,713,3
00731,2024-02-16,Giải ba,895,4
00731,2024-02-16,Giải ba,408,5
00731,2024-02-16,Giải ba,621,6
00731,2024-02-16,Giải ba,599,7
00731,2024-02-16,Giải Đặc biệt,415,0
00731,2024-02-16,Giải Đặc biệt,036,1
00731,2024-02-16,Giải Nhất,902,0
00731,2024-02-16,Giải Nhất,783,1
00731,2024-02-16,Giải Nhất,851,2
00731,2024-02-16,Giải Nhất,122,3
00731,2024-02-16,Giải Nhì,676,0
00731,2024-02-16,Giải Nhì,880,1
00731,2024-02-16,Giải Nhì,780,2
00731,2024-02-16,Giải Nhì,819,3
00731,2024-02-16,Giải Nhì,972,4
00731,2024-02-16,Giải Nhì,881,5
00730,2024-02-14,Giải ba,357,0
00730,2024-02-14,Giải ba,026,1
00730,2024-02-14,Giải ba,896,2
00730,2024-02-14,Giải ba,284,3
00730,2024-02-14,Giải ba,650,4
00730,2024-02-14,Giải ba,349,5
00730,2024-02-14,Giải ba,780,6
00730,2024-02-14,Giải ba,861,7
00730,2024-02-14,Giải Đặc biệt,184,0
00730,2024-02-14,Giải Đặc biệt,236,1
00730,2024-02-14,Giải Nhất,507,0
00730,2024-02-14,Giải Nhất,051,1
00730,2024-02-14,Giải Nhất,640,2
00730,2024-02-14,Giải Nhất,584,3
00730,2024-02-14,Giải Nhì,969,0
00730,2024-02-14,Giải Nhì,006,1
00730,2024-02-14,Giải Nhì,298,2
00730,2024-02-14,Giải Nhì,520,3
00730,2024-02-14,Giải Nhì,497,4
00730,2024-02-14,Giải Nhì,729,5
00729,2024-02-12,Giải ba,538,0
00729,2024-02-12,Giải ba,585,1
00729,2024-02-12,Giải ba,823,2
00729,2024-02-12,Giải ba,543,3
00729,2024-02-12,Giải ba,902,4
00729,2024-02-12,Giải ba,556,5
00729,2024-02-12,Giải ba,246,6
00729,2024-02-12,Giải ba,082,7
00729,2024-02-12,Giải Đặc biệt,358,0
00729,2024-02-12,Giải Đặc biệt,312,1
00729,2024-02-12,Giải Nhất,143,0
00729,2024-02-12,Giải Nhất,469,1
00729,2024-02-12,Giải Nhất,453,2
00729,2024-02-12,Giải Nhất,114,3
00729,2024-02-12,Giải Nhì,391,0
00729,2024-02-12,Giải Nhì,839,1
00729,2024-02-12,Giải Nhì,543,2
00729,2024-02-12,Giải Nhì,226,3
00729,2024-02-12,Giải Nhì,761,4
00729,2024-02-12,Giải Nhì,563,5
00728,2024-02-07,Giải ba,927,0
00728,2024-02-07,Giải ba,075,1
00728,2024-02-07,Giải ba,152,2
00728,2024-02-07,Giải ba,114,3
00728,2024-02-07,Giải ba,848,4
00728,2024-02-07,Giải ba,070,5
00728,2024-02-07,Giải ba,328,6
00728,2024-02-07,Giải ba,105,7
00728,2024-02-07,Giải Đặc biệt,942,0
00728,2024-02-07,Giải Đặc biệt,275,1
00728,2024-02-07,Giải Nhất,421,0
00728,2024-02-07,Giải Nhất,878,1
00728,2024-02-07,Giải Nhất,407,2
00728,2024-02-07,Giải Nhất,321,3
00728,2024-02-07,Giải Nhì,968,0
00728,2024-02-07,Giải Nhì,938,1
00728,2024-02-07,Giải Nhì,506,2
00728,2024-02-07,Giải Nhì,653,3
00728,2024-02-07,Giải Nhì,291,4
00728,2024-02-07,Giải Nhì,605,5
00727,2024-02-05,Giải ba,111,0
00727,2024-02-05,Giải ba,695,1
00727,2024-02-05,Giải ba,055,2
00727,2024-02-05,Giải ba,082,3
00727,2024-02-05,Giải ba,161,4
00727,2024-02-05,Giải ba,035,5
00727,2024-02-05,Giải ba,521,6
00727,2024-02-05,Giải ba,752,7
00727,2024-02-05,Giải Đặc biệt,851,0
00727,2024-02-05,Giải Đặc biệt,879,1
00727,2024-02-05,Giải Nhất,094,0
00727,2024-02-05,Giải Nhất,088,1
00727,2024-02-05,Giải Nhất,195,2
00727,2024-02-05,Giải Nhất,106,3
00727,2024-02-05,Giải Nhì,569,0
00727,2024-02-05,Giải Nhì,072,1
00727,2024-02-05,Giải Nhì,466,2
00727,2024-02-05,Giải Nhì,063,3
00727,2024-02-05,Giải Nhì,769,4
00727,2024-02-05,Giải Nhì,015,5
00726,2024-02-02,Giải ba,750,0
00726,2024-02-02,Giải ba,069,1
00726,2024-02-02,Giải ba,729,2
00726,2024-02-02,Giải ba,384,3
00726,2024-02-02,Giải ba,307,4
00726,2024-02-02,Giải ba,041,5
00726,2024-02-02,Giải ba,593,6
00726,2024-02-02,Giải ba,152,7
00726,2024-02-02,Giải Đặc biệt,204,0
00726,2024-02-02,Giải Đặc biệt,959,1
00726,2024-02-02,Giải Nhất,484,0
00726,2024-02-02,Giải Nhất,859,1
00726,2024-02-02,Giải Nhất,772,2
00726,2024-02-02,Giải Nhất,687,3
00726,2024-02-02,Giải Nhì,289,0
00726,2024-02-02,Giải Nhì,780,1
00726,2024-02-02,Giải Nhì,806,2
00726,2024-02-02,Giải Nhì,619,3
00726,2024-02-02,Giải Nhì,805,4
00726,2024-02-02,Giải Nhì,824,5
00725,2024-01-31,Giải ba,783,0
00725,2024-01-31,Giải ba,687,1
00725,2024-01-31,Giải ba,198,2
00725,2024-01-31,Giải ba,211,3
00725,2024-01-31,Giải ba,393,4
00725,2024-01-31,Giải ba,306,5
00725,2024-01-31,Giải ba,456,6
00725,2024-01-31,Giải ba,121,7
00725,2024-01-31,Giải Đặc biệt,919,0
00725,2024-01-31,Giải Đặc biệt,310,1
00725,2024-01-31,Giải Nhất,288,0
00725,2024-01-31,Giải Nhất,426,1
00725,2024-01-31,Giải Nhất,989,2
00725,2024-01-31,Giải Nhất,946,3
00725,2024-01-31,Giải Nhì,193,0
00725,2024-01-31,Giải Nhì,743,1
00725,2024-01-31,Giải Nhì,152,2
00725,2024-01-31,Giải Nhì,447,3
00725,2024-01-31,Giải Nhì,510,4
00725,2024-01-31,Giải Nhì,625,5
00724,2024-01-29,Giải ba,650,0
00724,2024-01-29,Giải ba,020,1
00724,2024-01-29,Giải ba,794,2
00724,2024-01-29,Giải ba,538,3
00724,2024-01-29,Giải ba,710,4
00724,2024-01-29,Giải ba,769,5
00724,2024-01-29,Giải ba,183,6
00724,2024-01-29,Giải ba,967,7
00724,2024-01-29,Giải Đặc biệt,156,0
00724,2024-01-29,Giải Đặc biệt,885,1
00724,2024-01-29,Giải Nhất,616,0
00724,2024-01-29,Giải Nhất,176,1
00724,2024-01-29,Giải Nhất,143,2
00724,2024-01-29,Giải Nhất,691,3
00724,2024-01-29,Giải Nhì,109,0
00724,2024-01-29,Giải Nhì,525,1
00724,2024-01-29,Giải Nhì,688,2
00724,2024-01-29,Giải Nhì,315,3
00724,2024-01-29,Giải Nhì,004,4
00724,2024-01-29,Giải Nhì,782,5
00723,2024-01-26,Giải ba,443,0
00723,2024-01-26,Giải ba,106,1
00723,2024-01-26,Giải ba,262,2
00723,2024-01-26,Giải ba,273,3
00723,2024-01-26,Giải ba,733,4
00723,2024-01-26,Giải ba,928,5
00723,2024-01-26,Giải ba,419,6
00723,2024-01-26,Giải ba,646,7
00723,2024-01-26,Giải Đặc biệt,248,0
00723,2024-01-26,Giải Đặc biệt,346,1
00723,2024-01-26,Giải Nhất,883,0
00723,2024-01-26,Giải Nhất,158,1
00723,2024-01-26,Giải Nhất,074,2
00723,2024-01-26,Giải Nhất,725,3
00723,2024-01-26,Giải Nhì,761,0
00723,2024-01-26,Giải Nhì,459,1
00723,2024-01-26,Giải Nhì,118,2
00723,2024-01-26,Giải Nhì,305,3
00723,2024-01-26,Giải Nhì,785,4
00723,2024-01-26,Giải Nhì,209,5
00722,2024-01-24,Giải ba,040,0
00722,2024-01-24,Giải ba,320,1
00722,2024-01-24,Giải ba,562,2
00722,2024-01-24,Giải ba,721,3
00722,2024-01-24,Giải ba,836,4
00722,2024-01-24,Giải ba,783,5
00722,2024-01-24,Giải ba,252,6
00722,2024-01-24,Giải ba,213,7
00722,2024-01-24,Giải Đặc biệt,353,0
00722,2024-01-24,Giải Đặc biệt,790,1
00722,2024-01-24,Giải Nhất,570,0
00722,2024-01-24,Giải Nhất,135,1
00722,2024-01-24,Giải Nhất,627,2
00722,2024-01-24,Giải Nhất,290,3
00722,2024-01-24,Giải Nhì,664,0
00722,2024-01-24,Giải Nhì,447,1
00722,2024-01-24,Giải Nhì,829,2
00722,2024-01-24,Giải Nhì,637,3
00722,2024-01-24,Giải Nhì,504,4
00722,2024-01-24,Giải Nhì,345,5
00721,2024-01-22,Giải ba,388,0
00721,2024-01-22,Giải ba,342,1
00721,2024-01-22,Giải ba,448,2
00721,2024-01-22,Giải ba,242,3
00721,2024-01-22,Giải ba,986,4
00721,2024-01-22,Giải ba,749,5
00721,2024-01-22,Giải ba,054,6
00721,2024-01-22,Giải ba,723,7
00721,2024-01-22,Giải Đặc biệt,450,0
00721,2024-01-22,Giải Đặc biệt,476,1
00721,2024-01-22,Giải Nhất,447,0
00721,2024-01-22,Giải Nhất,315,1
00721,2024-01-22,Giải Nhất,310,2
00721,2024-01-22,Giải Nhất,623,3
00721,2024-01-22,Giải Nhì,530,0
00721,2024-01-22,Giải Nhì,954,1
00721,2024-01-22,Giải Nhì,735,2
00721,2024-01-22,Giải Nhì,138,3
00721,2024-01-22,Giải Nhì,796,4
00721,2024-01-22,Giải Nhì,238,5
00720,2024-01-19,Giải ba,537,0
00720,2024-01-19,Giải ba,948,1
00720,2024-01-19,Giải ba,710,2
00720,2024-01-19,Giải ba,667,3
00720,2024-01-19,Giải ba,324,4
00720,2024-01-19,Giải ba,428,5
00720,2024-01-19,Giải ba,420,6
00720,2024-01-19,Giải ba,716,7
00720,2024-01-19,Giải Đặc biệt,705,0
00720,2024-01-19,Giải Đặc biệt,245,1
00720,2024-01-19,Giải Nhất,895,0
00720,2024-01-19,Giải Nhất,582,1
00720,2024-01-19,Giải Nhất,290,2
00720,2024-01-19,Giải Nhất,262,3
00720,2024-01-19,Giải Nhì,182,0
00720,2024-01-19,Giải Nhì,766,1
00720,2024-01-19,Giải Nhì,676,2
00720,2024-01-19,Giải Nhì,569,3
00720,2024-01-19,Giải Nhì,022,4
00720,2024-01-19,Giải Nhì,383,5
00719,2024-01-17,Giải ba,720,0
00719,2024-01-17,Giải ba,436,1
00719,2024-01-17,Giải ba,437,2
00719,2024-01-17,Giải ba,338,3
00719,2024-01-17,Giải ba,164,4
00719,2024-01-17,Giải ba,517,5
00719,2024-01-17,Giải ba,405,6
00719,2024-01-17,Giải ba,340,7
00719,2024-01-17,Giải Đặc biệt,653,0
00719,2024-01-17,Giải Đặc biệt,325,1
00719,2024-01-17,Giải Nhất,658,0
00719,2024-01-17,Giải Nhất,212,1
00719,2024-01-17,Giải Nhất,456,2
00719,2024-01-17,Giải Nhất,255,3
00719,2024-01-17,Giải Nhì,709,0
00719,2024-01-17,Giải Nhì,554,1
00719,2024-01-17,Giải Nhì,776,2
00719,2024-01-17,Giải Nhì,651,3
00719,2024-01-17,Giải Nhì,230,4
00719,2024-01-17,Giải Nhì,804,5
00718,2024-01-15,Giải ba,818,0
00718,2024-01-15,Giải ba,088,1
00718,2024-01-15,Giải ba,841,2
00718,2024-01-15,Giải ba,267,3
00718,2024-01-15,Giải ba,489,4
00718,2024-01-15,Giải ba,463,5
00718,2024-01-15,Giải ba,204,6
00718,2024-01-15,Giải ba,359,7
00718,2024-01-15,Giải Đặc biệt,347,0
00718,2024-01-15,Giải Đặc biệt,578,1
00718,2024-01-15,Giải Nhất,323,0
00718,2024-01-15,Giải Nhất,140,1
00718,2024-01-15,Giải Nhất,931,2
00718,2024-01-15,Giải Nhất,750,3
00718,2024-01-15,Giải Nhì,213,0
00718,2024-01-15,Giải Nhì,473,1
00718,2024-01-15,Giải Nhì,083,2
00718,2024-01-15,Giải Nhì,806,3
00718,2024-01-15,Giải Nhì,161,4
00718,2024-01-15,Giải Nhì,771,5
00717,2024-01-12,Giải ba,154,0
00717,2024-01-12,Giải ba,876,1
00717,2024-01-12,Giải ba,594,2
00717,2024-01-12,Giải ba,368,3
00717,2024-01-12,Giải ba,180,4
00717,2024-01-12,Giải ba,060,5
00717,2024-01-12,Giải ba,454,6
00717,2024-01-12,Giải ba,161,7
00717,2024-01-12,Giải Đặc biệt,666,0
00717,2024-01-12,Giải Đặc biệt,636,1
00717,2024-01-12,Giải Nhất,742,0
00717,2024-01-12,Giải Nhất,624,1
00717,2024-01-12,Giải Nhất,612,2
00717,2024-01-12,Giải Nhất,091,3
00717,2024-01-12,Giải Nhì,809,0
00717,2024-01-12,Giải Nhì,284,1
00717,2024-01-12,Giải Nhì,877,2
00717,2024-01-12,Giải Nhì,356,3
00717,2024-01-12,Giải Nhì,130,4
00717,2024-01-12,Giải Nhì,699,5
00716,2024-01-10,Giải ba,911,0
00716,2024-01-10,Giải ba,018,1
00716,2024-01-10,Giải ba,444,2
00716,2024-01-10,Giải ba,953,3
00716,2024-01-10,Giải ba,667,4
00716,2024-01-10,Giải ba,320,5
00716,2024-01-10,Giải ba,246,6
00716,2024-01-10,Giải ba,238,7
00716,2024-01-10,Giải Đặc biệt,204,0
00716,2024-01-10,Giải Đặc biệt,079,1
00716,2024-01-10,Giải Nhất,169,0
00716,2024-01-10,Giải Nhất,978,1
00716,2024-01-10,Giải Nhất,536,2
00716,2024-01-10,Giải Nhất,412,3
00716,2024-01-10,Giải Nhì,310,0
00716,2024-01-10,Giải Nhì,417,1
00716,2024-01-10,Giải Nhì,625,2
00716,2024-01-10,Giải Nhì,993,3
00716,2024-01-10,Giải Nhì,835,4
00716,2024-01-10,Giải Nhì,340,5
00715,2024-01-08,Giải ba,453,0
00715,2024-01-08,Giải ba,722,1
00715,2024-01-08,Giải ba,414,2
00715,2024-01-08,Giải ba,671,3
00715,2024-01-08,Giải ba,763,4
00715,2024-01-08,Giải ba,447,5
00715,2024-01-08,Giải ba,226,6
00715,2024-01-08,Giải ba,661,7
00715,2024-01-08,Giải Đặc biệt,607,0
00715,2024-01-08,Giải Đặc biệt,929,1
00715,2024-01-08,Giải Nhất,905,0
00715,2024-01-08,Giải Nhất,350,1
00715,2024-01-08,Giải Nhất,807,2
00715,2024-01-08,Giải Nhất,803,3
00715,2024-01-08,Giải Nhì,243,0
00715,2024-01-08,Giải Nhì,376,1
00715,2024-01-08,Giải Nhì,744,2
00715,2024-01-08,Giải Nhì,438,3
00715,2024-01-08,Giải Nhì,569,4
00715,2024-01-08,Giải Nhì,197,5
00714,2024-01-05,Giải ba,332,0
00714,2024-01-05,Giải ba,374,1
00714,2024-01-05,Giải ba,912,2
00714,2024-01-05,Giải ba,468,3
00714,2024-01-05,Giải ba,732,4
00714,2024-01-05,Giải ba,077,5
00714,2024-01-05,Giải ba,526,6
00714,2024-01-05,Giải ba,090,7
00714,2024-01-05,Giải Đặc biệt,309,0
00714,2024-01-05,Giải Đặc biệt,118,1
00714,2024-01-05,Giải Nhất,765,0
00714,2024-01-05,Giải Nhất,588,1
00714,2024-01-05,Giải Nhất,014,2
00714,2024-01-05,Giải Nhất,028,3
00714,2024-01-05,Giải Nhì,119,0
00714,2024-01-05,Giải Nhì,410,1
00714,2024-01-05,Giải Nhì,333,2
00714,2024-01-05,Giải Nhì,528,3
00714,2024-01-05,Giải Nhì,083,4
00714,2024-01-05,Giải Nhì,935,5
00713,2024-01-03,Giải ba,043,0
00713,2024-01-03,Giải ba,175,1
00713,2024-01-03,Giải ba,368,2
00713,2024-01-03,Giải ba,851,3
00713,2024-01-03,Giải ba,960,4
00713,2024-01-03,Giải ba,933,5
00713,2024-01-03,Giải ba,765,6
00713,2024-01-03,Giải ba,301,7
00713,2024-01-03,Giải Đặc biệt,694,0
00713,2024-01-03,Giải Đặc biệt,114,1
00713,2024-01-03,Giải Nhất,937,0
00713,2024-01-03,Giải Nhất,573,1
00713,2024-01-03,Giải Nhất,288,2
00713,2024-01-03,Giải Nhất,905,3
00713,2024-01-03,Giải Nhì,991,0
00713,2024-01-03,Giải Nhì,562,1
00713,2024-01-03,Giải Nhì,171,2
00713,2024-01-03,Giải Nhì,635,3
00713,2024-01-03,Giải Nhì,916,4
00713,2024-01-03,Giải Nhì,757,5
00712,2024-01-01,Giải ba,539,0
00712,2024-01-01,Giải ba,661,1
00712,2024-01-01,Giải ba,528,2
00712,2024-01-01,Giải ba,866,3
00712,2024-01-01,Giải ba,065,4
00712,2024-01-01,Giải ba,004,5
00712,2024-01-01,Giải ba,936,6
00712,2024-01-01,Giải ba,050,7
00712,2024-01-01,Giải Đặc biệt,326,0
00712,2024-01-01,Giải Đặc biệt,700,1
00712,2024-01-01,Giải Nhất,970,0
00712,2024-01-01,Giải Nhất,580,1
00712,2024-01-01,Giải Nhất,862,2
00712,2024-01-01,Giải Nhất,584,3
00712,2024-01-01,Giải Nhì,171,0
00712,2024-01-01,Giải Nhì,972,1
00712,2024-01-01,Giải Nhì,721,2
00712,2024-01-01,Giải Nhì,316,3
00712,2024-01-01,Giải Nhì,576,4
00712,2024-01-01,Giải Nhì,992,5
00711,2023-12-29,Giải ba,622,0
00711,2023-12-29,Giải ba,353,1
00711,2023-12-29,Giải ba,248,2
00711,2023-12-29,Giải ba,464,3
00711,2023-12-29,Giải ba,819,4
00711,2023-12-29,Giải ba,384,5
00711,2023-12-29,Giải ba,408,6
00711,2023-12-29,Giải ba,873,7
00711,2023-12-29,Giải Đặc biệt,916,0
00711,2023-12-29,Giải Đặc biệt,358,1
00711,2023-12-29,Giải Nhất,706,0
00711,2023-12-29,Giải Nhất,087,1
00711,2023-12-29,Giải Nhất,985,2
00711,2023-12-29,Giải Nhất,645,3
00711,2023-12-29,Giải Nhì,371,0
00711,2023-12-29,Giải Nhì,843,1
00711,2023-12-29,Giải Nhì,994,2
00711,2023-12-29,Giải Nhì,694,3
00711,2023-12-29,Giải Nhì,408,4
00711,2023-12-29,Giải Nhì,405,5
00710,2023-12-27,Giải ba,456,0
00710,2023-12-27,Giải ba,497,1
00710,2023-12-27,Giải ba,820,2
00710,2023-12-27,Giải ba,826,3
00710,2023-12-27,Giải ba,085,4
00710,2023-12-27,Giải ba,699,5
00710,2023-12-27,Giải ba,512,6
00710,2023-12-27,Giải ba,845,7
00710,2023-12-27,Giải Đặc biệt,340,0
00710,2023-12-27,Giải Đặc biệt,530,1
00710,2023-12-27,Giải Nhất,634,0
00710,2023-12-27,Giải Nhất,128,1
00710,2023-12-27,Giải Nhất,188,2
00710,2023-12-27,Giải Nhất,966,3
00710,2023-12-27,Giải Nhì,446,0
00710,2023-12-27,Giải Nhì,097,1
00710,2023-12-27,Giải Nhì,911,2
00710,2023-12-27,Giải Nhì,006,3
00710,2023-12-27,Giải Nhì,607,4
00710,2023-12-27,Giải Nhì,598,5
00709,2023-12-25,Giải ba,593,0
00709,2023-12-25,Giải ba,235,1
00709,2023-12-25,Giải ba,761,2
00709,2023-12-25,Giải ba,901,3
00709,2023-12-25,Giải ba,805,4
00709,2023-12-25,Giải ba,141,5
00709,2023-12-25,Giải ba,503,6
00709,2023-12-25,Giải ba,239,7
00709,2023-12-25,Giải Đặc biệt,284,0
00709,2023-12-25,Giải Đặc biệt,689,1
00709,2023-12-25,Giải Nhất,553,0
00709,2023-12-25,Giải Nhất,012,1
00709,2023-12-25,Giải Nhất,217,2
00709,2023-12-25,Giải Nhất,042,3
00709,2023-12-25,Giải Nhì,128,0
00709,2023-12-25,Giải Nhì,504,1
00709,2023-12-25,Giải Nhì,452,2
00709,2023-12-25,Giải Nhì,014,3
00709,2023-12-25,Giải Nhì,393,4
00709,2023-12-25,Giải Nhì,233,5
00708,2023-12-22,Giải ba,797,0
00708,2023-12-22,Giải ba,881,1
00708,2023-12-22,Giải ba,826,2
00708,2023-12-22,Giải ba,685,3
00708,2023-12-22,Giải ba,822,4
00708,2023-12-22,Giải ba,785,5
00708,2023-12-22,Giải ba,701,6
00708,2023-12-22,Giải ba,347,7
00708,2023-12-22,Giải Đặc biệt,299,0
00708,2023-12-22,Giải Đặc biệt,231,1
00708,2023-12-22,Giải Nhất,788,0
00708,2023-12-22,Giải Nhất,527,1
00708,2023-12-22,Giải Nhất,744,2
00708,2023-12-22,Giải Nhất,217,3
00708,2023-12-22,Giải Nhì,846,0
00708,2023-12-22,Giải Nhì,557,1
00708,2023-12-22,Giải Nhì,324,2
00708,2023-12-22,Giải Nhì,759,3
00708,2023-12-22,Giải Nhì,843,4
00708,2023-12-22,Giải Nhì,219,5
00707,2023-12-20,Giải ba,816,0
00707,2023-12-20,Giải ba,790,1
00707,2023-12-20,Giải ba,191,2
00707,2023-12-20,Giải ba,153,3
00707,2023-12-20,Giải ba,434,4
00707,2023-12-20,Giải ba,434,5
00707,2023-12-20,Giải ba,734,6
00707,2023-12-20,Giải ba,187,7
00707,2023-12-20,Giải Đặc biệt,054,0
00707,2023-12-20,Giải Đặc biệt,279,1
00707,2023-12-20,Giải Nhất,896,0
00707,2023-12-20,Giải Nhất,331,1
00707,2023-12-20,Giải Nhất,453,2
00707,2023-12-20,Giải Nhất,092,3
00707,2023-12-20,Giải Nhì,741,0
00707,2023-12-20,Giải Nhì,942,1
00707,2023-12-20,Giải Nhì,718,2
00707,2023-12-20,Giải Nhì,739,3
00707,2023-12-20,Giải Nhì,330,4
00707,2023-12-20,Giải Nhì,326,5
00706,2023-12-18,Giải ba,942,0
00706,2023-12-18,Giải ba,324,1
00706,2023-12-18,Giải ba,579,2
00706,2023-12-18,Giải ba,966,3
00706,2023-12-18,Giải ba,138,4
00706,2023-12-18,Giải ba,960,5
00706,2023-12-18,Giải ba,437,6
00706,2023-12-18,Giải ba,547,7
00706,2023-12-18,Giải Đặc biệt,313,0
00706,2023-12-18,Giải Đặc biệt,369,1
00706,2023-12-18,Giải Nhất,612,0
00706,2023-12-18,Giải Nhất,342,1
00706,2023-12-18,Giải Nhất,566,2
00706,2023-12-18,Giải Nhất,664,3
00706,2023-12-18,Giải Nhì,499,0
00706,2023-12-18,Giải Nhì,656,1
00706,2023-12-18,Giải Nhì,003,2
00706,2023-12-18,Giải Nhì,838,3
00706,2023-12-18,Giải Nhì,857,4
00706,2023-12-18,Giải Nhì,472,5
00705,2023-12-15,Giải ba,534,0
00705,2023-12-15,Giải ba,146,1
00705,2023-12-15,Giải ba,123,2
00705,2023-12-15,Giải ba,724,3
00705,2023-12-15,Giải ba,129,4
00705,2023-12-15,Giải ba,931,5
00705,2023-12-15,Giải ba,072,6
00705,2023-12-15,Giải ba,598,7
00705,2023-12-15,Giải Đặc biệt,957,0
00705,2023-12-15,Giải Đặc biệt,783,1
00705,2023-12-15,Giải Nhất,835,0
00705,2023-12-15,Giải Nhất,235,1
00705,2023-12-15,Giải Nhất,010,2
00705,2023-12-15,Giải Nhất,498,3
00705,2023-12-15,Giải Nhì,209,0
00705,2023-12-15,Giải Nhì,172,1
00705,2023-12-15,Giải Nhì,761,2
00705,2023-12-15,Giải Nhì,132,3
00705,2023-12-15,Giải Nhì,822,4
00705,2023-12-15,Giải Nhì,338,5
00704,2023-12-13,Giải ba,871,0
00704,2023-12-13,Giải ba,925,1
00704,2023-12-13,Giải ba,344,2
00704,2023-12-13,Giải ba,394,3
00704,2023-12-13,Giải ba,978,4
00704,2023-12-13,Giải ba,296,5
00704,2023-12-13,Giải ba,960,6
00704,2023-12-13,Giải ba,577,7
00704,2023-12-13,Giải Đặc biệt,657,0
00704,2023-12-13,Giải Đặc biệt,656,1
00704,2023-12-13,Giải Nhất,885,0
00704,2023-12-13,Giải Nhất,410,1
00704,2023-12-13,Giải Nhất,679,2
00704,2023-12-13,Giải Nhất,403,3
00704,2023-12-13,Giải Nhì,687,0
00704,2023-12-13,Giải Nhì,974,1
00704,2023-12-13,Giải Nhì,945,2
00704,2023-12-13,Giải Nhì,414,3
00704,2023-12-13,Giải Nhì,678,4
00704,2023-12-13,Giải Nhì,545,5
00703,2023-12-11,Giải ba,295,0
00703,2023-12-11,Giải ba,369,1
00703,2023-12-11,Giải ba,805,2
00703,2023-12-11,Giải ba,808,3
00703,2023-12-11,Giải ba,104,4
00703,2023-12-11,Giải ba,849,5
00703,2023-12-11,Giải ba,622,6
00703,2023-12-11,Giải ba,266,7
00703,2023-12-11,Giải Đặc biệt,176,0
00703,2023-12-11,Giải Đặc biệt,880,1
00703,2023-12-11,Giải Nhất,383,0
00703,2023-12-11,Giải Nhất,871,1
00703,2023-12-11,Giải Nhất,115,2
00703,2023-12-11,Giải Nhất,012,3
00703,2023-12-11,Giải Nhì,727,0
00703,2023-12-11,Giải Nhì,884,1
00703,2023-12-11,Giải Nhì,316,2
00703,2023-12-11,Giải Nhì,965,3
00703,2023-12-11,Giải Nhì,672,4
00703,2023-12-11,Giải Nhì,844,5
00702,2023-12-08,Giải ba,677,0
00702,2023-12-08,Giải ba,888,1
00702,2023-12-08,Giải ba,749,2
00702,2023-12-08,Giải ba,069,3
00702,2023-12-08,Giải ba,999,4
00702,2023-12-08,Giải ba,771,5
00702,2023-12-08,Giải ba,206,6
00702,2023-12-08,Giải ba,426,7
00702,2023-12-08,Giải Đặc biệt,819,0
00702,2023-12-08,Giải Đặc biệt,522,1
00702,2023-12-08,Giải Nhất,600,0
00702,2023-12-08,Giải Nhất,649,1
00702,2023-12-08,Giải Nhất,561,2
00702,2023-12-08,Giải Nhất,451,3
00702,2023-12-08,Giải Nhì,976,0
00702,2023-12-08,Giải Nhì,743,1
00702,2023-12-08,Giải Nhì,659,2
00702,2023-12-08,Giải Nhì,769,3
00702,2023-12-08,Giải Nhì,406,4
00702,2023-12-08,Giải Nhì,827,5
00701,2023-12-06,Giải ba,939,0
00701,2023-12-06,Giải ba,422,1
00701,2023-12-06,Giải ba,447,2
00701,2023-12-06,Giải ba,836,3
00701,2023-12-06,Giải ba,935,4
00701,2023-12-06,Giải ba,750,5
00701,2023-12-06,Giải ba,195,6
00701,2023-12-06,Giải ba,147,7
00701,2023-12-06,Giải Đặc biệt,128,0
00701,2023-12-06,Giải Đặc biệt,529,1
00701,2023-12-06,Giải Nhất,019,0
00701,2023-12-06,Giải Nhất,166,1
00701,2023-12-06,Giải Nhất,847,2
00701,2023-12-06,Giải Nhất,155,3
00701,2023-12-06,Giải Nhì,244,0
00701,2023-12-06,Giải Nhì,522,1
00701,2023-12-06,Giải Nhì,379,2
00701,2023-12-06,Giải Nhì,376,3
00701,2023-12-06,Giải Nhì,486,4
00701,2023-12-06,Giải Nhì,786,5
00700,2023-12-04,Giải ba,908,0
00700,2023-12-04,Giải ba,091,1
00700,2023-12-04,Giải ba,615,2
00700,2023-12-04,Giải ba,982,3
00700,2023-12-04,Giải ba,891,4
00700,2023-12-04,Giải ba,978,5
00700,2023-12-04,Giải ba,991,6
00700,2023-12-04,Giải ba,380,7
00700,2023-12-04,Giải Đặc biệt,374,0
00700,2023-12-04,Giải Đặc biệt,486,1
00700,2023-12-04,Giải Nhất,313,0
00700,2023-12-04,Giải Nhất,746,1
00700,2023-12-04,Giải Nhất,935,2
00700,2023-12-04,Giải Nhất,519,3
00700,2023-12-04,Giải Nhì,534,0
00700,2023-12-04,Giải Nhì,797,1
00700,2023-12-04,Giải Nhì,935,2
00700,2023-12-04,Giải Nhì,039,3
00700,2023-12-04,Giải Nhì,771,4
00700,2023-12-04,Giải Nhì,356,5
00699,2023-12-01,Giải ba,960,0
00699,2023-12-01,Giải ba,081,1
00699,2023-12-01,Giải ba,502,2
00699,2023-12-01,Giải ba,118,3
00699,2023-12-01,Giải ba,541,4
00699,2023-12-01,Giải ba,919,5
00699,2023-12-01,Giải ba,901,6
00699,2023-12-01,Giải ba,343,7
00699,2023-12-01,Giải Đặc biệt,401,0
00699,2023-12-01,Giải Đặc biệt,934,1
00699,2023-12-01,Giải Nhất,010,0
00699,2023-12-01,Giải Nhất,494,1
00699,2023-12-01,Giải Nhất,048,2
00699,2023-12-01,Giải Nhất,431,3
00699,2023-12-01,Giải Nhì,819,0
00699,2023-12-01,Giải Nhì,832,1
00699,2023-12-01,Giải Nhì,039,2
00699,2023-12-01,Giải Nhì,130,3
00699,2023-12-01,Giải Nhì,980,4
00699,2023-12-01,Giải Nhì,516,5
00698,2023-11-29,Giải ba,407,0
00698,2023-11-29,Giải ba,816,1
00698,2023-11-29,Giải ba,383,2
00698,2023-11-29,Giải ba,517,3
00698,2023-11-29,Giải ba,520,4
00698,2023-11-29,Giải ba,137,5
00698,2023-11-29,Giải ba,667,6
00698,2023-11-29,Giải ba,071,7
00698,2023-11-29,Giải Đặc biệt,060,0
00698,2023-11-29,Giải Đặc biệt,547,1
00698,2023-11-29,Giải Nhất,107,0
00698,2023-11-29,Giải Nhất,769,1
00698,2023-11-29,Giải Nhất,393,2
00698,2023-11-29,Giải Nhất,440,3
00698,2023-11-29,Giải Nhì,721,0
00698,2023-11-29,Giải Nhì,268,1
00698,2023-11-29,Giải Nhì,294,2
00698,2023-11-29,Giải Nhì,998,3
00698,2023-11-29,Giải Nhì,441,4
00698,2023-11-29,Giải Nhì,589,5
00697,2023-11-27,Giải ba,420,0
00697,2023-11-27,Giải ba,419,1
00697,2023-11-27,Giải ba,191,2
00697,2023-11-27,Giải ba,028,3
00697,2023-11-27,Giải ba,846,4
00697,2023-11-27,Giải ba,219,5
00697,2023-11-27,Giải ba,305,6
00697,2023-11-27,Giải ba,881,7
00697,2023-11-27,Giải Đặc biệt,785,0
00697,2023-11-27,Giải Đặc biệt,326,1
00697,2023-11-27,Giải Nhất,731,0
00697,2023-11-27,Giải Nhất,900,1
00697,2023-11-27,Giải Nhất,114,2
00697,2023-11-27,Giải Nhất,569,3
00697,2023-11-27,Giải Nhì,927,0
00697,2023-11-27,Giải Nhì,778,1
00697,2023-11-27,Giải Nhì,163,2
00697,2023-11-27,Giải Nhì,849,3
00697,2023-11-27,Giải Nhì,794,4
00697,2023-11-27,Giải Nhì,885,5
00696,2023-11-24,Giải ba,352,0
00696,2023-11-24,Giải ba,409,1
00696,2023-11-24,Giải ba,607,2
00696,2023-11-24,Giải ba,538,3
00696,2023-11-24,Giải ba,746,4
00696,2023-11-24,Giải ba,671,5
00696,2023-11-24,Giải ba,225,6
00696,2023-11-24,Giải ba,656,7
00696,2023-11-24,Giải Đặc biệt,432,0
00696,2023-11-24,Giải Đặc biệt,458,1
00696,2023-11-24,Giải Nhất,053,0
00696,2023-11-24,Giải Nhất,729,1
00696,2023-11-24,Giải Nhất,259,2
00696,2023-11-24,Giải Nhất,405,3
00696,2023-11-24,Giải Nhì,158,0
00696,2023-11-24,Giải Nhì,415,1
00696,2023-11-24,Giải Nhì,145,2
00696,2023-11-24,Giải Nhì,826,3
00696,2023-11-24,Giải Nhì,017,4
00696,2023-11-24,Giải Nhì,506,5
00695,2023-11-22,Giải ba,039,0
00695,2023-11-22,Giải ba,510,1
00695,2023-11-22,Giải ba,371,2
00695,2023-11-22,Giải ba,629,3
00695,2023-11-22,Giải ba,487,4
00695,2023-11-22,Giải ba,099,5
00695,2023-11-22,Giải ba,098,6
00695,2023-11-22,Giải ba,383,7
00695,2023-11-22,Giải Đặc biệt,655,0
00695,2023-11-22,Giải Đặc biệt,117,1
00695,2023-11-22,Giải Nhất,380,0
00695,2023-11-22,Giải Nhất,461,1
00695,2023-11-22,Giải Nhất,759,2
00695,2023-11-22,Giải Nhất,111,3
00695,2023-11-22,Giải Nhì,078,0
00695,2023-11-22,Giải Nhì,842,1
00695,2023-11-22,Giải Nhì,520,2
00695,2023-11-22,Giải Nhì,432,3
00695,2023-11-22,Giải Nhì,275,4
00695,2023-11-22,Giải Nhì,829,5
00694,2023-11-20,Giải ba,250,0
00694,2023-11-20,Giải ba,913,1
00694,2023-11-20,Giải ba,819,2
00694,2023-11-20,Giải ba,798,3
00694,2023-11-20,Giải ba,228,4
00694,2023-11-20,Giải ba,205,5
00694,2023-11-20,Giải ba,008,6
00694,2023-11-20,Giải ba,025,7
00694,2023-11-20,Giải Đặc biệt,757,0
00694,2023-11-20,Giải Đặc biệt,497,1
00694,2023-11-20,Giải Nhất,893,0
00694,2023-11-20,Giải Nhất,924,1
00694,2023-11-20,Giải Nhất,026,2
00694,2023-11-20,Giải Nhất,698,3
00694,2023-11-20,Giải Nhì,201,0
00694,2023-11-20,Giải Nhì,546,1
00694,2023-11-20,Giải Nhì,464,2
00694,2023-11-20,Giải Nhì,225,3
00694,2023-11-20,Giải Nhì,120,4
00694,2023-11-20,Giải Nhì,861,5
00693,2023-11-17,Giải ba,330,0
00693,2023-11-17,Giải ba,970,1
00693,2023-11-17,Giải ba,216,2
00693,2023-11-17,Giải ba,224,3
00693,2023-11-17,Giải ba,411,4
00693,2023-11-17,Giải ba,648,5
00693,2023-11-17,Giải ba,637,6
00693,2023-11-17,Giải ba,966,7
00693,2023-11-17,Giải Đặc biệt,618,0
00693,2023-11-17,Giải Đặc biệt,788,1
00693,2023-11-17,Giải Nhất,292,0
00693,2023-11-17,Giải Nhất,265,1
00693,2023-11-17,Giải Nhất,058,2
00693,2023-11-17,Giải Nhất,446,3
00693,2023-11-17,Giải Nhì,424,0
00693,2023-11-17,Giải Nhì,390,1
00693,2023-11-17,Giải Nhì,467,2
00693,2023-11-17,Giải Nhì,837,3
00693,2023-11-17,Giải Nhì,550,4
00693,2023-11-17,Giải Nhì,739,5
00692,2023-11-15,Giải ba,096,0
00692,2023-11-15,Giải ba,437,1
00692,2023-11-15,Giải ba,471,2
00692,2023-11-15,Giải ba,651,3
00692,2023-11-15,Giải ba,451,4
00692,2023-11-15,Giải ba,783,5
00692,2023-11-15,Giải ba,003,6
00692,2023-11-15,Giải ba,457,7
00692,2023-11-15,Giải Đặc biệt,208,0
00692,2023-11-15,Giải Đặc biệt,074,1
00692,2023-11-15,Giải Nhất,725,0
00692,2023-11-15,Giải Nhất,834,1
00692,2023-11-15,Giải Nhất,163,2
00692,2023-11-15,Giải Nhất,131,3
00692,2023-11-15,Giải Nhì,560,0
00692,2023-11-15,Giải Nhì,516,1
00692,2023-11-15,Giải Nhì,257,2
00692,2023-11-15,Giải Nhì,714,3
00692,2023-11-15,Giải Nhì,326,4
00692,2023-11-15,Giải Nhì,700,5
00691,2023-11-13,Giải ba,311,0
00691,2023-11-13,Giải ba,283,1
00691,2023-11-13,Giải ba,596,2
00691,2023-11-13,Giải ba,658,3
00691,2023-11-13,Giải ba,940,4
00691,2023-11-13,Giải ba,027,5
00691,2023-11-13,Giải ba,021,6
00691,2023-11-13,Giải ba,751,7
00691,2023-11-13,Giải Đặc biệt,051,0
00691,2023-11-13,Giải Đặc biệt,120,1
00691,2023-11-13,Giải Nhất,634,0
00691,2023-11-13,Giải Nhất,806,1
00691,2023-11-13,Giải Nhất,608,2
00691,2023-11-13,Giải Nhất,860,3
00691,2023-11-13,Giải Nhì,151,0
00691,2023-11-13,Giải Nhì,970,1
00691,2023-11-13,Giải Nhì,682,2
00691,2023-11-13,Giải Nhì,174,3
00691,2023-11-13,Giải Nhì,583,4
00691,2023-11-13,Giải Nhì,406,5
00690,2023-11-10,Giải ba,141,0
00690,2023-11-10,Giải ba,839,1
00690,2023-11-10,Giải ba,223,2
00690,2023-11-10,Giải ba,833,3
00690,2023-11-10,Giải ba,708,4
00690,2023-11-10,Giải ba,432,5
00690,2023-11-10,Giải ba,116,6
00690,2023-11-10,Giải ba,592,7
00690,2023-11-10,Giải Đặc biệt,640,0
00690,2023-11-10,Giải Đặc biệt,693,1
00690,2023-11-10,Giải Nhất,794,0
00690,2023-11-10,Giải Nhất,352,1
00690,2023-11-10,Giải Nhất,115,2
00690,2023-11-10,Giải Nhất,474,3
00690,2023-11-10,Giải Nhì,901,0
00690,2023-11-10,Giải Nhì,478,1
00690,2023-11-10,Giải Nhì,102,2
00690,2023-11-10,Giải Nhì,528,3
00690,2023-11-10,Giải Nhì,750,4
00690,2023-11-10,Giải Nhì,054,5
00689,2023-11-08,Giải ba,602,0
00689,2023-11-08,Giải ba,315,1
00689,2023-11-08,Giải ba,747,2
00689,2023-11-08,Giải ba,577,3
00689,2023-11-08,Giải ba,445,4
00689,2023-11-08,Giải ba,413,5
00689,2023-11-08,Giải ba,802,6
00689,2023-11-08,Giải ba,683,7
00689,2023-11-08,Giải Đặc biệt,662,0
00689,2023-11-08,Giải Đặc biệt,257,1
00689,2023-11-08,Giải Nhất,501,0
00689,2023-11-08,Giải Nhất,003,1
00689,2023-11-08,Giải Nhất,123,2
00689,2023-11-08,Giải Nhất,693,3
00689,2023-11-08,Giải Nhì,674,0
00689,2023-11-08,Giải Nhì,363,1
00689,2023-11-08,Giải Nhì,817,2
00689,2023-11-08,Giải Nhì,173,3
00689,2023-11-08,Giải Nhì,174,4
00689,2023-11-08,Giải Nhì,768,5
00688,2023-11-06,Giải ba,741,0
00688,2023-11-06,Giải ba,341,1
00688,2023-11-06,Giải ba,937,2
00688,2023-11-06,Giải ba,181,3
00688,2023-11-06,Giải ba,119,4
00688,2023-11-06,Giải ba,803,5
00688,2023-11-06,Giải ba,820,6
00688,2023-11-06,Giải ba,683,7
00688,2023-11-06,Giải Đặc biệt,629,0
00688,2023-11-06,Giải Đặc biệt,001,1
00688,2023-11-06,Giải Nhất,224,0
00688,2023-11-06,Giải Nhất,967,1
00688,2023-11-06,Giải Nhất,812,2
00688,2023-11-06,Giải Nhất,216,3
00688,2023-11-06,Giải Nhì,641,0
00688,2023-11-06,Giải Nhì,064,1
00688,2023-11-06,Giải Nhì,690,2
00688,2023-11-06,Giải Nhì,636,3
00688,2023-11-06,Giải Nhì,175,4
00688,2023-11-06,Giải Nhì,625,5
00687,2023-11-03,Giải ba,210,0
00687,2023-11-03,Giải ba,334,1
00687,2023-11-03,Giải ba,671,2
00687,2023-11-03,Giải ba,651,3
00687,2023-11-03,Giải ba,626,4
00687,2023-11-03,Giải ba,277,5
00687,2023-11-03,Giải ba,491,6
00687,2023-11-03,Giải ba,790,7
00687,2023-11-03,Giải Đặc biệt,401,0
00687,2023-11-03,Giải Đặc biệt,951,1
00687,2023-11-03,Giải Nhất,751,0
00687,2023-11-03,Giải Nhất,708,1
00687,2023-11-03,Giải Nhất,563,2
00687,2023-11-03,Giải Nhất,740,3
00687,2023-11-03,Giải Nhì,162,0
00687,2023-11-03,Giải Nhì,184,1
00687,2023-11-03,Giải Nhì,464,2
00687,2023-11-03,Giải Nhì,271,3
00687,2023-11-03,Giải Nhì,453,4
00687,2023-11-03,Giải Nhì,952,5
00686,2023-11-01,Giải ba,143,0
00686,2023-11-01,Giải ba,347,1
00686,2023-11-01,Giải ba,165,2
00686,2023-11-01,Giải ba,349,3
00686,2023-11-01,Giải ba,167,4
00686,2023-11-01,Giải ba,002,5
00686,2023-11-01,Giải ba,716,6
00686,2023-11-01,Giải ba,432,7
00686,2023-11-01,Giải Đặc biệt,478,0
00686,2023-11-01,Giải Đặc biệt,509,1
00686,2023-11-01,Giải Nhất,328,0
00686,2023-11-01,Giải Nhất,834,1
00686,2023-11-01,Giải Nhất,493,2
00686,2023-11-01,Giải Nhất,561,3
00686,2023-11-01,Giải Nhì,706,0
00686,2023-11-01,Giải Nhì,851,1
00686,2023-11-01,Giải Nhì,589,2
00686,2023-11-01,Giải Nhì,589,3
00686,2023-11-01,Giải Nhì,069,4
00686,2023-11-01,Giải Nhì,706,5
00685,2023-10-30,Giải ba,376,0
00685,2023-10-30,Giải ba,162,1
00685,2023-10-30,Giải ba,801,2
00685,2023-10-30,Giải ba,632,3
00685,2023-10-30,Giải ba,480,4
00685,2023-10-30,Giải ba,941,5
00685,2023-10-30,Giải ba,094,6
00685,2023-10-30,Giải ba,595,7
00685,2023-10-30,Giải Đặc biệt,661,0
00685,2023-10-30,Giải Đặc biệt,071,1
00685,2023-10-30,Giải Nhất,580,0
00685,2023-10-30,Giải Nhất,703,1
00685,2023-10-30,Giải Nhất,912,2
00685,2023-10-30,Giải Nhất,221,3
00685,2023-10-30,Giải Nhì,361,0
00685,2023-10-30,Giải Nhì,936,1
00685,2023-10-30,Giải Nhì,812,2
00685,2023-10-30,Giải Nhì,363,3
00685,2023-10-30,Giải Nhì,123,4
00685,2023-10-30,Giải Nhì,791,5
00684,2023-10-27,Giải ba,217,0
00684,2023-10-27,Giải ba,678,1
00684,2023-10-27,Giải ba,546,2
00684,2023-10-27,Giải ba,950,3
00684,2023-10-27,Giải ba,223,4
00684,2023-10-27,Giải ba,728,5
00684,2023-10-27,Giải ba,249,6
00684,2023-10-27,Giải ba,591,7
00684,2023-10-27,Giải Đặc biệt,317,0
00684,2023-10-27,Giải Đặc biệt,811,1
00684,2023-10-27,Giải Nhất,512,0
00684,2023-10-27,Giải Nhất,203,1
00684,2023-10-27,Giải Nhất,999,2
00684,2023-10-27,Giải Nhất,800,3
00684,2023-10-27,Giải Nhì,839,0
00684,2023-10-27,Giải Nhì,394,1
00684,2023-10-27,Giải Nhì,094,2
00684,2023-10-27,Giải Nhì,616,3
00684,2023-10-27,Giải Nhì,617,4
00684,2023-10-27,Giải Nhì,457,5
00683,2023-10-25,Giải ba,502,0
00683,2023-10-25,Giải ba,579,1
00683,2023-10-25,Giải ba,960,2
00683,2023-10-25,Giải ba,430,3
00683,2023-10-25,Giải ba,412,4
00683,2023-10-25,Giải ba,750,5
00683,2023-10-25,Giải ba,126,6
00683,2023-10-25,Giải ba,842,7
00683,2023-10-25,Giải Đặc biệt,976,0
00683,2023-10-25,Giải Đặc biệt,407,1
00683,2023-10-25,Giải Nhất,551,0
00683,2023-10-25,Giải Nhất,427,1
00683,2023-10-25,Giải Nhất,925,2
00683,2023-10-25,Giải Nhất,210,3
00683,2023-10-25,Giải Nhì,108,0
00683,2023-10-25,Giải Nhì,598,1
00683,2023-10-25,Giải Nhì,262,2
00683,2023-10-25,Giải Nhì,067,3
00683,2023-10-25,Giải Nhì,626,4
00683,2023-10-25,Giải Nhì,965,5
00682,2023-10-23,Giải ba,862,0
00682,2023-10-23,Giải ba,198,1
00682,2023-10-23,Giải ba,939,2
00682,2023-10-23,Giải ba,167,3
00682,2023-10-23,Giải ba,405,4
00682,2023-10-23,Giải ba,105,5
00682,2023-10-23,Giải ba,323,6
00682,2023-10-23,Giải ba,474,7
00682,2023-10-23,Giải Đặc biệt,664,0
00682,2023-10-23,Giải Đặc biệt,076,1
00682,2023-10-23,Giải Nhất,643,0
00682,2023-10-23,Giải Nhất,268,1
00682,2023-10-23,Giải Nhất,565,2
00682,2023-10-23,Giải Nhất,176,3
00682,2023-10-23,Giải Nhì,951,0
00682,2023-10-23,Giải Nhì,318,1
00682,2023-10-23,Giải Nhì,771,2
00682,2023-10-23,Giải Nhì,489,3
00682,2023-10-23,Giải Nhì,727,4
00682,2023-10-23,Giải Nhì,857,5
00681,2023-10-20,Giải ba,455,0
00681,2023-10-20,Giải ba,698,1
00681,2023-10-20,Giải ba,139,2
00681,2023-10-20,Giải ba,380,3
00681,2023-10-20,Giải ba,843,4
00681,2023-10-20,Giải ba,535,5
00681,2023-10-20,Giải ba,971,6
00681,2023-10-20,Giải ba,906,7
00681,2023-10-20,Giải Đặc biệt,226,0
00681,2023-10-20,Giải Đặc biệt,716,1
00681,2023-10-20,Giải Nhất,146,0
00681,2023-10-20,Giải Nhất,253,1
00681,2023-10-20,Giải Nhất,982,2
00681,2023-10-20,Giải Nhất,745,3
00681,2023-10-20,Giải Nhì,172,0
00681,2023-10-20,Giải Nhì,773,1
00681,2023-10-20,Giải Nhì,683,2
00681,2023-10-20,Giải Nhì,958,3
00681,2023-10-20,Giải Nhì,030,4
00681,2023-10-20,Giải Nhì,830,5
00680,2023-10-18,Giải ba,970,0
00680,2023-10-18,Giải ba,013,1
00680,2023-10-18,Giải ba,438,2
00680,2023-10-18,Giải ba,550,3
00680,2023-10-18,Giải ba,117,4
00680,2023-10-18,Giải ba,468,5
00680,2023-10-18,Giải ba,438,6
00680,2023-10-18,Giải ba,964,7
00680,2023-10-18,Giải Đặc biệt,220,0
00680,2023-10-18,Giải Đặc biệt,624,1
00680,2023-10-18,Giải Nhất,795,0
00680,2023-10-18,Giải Nhất,634,1
00680,2023-10-18,Giải Nhất,490,2
00680,2023-10-18,Giải Nhất,397,3
00680,2023-10-18,Giải Nhì,610,0
00680,2023-10-18,Giải Nhì,716,1
00680,2023-10-18,Giải Nhì,126,2
00680,2023-10-18,Giải Nhì,289,3
00680,2023-10-18,Giải Nhì,792,4
00680,2023-10-18,Giải Nhì,616,5
00679,2023-10-16,Giải ba,213,0
00679,2023-10-16,Giải ba,558,1
00679,2023-10-16,Giải ba,775,2
00679,2023-10-16,Giải ba,281,3
00679,2023-10-16,Giải ba,795,4
00679,2023-10-16,Giải ba,260,5
00679,2023-10-16,Giải ba,011,6
00679,2023-10-16,Giải ba,741,7
00679,2023-10-16,Giải Đặc biệt,796,0
00679,2023-10-16,Giải Đặc biệt,102,1
00679,2023-10-16,Giải Nhất,372,0
00679,2023-10-16,Giải Nhất,990,1
00679,2023-10-16,Giải Nhất,088,2
00679,2023-10-16,Giải Nhất,212,3
00679,2023-10-16,Giải Nhì,950,0
00679,2023-10-16,Giải Nhì,878,1
00679,2023-10-16,Giải Nhì,621,2
00679,2023-10-16,Giải Nhì,418,3
00679,2023-10-16,Giải Nhì,444,4
00679,2023-10-16,Giải Nhì,746,5
00678,2023-10-13,Giải ba,530,0
00678,2023-10-13,Giải ba,527,1
00678,2023-10-13,Giải ba,838,2
00678,2023-10-13,Giải ba,859,3
00678,2023-10-13,Giải ba,269,4
00678,2023-10-13,Giải ba,925,5
00678,2023-10-13,Giải ba,726,6
00678,2023-10-13,Giải ba,929,7
00678,2023-10-13,Giải Đặc biệt,389,0
00678,2023-10-13,Giải Đặc biệt,621,1
00678,2023-10-13,Giải Nhất,912,0
00678,2023-10-13,Giải Nhất,232,1
00678,2023-10-13,Giải Nhất,646,2
00678,2023-10-13,Giải Nhất,669,3
00678,2023-10-13,Giải Nhì,243,0
00678,2023-10-13,Giải Nhì,141,1
00678,2023-10-13,Giải Nhì,448,2
00678,2023-10-13,Giải Nhì,342,3
00678,2023-10-13,Giải Nhì,444,4
00678,2023-10-13,Giải Nhì,544,5
00677,2023-10-11,Giải ba,186,0
00677,2023-10-11,Giải ba,655,1
00677,2023-10-11,Giải ba,448,2
00677,2023-10-11,Giải ba,217,3
00677,2023-10-11,Giải ba,251,4
00677,2023-10-11,Giải ba,304,5
00677,2023-10-11,Giải ba,359,6
00677,2023-10-11,Giải ba,773,7
00677,2023-10-11,Giải Đặc biệt,866,0
00677,2023-10-11,Giải Đặc biệt,220,1
00677,2023-10-11,Giải Nhất,698,0
00677,2023-10-11,Giải Nhất,263,1
00677,2023-10-11,Giải Nhất,185,2
00677,2023-10-11,Giải Nhất,215,3
00677,2023-10-11,Giải Nhì,125,0
00677,2023-10-11,Giải Nhì,650,1
00677,2023-10-11,Giải Nhì,080,2
00677,2023-10-11,Giải Nhì,293,3
00677,2023-10-11,Giải Nhì,221,4
00677,2023-10-11,Giải Nhì,118,5
00676,2023-10-09,Giải ba,171,0
00676,2023-10-09,Giải ba,030,1
00676,2023-10-09,Giải ba,350,2
00676,2023-10-09,Giải ba,618,3
00676,2023-10-09,Giải ba,834,4
00676,2023-10-09,Giải ba,366,5
00676,2023-10-09,Giải ba,196,6
00676,2023-10-09,Giải ba,685,7
00676,2023-10-09,Giải Đặc biệt,210,0
00676,2023-10-09,Giải Đặc biệt,917,1
00676,2023-10-09,Giải Nhất,023,0
00676,2023-10-09,Giải Nhất,237,1
00676,2023-10-09,Giải Nhất,769,2
00676,2023-10-09,Giải Nhất,969,3
00676,2023-10-09,Giải Nhì,119,0
00676,2023-10-09,Giải Nhì,385,1
00676,2023-10-09,Giải Nhì,389,2
00676,2023-10-09,Giải Nhì,951,3
00676,2023-10-09,Giải Nhì,686,4
00676,2023-10-09,Giải Nhì,376,5
00675,2023-10-06,Giải ba,519,0
00675,2023-10-06,Giải ba,918,1
00675,2023-10-06,Giải ba,818,2
00675,2023-10-06,Giải ba,306,3
00675,2023-10-06,Giải ba,831,4
00675,2023-10-06,Giải ba,097,5
00675,2023-10-06,Giải ba,833,6
00675,2023-10-06,Giải ba,439,7
00675,2023-10-06,Giải Đặc biệt,848,0
00675,2023-10-06,Giải Đặc biệt,262,1
00675,2023-10-06,Giải Nhất,317,0
00675,2023-10-06,Giải Nhất,511,1
00675,2023-10-06,Giải Nhất,600,2
00675,2023-10-06,Giải Nhất,244,3
00675,2023-10-06,Giải Nhì,434,0
00675,2023-10-06,Giải Nhì,454,1
00675,2023-10-06,Giải Nhì,993,2
00675,2023-10-06,Giải Nhì,138,3
00675,2023-10-06,Giải Nhì,880,4
00675,2023-10-06,Giải Nhì,046,5
00674,2023-10-04,Giải ba,444,0
00674,2023-10-04,Giải ba,664,1
00674,2023-10-04,Giải ba,235,2
00674,2023-10-04,Giải ba,492,3
00674,2023-10-04,Giải ba,620,4
00674,2023-10-04,Giải ba,167,5
00674,2023-10-04,Giải ba,087,6
00674,2023-10-04,Giải ba,680,7
00674,2023-10-04,Giải Đặc biệt,812,0
00674,2023-10-04,Giải Đặc biệt,845,1
00674,2023-10-04,Giải Nhất,486,0
00674,2023-10-04,Giải Nhất,289,1
00674,2023-10-04,Giải Nhất,763,2
00674,2023-10-04,Giải Nhất,547,3
00674,2023-10-04,Giải Nhì,763,0
00674,2023-10-04,Giải Nhì,901,1
00674,2023-10-04,Giải Nhì,156,2
00674,2023-10-04,Giải Nhì,780,3
00674,2023-10-04,Giải Nhì,492,4
00674,2023-10-04,Giải Nhì,663,5
00673,2023-10-02,Giải ba,495,0
00673,2023-10-02,Giải ba,607,1
00673,2023-10-02,Giải ba,508,2
00673,2023-10-02,Giải ba,729,3
00673,2023-10-02,Giải ba,936,4
00673,2023-10-02,Giải ba,534,5
00673,2023-10-02,Giải ba,021,6
00673,2023-10-02,Giải ba,886,7
00673,2023-10-02,Giải Đặc biệt,011,0
00673,2023-10-02,Giải Đặc biệt,201,1
00673,2023-10-02,Giải Nhất,630,0
00673,2023-10-02,Giải Nhất,020,1
00673,2023-10-02,Giải Nhất,589,2
00673,2023-10-02,Giải Nhất,014,3
00673,2023-10-02,Giải Nhì,399,0
00673,2023-10-02,Giải Nhì,811,1
00673,2023-10-02,Giải Nhì,951,2
00673,2023-10-02,Giải Nhì,334,3
00673,2023-10-02,Giải Nhì,934,4
00673,2023-10-02,Giải Nhì,348,5
00672,2023-09-29,Giải ba,381,0
00672,2023-09-29,Giải ba,753,1
00672,2023-09-29,Giải ba,729,2
00672,2023-09-29,Giải ba,300,3
00672,2023-09-29,Giải ba,217,4
00672,2023-09-29,Giải ba,894,5
00672,2023-09-29,Giải ba,052,6
00672,2023-09-29,Giải ba,171,7
00672,2023-09-29,Giải Đặc biệt,191,0
00672,2023-09-29,Giải Đặc biệt,846,1
00672,2023-09-29,Giải Nhất,287,0
00672,2023-09-29,Giải Nhất,265,1
00672,2023-09-29,Giải Nhất,643,2
00672,2023-09-29,Giải Nhất,045,3
00672,2023-09-29,Giải Nhì,969,0
00672,2023-09-29,Giải Nhì,623,1
00672,2023-09-29,Giải Nhì,868,2
00672,2023-09-29,Giải Nhì,921,3
00672,2023-09-29,Giải Nhì,912,4
00672,2023-09-29,Giải Nhì,665,5
00671,2023-09-27,Giải ba,302,0
00671,2023-09-27,Giải ba,555,1
00671,2023-09-27,Giải ba,183,2
00671,2023-09-27,Giải ba,567,3
00671,2023-09-27,Giải ba,478,4
00671,2023-09-27,Giải ba,132,5
00671,2023-09-27,Giải ba,300,6
00671,2023-09-27,Giải ba,440,7
00671,2023-09-27,Giải Đặc biệt,636,0
00671,2023-09-27,Giải Đặc biệt,327,1
00671,2023-09-27,Giải Nhất,529,0
00671,2023-09-27,Giải Nhất,447,1
00671,2023-09-27,Giải Nhất,522,2
00671,2023-09-27,Giải Nhất,903,3
00671,2023-09-27,Giải Nhì,594,0
00671,2023-09-27,Giải Nhì,520,1
00671,2023-09-27,Giải Nhì,567,2
00671,2023-09-27,Giải Nhì,980,3
00671,2023-09-27,Giải Nhì,799,4
00671,2023-09-27,Giải Nhì,276,5
00670,2023-09-25,Giải ba,711,0
00670,2023-09-25,Giải ba,176,1
00670,2023-09-25,Giải ba,286,2
00670,2023-09-25,Giải ba,138,3
00670,2023-09-25,Giải ba,864,4
00670,2023-09-25,Giải ba,053,5
00670,2023-09-25,Giải ba,870,6
00670,2023-09-25,Giải ba,321,7
00670,2023-09-25,Giải Đặc biệt,519,0
00670,2023-09-25,Giải Đặc biệt,092,1
00670,2023-09-25,Giải Nhất,497,0
00670,2023-09-25,Giải Nhất,851,1
00670,2023-09-25,Giải Nhất,042,2
00670,2023-09-25,Giải Nhất,656,3
00670,2023-09-25,Giải Nhì,580,0
00670,2023-09-25,Giải Nhì,322,1
00670,2023-09-25,Giải Nhì,708,2
00670,2023-09-25,Giải Nhì,801,3
00670,2023-09-25,Giải Nhì,678,4
00670,2023-09-25,Giải Nhì,078,5
00669,2023-09-22,Giải ba,415,0
00669,2023-09-22,Giải ba,266,1
00669,2023-09-22,Giải ba,781,2
00669,2023-09-22,Giải ba,251,3
00669,2023-09-22,Giải ba,937,4
00669,2023-09-22,Giải ba,549,5
00669,2023-09-22,Giải ba,727,6
00669,2023-09-22,Giải ba,563,7
00669,2023-09-22,Giải Đặc biệt,748,0
00669,2023-09-22,Giải Đặc biệt,205,1
00669,2023-09-22,Giải Nhất,144,0
00669,2023-09-22,Giải Nhất,352,1
00669,2023-09-22,Giải Nhất,988,2
00669,2023-09-22,Giải Nhất,083,3
00669,2023-09-22,Giải Nhì,638,0
00669,2023-09-22,Giải Nhì,856,1
00669,2023-09-22,Giải Nhì,953,2
00669,2023-09-22,Giải Nhì,447,3
00669,2023-09-22,Giải Nhì,527,4
00669,2023-09-22,Giải Nhì,510,5
00668,2023-09-20,Giải ba,576,0
00668,2023-09-20,Giải ba,780,1
00668,2023-09-20,Giải ba,189,2
00668,2023-09-20,Giải ba,005,3
00668,2023-09-20,Giải ba,504,4
00668,2023-09-20,Giải ba,447,5
00668,2023-09-20,Giải ba,946,6
00668,2023-09-20,Giải ba,780,7
00668,2023-09-20,Giải Đặc biệt,749,0
00668,2023-09-20,Giải Đặc biệt,728,1
00668,2023-09-20,Giải Nhất,129,0
00668,2023-09-20,Giải Nhất,815,1
00668,2023-09-20,Giải Nhất,512,2
00668,2023-09-20,Giải Nhất,887,3
00668,2023-09-20,Giải Nhì,912,0
00668,2023-09-20,Giải Nhì,455,1
00668,2023-09-20,Giải Nhì,880,2
00668,2023-09-20,Giải Nhì,107,3
00668,2023-09-20,Giải Nhì,913,4
00668,2023-09-20,Giải Nhì,773,5
00667,2023-09-18,Giải ba,652,0
00667,2023-09-18,Giải ba,170,1
00667,2023-09-18,Giải ba,387,2
00667,2023-09-18,Giải ba,980,3
00667,2023-09-18,Giải ba,811,4
00667,2023-09-18,Giải ba,663,5
00667,2023-09-18,Giải ba,251,6
00667,2023-09-18,Giải ba,160,7
00667,2023-09-18,Giải Đặc biệt,590,0
00667,2023-09-18,Giải Đặc biệt,110,1
00667,2023-09-18,Giải Nhất,432,0
00667,2023-09-18,Giải Nhất,247,1
00667,2023-09-18,Giải Nhất,146,2
00667,2023-09-18,Giải Nhất,716,3
00667,2023-09-18,Giải Nhì,987,0
00667,2023-09-18,Giải Nhì,123,1
00667,2023-09-18,Giải Nhì,185,2
00667,2023-09-18,Giải Nhì,934,3
00667,2023-09-18,Giải Nhì,576,4
00667,2023-09-18,Giải Nhì,730,5
00666,2023-09-15,Giải ba,607,0
00666,2023-09-15,Giải ba,083,1
00666,2023-09-15,Giải ba,379,2
00666,2023-09-15,Giải ba,418,3
00666,2023-09-15,Giải ba,859,4
00666,2023-09-15,Giải ba,475,5
00666,2023-09-15,Giải ba,090,6
00666,2023-09-15,Giải ba,858,7
00666,2023-09-15,Giải Đặc biệt,183,0
00666,2023-09-15,Giải Đặc biệt,305,1
00666,2023-09-15,Giải Nhất,615,0
00666,2023-09-15,Giải Nhất,355,1
00666,2023-09-15,Giải Nhất,503,2
00666,2023-09-15,Giải Nhất,190,3
00666,2023-09-15,Giải Nhì,261,0
00666,2023-09-15,Giải Nhì,235,1
00666,2023-09-15,Giải Nhì,374,2
00666,2023-09-15,Giải Nhì,507,3
00666,2023-09-15,Giải Nhì,090,4
00666,2023-09-15,Giải Nhì,509,5
00665,2023-09-13,Giải ba,722,0
00665,2023-09-13,Giải ba,362,1
00665,2023-09-13,Giải ba,295,2
00665,2023-09-13,Giải ba,436,3
00665,2023-09-13,Giải ba,153,4
00665,2023-09-13,Giải ba,638,5
00665,2023-09-13,Giải ba,579,6
00665,2023-09-13,Giải ba,987,7
00665,2023-09-13,Giải Đặc biệt,647,0
00665,2023-09-13,Giải Đặc biệt,719,1
00665,2023-09-13,Giải Nhất,765,0
00665,2023-09-13,Giải Nhất,576,1
00665,2023-09-13,Giải Nhất,025,2
00665,2023-09-13,Giải Nhất,855,3
00665,2023-09-13,Giải Nhì,339,0
00665,2023-09-13,Giải Nhì,413,1
00665,2023-09-13,Giải Nhì,530,2
00665,2023-09-13,Giải Nhì,738,3
00665,2023-09-13,Giải Nhì,985,4
00665,2023-09-13,Giải Nhì,967,5
00664,2023-09-11,Giải ba,887,0
00664,2023-09-11,Giải ba,428,1
00664,2023-09-11,Giải ba,655,2
00664,2023-09-11,Giải ba,253,3
00664,2023-09-11,Giải ba,204,4
00664,2023-09-11,Giải ba,604,5
00664,2023-09-11,Giải ba,588,6
00664,2023-09-11,Giải ba,398,7
00664,2023-09-11,Giải Đặc biệt,980,0
00664,2023-09-11,Giải Đặc biệt,614,1
00664,2023-09-11,Giải Nhất,902,0
00664,2023-09-11,Giải Nhất,059,1
00664,2023-09-11,Giải Nhất,202,2
00664,2023-09-11,Giải Nhất,304,3
00664,2023-09-11,Giải Nhì,926,0
00664,2023-09-11,Giải Nhì,971,1
00664,2023-09-11,Giải Nhì,671,2
00664,2023-09-11,Giải Nhì,388,3
00664,2023-09-11,Giải Nhì,575,4
00664,2023-09-11,Giải Nhì,467,5
00663,2023-09-08,Giải ba,921,0
00663,2023-09-08,Giải ba,934,1
00663,2023-09-08,Giải ba,085,2
00663,2023-09-08,Giải ba,420,3
00663,2023-09-08,Giải ba,359,4
00663,2023-09-08,Giải ba,530,5
00663,2023-09-08,Giải ba,084,6
00663,2023-09-08,Giải ba,736,7
00663,2023-09-08,Giải Đặc biệt,621,0
00663,2023-09-08,Giải Đặc biệt,002,1
00663,2023-09-08,Giải Nhất,928,0
00663,2023-09-08,Giải Nhất,600,1
00663,2023-09-08,Giải Nhất,734,2
00663,2023-09-08,Giải Nhất,844,3
00663,2023-09-08,Giải Nhì,908,0
00663,2023-09-08,Giải Nhì,762,1
00663,2023-09-08,Giải Nhì,591,2
00663,2023-09-08,Giải Nhì,479,3
00663,2023-09-08,Giải Nhì,125,4
00663,2023-09-08,Giải Nhì,696,5
00662,2023-09-06,Giải ba,305,0
00662,2023-09-06,Giải ba,727,1
00662,2023-09-06,Giải ba,373,2
00662,2023-09-06,Giải ba,277,3
00662,2023-09-06,Giải ba,742,4
00662,2023-09-06,Giải ba,818,5
00662,2023-09-06,Giải ba,466,6
00662,2023-09-06,Giải ba,951,7
00662,2023-09-06,Giải Đặc biệt,042,0
00662,2023-09-06,Giải Đặc biệt,980,1
00662,2023-09-06,Giải Nhất,448,0
00662,2023-09-06,Giải Nhất,429,1
00662,2023-09-06,Giải Nhất,058,2
00662,2023-09-06,Giải Nhất,908,3
00662,2023-09-06,Giải Nhì,492,0
00662,2023-09-06,Giải Nhì,280,1
00662,2023-09-06,Giải Nhì,282,2
00662,2023-09-06,Giải Nhì,522,3
00662,2023-09-06,Giải Nhì,088,4
00662,2023-09-06,Giải Nhì,900,5
00661,2023-09-04,Giải ba,122,0
00661,2023-09-04,Giải ba,219,1
00661,2023-09-04,Giải ba,167,2
00661,2023-09-04,Giải ba,970,3
00661,2023-09-04,Giải ba,336,4
00661,2023-09-04,Giải ba,247,5
00661,2023-09-04,Giải ba,837,6
00661,2023-09-04,Giải ba,472,7
00661,2023-09-04,Giải Đặc biệt,011,0
00661,2023-09-04,Giải Đặc biệt,125,1
00661,2023-09-04,Giải Nhất,359,0
00661,2023-09-04,Giải Nhất,588,1
00661,2023-09-04,Giải Nhất,064,2
00661,2023-09-04,Giải Nhất,022,3
00661,2023-09-04,Giải Nhì,317,0
00661,2023-09-04,Giải Nhì,231,1
00661,2023-09-04,Giải Nhì,588,2
00661,2023-09-04,Giải Nhì,284,3
00661,2023-09-04,Giải Nhì,715,4
00661,2023-09-04,Giải Nhì,620,5
00660,2023-09-01,Giải ba,784,0
00660,2023-09-01,Giải ba,063,1
00660,2023-09-01,Giải ba,505,2
00660,2023-09-01,Giải ba,903,3
00660,2023-09-01,Giải ba,870,4
00660,2023-09-01,Giải ba,684,5
00660,2023-09-01,Giải ba,564,6
00660,2023-09-01,Giải ba,747,7
00660,2023-09-01,Giải Đặc biệt,155,0
00660,2023-09-01,Giải Đặc biệt,035,1
00660,2023-09-01,Giải Nhất,167,0
00660,2023-09-01,Giải Nhất,832,1
00660,2023-09-01,Giải Nhất,562,2
00660,2023-09-01,Giải Nhất,338,3
00660,2023-09-01,Giải Nhì,843,0
00660,2023-09-01,Giải Nhì,709,1
00660,2023-09-01,Giải Nhì,487,2
00660,2023-09-01,Giải Nhì,258,3
00660,2023-09-01,Giải Nhì,153,4
00660,2023-09-01,Giải Nhì,190,5
00659,2023-08-30,Giải ba,562,0
00659,2023-08-30,Giải ba,623,1
00659,2023-08-30,Giải ba,752,2
00659,2023-08-30,Giải ba,455,3
00659,2023-08-30,Giải ba,503,4
00659,2023-08-30,Giải ba,800,5
00659,2023-08-30,Giải ba,509,6
00659,2023-08-30,Giải ba,550,7
00659,2023-08-30,Giải Đặc biệt,732,0
00659,2023-08-30,Giải Đặc biệt,164,1
00659,2023-08-30,Giải Nhất,939,0
00659,2023-08-30,Giải Nhất,138,1
00659,2023-08-30,Giải Nhất,661,2
00659,2023-08-30,Giải Nhất,535,3
00659,2023-08-30,Giải Nhì,149,0
00659,2023-08-30,Giải Nhì,461,1
00659,2023-08-30,Giải Nhì,508,2
00659,2023-08-30,Giải Nhì,417,3
00659,2023-08-30,Giải Nhì,821,4
00659,2023-08-30,Giải Nhì,239,5
00658,2023-08-28,Giải ba,132,0
00658,2023-08-28,Giải ba,560,1
00658,2023-08-28,Giải ba,997,2
00658,2023-08-28,Giải ba,706,3
00658,2023-08-28,Giải ba,756,4
00658,2023-08-28,Giải ba,187,5
00658,2023-08-28,Giải ba,081,6
00658,2023-08-28,Giải ba,391,7
00658,2023-08-28,Giải Đặc biệt,038,0
00658,2023-08-28,Giải Đặc biệt,910,1
00658,2023-08-28,Giải Nhất,428,0
00658,2023-08-28,Giải Nhất,111,1
00658,2023-08-28,Giải Nhất,330,2
00658,2023-08-28,Giải Nhất,937,3
00658,2023-08-28,Giải Nhì,568,0
00658,2023-08-28,Giải Nhì,229,1
00658,2023-08-28,Giải Nhì,652,2
00658,2023-08-28,Giải Nhì,819,3
00658,2023-08-28,Giải Nhì,872,4
00658,2023-08-28,Giải Nhì,595,5
00657,2023-08-25,Giải ba,993,0
00657,2023-08-25,Giải ba,337,1
00657,2023-08-25,Giải ba,990,2
00657,2023-08-25,Giải ba,195,3
00657,2023-08-25,Giải ba,914,4
00657,2023-08-25,Giải ba,568,5
00657,2023-08-25,Giải ba,128,6
00657,2023-08-25,Giải ba,382,7
00657,2023-08-25,Giải Đặc biệt,207,0
00657,2023-08-25,Giải Đặc biệt,574,1
00657,2023-08-25,Giải Nhất,941,0
00657,2023-08-25,Giải Nhất,473,1
00657,2023-08-25,Giải Nhất,149,2
00657,2023-08-25,Giải Nhất,810,3
00657,2023-08-25,Giải Nhì,799,0
00657,2023-08-25,Giải Nhì,217,1
00657,2023-08-25,Giải Nhì,800,2
00657,2023-08-25,Giải Nhì,979,3
00657,2023-08-25,Giải Nhì,067,4
00657,2023-08-25,Giải Nhì,090,5
00656,2023-08-23,Giải ba,914,0
00656,2023-08-23,Giải ba,255,1
00656,2023-08-23,Giải ba,490,2
00656,2023-08-23,Giải ba,455,3
00656,2023-08-23,Giải ba,845,4
00656,2023-08-23,Giải ba,560,5
00656,2023-08-23,Giải ba,776,6
00656,2023-08-23,Giải ba,086,7
00656,2023-08-23,Giải Đặc biệt,565,0
00656,2023-08-23,Giải Đặc biệt,931,1
00656,2023-08-23,Giải Nhất,550,0
00656,2023-08-23,Giải Nhất,380,1
00656,2023-08-23,Giải Nhất,828,2
00656,2023-08-23,Giải Nhất,969,3
00656,2023-08-23,Giải Nhì,632,0
00656,2023-08-23,Giải Nhì,389,1
00656,2023-08-23,Giải Nhì,944,2
00656,2023-08-23,Giải Nhì,349,3
00656,2023-08-23,Giải Nhì,772,4
00656,2023-08-23,Giải Nhì,976,5
00655,2023-08-21,Giải ba,394,0
00655,2023-08-21,Giải ba,023,1
00655,2023-08-21,Giải ba,866,2
00655,2023-08-21,Giải ba,002,3
00655,2023-08-21,Giải ba,243,4
00655,2023-08-21,Giải ba,133,5
00655,2023-08-21,Giải ba,115,6
00655,2023-08-21,Giải ba,458,7
00655,2023-08-21,Giải Đặc biệt,475,0
00655,2023-08-21,Giải Đặc biệt,758,1
00655,2023-08-21,Giải Nhất,727,0
00655,2023-08-21,Giải Nhất,858,1
00655,2023-08-21,Giải Nhất,734,2
00655,2023-08-21,Giải Nhất,140,3
00655,2023-08-21,Giải Nhì,833,0
00655,2023-08-21,Giải Nhì,655,1
00655,2023-08-21,Giải Nhì,554,2
00655,2023-08-21,Giải Nhì,770,3
00655,2023-08-21,Giải Nhì,849,4
00655,2023-08-21,Giải Nhì,165,5
00654,2023-08-18,Giải ba,275,0
00654,2023-08-18,Giải ba,307,1
00654,2023-08-18,Giải ba,800,2
00654,2023-08-18,Giải ba,429,3
00654,2023-08-18,Giải ba,200,4
00654,2023-08-18,Giải ba,433,5
00654,2023-08-18,Giải ba,266,6
00654,2023-08-18,Giải ba,728,7
00654,2023-08-18,Giải Đặc biệt,776,0
00654,2023-08-18,Giải Đặc biệt,168,1
00654,2023-08-18,Giải Nhất,212,0
00654,2023-08-18,Giải Nhất,706,1
00654,2023-08-18,Giải Nhất,799,2
00654,2023-08-18,Giải Nhất,390,3
00654,2023-08-18,Giải Nhì,668,0
00654,2023-08-18,Giải Nhì,658,1
00654,2023-08-18,Giải Nhì,056,2
00654,2023-08-18,Giải Nhì,158,3
00654,2023-08-18,Giải Nhì,382,4
00654,2023-08-18,Giải Nhì,662,5
00653,2023-08-16,Giải ba,458,0
00653,2023-08-16,Giải ba,087,1
00653,2023-08-16,Giải ba,275,2
00653,2023-08-16,Giải ba,512,3
00653,2023-08-16,Giải ba,875,4
00653,2023-08-16,Giải ba,500,5
00653,2023-08-16,Giải ba,024,6
00653,2023-08-16,Giải ba,323,7
00653,2023-08-16,Giải Đặc biệt,998,0
00653,2023-08-16,Giải Đặc biệt,865,1
00653,2023-08-16,Giải Nhất,352,0
00653,2023-08-16,Giải Nhất,679,1
00653,2023-08-16,Giải Nhất,912,2
00653,2023-08-16,Giải Nhất,375,3
00653,2023-08-16,Giải Nhì,832,0
00653,2023-08-16,Giải Nhì,176,1
00653,2023-08-16,Giải Nhì,765,2
00653,2023-08-16,Giải Nhì,784,3
00653,2023-08-16,Giải Nhì,156,4
00653,2023-08-16,Giải Nhì,268,5
00652,2023-08-14,Giải ba,552,0
00652,2023-08-14,Giải ba,016,1
00652,2023-08-14,Giải ba,183,2
00652,2023-08-14,Giải ba,827,3
00652,2023-08-14,Giải ba,219,4
00652,2023-08-14,Giải ba,682,5
00652,2023-08-14,Giải ba,022,6
00652,2023-08-14,Giải ba,273,7
00652,2023-08-14,Giải Đặc biệt,857,0
00652,2023-08-14,Giải Đặc biệt,863,1
00652,2023-08-14,Giải Nhất,889,0
00652,2023-08-14,Giải Nhất,229,1
00652,2023-08-14,Giải Nhất,975,2
00652,2023-08-14,Giải Nhất,156,3
00652,2023-08-14,Giải Nhì,765,0
00652,2023-08-14,Giải Nhì,772,1
00652,2023-08-14,Giải Nhì,921,2
00652,2023-08-14,Giải Nhì,672,3
00652,2023-08-14,Giải Nhì,449,4
00652,2023-08-14,Giải Nhì,086,5
00651,2023-08-11,Giải ba,001,0
00651,2023-08-11,Giải ba,424,1
00651,2023-08-11,Giải ba,121,2
00651,2023-08-11,Giải ba,998,3
00651,2023-08-11,Giải ba,368,4
00651,2023-08-11,Giải ba,647,5
00651,2023-08-11,Giải ba,456,6
00651,2023-08-11,Giải ba,930,7
00651,2023-08-11,Giải Đặc biệt,883,0
00651,2023-08-11,Giải Đặc biệt,746,1
00651,2023-08-11,Giải Nhất,274,0
00651,2023-08-11,Giải Nhất,064,1
00651,2023-08-11,Giải Nhất,899,2
00651,2023-08-11,Giải Nhất,568,3
00651,2023-08-11,Giải Nhì,341,0
00651,2023-08-11,Giải Nhì,897,1
00651,2023-08-11,Giải Nhì,326,2
00651,2023-08-11,Giải Nhì,982,3
00651,2023-08-11,Giải Nhì,772,4
00651,2023-08-11,Giải Nhì,201,5
00650,2023-08-09,Giải ba,017,0
00650,2023-08-09,Giải ba,343,1
00650,2023-08-09,Giải ba,691,2
00650,2023-08-09,Giải ba,174,3
00650,2023-08-09,Giải ba,497,4
00650,2023-08-09,Giải ba,962,5
00650,2023-08-09,Giải ba,565,6
00650,2023-08-09,Giải ba,212,7
00650,2023-08-09,Giải Đặc biệt,310,0
00650,2023-08-09,Giải Đặc biệt,308,1
00650,2023-08-09,Giải Nhất,677,0
00650,2023-08-09,Giải Nhất,724,1
00650,2023-08-09,Giải Nhất,205,2
00650,2023-08-09,Giải Nhất,768,3
00650,2023-08-09,Giải Nhì,566,0
00650,2023-08-09,Giải Nhì,882,1
00650,2023-08-09,Giải Nhì,040,2
00650,2023-08-09,Giải Nhì,646,3
00650,2023-08-09,Giải Nhì,057,4
00650,2023-08-09,Giải Nhì,066,5
00649,2023-08-07,Giải ba,733,0
00649,2023-08-07,Giải ba,537,1
00649,2023-08-07,Giải ba,571,2
00649,2023-08-07,Giải ba,018,3
00649,2023-08-07,Giải ba,346,4
00649,2023-08-07,Giải ba,672,5
00649,2023-08-07,Giải ba,449,6
00649,2023-08-07,Giải ba,690,7
00649,2023-08-07,Giải Đặc biệt,966,0
00649,2023-08-07,Giải Đặc biệt,485,1
00649,2023-08-07,Giải Nhất,831,0
00649,2023-08-07,Giải Nhất,108,1
00649,2023-08-07,Giải Nhất,527,2
00649,2023-08-07,Giải Nhất,507,3
00649,2023-08-07,Giải Nhì,482,0
00649,2023-08-07,Giải Nhì,493,1
00649,2023-08-07,Giải Nhì,423,2
00649,2023-08-07,Giải Nhì,293,3
00649,2023-08-07,Giải Nhì,479,4
00649,2023-08-07,Giải Nhì,503,5
00648,2023-08-04,Giải ba,217,0
00648,2023-08-04,Giải ba,283,1
00648,2023-08-04,Giải ba,452,2
00648,2023-08-04,Giải ba,522,3
00648,2023-08-04,Giải ba,512,4
00648,2023-08-04,Giải ba,261,5
00648,2023-08-04,Giải ba,584,6
00648,2023-08-04,Giải ba,780,7
00648,2023-08-04,Giải Đặc biệt,168,0
00648,2023-08-04,Giải Đặc biệt,528,1
00648,2023-08-04,Giải Nhất,630,0
00648,2023-08-04,Giải Nhất,393,1
00648,2023-08-04,Giải Nhất,086,2
00648,2023-08-04,Giải Nhất,230,3
00648,2023-08-04,Giải Nhì,921,0
00648,2023-08-04,Giải Nhì,744,1
00648,2023-08-04,Giải Nhì,834,2
00648,2023-08-04,Giải Nhì,200,3
00648,2023-08-04,Giải Nhì,800,4
00648,2023-08-04,Giải Nhì,648,5
00647,2023-08-02,Giải ba,052,0
00647,2023-08-02,Giải ba,557,1
00647,2023-08-02,Giải ba,061,2
00647,2023-08-02,Giải ba,678,3
00647,2023-08-02,Giải ba,671,4
00647,2023-08-02,Giải ba,489,5
00647,2023-08-02,Giải ba,990,6
00647,2023-08-02,Giải ba,797,7
00647,2023-08-02,Giải Đặc biệt,227,0
00647,2023-08-02,Giải Đặc biệt,573,1
00647,2023-08-02,Giải Nhất,618,0
00647,2023-08-02,Giải Nhất,570,1
00647,2023-08-02,Giải Nhất,337,2
00647,2023-08-02,Giải Nhất,329,3
00647,2023-08-02,Giải Nhì,332,0
00647,2023-08-02,Giải Nhì,428,1
00647,2023-08-02,Giải Nhì,834,2
00647,2023-08-02,Giải Nhì,622,3
00647,2023-08-02,Giải Nhì,195,4
00647,2023-08-02,Giải Nhì,906,5
00646,2023-07-31,Giải ba,261,0
00646,2023-07-31,Giải ba,142,1
00646,2023-07-31,Giải ba,719,2
00646,2023-07-31,Giải ba,609,3
00646,2023-07-31,Giải ba,784,4
00646,2023-07-31,Giải ba,832,5
00646,2023-07-31,Giải ba,564,6
00646,2023-07-31,Giải ba,024,7
00646,2023-07-31,Giải Đặc biệt,262,0
00646,2023-07-31,Giải Đặc biệt,840,1
00646,2023-07-31,Giải Nhất,685,0
00646,2023-07-31,Giải Nhất,691,1
00646,2023-07-31,Giải Nhất,369,2
00646,2023-07-31,Giải Nhất,510,3
00646,2023-07-31,Giải Nhì,234,0
00646,2023-07-31,Giải Nhì,376,1
00646,2023-07-31,Giải Nhì,213,2
00646,2023-07-31,Giải Nhì,706,3
00646,2023-07-31,Giải Nhì,890,4
00646,2023-07-31,Giải Nhì,757,5
00645,2023-07-28,Giải ba,196,0
00645,2023-07-28,Giải ba,204,1
00645,2023-07-28,Giải ba,959,2
00645,2023-07-28,Giải ba,854,3
00645,2023-07-28,Giải ba,504,4
00645,2023-07-28,Giải ba,770,5
00645,2023-07-28,Giải ba,703,6
00645,2023-07-28,Giải ba,573,7
00645,2023-07-28,Giải Đặc biệt,152,0
00645,2023-07-28,Giải Đặc biệt,682,1
00645,2023-07-28,Giải Nhất,616,0
00645,2023-07-28,Giải Nhất,175,1
00645,2023-07-28,Giải Nhất,834,2
00645,2023-07-28,Giải Nhất,723,3
00645,2023-07-28,Giải Nhì,984,0
00645,2023-07-28,Giải Nhì,178,1
00645,2023-07-28,Giải Nhì,600,2
00645,2023-07-28,Giải Nhì,881,3
00645,2023-07-28,Giải Nhì,492,4
00645,2023-07-28,Giải Nhì,943,5
00644,2023-07-26,Giải ba,513,0
00644,2023-07-26,Giải ba,713,1
00644,2023-07-26,Giải ba,430,2
00644,2023-07-26,Giải ba,046,3
00644,2023-07-26,Giải ba,196,4
00644,2023-07-26,Giải ba,548,5
00644,2023-07-26,Giải ba,073,6
00644,2023-07-26,Giải ba,615,7
00644,2023-07-26,Giải Đặc biệt,461,0
00644,2023-07-26,Giải Đặc biệt,775,1
00644,2023-07-26,Giải Nhất,531,0
00644,2023-07-26,Giải Nhất,455,1
00644,2023-07-26,Giải Nhất,163,2
00644,2023-07-26,Giải Nhất,865,3
00644,2023-07-26,Giải Nhì,962,0
00644,2023-07-26,Giải Nhì,404,1
00644,2023-07-26,Giải Nhì,701,2
00644,2023-07-26,Giải Nhì,734,3
00644,2023-07-26,Giải Nhì,765,4
00644,2023-07-26,Giải Nhì,738,5
00643,2023-07-24,Giải ba,815,0
00643,2023-07-24,Giải ba,369,1
00643,2023-07-24,Giải ba,568,2
00643,2023-07-24,Giải ba,947,3
00643,2023-07-24,Giải ba,457,4
00643,2023-07-24,Giải ba,252,5
00643,2023-07-24,Giải ba,252,6
00643,2023-07-24,Giải ba,789,7
00643,2023-07-24,Giải Đặc biệt,036,0
00643,2023-07-24,Giải Đặc biệt,285,1
00643,2023-07-24,Giải Nhất,226,0
00643,2023-07-24,Giải Nhất,503,1
00643,2023-07-24,Giải Nhất,778,2
00643,2023-07-24,Giải Nhất,321,3
00643,2023-07-24,Giải Nhì,608,0
00643,2023-07-24,Giải Nhì,288,1
00643,2023-07-24,Giải Nhì,388,2
00643,2023-07-24,Giải Nhì,770,3
00643,2023-07-24,Giải Nhì,658,4
00643,2023-07-24,Giải Nhì,515,5
00642,2023-07-21,Giải ba,085,0
00642,2023-07-21,Giải ba,111,1
00642,2023-07-21,Giải ba,608,2
00642,2023-07-21,Giải ba,080,3
00642,2023-07-21,Giải ba,311,4
00642,2023-07-21,Giải ba,790,5
00642,2023-07-21,Giải ba,134,6
00642,2023-07-21,Giải ba,892,7
00642,2023-07-21,Giải Đặc biệt,376,0
00642,2023-07-21,Giải Đặc biệt,994,1
00642,2023-07-21,Giải Nhất,553,0
00642,2023-07-21,Giải Nhất,278,1
00642,2023-07-21,Giải Nhất,633,2
00642,2023-07-21,Giải Nhất,944,3
00642,2023-07-21,Giải Nhì,743,0
00642,2023-07-21,Giải Nhì,552,1
00642,2023-07-21,Giải Nhì,383,2
00642,2023-07-21,Giải Nhì,913,3
00642,2023-07-21,Giải Nhì,920,4
00642,2023-07-21,Giải Nhì,723,5
00641,2023-07-19,Giải ba,228,0
00641,2023-07-19,Giải ba,426,1
00641,2023-07-19,Giải ba,262,2
00641,2023-07-19,Giải ba,809,3
00641,2023-07-19,Giải ba,369,4
00641,2023-07-19,Giải ba,487,5
00641,2023-07-19,Giải ba,997,6
00641,2023-07-19,Giải ba,287,7
00641,2023-07-19,Giải Đặc biệt,484,0
00641,2023-07-19,Giải Đặc biệt,781,1
00641,2023-07-19,Giải Nhất,200,0
00641,2023-07-19,Giải Nhất,505,1
00641,2023-07-19,Giải Nhất,961,2
00641,2023-07-19,Giải Nhất,812,3
00641,2023-07-19,Giải Nhì,589,0
00641,2023-07-19,Giải Nhì,430,1
00641,2023-07-19,Giải Nhì,812,2
00641,2023-07-19,Giải Nhì,755,3
00641,2023-07-19,Giải Nhì,826,4
00641,2023-07-19,Giải Nhì,785,5
00640,2023-07-17,Giải ba,203,0
00640,2023-07-17,Giải ba,510,1
00640,2023-07-17,Giải ba,703,2
00640,2023-07-17,Giải ba,416,3
00640,2023-07-17,Giải ba,465,4
00640,2023-07-17,Giải ba,090,5
00640,2023-07-17,Giải ba,334,6
00640,2023-07-17,Giải ba,166,7
00640,2023-07-17,Giải Đặc biệt,921,0
00640,2023-07-17,Giải Đặc biệt,040,1
00640,2023-07-17,Giải Nhất,129,0
00640,2023-07-17,Giải Nhất,641,1
00640,2023-07-17,Giải Nhất,555,2
00640,2023-07-17,Giải Nhất,856,3
00640,2023-07-17,Giải Nhì,199,0
00640,2023-07-17,Giải Nhì,628,1
00640,2023-07-17,Giải Nhì,556,2
00640,2023-07-17,Giải Nhì,233,3
00640,2023-07-17,Giải Nhì,032,4
00640,2023-07-17,Giải Nhì,991,5
00639,2023-07-14,Giải ba,509,0
00639,2023-07-14,Giải ba,939,1
00639,2023-07-14,Giải ba,769,2
00639,2023-07-14,Giải ba,672,3
00639,2023-07-14,Giải ba,906,4
00639,2023-07-14,Giải ba,567,5
00639,2023-07-14,Giải ba,855,6
00639,2023-07-14,Giải ba,367,7
00639,2023-07-14,Giải Đặc biệt,606,0
00639,2023-07-14,Giải Đặc biệt,633,1
00639,2023-07-14,Giải Nhất,980,0
00639,2023-07-14,Giải Nhất,952,1
00639,2023-07-14,Giải Nhất,485,2
00639,2023-07-14,Giải Nhất,072,3
00639,2023-07-14,Giải Nhì,756,0
00639,2023-07-14,Giải Nhì,046,1
00639,2023-07-14,Giải Nhì,356,2
00639,2023-07-14,Giải Nhì,081,3
00639,2023-07-14,Giải Nhì,127,4
00639,2023-07-14,Giải Nhì,628,5
00638,2023-07-12,Giải ba,103,0
00638,2023-07-12,Giải ba,717,1
00638,2023-07-12,Giải ba,977,2
00638,2023-07-12,Giải ba,664,3
00638,2023-07-12,Giải ba,846,4
00638,2023-07-12,Giải ba,140,5
00638,2023-07-12,Giải ba,640,6
00638,2023-07-12,Giải ba,557,7
00638,2023-07-12,Giải Đặc biệt,714,0
00638,2023-07-12,Giải Đặc biệt,619,1
00638,2023-07-12,Giải Nhất,010,0
00638,2023-07-12,Giải Nhất,753,1
00638,2023-07-12,Giải Nhất,933,2
00638,2023-07-12,Giải Nhất,298,3
00638,2023-07-12,Giải Nhì,651,0
00638,2023-07-12,Giải Nhì,041,1
00638,2023-07-12,Giải Nhì,485,2
00638,2023-07-12,Giải Nhì,135,3
00638,2023-07-12,Giải Nhì,366,4
00638,2023-07-12,Giải Nhì,123,5
00637,2023-07-10,Giải ba,455,0
00637,2023-07-10,Giải ba,707,1
00637,2023-07-10,Giải ba,802,2
00637,2023-07-10,Giải ba,332,3
00637,2023-07-10,Giải ba,206,4
00637,2023-07-10,Giải ba,996,5
00637,2023-07-10,Giải ba,238,6
00637,2023-07-10,Giải ba,041,7
00637,2023-07-10,Giải Đặc biệt,796,0
00637,2023-07-10,Giải Đặc biệt,628,1
00637,2023-07-10,Giải Nhất,874,0
00637,2023-07-10,Giải Nhất,652,1
00637,2023-07-10,Giải Nhất,419,2
00637,2023-07-10,Giải Nhất,094,3
00637,2023-07-10,Giải Nhì,416,0
00637,2023-07-10,Giải Nhì,337,1
00637,2023-07-10,Giải Nhì,365,2
00637,2023-07-10,Giải Nhì,414,3
00637,2023-07-10,Giải Nhì,565,4
00637,2023-07-10,Giải Nhì,716,5
00636,2023-07-07,Giải ba,656,0
00636,2023-07-07,Giải ba,967,1
00636,2023-07-07,Giải ba,421,2
00636,2023-07-07,Giải ba,696,3
00636,2023-07-07,Giải ba,537,4
00636,2023-07-07,Giải ba,884,5
00636,2023-07-07,Giải ba,053,6
00636,2023-07-07,Giải ba,291,7
00636,2023-07-07,Giải Đặc biệt,953,0
00636,2023-07-07,Giải Đặc biệt,816,1
00636,2023-07-07,Giải Nhất,777,0
00636,2023-07-07,Giải Nhất,225,1
00636,2023-07-07,Giải Nhất,486,2
00636,2023-07-07,Giải Nhất,861,3
00636,2023-07-07,Giải Nhì,677,0
00636,2023-07-07,Giải Nhì,400,1
00636,2023-07-07,Giải Nhì,587,2
00636,2023-07-07,Giải Nhì,357,3
00636,2023-07-07,Giải Nhì,135,4
00636,2023-07-07,Giải Nhì,633,5
00635,2023-07-05,Giải ba,022,0
00635,2023-07-05,Giải ba,385,1
00635,2023-07-05,Giải ba,132,2
00635,2023-07-05,Giải ba,106,3
00635,2023-07-05,Giải ba,939,4
00635,2023-07-05,Giải ba,941,5
00635,2023-07-05,Giải ba,447,6
00635,2023-07-05,Giải ba,402,7
00635,2023-07-05,Giải Đặc biệt,445,0
00635,2023-07-05,Giải Đặc biệt,146,1
00635,2023-07-05,Giải Nhất,804,0
00635,2023-07-05,Giải Nhất,210,1
00635,2023-07-05,Giải Nhất,540,2
00635,2023-07-05,Giải Nhất,951,3
00635,2023-07-05,Giải Nhì,875,0
00635,2023-07-05,Giải Nhì,474,1
00635,2023-07-05,Giải Nhì,103,2
00635,2023-07-05,Giải Nhì,006,3
00635,2023-07-05,Giải Nhì,636,4
00635,2023-07-05,Giải Nhì,246,5
00634,2023-07-03,Giải ba,523,0
00634,2023-07-03,Giải ba,768,1
00634,2023-07-03,Giải ba,822,2
00634,2023-07-03,Giải ba,874,3
00634,2023-07-03,Giải ba,980,4
00634,2023-07-03,Giải ba,615,5
00634,2023-07-03,Giải ba,564,6
00634,2023-07-03,Giải ba,175,7
00634,2023-07-03,Giải Đặc biệt,202,0
00634,2023-07-03,Giải Đặc biệt,940,1
00634,2023-07-03,Giải Nhất,056,0
00634,2023-07-03,Giải Nhất,645,1
00634,2023-07-03,Giải Nhất,351,2
00634,2023-07-03,Giải Nhất,320,3
00634,2023-07-03,Giải Nhì,086,0
00634,2023-07-03,Giải Nhì,374,1
00634,2023-07-03,Giải Nhì,770,2
00634,2023-07-03,Giải Nhì,062,3
00634,2023-07-03,Giải Nhì,547,4
00634,2023-07-03,Giải Nhì,486,5
00633,2023-06-30,Giải ba,178,0
00633,2023-06-30,Giải ba,114,1
00633,2023-06-30,Giải ba,767,2
00633,2023-06-30,Giải ba,973,3
00633,2023-06-30,Giải ba,255,4
00633,2023-06-30,Giải ba,318,5
00633,2023-06-30,Giải ba,173,6
00633,2023-06-30,Giải ba,635,7
00633,2023-06-30,Giải Đặc biệt,548,0
00633,2023-06-30,Giải Đặc biệt,547,1
00633,2023-06-30,Giải Nhất,784,0
00633,2023-06-30,Giải Nhất,046,1
00633,2023-06-30,Giải Nhất,984,2
00633,2023-06-30,Giải Nhất,807,3
00633,2023-06-30,Giải Nhì,961,0
00633,2023-06-30,Giải Nhì,783,1
00633,2023-06-30,Giải Nhì,922,2
00633,2023-06-30,Giải Nhì,199,3
00633,2023-06-30,Giải Nhì,842,4
00633,2023-06-30,Giải Nhì,870,5
00632,2023-06-28,Giải ba,792,0
00632,2023-06-28,Giải ba,167,1
00632,2023-06-28,Giải ba,423,2
00632,2023-06-28,Giải ba,922,3
00632,2023-06-28,Giải ba,972,4
00632,2023-06-28,Giải ba,241,5
00632,2023-06-28,Giải ba,477,6
00632,2023-06-28,Giải ba,408,7
00632,2023-06-28,Giải Đặc biệt,245,0
00632,2023-06-28,Giải Đặc biệt,434,1
00632,2023-06-28,Giải Nhất,397,0
00632,2023-06-28,Giải Nhất,468,1
00632,2023-06-28,Giải Nhất,658,2
00632,2023-06-28,Giải Nhất,756,3
00632,2023-06-28,Giải Nhì,026,0
00632,2023-06-28,Giải Nhì,206,1
00632,2023-06-28,Giải Nhì,327,2
00632,2023-06-28,Giải Nhì,902,3
00632,2023-06-28,Giải Nhì,334,4
00632,2023-06-28,Giải Nhì,784,5
00631,2023-06-26,Giải ba,401,0
00631,2023-06-26,Giải ba,714,1
00631,2023-06-26,Giải ba,966,2
00631,2023-06-26,Giải ba,040,3
00631,2023-06-26,Giải ba,636,4
00631,2023-06-26,Giải ba,741,5
00631,2023-06-26,Giải ba,915,6
00631,2023-06-26,Giải ba,405,7
00631,2023-06-26,Giải Đặc biệt,640,0
00631,2023-06-26,Giải Đặc biệt,368,1
00631,2023-06-26,Giải Nhất,466,0
00631,2023-06-26,Giải Nhất,959,1
00631,2023-06-26,Giải Nhất,029,2
00631,2023-06-26,Giải Nhất,481,3
00631,2023-06-26,Giải Nhì,901,0
00631,2023-06-26,Giải Nhì,215,1
00631,2023-06-26,Giải Nhì,726,2
00631,2023-06-26,Giải Nhì,253,3
00631,2023-06-26,Giải Nhì,361,4
00631,2023-06-26,Giải Nhì,428,5
00630,2023-06-23,Giải ba,685,0
00630,2023-06-23,Giải ba,635,1
00630,2023-06-23,Giải ba,511,2
00630,2023-06-23,Giải ba,856,3
00630,2023-06-23,Giải ba,846,4
00630,2023-06-23,Giải ba,238,5
00630,2023-06-23,Giải ba,807,6
00630,2023-06-23,Giải ba,024,7
00630,2023-06-23,Giải Đặc biệt,528,0
00630,2023-06-23,Giải Đặc biệt,819,1
00630,2023-06-23,Giải Nhất,073,0
00630,2023-06-23,Giải Nhất,132,1
00630,2023-06-23,Giải Nhất,557,2
00630,2023-06-23,Giải Nhất,757,3
00630,2023-06-23,Giải Nhì,973,0
00630,2023-06-23,Giải Nhì,736,1
00630,2023-06-23,Giải Nhì,411,2
00630,2023-06-23,Giải Nhì,707,3
00630,2023-06-23,Giải Nhì,951,4
00630,2023-06-23,Giải Nhì,250,5
00629,2023-06-21,Giải ba,398,0
00629,2023-06-21,Giải ba,761,1
00629,2023-06-21,Giải ba,859,2
00629,2023-06-21,Giải ba,861,3
00629,2023-06-21,Giải ba,124,4
00629,2023-06-21,Giải ba,719,5
00629,2023-06-21,Giải ba,059,6
00629,2023-06-21,Giải ba,297,7
00629,2023-06-21,Giải Đặc biệt,355,0
00629,2023-06-21,Giải Đặc biệt,449,1
00629,2023-06-21,Giải Nhất,352,0
00629,2023-06-21,Giải Nhất,801,1
00629,2023-06-21,Giải Nhất,962,2
00629,2023-06-21,Giải Nhất,578,3
00629,2023-06-21,Giải Nhì,451,0
00629,2023-06-21,Giải Nhì,575,1
00629,2023-06-21,Giải Nhì,153,2
00629,2023-06-21,Giải Nhì,175,3
00629,2023-06-21,Giải Nhì,590,4
00629,2023-06-21,Giải Nhì,594,5
00628,2023-06-19,Giải ba,231,0
00628,2023-06-19,Giải ba,374,1
00628,2023-06-19,Giải ba,308,2
00628,2023-06-19,Giải ba,157,3
00628,2023-06-19,Giải ba,639,4
00628,2023-06-19,Giải ba,501,5
00628,2023-06-19,Giải ba,586,6
00628,2023-06-19,Giải ba,374,7
00628,2023-06-19,Giải Đặc biệt,323,0
00628,2023-06-19,Giải Đặc biệt,315,1
00628,2023-06-19,Giải Nhất,935,0
00628,2023-06-19,Giải Nhất,276,1
00628,2023-06-19,Giải Nhất,966,2
00628,2023-06-19,Giải Nhất,342,3
00628,2023-06-19,Giải Nhì,370,0
00628,2023-06-19,Giải Nhì,631,1
00628,2023-06-19,Giải Nhì,516,2
00628,2023-06-19,Giải Nhì,309,3
00628,2023-06-19,Giải Nhì,091,4
00628,2023-06-19,Giải Nhì,105,5
00627,2023-06-16,Giải ba,168,0
00627,2023-06-16,Giải ba,954,1
00627,2023-06-16,Giải ba,696,2
00627,2023-06-16,Giải ba,757,3
00627,2023-06-16,Giải ba,151,4
00627,2023-06-16,Giải ba,472,5
00627,2023-06-16,Giải ba,348,6
00627,2023-06-16,Giải ba,967,7
00627,2023-06-16,Giải Đặc biệt,437,0
00627,2023-06-16,Giải Đặc biệt,615,1
00627,2023-06-16,Giải Nhất,636,0
00627,2023-06-16,Giải Nhất,556,1
00627,2023-06-16,Giải Nhất,878,2
00627,2023-06-16,Giải Nhất,486,3
00627,2023-06-16,Giải Nhì,664,0
00627,2023-06-16,Giải Nhì,731,1
00627,2023-06-16,Giải Nhì,283,2
00627,2023-06-16,Giải Nhì,275,3
00627,2023-06-16,Giải Nhì,393,4
00627,2023-06-16,Giải Nhì,734,5
00626,2023-06-14,Giải ba,960,0
00626,2023-06-14,Giải ba,881,1
00626,2023-06-14,Giải ba,856,2
00626,2023-06-14,Giải ba,411,3
00626,2023-06-14,Giải ba,939,4
00626,2023-06-14,Giải ba,210,5
00626,2023-06-14,Giải ba,910,6
00626,2023-06-14,Giải ba,523,7
00626,2023-06-14,Giải Đặc biệt,120,0
00626,2023-06-14,Giải Đặc biệt,225,1
00626,2023-06-14,Giải Nhất,393,0
00626,2023-06-14,Giải Nhất,338,1
00626,2023-06-14,Giải Nhất,640,2
00626,2023-06-14,Giải Nhất,978,3
00626,2023-06-14,Giải Nhì,346,0
00626,2023-06-14,Giải Nhì,391,1
00626,2023-06-14,Giải Nhì,698,2
00626,2023-06-14,Giải Nhì,678,3
00626,2023-06-14,Giải Nhì,487,4
00626,2023-06-14,Giải Nhì,666,5
00625,2023-06-12,Giải ba,825,0
00625,2023-06-12,Giải ba,159,1
00625,2023-06-12,Giải ba,970,2
00625,2023-06-12,Giải ba,846,3
00625,2023-06-12,Giải ba,690,4
00625,2023-06-12,Giải ba,720,5
00625,2023-06-12,Giải ba,153,6
00625,2023-06-12,Giải ba,289,7
00625,2023-06-12,Giải Đặc biệt,202,0
00625,2023-06-12,Giải Đặc biệt,314,1
00625,2023-06-12,Giải Nhất,795,0
00625,2023-06-12,Giải Nhất,147,1
00625,2023-06-12,Giải Nhất,674,2
00625,2023-06-12,Giải Nhất,355,3
00625,2023-06-12,Giải Nhì,594,0
00625,2023-06-12,Giải Nhì,823,1
00625,2023-06-12,Giải Nhì,987,2
00625,2023-06-12,Giải Nhì,557,3
00625,2023-06-12,Giải Nhì,022,4
00625,2023-06-12,Giải Nhì,279,5
00624,2023-06-09,Giải ba,411,0
00624,2023-06-09,Giải ba,485,1
00624,2023-06-09,Giải ba,229,2
00624,2023-06-09,Giải ba,453,3
00624,2023-06-09,Giải ba,286,4
00624,2023-06-09,Giải ba,684,5
00624,2023-06-09,Giải ba,797,6
00624,2023-06-09,Giải ba,841,7
00624,2023-06-09,Giải Đặc biệt,367,0
00624,2023-06-09,Giải Đặc biệt,459,1
00624,2023-06-09,Giải Nhất,997,0
00624,2023-06-09,Giải Nhất,499,1
00624,2023-06-09,Giải Nhất,644,2
00624,2023-06-09,Giải Nhất,140,3
00624,2023-06-09,Giải Nhì,315,0
00624,2023-06-09,Giải Nhì,131,1
00624,2023-06-09,Giải Nhì,534,2
00624,2023-06-09,Giải Nhì,142,3
00624,2023-06-09,Giải Nhì,872,4
00624,2023-06-09,Giải Nhì,589,5
00623,2023-06-07,Giải ba,009,0
00623,2023-06-07,Giải ba,795,1
00623,2023-06-07,Giải ba,289,2
00623,2023-06-07,Giải ba,664,3
00623,2023-06-07,Giải ba,675,4
00623,2023-06-07,Giải ba,218,5
00623,2023-06-07,Giải ba,971,6
00623,2023-06-07,Giải ba,317,7
00623,2023-06-07,Giải Đặc biệt,712,0
00623,2023-06-07,Giải Đặc biệt,039,1
00623,2023-06-07,Giải Nhất,611,0
00623,2023-06-07,Giải Nhất,344,1
00623,2023-06-07,Giải Nhất,628,2
00623,2023-06-07,Giải Nhất,132,3
00623,2023-06-07,Giải Nhì,729,0
00623,2023-06-07,Giải Nhì,694,1
00623,2023-06-07,Giải Nhì,579,2
00623,2023-06-07,Giải Nhì,120,3
00623,2023-06-07,Giải Nhì,341,4
00623,2023-06-07,Giải Nhì,827,5
00622,2023-06-05,Giải ba,331,0
00622,2023-06-05,Giải ba,535,1
00622,2023-06-05,Giải ba,533,2
00622,2023-06-05,Giải ba,825,3
00622,2023-06-05,Giải ba,657,4
00622,2023-06-05,Giải ba,909,5
00622,2023-06-05,Giải ba,830,6
00622,2023-06-05,Giải ba,056,7
00622,2023-06-05,Giải Đặc biệt,937,0
00622,2023-06-05,Giải Đặc biệt,924,1
00622,2023-06-05,Giải Nhất,850,0
00622,2023-06-05,Giải Nhất,543,1
00622,2023-06-05,Giải Nhất,433,2
00622,2023-06-05,Giải Nhất,764,3
00622,2023-06-05,Giải Nhì,079,0
00622,2023-06-05,Giải Nhì,868,1
00622,2023-06-05,Giải Nhì,027,2
00622,2023-06-05,Giải Nhì,236,3
00622,2023-06-05,Giải Nhì,055,4
00622,2023-06-05,Giải Nhì,351,5
00621,2023-06-02,Giải ba,110,0
00621,2023-06-02,Giải ba,879,1
00621,2023-06-02,Giải ba,627,2
00621,2023-06-02,Giải ba,668,3
00621,2023-06-02,Giải ba,527,4
00621,2023-06-02,Giải ba,297,5
00621,2023-06-02,Giải ba,176,6
00621,2023-06-02,Giải ba,788,7
00621,2023-06-02,Giải Đặc biệt,999,0
00621,2023-06-02,Giải Đặc biệt,007,1
00621,2023-06-02,Giải Nhất,761,0
00621,2023-06-02,Giải Nhất,735,1
00621,2023-06-02,Giải Nhất,039,2
00621,2023-06-02,Giải Nhất,100,3
00621,2023-06-02,Giải Nhì,920,0
00621,2023-06-02,Giải Nhì,626,1
00621,2023-06-02,Giải Nhì,603,2
00621,2023-06-02,Giải Nhì,728,3
00621,2023-06-02,Giải Nhì,095,4
00621,2023-06-02,Giải Nhì,115,5
00620,2023-05-31,Giải ba,758,0
00620,2023-05-31,Giải ba,926,1
00620,2023-05-31,Giải ba,596,2
00620,2023-05-31,Giải ba,340,3
00620,2023-05-31,Giải ba,558,4
00620,2023-05-31,Giải ba,563,5
00620,2023-05-31,Giải ba,062,6
00620,2023-05-31,Giải ba,348,7
00620,2023-05-31,Giải Đặc biệt,799,0
00620,2023-05-31,Giải Đặc biệt,797,1
00620,2023-05-31,Giải Nhất,614,0
00620,2023-05-31,Giải Nhất,100,1
00620,2023-05-31,Giải Nhất,703,2
00620,2023-05-31,Giải Nhất,884,3
00620,2023-05-31,Giải Nhì,957,0
00620,2023-05-31,Giải Nhì,140,1
00620,2023-05-31,Giải Nhì,507,2
00620,2023-05-31,Giải Nhì,969,3
00620,2023-05-31,Giải Nhì,758,4
00620,2023-05-31,Giải Nhì,481,5
00619,2023-05-29,Giải ba,439,0
00619,2023-05-29,Giải ba,583,1
00619,2023-05-29,Giải ba,605,2
00619,2023-05-29,Giải ba,818,3
00619,2023-05-29,Giải ba,320,4
00619,2023-05-29,Giải ba,063,5
00619,2023-05-29,Giải ba,906,6
00619,2023-05-29,Giải ba,486,7
00619,2023-05-29,Giải Đặc biệt,784,0
00619,2023-05-29,Giải Đặc biệt,805,1
00619,2023-05-29,Giải Nhất,895,0
00619,2023-05-29,Giải Nhất,374,1
00619,2023-05-29,Giải Nhất,490,2
00619,2023-05-29,Giải Nhất,569,3
00619,2023-05-29,Giải Nhì,726,0
00619,2023-05-29,Giải Nhì,577,1
00619,2023-05-29,Giải Nhì,583,2
00619,2023-05-29,Giải Nhì,935,3
00619,2023-05-29,Giải Nhì,480,4
00619,2023-05-29,Giải Nhì,720,5
00618,2023-05-26,Giải ba,725,0
00618,2023-05-26,Giải ba,927,1
00618,2023-05-26,Giải ba,012,2
00618,2023-05-26,Giải ba,800,3
00618,2023-05-26,Giải ba,250,4
00618,2023-05-26,Giải ba,724,5
00618,2023-05-26,Giải ba,277,6
00618,2023-05-26,Giải ba,729,7
00618,2023-05-26,Giải Đặc biệt,173,0
00618,2023-05-26,Giải Đặc biệt,403,1
00618,2023-05-26,Giải Nhất,774,0
00618,2023-05-26,Giải Nhất,780,1
00618,2023-05-26,Giải Nhất,796,2
00618,2023-05-26,Giải Nhất,099,3
00618,2023-05-26,Giải Nhì,139,0
00618,2023-05-26,Giải Nhì,241,1
00618,2023-05-26,Giải Nhì,740,2
00618,2023-05-26,Giải Nhì,511,3
00618,2023-05-26,Giải Nhì,976,4
00618,2023-05-26,Giải Nhì,893,5
00617,2023-05-24,Giải ba,351,0
00617,2023-05-24,Giải ba,420,1
00617,2023-05-24,Giải ba,168,2
00617,2023-05-24,Giải ba,500,3
00617,2023-05-24,Giải ba,588,4
00617,2023-05-24,Giải ba,891,5
00617,2023-05-24,Giải ba,004,6
00617,2023-05-24,Giải ba,539,7
00617,2023-05-24,Giải Đặc biệt,014,0
00617,2023-05-24,Giải Đặc biệt,964,1
00617,2023-05-24,Giải Nhất,933,0
00617,2023-05-24,Giải Nhất,244,1
00617,2023-05-24,Giải Nhất,410,2
00617,2023-05-24,Giải Nhất,730,3
00617,2023-05-24,Giải Nhì,091,0
00617,2023-05-24,Giải Nhì,329,1
00617,2023-05-24,Giải Nhì,797,2
00617,2023-05-24,Giải Nhì,358,3
00617,2023-05-24,Giải Nhì,905,4
00617,2023-05-24,Giải Nhì,551,5
00616,2023-05-22,Giải ba,999,0
00616,2023-05-22,Giải ba,742,1
00616,2023-05-22,Giải ba,825,2
00616,2023-05-22,Giải ba,895,3
00616,2023-05-22,Giải ba,998,4
00616,2023-05-22,Giải ba,395,5
00616,2023-05-22,Giải ba,388,6
00616,2023-05-22,Giải ba,472,7
00616,2023-05-22,Giải Đặc biệt,669,0
00616,2023-05-22,Giải Đặc biệt,339,1
00616,2023-05-22,Giải Nhất,985,0
00616,2023-05-22,Giải Nhất,236,1
00616,2023-05-22,Giải Nhất,583,2
00616,2023-05-22,Giải Nhất,309,3
00616,2023-05-22,Giải Nhì,930,0
00616,2023-05-22,Giải Nhì,297,1
00616,2023-05-22,Giải Nhì,468,2
00616,2023-05-22,Giải Nhì,006,3
00616,2023-05-22,Giải Nhì,432,4
00616,2023-05-22,Giải Nhì,910,5
00615,2023-05-19,Giải ba,757,0
00615,2023-05-19,Giải ba,073,1
00615,2023-05-19,Giải ba,386,2
00615,2023-05-19,Giải ba,617,3
00615,2023-05-19,Giải ba,962,4
00615,2023-05-19,Giải ba,930,5
00615,2023-05-19,Giải ba,502,6
00615,2023-05-19,Giải ba,501,7
00615,2023-05-19,Giải Đặc biệt,812,0
00615,2023-05-19,Giải Đặc biệt,779,1
00615,2023-05-19,Giải Nhất,092,0
00615,2023-05-19,Giải Nhất,873,1
00615,2023-05-19,Giải Nhất,406,2
00615,2023-05-19,Giải Nhất,438,3
00615,2023-05-19,Giải Nhì,970,0
00615,2023-05-19,Giải Nhì,446,1
00615,2023-05-19,Giải Nhì,586,2
00615,2023-05-19,Giải Nhì,142,3
00615,2023-05-19,Giải Nhì,705,4
00615,2023-05-19,Giải Nhì,408,5
00614,2023-05-17,Giải ba,548,0
00614,2023-05-17,Giải ba,273,1
00614,2023-05-17,Giải ba,703,2
00614,2023-05-17,Giải ba,063,3
00614,2023-05-17,Giải ba,103,4
00614,2023-05-17,Giải ba,108,5
00614,2023-05-17,Giải ba,973,6
00614,2023-05-17,Giải ba,163,7
00614,2023-05-17,Giải Đặc biệt,888,0
00614,2023-05-17,Giải Đặc biệt,412,1
00614,2023-05-17,Giải Nhất,865,0
00614,2023-05-17,Giải Nhất,369,1
00614,2023-05-17,Giải Nhất,686,2
00614,2023-05-17,Giải Nhất,240,3
00614,2023-05-17,Giải Nhì,212,0
00614,2023-05-17,Giải Nhì,679,1
00614,2023-05-17,Giải Nhì,885,2
00614,2023-05-17,Giải Nhì,254,3
00614,2023-05-17,Giải Nhì,782,4
00614,2023-05-17,Giải Nhì,834,5
00613,2023-05-15,Giải ba,473,0
00613,2023-05-15,Giải ba,866,1
00613,2023-05-15,Giải ba,105,2
00613,2023-05-15,Giải ba,805,3
00613,2023-05-15,Giải ba,302,4
00613,2023-05-15,Giải ba,351,5
00613,2023-05-15,Giải ba,246,6
00613,2023-05-15,Giải ba,743,7
00613,2023-05-15,Giải Đặc biệt,543,0
00613,2023-05-15,Giải Đặc biệt,744,1
00613,2023-05-15,Giải Nhất,942,0
00613,2023-05-15,Giải Nhất,486,1
00613,2023-05-15,Giải Nhất,203,2
00613,2023-05-15,Giải Nhất,092,3
00613,2023-05-15,Giải Nhì,048,0
00613,2023-05-15,Giải Nhì,818,1
00613,2023-05-15,Giải Nhì,920,2
00613,2023-05-15,Giải Nhì,226,3
00613,2023-05-15,Giải Nhì,140,4
00613,2023-05-15,Giải Nhì,216,5
00612,2023-05-12,Giải ba,431,0
00612,2023-05-12,Giải ba,617,1
00612,2023-05-12,Giải ba,329,2
00612,2023-05-12,Giải ba,847,3
00612,2023-05-12,Giải ba,058,4
00612,2023-05-12,Giải ba,790,5
00612,2023-05-12,Giải ba,565,6
00612,2023-05-12,Giải ba,644,7
00612,2023-05-12,Giải Đặc biệt,324,0
00612,2023-05-12,Giải Đặc biệt,152,1
00612,2023-05-12,Giải Nhất,330,0
00612,2023-05-12,Giải Nhất,899,1
00612,2023-05-12,Giải Nhất,802,2
00612,2023-05-12,Giải Nhất,115,3
00612,2023-05-12,Giải Nhì,695,0
00612,2023-05-12,Giải Nhì,138,1
00612,2023-05-12,Giải Nhì,585,2
00612,2023-05-12,Giải Nhì,776,3
00612,2023-05-12,Giải Nhì,588,4
00612,2023-05-12,Giải Nhì,161,5
00611,2023-05-10,Giải ba,283,0
00611,2023-05-10,Giải ba,702,1
00611,2023-05-10,Giải ba,934,2
00611,2023-05-10,Giải ba,628,3
00611,2023-05-10,Giải ba,129,4
00611,2023-05-10,Giải ba,029,5
00611,2023-05-10,Giải ba,781,6
00611,2023-05-10,Giải ba,124,7
00611,2023-05-10,Giải Đặc biệt,641,0
00611,2023-05-10,Giải Đặc biệt,670,1
00611,2023-05-10,Giải Nhất,293,0
00611,2023-05-10,Giải Nhất,620,1
00611,2023-05-10,Giải Nhất,085,2
00611,2023-05-10,Giải Nhất,571,3
00611,2023-05-10,Giải Nhì,444,0
00611,2023-05-10,Giải Nhì,076,1
00611,2023-05-10,Giải Nhì,567,2
00611,2023-05-10,Giải Nhì,048,3
00611,2023-05-10,Giải Nhì,552,4
00611,2023-05-10,Giải Nhì,717,5
00610,2023-05-08,Giải ba,630,0
00610,2023-05-08,Giải ba,987,1
00610,2023-05-08,Giải ba,532,2
00610,2023-05-08,Giải ba,352,3
00610,2023-05-08,Giải ba,280,4
00610,2023-05-08,Giải ba,102,5
00610,2023-05-08,Giải ba,504,6
00610,2023-05-08,Giải ba,733,7
00610,2023-05-08,Giải Đặc biệt,517,0
00610,2023-05-08,Giải Đặc biệt,550,1
00610,2023-05-08,Giải Nhất,101,0
00610,2023-05-08,Giải Nhất,951,1
00610,2023-05-08,Giải Nhất,842,2
00610,2023-05-08,Giải Nhất,520,3
00610,2023-05-08,Giải Nhì,906,0
00610,2023-05-08,Giải Nhì,871,1
00610,2023-05-08,Giải Nhì,076,2
00610,2023-05-08,Giải Nhì,824,3
00610,2023-05-08,Giải Nhì,790,4
00610,2023-05-08,Giải Nhì,443,5
00609,2023-05-05,Giải ba,244,0
00609,2023-05-05,Giải ba,384,1
00609,2023-05-05,Giải ba,329,2
00609,2023-05-05,Giải ba,307,3
00609,2023-05-05,Giải ba,739,4
00609,2023-05-05,Giải ba,438,5
00609,2023-05-05,Giải ba,047,6
00609,2023-05-05,Giải ba,231,7
00609,2023-05-05,Giải Đặc biệt,449,0
00609,2023-05-05,Giải Đặc biệt,966,1
00609,2023-05-05,Giải Nhất,940,0
00609,2023-05-05,Giải Nhất,850,1
00609,2023-05-05,Giải Nhất,133,2
00609,2023-05-05,Giải Nhất,979,3
00609,2023-05-05,Giải Nhì,276,0
00609,2023-05-05,Giải Nhì,065,1
00609,2023-05-05,Giải Nhì,136,2
00609,2023-05-05,Giải Nhì,533,3
00609,2023-05-05,Giải Nhì,383,4
00609,2023-05-05,Giải Nhì,369,5
00608,2023-05-03,Giải ba,124,0
00608,2023-05-03,Giải ba,454,1
00608,2023-05-03,Giải ba,016,2
00608,2023-05-03,Giải ba,392,3
00608,2023-05-03,Giải ba,972,4
00608,2023-05-03,Giải ba,248,5
00608,2023-05-03,Giải ba,735,6
00608,2023-05-03,Giải ba,671,7
00608,2023-05-03,Giải Đặc biệt,118,0
00608,2023-05-03,Giải Đặc biệt,004,1
00608,2023-05-03,Giải Nhất,482,0
00608,2023-05-03,Giải Nhất,505,1
00608,2023-05-03,Giải Nhất,307,2
00608,2023-05-03,Giải Nhất,706,3
00608,2023-05-03,Giải Nhì,461,0
00608,2023-05-03,Giải Nhì,940,1
00608,2023-05-03,Giải Nhì,180,2
00608,2023-05-03,Giải Nhì,698,3
00608,2023-05-03,Giải Nhì,275,4
00608,2023-05-03,Giải Nhì,628,5
00607,2023-05-01,Giải ba,911,0
00607,2023-05-01,Giải ba,447,1
00607,2023-05-01,Giải ba,862,2
00607,2023-05-01,Giải ba,677,3
00607,2023-05-01,Giải ba,406,4
00607,2023-05-01,Giải ba,706,5
00607,2023-05-01,Giải ba,500,6
00607,2023-05-01,Giải ba,159,7
00607,2023-05-01,Giải Đặc biệt,206,0
00607,2023-05-01,Giải Đặc biệt,245,1
00607,2023-05-01,Giải Nhất,692,0
00607,2023-05-01,Giải Nhất,314,1
00607,2023-05-01,Giải Nhất,108,2
00607,2023-05-01,Giải Nhất,336,3
00607,2023-05-01,Giải Nhì,644,0
00607,2023-05-01,Giải Nhì,536,1
00607,2023-05-01,Giải Nhì,244,2
00607,2023-05-01,Giải Nhì,028,3
00607,2023-05-01,Giải Nhì,749,4
00607,2023-05-01,Giải Nhì,155,5
00606,2023-04-28,Giải ba,394,0
00606,2023-04-28,Giải ba,487,1
00606,2023-04-28,Giải ba,670,2
00606,2023-04-28,Giải ba,093,3
00606,2023-04-28,Giải ba,693,4
00606,2023-04-28,Giải ba,736,5
00606,2023-04-28,Giải ba,999,6
00606,2023-04-28,Giải ba,417,7
00606,2023-04-28,Giải Đặc biệt,097,0
00606,2023-04-28,Giải Đặc biệt,467,1
00606,2023-04-28,Giải Nhất,693,0
00606,2023-04-28,Giải Nhất,719,1
00606,2023-04-28,Giải Nhất,986,2
00606,2023-04-28,Giải Nhất,035,3
00606,2023-04-28,Giải Nhì,929,0
00606,2023-04-28,Giải Nhì,999,1
00606,2023-04-28,Giải Nhì,670,2
00606,2023-04-28,Giải Nhì,411,3
00606,2023-04-28,Giải Nhì,240,4
00606,2023-04-28,Giải Nhì,259,5
00605,2023-04-26,Giải ba,510,0
00605,2023-04-26,Giải ba,377,1
00605,2023-04-26,Giải ba,198,2
00605,2023-04-26,Giải ba,294,3
00605,2023-04-26,Giải ba,414,4
00605,2023-04-26,Giải ba,236,5
00605,2023-04-26,Giải ba,700,6
00605,2023-04-26,Giải ba,356,7
00605,2023-04-26,Giải Đặc biệt,786,0
00605,2023-04-26,Giải Đặc biệt,066,1
00605,2023-04-26,Giải Nhất,779,0
00605,2023-04-26,Giải Nhất,294,1
00605,2023-04-26,Giải Nhất,349,2
00605,2023-04-26,Giải Nhất,471,3
00605,2023-04-26,Giải Nhì,279,0
00605,2023-04-26,Giải Nhì,876,1
00605,2023-04-26,Giải Nhì,428,2
00605,2023-04-26,Giải Nhì,752,3
00605,2023-04-26,Giải Nhì,934,4
00605,2023-04-26,Giải Nhì,653,5
00604,2023-04-24,Giải ba,027,0
00604,2023-04-24,Giải ba,622,1
00604,2023-04-24,Giải ba,425,2
00604,2023-04-24,Giải ba,770,3
00604,2023-04-24,Giải ba,178,4
00604,2023-04-24,Giải ba,084,5
00604,2023-04-24,Giải ba,783,6
00604,2023-04-24,Giải ba,717,7
00604,2023-04-24,Giải Đặc biệt,462,0
00604,2023-04-24,Giải Đặc biệt,518,1
00604,2023-04-24,Giải Nhất,750,0
00604,2023-04-24,Giải Nhất,642,1
00604,2023-04-24,Giải Nhất,509,2
00604,2023-04-24,Giải Nhất,527,3
00604,2023-04-24,Giải Nhì,647,0
00604,2023-04-24,Giải Nhì,269,1
00604,2023-04-24,Giải Nhì,279,2
00604,2023-04-24,Giải Nhì,934,3
00604,2023-04-24,Giải Nhì,158,4
00604,2023-04-24,Giải Nhì,620,5
00603,2023-04-21,Giải ba,920,0
00603,2023-04-21,Giải ba,840,1
00603,2023-04-21,Giải ba,371,2
00603,2023-04-21,Giải ba,164,3
00603,2023-04-21,Giải ba,442,4
00603,2023-04-21,Giải ba,443,5
00603,2023-04-21,Giải ba,189,6
00603,2023-04-21,Giải ba,981,7
00603,2023-04-21,Giải Đặc biệt,128,0
00603,2023-04-21,Giải Đặc biệt,156,1
00603,2023-04-21,Giải Nhất,393,0
00603,2023-04-21,Giải Nhất,757,1
00603,2023-04-21,Giải Nhất,512,2
00603,2023-04-21,Giải Nhất,457,3
00603,2023-04-21,Giải Nhì,174,0
00603,2023-04-21,Giải Nhì,129,1
00603,2023-04-21,Giải Nhì,385,2
00603,2023-04-21,Giải Nhì,289,3
00603,2023-04-21,Giải Nhì,772,4
00603,2023-04-21,Giải Nhì,240,5
00602,2023-04-19,Giải ba,675,0
00602,2023-04-19,Giải ba,650,1
00602,2023-04-19,Giải ba,236,2
00602,2023-04-19,Giải ba,167,3
00602,2023-04-19,Giải ba,674,4
00602,2023-04-19,Giải ba,851,5
00602,2023-04-19,Giải ba,950,6
00602,2023-04-19,Giải ba,019,7
00602,2023-04-19,Giải Đặc biệt,363,0
00602,2023-04-19,Giải Đặc biệt,406,1
00602,2023-04-19,Giải Nhất,876,0
00602,2023-04-19,Giải Nhất,048,1
00602,2023-04-19,Giải Nhất,387,2
00602,2023-04-19,Giải Nhất,187,3
00602,2023-04-19,Giải Nhì,681,0
00602,2023-04-19,Giải Nhì,712,1
00602,2023-04-19,Giải Nhì,638,2
00602,2023-04-19,Giải Nhì,587,3
00602,2023-04-19,Giải Nhì,027,4
00602,2023-04-19,Giải Nhì,388,5
00601,2023-04-17,Giải ba,768,0
00601,2023-04-17,Giải ba,783,1
00601,2023-04-17,Giải ba,293,2
00601,2023-04-17,Giải ba,982,3
00601,2023-04-17,Giải ba,494,4
00601,2023-04-17,Giải ba,382,5
00601,2023-04-17,Giải ba,554,6
00601,2023-04-17,Giải ba,049,7
00601,2023-04-17,Giải Đặc biệt,361,0
00601,2023-04-17,Giải Đặc biệt,630,1
00601,2023-04-17,Giải Nhất,789,0
00601,2023-04-17,Giải Nhất,464,1
00601,2023-04-17,Giải Nhất,692,2
00601,2023-04-17,Giải Nhất,631,3
00601,2023-04-17,Giải Nhì,539,0
00601,2023-04-17,Giải Nhì,427,1
00601,2023-04-17,Giải Nhì,040,2
00601,2023-04-17,Giải Nhì,379,3
00601,2023-04-17,Giải Nhì,365,4
00601,2023-04-17,Giải Nhì,786,5
00600,2023-04-14,Giải ba,739,0
00600,2023-04-14,Giải ba,331,1
00600,2023-04-14,Giải ba,175,2
00600,2023-04-14,Giải ba,000,3
00600,2023-04-14,Giải ba,223,4
00600,2023-04-14,Giải ba,470,5
00600,2023-04-14,Giải ba,114,6
00600,2023-04-14,Giải ba,916,7
00600,2023-04-14,Giải Đặc biệt,820,0
00600,2023-04-14,Giải Đặc biệt,335,1
00600,2023-04-14,Giải Nhất,368,0
00600,2023-04-14,Giải Nhất,790,1
00600,2023-04-14,Giải Nhất,711,2
00600,2023-04-14,Giải Nhất,434,3
00600,2023-04-14,Giải Nhì,331,0
00600,2023-04-14,Giải Nhì,523,1
00600,2023-04-14,Giải Nhì,217,2
00600,2023-04-14,Giải Nhì,608,3
00600,2023-04-14,Giải Nhì,625,4
00600,2023-04-14,Giải Nhì,249,5
00599,2023-04-12,Giải ba,695,0
00599,2023-04-12,Giải ba,953,1
00599,2023-04-12,Giải ba,051,2
00599,2023-04-12,Giải ba,583,3
00599,2023-04-12,Giải ba,826,4
00599,2023-04-12,Giải ba,009,5
00599,2023-04-12,Giải ba,169,6
00599,2023-04-12,Giải ba,930,7
00599,2023-04-12,Giải Đặc biệt,200,0
00599,2023-04-12,Giải Đặc biệt,968,1
00599,2023-04-12,Giải Nhất,970,0
00599,2023-04-12,Giải Nhất,301,1
00599,2023-04-12,Giải Nhất,043,2
00599,2023-04-12,Giải Nhất,327,3
00599,2023-04-12,Giải Nhì,137,0
00599,2023-04-12,Giải Nhì,334,1
00599,2023-04-12,Giải Nhì,834,2
00599,2023-04-12,Giải Nhì,193,3
00599,2023-04-12,Giải Nhì,364,4
00599,2023-04-12,Giải Nhì,394,5
00598,2023-04-10,Giải ba,878,0
00598,2023-04-10,Giải ba,951,1
00598,2023-04-10,Giải ba,240,2
00598,2023-04-10,Giải ba,237,3
00598,2023-04-10,Giải ba,564,4
00598,2023-04-10,Giải ba,666,5
00598,2023-04-10,Giải ba,829,6
00598,2023-04-10,Giải ba,277,7
00598,2023-04-10,Giải Đặc biệt,716,0
00598,2023-04-10,Giải Đặc biệt,951,1
00598,2023-04-10,Giải Nhất,400,0
00598,2023-04-10,Giải Nhất,574,1
00598,2023-04-10,Giải Nhất,450,2
00598,2023-04-10,Giải Nhất,638,3
00598,2023-04-10,Giải Nhì,232,0
00598,2023-04-10,Giải Nhì,360,1
00598,2023-04-10,Giải Nhì,764,2
00598,2023-04-10,Giải Nhì,362,3
00598,2023-04-10,Giải Nhì,354,4
00598,2023-04-10,Giải Nhì,238,5
00597,2023-04-07,Giải ba,509,0
00597,2023-04-07,Giải ba,936,1
00597,2023-04-07,Giải ba,077,2
00597,2023-04-07,Giải ba,213,3
00597,2023-04-07,Giải ba,270,4
00597,2023-04-07,Giải ba,083,5
00597,2023-04-07,Giải ba,948,6
00597,2023-04-07,Giải ba,784,7
00597,2023-04-07,Giải Đặc biệt,680,0
00597,2023-04-07,Giải Đặc biệt,925,1
00597,2023-04-07,Giải Nhất,446,0
00597,2023-04-07,Giải Nhất,734,1
00597,2023-04-07,Giải Nhất,654,2
00597,2023-04-07,Giải Nhất,211,3
00597,2023-04-07,Giải Nhì,730,0
00597,2023-04-07,Giải Nhì,693,1
00597,2023-04-07,Giải Nhì,284,2
00597,2023-04-07,Giải Nhì,109,3
00597,2023-04-07,Giải Nhì,019,4
00597,2023-04-07,Giải Nhì,781,5
00596,2023-04-05,Giải ba,029,0
00596,2023-04-05,Giải ba,061,1
00596,2023-04-05,Giải ba,929,2
00596,2023-04-05,Giải ba,661,3
00596,2023-04-05,Giải ba,544,4
00596,2023-04-05,Giải ba,047,5
00596,2023-04-05,Giải ba,001,6
00596,2023-04-05,Giải ba,588,7
00596,2023-04-05,Giải Đặc biệt,815,0
00596,2023-04-05,Giải Đặc biệt,003,1
00596,2023-04-05,Giải Nhất,152,0
00596,2023-04-05,Giải Nhất,576,1
00596,2023-04-05,Giải Nhất,437,2
00596,2023-04-05,Giải Nhất,331,3
00596,2023-04-05,Giải Nhì,572,0
00596,2023-04-05,Giải Nhì,289,1
00596,2023-04-05,Giải Nhì,248,2
00596,2023-04-05,Giải Nhì,130,3
00596,2023-04-05,Giải Nhì,009,4
00596,2023-04-05,Giải Nhì,656,5
00595,2023-04-03,Giải ba,925,0
00595,2023-04-03,Giải ba,522,1
00595,2023-04-03,Giải ba,855,2
00595,2023-04-03,Giải ba,768,3
00595,2023-04-03,Giải ba,068,4
00595,2023-04-03,Giải ba,786,5
00595,2023-04-03,Giải ba,899,6
00595,2023-04-03,Giải ba,110,7
00595,2023-04-03,Giải Đặc biệt,341,0
00595,2023-04-03,Giải Đặc biệt,259,1
00595,2023-04-03,Giải Nhất,707,0
00595,2023-04-03,Giải Nhất,045,1
00595,2023-04-03,Giải Nhất,521,2
00595,2023-04-03,Giải Nhất,346,3
00595,2023-04-03,Giải Nhì,195,0
00595,2023-04-03,Giải Nhì,726,1
00595,2023-04-03,Giải Nhì,502,2
00595,2023-04-03,Giải Nhì,728,3
00595,2023-04-03,Giải Nhì,645,4
00595,2023-04-03,Giải Nhì,494,5
00594,2023-03-31,Giải ba,324,0
00594,2023-03-31,Giải ba,184,1
00594,2023-03-31,Giải ba,096,2
00594,2023-03-31,Giải ba,987,3
00594,2023-03-31,Giải ba,257,4
00594,2023-03-31,Giải ba,737,5
00594,2023-03-31,Giải ba,731,6
00594,2023-03-31,Giải ba,526,7
00594,2023-03-31,Giải Đặc biệt,969,0
00594,2023-03-31,Giải Đặc biệt,265,1
00594,2023-03-31,Giải Nhất,133,0
00594,2023-03-31,Giải Nhất,355,1
00594,2023-03-31,Giải Nhất,225,2
00594,2023-03-31,Giải Nhất,890,3
00594,2023-03-31,Giải Nhì,769,0
00594,2023-03-31,Giải Nhì,887,1
00594,2023-03-31,Giải Nhì,191,2
00594,2023-03-31,Giải Nhì,753,3
00594,2023-03-31,Giải Nhì,271,4
00594,2023-03-31,Giải Nhì,492,5
00593,2023-03-29,Giải ba,134,0
00593,2023-03-29,Giải ba,458,1
00593,2023-03-29,Giải ba,216,2
00593,2023-03-29,Giải ba,867,3
00593,2023-03-29,Giải ba,665,4
00593,2023-03-29,Giải ba,093,5
00593,2023-03-29,Giải ba,906,6
00593,2023-03-29,Giải ba,400,7
00593,2023-03-29,Giải Đặc biệt,571,0
00593,2023-03-29,Giải Đặc biệt,805,1
00593,2023-03-29,Giải Nhất,846,0
00593,2023-03-29,Giải Nhất,553,1
00593,2023-03-29,Giải Nhất,355,2
00593,2023-03-29,Giải Nhất,608,3
00593,2023-03-29,Giải Nhì,675,0
00593,2023-03-29,Giải Nhì,043,1
00593,2023-03-29,Giải Nhì,735,2
00593,2023-03-29,Giải Nhì,089,3
00593,2023-03-29,Giải Nhì,058,4
00593,2023-03-29,Giải Nhì,555,5
00592,2023-03-27,Giải ba,834,0
00592,2023-03-27,Giải ba,875,1
00592,2023-03-27,Giải ba,117,2
00592,2023-03-27,Giải ba,058,3
00592,2023-03-27,Giải ba,726,4
00592,2023-03-27,Giải ba,102,5
00592,2023-03-27,Giải ba,247,6
00592,2023-03-27,Giải ba,343,7
00592,2023-03-27,Giải Đặc biệt,627,0
00592,2023-03-27,Giải Đặc biệt,556,1
00592,2023-03-27,Giải Nhất,545,0
00592,2023-03-27,Giải Nhất,016,1
00592,2023-03-27,Giải Nhất,997,2
00592,2023-03-27,Giải Nhất,662,3
00592,2023-03-27,Giải Nhì,391,0
00592,2023-03-27,Giải Nhì,291,1
00592,2023-03-27,Giải Nhì,818,2
00592,2023-03-27,Giải Nhì,140,3
00592,2023-03-27,Giải Nhì,020,4
00592,2023-03-27,Giải Nhì,388,5
00591,2023-03-24,Giải ba,129,0
00591,2023-03-24,Giải ba,896,1
00591,2023-03-24,Giải ba,747,2
00591,2023-03-24,Giải ba,476,3
00591,2023-03-24,Giải ba,208,4
00591,2023-03-24,Giải ba,295,5
00591,2023-03-24,Giải ba,479,6
00591,2023-03-24,Giải ba,234,7
00591,2023-03-24,Giải Đặc biệt,768,0
00591,2023-03-24,Giải Đặc biệt,699,1
00591,2023-03-24,Giải Nhất,032,0
00591,2023-03-24,Giải Nhất,122,1
00591,2023-03-24,Giải Nhất,440,2
00591,2023-03-24,Giải Nhất,557,3
00591,2023-03-24,Giải Nhì,907,0
00591,2023-03-24,Giải Nhì,472,1
00591,2023-03-24,Giải Nhì,896,2
00591,2023-03-24,Giải Nhì,939,3
00591,2023-03-24,Giải Nhì,462,4
00591,2023-03-24,Giải Nhì,517,5
00590,2023-03-22,Giải ba,216,0
00590,2023-03-22,Giải ba,680,1
00590,2023-03-22,Giải ba,310,2
00590,2023-03-22,Giải ba,780,3
00590,2023-03-22,Giải ba,577,4
00590,2023-03-22,Giải ba,347,5
00590,2023-03-22,Giải ba,348,6
00590,2023-03-22,Giải ba,135,7
00590,2023-03-22,Giải Đặc biệt,715,0
00590,2023-03-22,Giải Đặc biệt,925,1
00590,2023-03-22,Giải Nhất,287,0
00590,2023-03-22,Giải Nhất,333,1
00590,2023-03-22,Giải Nhất,165,2
00590,2023-03-22,Giải Nhất,771,3
00590,2023-03-22,Giải Nhì,128,0
00590,2023-03-22,Giải Nhì,486,1
00590,2023-03-22,Giải Nhì,125,2
00590,2023-03-22,Giải Nhì,443,3
00590,2023-03-22,Giải Nhì,414,4
00590,2023-03-22,Giải Nhì,475,5
00589,2023-03-20,Giải ba,997,0
00589,2023-03-20,Giải ba,108,1
00589,2023-03-20,Giải ba,902,2
00589,2023-03-20,Giải ba,094,3
00589,2023-03-20,Giải ba,122,4
00589,2023-03-20,Giải ba,258,5
00589,2023-03-20,Giải ba,321,6
00589,2023-03-20,Giải ba,412,7
00589,2023-03-20,Giải Đặc biệt,473,0
00589,2023-03-20,Giải Đặc biệt,304,1
00589,2023-03-20,Giải Nhất,175,0
00589,2023-03-20,Giải Nhất,029,1
00589,2023-03-20,Giải Nhất,682,2
00589,2023-03-20,Giải Nhất,822,3
00589,2023-03-20,Giải Nhì,778,0
00589,2023-03-20,Giải Nhì,050,1
00589,2023-03-20,Giải Nhì,011,2
00589,2023-03-20,Giải Nhì,675,3
00589,2023-03-20,Giải Nhì,910,4
00589,2023-03-20,Giải Nhì,917,5
00588,2023-03-17,Giải ba,723,0
00588,2023-03-17,Giải ba,208,1
00588,2023-03-17,Giải ba,501,2
00588,2023-03-17,Giải ba,785,3
00588,2023-03-17,Giải ba,318,4
00588,2023-03-17,Giải ba,381,5
00588,2023-03-17,Giải ba,245,6
00588,2023-03-17,Giải ba,510,7
00588,2023-03-17,Giải Đặc biệt,979,0
00588,2023-03-17,Giải Đặc biệt,886,1
00588,2023-03-17,Giải Nhất,259,0
00588,2023-03-17,Giải Nhất,959,1
00588,2023-03-17,Giải Nhất,515,2
00588,2023-03-17,Giải Nhất,473,3
00588,2023-03-17,Giải Nhì,847,0
00588,2023-03-17,Giải Nhì,804,1
00588,2023-03-17,Giải Nhì,769,2
00588,2023-03-17,Giải Nhì,403,3
00588,2023-03-17,Giải Nhì,060,4
00588,2023-03-17,Giải Nhì,855,5
00587,2023-03-15,Giải ba,200,0
00587,2023-03-15,Giải ba,075,1
00587,2023-03-15,Giải ba,710,2
00587,2023-03-15,Giải ba,549,3
00587,2023-03-15,Giải ba,158,4
00587,2023-03-15,Giải ba,016,5
00587,2023-03-15,Giải ba,057,6
00587,2023-03-15,Giải ba,206,7
00587,2023-03-15,Giải Đặc biệt,441,0
00587,2023-03-15,Giải Đặc biệt,498,1
00587,2023-03-15,Giải Nhất,494,0
00587,2023-03-15,Giải Nhất,381,1
00587,2023-03-15,Giải Nhất,121,2
00587,2023-03-15,Giải Nhất,561,3
00587,2023-03-15,Giải Nhì,400,0
00587,2023-03-15,Giải Nhì,134,1
00587,2023-03-15,Giải Nhì,765,2
00587,2023-03-15,Giải Nhì,961,3
00587,2023-03-15,Giải Nhì,487,4
00587,2023-03-15,Giải Nhì,459,5
00586,2023-03-13,Giải ba,162,0
00586,2023-03-13,Giải ba,577,1
00586,2023-03-13,Giải ba,515,2
00586,2023-03-13,Giải ba,680,3
00586,2023-03-13,Giải ba,777,4
00586,2023-03-13,Giải ba,799,5
00586,2023-03-13,Giải ba,372,6
00586,2023-03-13,Giải ba,501,7
00586,2023-03-13,Giải Đặc biệt,038,0
00586,2023-03-13,Giải Đặc biệt,398,1
00586,2023-03-13,Giải Nhất,750,0
00586,2023-03-13,Giải Nhất,435,1
00586,2023-03-13,Giải Nhất,846,2
00586,2023-03-13,Giải Nhất,046,3
00586,2023-03-13,Giải Nhì,398,0
00586,2023-03-13,Giải Nhì,944,1
00586,2023-03-13,Giải Nhì,120,2
00586,2023-03-13,Giải Nhì,732,3
00586,2023-03-13,Giải Nhì,956,4
00586,2023-03-13,Giải Nhì,441,5
00585,2023-03-10,Giải ba,859,0
00585,2023-03-10,Giải ba,550,1
00585,2023-03-10,Giải ba,896,2
00585,2023-03-10,Giải ba,449,3
00585,2023-03-10,Giải ba,394,4
00585,2023-03-10,Giải ba,356,5
00585,2023-03-10,Giải ba,967,6
00585,2023-03-10,Giải ba,297,7
00585,2023-03-10,Giải Đặc biệt,821,0
00585,2023-03-10,Giải Đặc biệt,057,1
00585,2023-03-10,Giải Nhất,824,0
00585,2023-03-10,Giải Nhất,839,1
00585,2023-03-10,Giải Nhất,293,2
00585,2023-03-10,Giải Nhất,507,3
00585,2023-03-10,Giải Nhì,847,0
00585,2023-03-10,Giải Nhì,605,1
00585,2023-03-10,Giải Nhì,873,2
00585,2023-03-10,Giải Nhì,220,3
00585,2023-03-10,Giải Nhì,086,4
00585,2023-03-10,Giải Nhì,877,5
00584,2023-03-08,Giải ba,168,0
00584,2023-03-08,Giải ba,571,1
00584,2023-03-08,Giải ba,444,2
00584,2023-03-08,Giải ba,892,3
00584,2023-03-08,Giải ba,654,4
00584,2023-03-08,Giải ba,098,5
00584,2023-03-08,Giải ba,698,6
00584,2023-03-08,Giải ba,823,7
00584,2023-03-08,Giải Đặc biệt,746,0
00584,2023-03-08,Giải Đặc biệt,674,1
00584,2023-03-08,Giải Nhất,912,0
00584,2023-03-08,Giải Nhất,442,1
00584,2023-03-08,Giải Nhất,506,2
00584,2023-03-08,Giải Nhất,112,3
00584,2023-03-08,Giải Nhì,231,0
00584,2023-03-08,Giải Nhì,842,1
00584,2023-03-08,Giải Nhì,836,2
00584,2023-03-08,Giải Nhì,761,3
00584,2023-03-08,Giải Nhì,379,4
00584,2023-03-08,Giải Nhì,381,5
00583,2023-03-06,Giải ba,048,0
00583,2023-03-06,Giải ba,959,1
00583,2023-03-06,Giải ba,501,2
00583,2023-03-06,Giải ba,019,3
00583,2023-03-06,Giải ba,134,4
00583,2023-03-06,Giải ba,459,5
00583,2023-03-06,Giải ba,407,6
00583,2023-03-06,Giải ba,153,7
00583,2023-03-06,Giải Đặc biệt,663,0
00583,2023-03-06,Giải Đặc biệt,032,1
00583,2023-03-06,Giải Nhất,928,0
00583,2023-03-06,Giải Nhất,952,1
00583,2023-03-06,Giải Nhất,599,2
00583,2023-03-06,Giải Nhất,518,3
00583,2023-03-06,Giải Nhì,261,0
00583,2023-03-06,Giải Nhì,048,1
00583,2023-03-06,Giải Nhì,256,2
00583,2023-03-06,Giải Nhì,974,3
00583,2023-03-06,Giải Nhì,052,4
00583,2023-03-06,Giải Nhì,051,5
00582,2023-03-03,Giải ba,945,0
00582,2023-03-03,Giải ba,613,1
00582,2023-03-03,Giải ba,466,2
00582,2023-03-03,Giải ba,215,3
00582,2023-03-03,Giải ba,453,4
00582,2023-03-03,Giải ba,484,5
00582,2023-03-03,Giải ba,868,6
00582,2023-03-03,Giải ba,109,7
00582,2023-03-03,Giải Đặc biệt,311,0
00582,2023-03-03,Giải Đặc biệt,544,1
00582,2023-03-03,Giải Nhất,861,0
00582,2023-03-03,Giải Nhất,308,1
00582,2023-03-03,Giải Nhất,217,2
00582,2023-03-03,Giải Nhất,867,3
00582,2023-03-03,Giải Nhì,576,0
00582,2023-03-03,Giải Nhì,766,1
00582,2023-03-03,Giải Nhì,526,2
00582,2023-03-03,Giải Nhì,103,3
00582,2023-03-03,Giải Nhì,583,4
00582,2023-03-03,Giải Nhì,915,5
00581,2023-03-01,Giải ba,692,0
00581,2023-03-01,Giải ba,008,1
00581,2023-03-01,Giải ba,481,2
00581,2023-03-01,Giải ba,386,3
00581,2023-03-01,Giải ba,733,4
00581,2023-03-01,Giải ba,938,5
00581,2023-03-01,Giải ba,731,6
00581,2023-03-01,Giải ba,759,7
00581,2023-03-01,Giải Đặc biệt,951,0
00581,2023-03-01,Giải Đặc biệt,271,1
00581,2023-03-01,Giải Nhất,176,0
00581,2023-03-01,Giải Nhất,901,1
00581,2023-03-01,Giải Nhất,777,2
00581,2023-03-01,Giải Nhất,306,3
00581,2023-03-01,Giải Nhì,748,0
00581,2023-03-01,Giải Nhì,434,1
00581,2023-03-01,Giải Nhì,262,2
00581,2023-03-01,Giải Nhì,498,3
00581,2023-03-01,Giải Nhì,536,4
00581,2023-03-01,Giải Nhì,748,5
00580,2023-02-27,Giải ba,303,0
00580,2023-02-27,Giải ba,879,1
00580,2023-02-27,Giải ba,165,2
00580,2023-02-27,Giải ba,535,3
00580,2023-02-27,Giải ba,652,4
00580,2023-02-27,Giải ba,652,5
00580,2023-02-27,Giải ba,755,6
00580,2023-02-27,Giải ba,939,7
00580,2023-02-27,Giải Đặc biệt,845,0
00580,2023-02-27,Giải Đặc biệt,763,1
00580,2023-02-27,Giải Nhất,946,0
00580,2023-02-27,Giải Nhất,956,1
00580,2023-02-27,Giải Nhất,216,2
00580,2023-02-27,Giải Nhất,284,3
00580,2023-02-27,Giải Nhì,959,0
00580,2023-02-27,Giải Nhì,833,1
00580,2023-02-27,Giải Nhì,551,2
00580,2023-02-27,Giải Nhì,708,3
00580,2023-02-27,Giải Nhì,081,4
00580,2023-02-27,Giải Nhì,434,5
00579,2023-02-24,Giải ba,664,0
00579,2023-02-24,Giải ba,960,1
00579,2023-02-24,Giải ba,371,2
00579,2023-02-24,Giải ba,458,3
00579,2023-02-24,Giải ba,924,4
00579,2023-02-24,Giải ba,520,5
00579,2023-02-24,Giải ba,602,6
00579,2023-02-24,Giải ba,578,7
00579,2023-02-24,Giải Đặc biệt,704,0
00579,2023-02-24,Giải Đặc biệt,151,1
00579,2023-02-24,Giải Nhất,533,0
00579,2023-02-24,Giải Nhất,101,1
00579,2023-02-24,Giải Nhất,123,2
00579,2023-02-24,Giải Nhất,441,3
00579,2023-02-24,Giải Nhì,634,0
00579,2023-02-24,Giải Nhì,457,1
00579,2023-02-24,Giải Nhì,037,2
00579,2023-02-24,Giải Nhì,533,3
00579,2023-02-24,Giải Nhì,652,4
00579,2023-02-24,Giải Nhì,802,5
00578,2023-02-22,Giải ba,521,0
00578,2023-02-22,Giải ba,561,1
00578,2023-02-22,Giải ba,235,2
00578,2023-02-22,Giải ba,205,3
00578,2023-02-22,Giải ba,937,4
00578,2023-02-22,Giải ba,310,5
00578,2023-02-22,Giải ba,344,6
00578,2023-02-22,Giải ba,224,7
00578,2023-02-22,Giải Đặc biệt,728,0
00578,2023-02-22,Giải Đặc biệt,489,1
00578,2023-02-22,Giải Nhất,392,0
00578,2023-02-22,Giải Nhất,313,1
00578,2023-02-22,Giải Nhất,486,2
00578,2023-02-22,Giải Nhất,843,3
00578,2023-02-22,Giải Nhì,862,0
00578,2023-02-22,Giải Nhì,262,1
00578,2023-02-22,Giải Nhì,883,2
00578,2023-02-22,Giải Nhì,990,3
00578,2023-02-22,Giải Nhì,664,4
00578,2023-02-22,Giải Nhì,905,5
00577,2023-02-20,Giải ba,677,0
00577,2023-02-20,Giải ba,227,1
00577,2023-02-20,Giải ba,702,2
00577,2023-02-20,Giải ba,279,3
00577,2023-02-20,Giải ba,376,4
00577,2023-02-20,Giải ba,799,5
00577,2023-02-20,Giải ba,596,6
00577,2023-02-20,Giải ba,077,7
00577,2023-02-20,Giải Đặc biệt,303,0
00577,2023-02-20,Giải Đặc biệt,782,1
00577,2023-02-20,Giải Nhất,597,0
00577,2023-02-20,Giải Nhất,738,1
00577,2023-02-20,Giải Nhất,647,2
00577,2023-02-20,Giải Nhất,578,3
00577,2023-02-20,Giải Nhì,129,0
00577,2023-02-20,Giải Nhì,189,1
00577,2023-02-20,Giải Nhì,563,2
00577,2023-02-20,Giải Nhì,486,3
00577,2023-02-20,Giải Nhì,367,4
00577,2023-02-20,Giải Nhì,706,5
00576,2023-02-17,Giải ba,470,0
00576,2023-02-17,Giải ba,989,1
00576,2023-02-17,Giải ba,215,2
00576,2023-02-17,Giải ba,718,3
00576,2023-02-17,Giải ba,485,4
00576,2023-02-17,Giải ba,879,5
00576,2023-02-17,Giải ba,574,6
00576,2023-02-17,Giải ba,745,7
00576,2023-02-17,Giải Đặc biệt,385,0
00576,2023-02-17,Giải Đặc biệt,805,1
00576,2023-02-17,Giải Nhất,877,0
00576,2023-02-17,Giải Nhất,431,1
00576,2023-02-17,Giải Nhất,931,2
00576,2023-02-17,Giải Nhất,057,3
00576,2023-02-17,Giải Nhì,394,0
00576,2023-02-17,Giải Nhì,982,1
00576,2023-02-17,Giải Nhì,737,2
00576,2023-02-17,Giải Nhì,120,3
00576,2023-02-17,Giải Nhì,120,4
00576,2023-02-17,Giải Nhì,418,5
00575,2023-02-15,Giải ba,681,0
00575,2023-02-15,Giải ba,407,1
00575,2023-02-15,Giải ba,904,2
00575,2023-02-15,Giải ba,041,3
00575,2023-02-15,Giải ba,822,4
00575,2023-02-15,Giải ba,256,5
00575,2023-02-15,Giải ba,228,6
00575,2023-02-15,Giải ba,857,7
00575,2023-02-15,Giải Đặc biệt,439,0
00575,2023-02-15,Giải Đặc biệt,981,1
00575,2023-02-15,Giải Nhất,685,0
00575,2023-02-15,Giải Nhất,679,1
00575,2023-02-15,Giải Nhất,225,2
00575,2023-02-15,Giải Nhất,512,3
00575,2023-02-15,Giải Nhì,245,0
00575,2023-02-15,Giải Nhì,579,1
00575,2023-02-15,Giải Nhì,411,2
00575,2023-02-15,Giải Nhì,776,3
00575,2023-02-15,Giải Nhì,553,4
00575,2023-02-15,Giải Nhì,627,5
00574,2023-02-13,Giải ba,101,0
00574,2023-02-13,Giải ba,333,1
00574,2023-02-13,Giải ba,648,2
00574,2023-02-13,Giải ba,182,3
00574,2023-02-13,Giải ba,312,4
00574,2023-02-13,Giải ba,878,5
00574,2023-02-13,Giải ba,069,6
00574,2023-02-13,Giải ba,884,7
00574,2023-02-13,Giải Đặc biệt,947,0
00574,2023-02-13,Giải Đặc biệt,403,1
00574,2023-02-13,Giải Nhất,842,0
00574,2023-02-13,Giải Nhất,484,1
00574,2023-02-13,Giải Nhất,177,2
00574,2023-02-13,Giải Nhất,588,3
00574,2023-02-13,Giải Nhì,261,0
00574,2023-02-13,Giải Nhì,942,1
00574,2023-02-13,Giải Nhì,723,2
00574,2023-02-13,Giải Nhì,975,3
00574,2023-02-13,Giải Nhì,703,4
00574,2023-02-13,Giải Nhì,727,5
00573,2023-02-10,Giải ba,843,0
00573,2023-02-10,Giải ba,023,1
00573,2023-02-10,Giải ba,584,2
00573,2023-02-10,Giải ba,314,3
00573,2023-02-10,Giải ba,892,4
00573,2023-02-10,Giải ba,758,5
00573,2023-02-10,Giải ba,888,6
00573,2023-02-10,Giải ba,907,7
00573,2023-02-10,Giải Đặc biệt,475,0
00573,2023-02-10,Giải Đặc biệt,768,1
00573,2023-02-10,Giải Nhất,629,0
00573,2023-02-10,Giải Nhất,141,1
00573,2023-02-10,Giải Nhất,215,2
00573,2023-02-10,Giải Nhất,099,3
00573,2023-02-10,Giải Nhì,125,0
00573,2023-02-10,Giải Nhì,549,1
00573,2023-02-10,Giải Nhì,226,2
00573,2023-02-10,Giải Nhì,145,3
00573,2023-02-10,Giải Nhì,329,4
00573,2023-02-10,Giải Nhì,480,5
00572,2023-02-08,Giải ba,566,0
00572,2023-02-08,Giải ba,494,1
00572,2023-02-08,Giải ba,907,2
00572,2023-02-08,Giải ba,248,3
00572,2023-02-08,Giải ba,295,4
00572,2023-02-08,Giải ba,945,5
00572,2023-02-08,Giải ba,379,6
00572,2023-02-08,Giải ba,188,7
00572,2023-02-08,Giải Đặc biệt,512,0
00572,2023-02-08,Giải Đặc biệt,340,1
00572,2023-02-08,Giải Nhất,427,0
00572,2023-02-08,Giải Nhất,102,1
00572,2023-02-08,Giải Nhất,453,2
00572,2023-02-08,Giải Nhất,174,3
00572,2023-02-08,Giải Nhì,218,0
00572,2023-02-08,Giải Nhì,338,1
00572,2023-02-08,Giải Nhì,106,2
00572,2023-02-08,Giải Nhì,080,3
00572,2023-02-08,Giải Nhì,815,4
00572,2023-02-08,Giải Nhì,884,5
00571,2023-02-06,Giải ba,449,0
00571,2023-02-06,Giải ba,088,1
00571,2023-02-06,Giải ba,190,2
00571,2023-02-06,Giải ba,032,3
00571,2023-02-06,Giải ba,915,4
00571,2023-02-06,Giải ba,631,5
00571,2023-02-06,Giải ba,952,6
00571,2023-02-06,Giải ba,514,7
00571,2023-02-06,Giải Đặc biệt,110,0
00571,2023-02-06,Giải Đặc biệt,956,1
00571,2023-02-06,Giải Nhất,587,0
00571,2023-02-06,Giải Nhất,491,1
00571,2023-02-06,Giải Nhất,111,2
00571,2023-02-06,Giải Nhất,360,3
00571,2023-02-06,Giải Nhì,030,0
00571,2023-02-06,Giải Nhì,126,1
00571,2023-02-06,Giải Nhì,577,2
00571,2023-02-06,Giải Nhì,991,3
00571,2023-02-06,Giải Nhì,507,4
00571,2023-02-06,Giải Nhì,443,5
00570,2023-02-03,Giải ba,794,0
00570,2023-02-03,Giải ba,270,1
00570,2023-02-03,Giải ba,171,2
00570,2023-02-03,Giải ba,517,3
00570,2023-02-03,Giải ba,183,4
00570,2023-02-03,Giải ba,932,5
00570,2023-02-03,Giải ba,056,6
00570,2023-02-03,Giải ba,996,7
00570,2023-02-03,Giải Đặc biệt,400,0
00570,2023-02-03,Giải Đặc biệt,549,1
00570,2023-02-03,Giải Nhất,429,0
00570,2023-02-03,Giải Nhất,136,1
00570,2023-02-03,Giải Nhất,068,2
00570,2023-02-03,Giải Nhất,988,3
00570,2023-02-03,Giải Nhì,147,0
00570,2023-02-03,Giải Nhì,701,1
00570,2023-02-03,Giải Nhì,327,2
00570,2023-02-03,Giải Nhì,236,3
00570,2023-02-03,Giải Nhì,759,4
00570,2023-02-03,Giải Nhì,250,5
00569,2023-02-01,Giải ba,989,0
00569,2023-02-01,Giải ba,966,1
00569,2023-02-01,Giải ba,681,2
00569,2023-02-01,Giải ba,533,3
00569,2023-02-01,Giải ba,471,4
00569,2023-02-01,Giải ba,614,5
00569,2023-02-01,Giải ba,825,6
00569,2023-02-01,Giải ba,516,7
00569,2023-02-01,Giải Đặc biệt,337,0
00569,2023-02-01,Giải Đặc biệt,643,1
00569,2023-02-01,Giải Nhất,421,0
00569,2023-02-01,Giải Nhất,793,1
00569,2023-02-01,Giải Nhất,807,2
00569,2023-02-01,Giải Nhất,416,3
00569,2023-02-01,Giải Nhì,250,0
00569,2023-02-01,Giải Nhì,505,1
00569,2023-02-01,Giải Nhì,830,2
00569,2023-02-01,Giải Nhì,968,3
00569,2023-02-01,Giải Nhì,563,4
00569,2023-02-01,Giải Nhì,291,5
00568,2023-01-30,Giải ba,002,0
00568,2023-01-30,Giải ba,348,1
00568,2023-01-30,Giải ba,741,2
00568,2023-01-30,Giải ba,334,3
00568,2023-01-30,Giải ba,868,4
00568,2023-01-30,Giải ba,307,5
00568,2023-01-30,Giải ba,976,6
00568,2023-01-30,Giải ba,459,7
00568,2023-01-30,Giải Đặc biệt,646,0
00568,2023-01-30,Giải Đặc biệt,126,1
00568,2023-01-30,Giải Nhất,607,0
00568,2023-01-30,Giải Nhất,247,1
00568,2023-01-30,Giải Nhất,967,2
00568,2023-01-30,Giải Nhất,643,3
00568,2023-01-30,Giải Nhì,618,0
00568,2023-01-30,Giải Nhì,598,1
00568,2023-01-30,Giải Nhì,657,2
00568,2023-01-30,Giải Nhì,192,3
00568,2023-01-30,Giải Nhì,483,4
00568,2023-01-30,Giải Nhì,200,5
00567,2023-01-27,Giải ba,814,0
00567,2023-01-27,Giải ba,703,1
00567,2023-01-27,Giải ba,857,2
00567,2023-01-27,Giải ba,755,3
00567,2023-01-27,Giải ba,054,4
00567,2023-01-27,Giải ba,616,5
00567,2023-01-27,Giải ba,627,6
00567,2023-01-27,Giải ba,936,7
00567,2023-01-27,Giải Đặc biệt,266,0
00567,2023-01-27,Giải Đặc biệt,763,1
00567,2023-01-27,Giải Nhất,307,0
00567,2023-01-27,Giải Nhất,079,1
00567,2023-01-27,Giải Nhất,978,2
00567,2023-01-27,Giải Nhất,859,3
00567,2023-01-27,Giải Nhì,508,0
00567,2023-01-27,Giải Nhì,532,1
00567,2023-01-27,Giải Nhì,929,2
00567,2023-01-27,Giải Nhì,791,3
00567,2023-01-27,Giải Nhì,209,4
00567,2023-01-27,Giải Nhì,585,5
00566,2023-01-25,Giải ba,998,0
00566,2023-01-25,Giải ba,585,1
00566,2023-01-25,Giải ba,703,2
00566,2023-01-25,Giải ba,176,3
00566,2023-01-25,Giải ba,880,4
00566,2023-01-25,Giải ba,368,5
00566,2023-01-25,Giải ba,895,6
00566,2023-01-25,Giải ba,492,7
00566,2023-01-25,Giải Đặc biệt,251,0
00566,2023-01-25,Giải Đặc biệt,743,1
00566,2023-01-25,Giải Nhất,973,0
00566,2023-01-25,Giải Nhất,111,1
00566,2023-01-25,Giải Nhất,374,2
00566,2023-01-25,Giải Nhất,626,3
00566,2023-01-25,Giải Nhì,217,0
00566,2023-01-25,Giải Nhì,359,1
00566,2023-01-25,Giải Nhì,744,2
00566,2023-01-25,Giải Nhì,565,3
00566,2023-01-25,Giải Nhì,755,4
00566,2023-01-25,Giải Nhì,021,5
00565,2023-01-23,Giải ba,786,0
00565,2023-01-23,Giải ba,289,1
00565,2023-01-23,Giải ba,931,2
00565,2023-01-23,Giải ba,239,3
00565,2023-01-23,Giải ba,713,4
00565,2023-01-23,Giải ba,195,5
00565,2023-01-23,Giải ba,807,6
00565,2023-01-23,Giải ba,936,7
00565,2023-01-23,Giải Đặc biệt,185,0
00565,2023-01-23,Giải Đặc biệt,775,1
00565,2023-01-23,Giải Nhất,048,0
00565,2023-01-23,Giải Nhất,621,1
00565,2023-01-23,Giải Nhất,553,2
00565,2023-01-23,Giải Nhất,663,3
00565,2023-01-23,Giải Nhì,002,0
00565,2023-01-23,Giải Nhì,065,1
00565,2023-01-23,Giải Nhì,087,2
00565,2023-01-23,Giải Nhì,718,3
00565,2023-01-23,Giải Nhì,975,4
00565,2023-01-23,Giải Nhì,800,5
00564,2023-01-20,Giải ba,044,0
00564,2023-01-20,Giải ba,271,1
00564,2023-01-20,Giải ba,544,2
00564,2023-01-20,Giải ba,599,3
00564,2023-01-20,Giải ba,338,4
00564,2023-01-20,Giải ba,259,5
00564,2023-01-20,Giải ba,878,6
00564,2023-01-20,Giải ba,291,7
00564,2023-01-20,Giải Đặc biệt,255,0
00564,2023-01-20,Giải Đặc biệt,538,1
00564,2023-01-20,Giải Nhất,731,0
00564,2023-01-20,Giải Nhất,462,1
00564,2023-01-20,Giải Nhất,776,2
00564,2023-01-20,Giải Nhất,882,3
00564,2023-01-20,Giải Nhì,359,0
00564,2023-01-20,Giải Nhì,746,1
00564,2023-01-20,Giải Nhì,913,2
00564,2023-01-20,Giải Nhì,516,3
00564,2023-01-20,Giải Nhì,691,4
00564,2023-01-20,Giải Nhì,444,5
00563,2023-01-16,Giải ba,812,0
00563,2023-01-16,Giải ba,970,1
00563,2023-01-16,Giải ba,808,2
00563,2023-01-16,Giải ba,116,3
00563,2023-01-16,Giải ba,612,4
00563,2023-01-16,Giải ba,547,5
00563,2023-01-16,Giải ba,887,6
00563,2023-01-16,Giải ba,281,7
00563,2023-01-16,Giải Đặc biệt,498,0
00563,2023-01-16,Giải Đặc biệt,368,1
00563,2023-01-16,Giải Nhất,397,0
00563,2023-01-16,Giải Nhất,862,1
00563,2023-01-16,Giải Nhất,509,2
00563,2023-01-16,Giải Nhất,007,3
00563,2023-01-16,Giải Nhì,766,0
00563,2023-01-16,Giải Nhì,586,1
00563,2023-01-16,Giải Nhì,939,2
00563,2023-01-16,Giải Nhì,060,3
00563,2023-01-16,Giải Nhì,685,4
00563,2023-01-16,Giải Nhì,634,5
00562,2023-01-13,Giải ba,303,0
00562,2023-01-13,Giải ba,587,1
00562,2023-01-13,Giải ba,331,2
00562,2023-01-13,Giải ba,905,3
00562,2023-01-13,Giải ba,151,4
00562,2023-01-13,Giải ba,889,5
00562,2023-01-13,Giải ba,517,6
00562,2023-01-13,Giải ba,625,7
00562,2023-01-13,Giải Đặc biệt,595,0
00562,2023-01-13,Giải Đặc biệt,678,1
00562,2023-01-13,Giải Nhất,415,0
00562,2023-01-13,Giải Nhất,586,1
00562,2023-01-13,Giải Nhất,162,2
00562,2023-01-13,Giải Nhất,258,3
00562,2023-01-13,Giải Nhì,264,0
00562,2023-01-13,Giải Nhì,002,1
00562,2023-01-13,Giải Nhì,233,2
00562,2023-01-13,Giải Nhì,222,3
00562,2023-01-13,Giải Nhì,464,4
00562,2023-01-13,Giải Nhì,346,5
00561,2023-01-11,Giải ba,332,0
00561,2023-01-11,Giải ba,017,1
00561,2023-01-11,Giải ba,729,2
00561,2023-01-11,Giải ba,194,3
00561,2023-01-11,Giải ba,586,4
00561,2023-01-11,Giải ba,389,5
00561,2023-01-11,Giải ba,459,6
00561,2023-01-11,Giải ba,043,7
00561,2023-01-11,Giải Đặc biệt,628,0
00561,2023-01-11,Giải Đặc biệt,378,1
00561,2023-01-11,Giải Nhất,284,0
00561,2023-01-11,Giải Nhất,649,1
00561,2023-01-11,Giải Nhất,481,2
00561,2023-01-11,Giải Nhất,250,3
00561,2023-01-11,Giải Nhì,335,0
00561,2023-01-11,Giải Nhì,353,1
00561,2023-01-11,Giải Nhì,920,2
00561,2023-01-11,Giải Nhì,489,3
00561,2023-01-11,Giải Nhì,185,4
00561,2023-01-11,Giải Nhì,663,5
00560,2023-01-09,Giải ba,221,0
00560,2023-01-09,Giải ba,960,1
00560,2023-01-09,Giải ba,016,2
00560,2023-01-09,Giải ba,691,3
00560,2023-01-09,Giải ba,190,4
00560,2023-01-09,Giải ba,254,5
00560,2023-01-09,Giải ba,843,6
00560,2023-01-09,Giải ba,257,7
00560,2023-01-09,Giải Đặc biệt,094,0
00560,2023-01-09,Giải Đặc biệt,855,1
00560,2023-01-09,Giải Nhất,890,0
00560,2023-01-09,Giải Nhất,388,1
00560,2023-01-09,Giải Nhất,248,2
00560,2023-01-09,Giải Nhất,789,3
00560,2023-01-09,Giải Nhì,660,0
00560,2023-01-09,Giải Nhì,389,1
00560,2023-01-09,Giải Nhì,693,2
00560,2023-01-09,Giải Nhì,124,3
00560,2023-01-09,Giải Nhì,944,4
00560,2023-01-09,Giải Nhì,906,5
00559,2023-01-06,Giải ba,107,0
00559,2023-01-06,Giải ba,660,1
00559,2023-01-06,Giải ba,234,2
00559,2023-01-06,Giải ba,124,3
00559,2023-01-06,Giải ba,037,4
00559,2023-01-06,Giải ba,045,5
00559,2023-01-06,Giải ba,040,6
00559,2023-01-06,Giải ba,956,7
00559,2023-01-06,Giải Đặc biệt,067,0
00559,2023-01-06,Giải Đặc biệt,078,1
00559,2023-01-06,Giải Nhất,665,0
00559,2023-01-06,Giải Nhất,975,1
00559,2023-01-06,Giải Nhất,539,2
00559,2023-01-06,Giải Nhất,952,3
00559,2023-01-06,Giải Nhì,492,0
00559,2023-01-06,Giải Nhì,125,1
00559,2023-01-06,Giải Nhì,210,2
00559,2023-01-06,Giải Nhì,433,3
00559,2023-01-06,Giải Nhì,221,4
00559,2023-01-06,Giải Nhì,998,5
00558,2023-01-04,Giải ba,245,0
00558,2023-01-04,Giải ba,370,1
00558,2023-01-04,Giải ba,916,2
00558,2023-01-04,Giải ba,920,3
00558,2023-01-04,Giải ba,875,4
00558,2023-01-04,Giải ba,892,5
00558,2023-01-04,Giải ba,806,6
00558,2023-01-04,Giải ba,098,7
00558,2023-01-04,Giải Đặc biệt,376,0
00558,2023-01-04,Giải Đặc biệt,297,1
00558,2023-01-04,Giải Nhất,406,0
00558,2023-01-04,Giải Nhất,789,1
00558,2023-01-04,Giải Nhất,108,2
00558,2023-01-04,Giải Nhất,398,3
00558,2023-01-04,Giải Nhì,986,0
00558,2023-01-04,Giải Nhì,779,1
00558,2023-01-04,Giải Nhì,344,2
00558,2023-01-04,Giải Nhì,873,3
00558,2023-01-04,Giải Nhì,406,4
00558,2023-01-04,Giải Nhì,696,5
00557,2023-01-02,Giải ba,117,0
00557,2023-01-02,Giải ba,718,1
00557,2023-01-02,Giải ba,606,2
00557,2023-01-02,Giải ba,371,3
00557,2023-01-02,Giải ba,617,4
00557,2023-01-02,Giải ba,560,5
00557,2023-01-02,Giải ba,352,6
00557,2023-01-02,Giải ba,303,7
00557,2023-01-02,Giải Đặc biệt,960,0
00557,2023-01-02,Giải Đặc biệt,261,1
00557,2023-01-02,Giải Nhất,771,0
00557,2023-01-02,Giải Nhất,698,1
00557,2023-01-02,Giải Nhất,701,2
00557,2023-01-02,Giải Nhất,214,3
00557,2023-01-02,Giải Nhì,339,0
00557,2023-01-02,Giải Nhì,634,1
00557,2023-01-02,Giải Nhì,111,2
00557,2023-01-02,Giải Nhì,798,3
00557,2023-01-02,Giải Nhì,247,4
00557,2023-01-02,Giải Nhì,587,5
00556,2022-12-30,Giải ba,525,0
00556,2022-12-30,Giải ba,396,1
00556,2022-12-30,Giải ba,479,2
00556,2022-12-30,Giải ba,203,3
00556,2022-12-30,Giải ba,646,4
00556,2022-12-30,Giải ba,855,5
00556,2022-12-30,Giải ba,751,6
00556,2022-12-30,Giải ba,340,7
00556,2022-12-30,Giải Đặc biệt,686,0
00556,2022-12-30,Giải Đặc biệt,026,1
00556,2022-12-30,Giải Nhất,767,0
00556,2022-12-30,Giải Nhất,848,1
00556,2022-12-30,Giải Nhất,133,2
00556,2022-12-30,Giải Nhất,689,3
00556,2022-12-30,Giải Nhì,455,0
00556,2022-12-30,Giải Nhì,604,1
00556,2022-12-30,Giải Nhì,892,2
00556,2022-12-30,Giải Nhì,438,3
00556,2022-12-30,Giải Nhì,386,4
00556,2022-12-30,Giải Nhì,653,5
00555,2022-12-28,Giải ba,176,0
00555,2022-12-28,Giải ba,863,1
00555,2022-12-28,Giải ba,278,2
00555,2022-12-28,Giải ba,250,3
00555,2022-12-28,Giải ba,162,4
00555,2022-12-28,Giải ba,417,5
00555,2022-12-28,Giải ba,033,6
00555,2022-12-28,Giải ba,060,7
00555,2022-12-28,Giải Đặc biệt,484,0
00555,2022-12-28,Giải Đặc biệt,024,1
00555,2022-12-28,Giải Nhất,217,0
00555,2022-12-28,Giải Nhất,187,1
00555,2022-12-28,Giải Nhất,580,2
00555,2022-12-28,Giải Nhất,183,3
00555,2022-12-28,Giải Nhì,989,0
00555,2022-12-28,Giải Nhì,157,1
00555,2022-12-28,Giải Nhì,366,2
00555,2022-12-28,Giải Nhì,019,3
00555,2022-12-28,Giải Nhì,441,4
00555,2022-12-28,Giải Nhì,126,5
00554,2022-12-26,Giải ba,339,0
00554,2022-12-26,Giải ba,137,1
00554,2022-12-26,Giải ba,189,2
00554,2022-12-26,Giải ba,865,3
00554,2022-12-26,Giải ba,060,4
00554,2022-12-26,Giải ba,684,5
00554,2022-12-26,Giải ba,646,6
00554,2022-12-26,Giải ba,012,7
00554,2022-12-26,Giải Đặc biệt,582,0
00554,2022-12-26,Giải Đặc biệt,361,1
00554,2022-12-26,Giải Nhất,312,0
00554,2022-12-26,Giải Nhất,765,1
00554,2022-12-26,Giải Nhất,181,2
00554,2022-12-26,Giải Nhất,734,3
00554,2022-12-26,Giải Nhì,017,0
00554,2022-12-26,Giải Nhì,297,1
00554,2022-12-26,Giải Nhì,961,2
00554,2022-12-26,Giải Nhì,744,3
00554,2022-12-26,Giải Nhì,434,4
00554,2022-12-26,Giải Nhì,481,5
00553,2022-12-23,Giải ba,799,0
00553,2022-12-23,Giải ba,530,1
00553,2022-12-23,Giải ba,940,2
00553,2022-12-23,Giải ba,585,3
00553,2022-12-23,Giải ba,620,4
00553,2022-12-23,Giải ba,361,5
00553,2022-12-23,Giải ba,854,6
00553,2022-12-23,Giải ba,208,7
00553,2022-12-23,Giải Đặc biệt,736,0
00553,2022-12-23,Giải Đặc biệt,492,1
00553,2022-12-23,Giải Nhất,591,0
00553,2022-12-23,Giải Nhất,828,1
00553,2022-12-23,Giải Nhất,839,2
00553,2022-12-23,Giải Nhất,275,3
00553,2022-12-23,Giải Nhì,245,0
00553,2022-12-23,Giải Nhì,473,1
00553,2022-12-23,Giải Nhì,949,2
00553,2022-12-23,Giải Nhì,774,3
00553,2022-12-23,Giải Nhì,823,4
00553,2022-12-23,Giải Nhì,988,5
00552,2022-12-21,Giải ba,656,0
00552,2022-12-21,Giải ba,438,1
00552,2022-12-21,Giải ba,739,2
00552,2022-12-21,Giải ba,688,3
00552,2022-12-21,Giải ba,217,4
00552,2022-12-21,Giải ba,823,5
00552,2022-12-21,Giải ba,752,6
00552,2022-12-21,Giải ba,847,7
00552,2022-12-21,Giải Đặc biệt,796,0
00552,2022-12-21,Giải Đặc biệt,967,1
00552,2022-12-21,Giải Nhất,734,0
00552,2022-12-21,Giải Nhất,528,1
00552,2022-12-21,Giải Nhất,315,2
00552,2022-12-21,Giải Nhất,475,3
00552,2022-12-21,Giải Nhì,767,0
00552,2022-12-21,Giải Nhì,573,1
00552,2022-12-21,Giải Nhì,555,2
00552,2022-12-21,Giải Nhì,052,3
00552,2022-12-21,Giải Nhì,728,4
00552,2022-12-21,Giải Nhì,656,5
00551,2022-12-19,Giải ba,769,0
00551,2022-12-19,Giải ba,933,1
00551,2022-12-19,Giải ba,009,2
00551,2022-12-19,Giải ba,829,3
00551,2022-12-19,Giải ba,749,4
00551,2022-12-19,Giải ba,003,5
00551,2022-12-19,Giải ba,370,6
00551,2022-12-19,Giải ba,669,7
00551,2022-12-19,Giải Đặc biệt,047,0
00551,2022-12-19,Giải Đặc biệt,986,1
00551,2022-12-19,Giải Nhất,241,0
00551,2022-12-19,Giải Nhất,888,1
00551,2022-12-19,Giải Nhất,206,2
00551,2022-12-19,Giải Nhất,517,3
00551,2022-12-19,Giải Nhì,731,0
00551,2022-12-19,Giải Nhì,658,1
00551,2022-12-19,Giải Nhì,755,2
00551,2022-12-19,Giải Nhì,408,3
00551,2022-12-19,Giải Nhì,770,4
00551,2022-12-19,Giải Nhì,737,5
00550,2022-12-16,Giải ba,365,0
00550,2022-12-16,Giải ba,788,1
00550,2022-12-16,Giải ba,869,2
00550,2022-12-16,Giải ba,359,3
00550,2022-12-16,Giải ba,159,4
00550,2022-12-16,Giải ba,844,5
00550,2022-12-16,Giải ba,641,6
00550,2022-12-16,Giải ba,139,7
00550,2022-12-16,Giải Đặc biệt,317,0
00550,2022-12-16,Giải Đặc biệt,499,1
00550,2022-12-16,Giải Nhất,047,0
00550,2022-12-16,Giải Nhất,222,1
00550,2022-12-16,Giải Nhất,223,2
00550,2022-12-16,Giải Nhất,649,3
00550,2022-12-16,Giải Nhì,137,0
00550,2022-12-16,Giải Nhì,485,1
00550,2022-12-16,Giải Nhì,054,2
00550,2022-12-16,Giải Nhì,891,3
00550,2022-12-16,Giải Nhì,403,4
00550,2022-12-16,Giải Nhì,953,5
00549,2022-12-14,Giải ba,077,0
00549,2022-12-14,Giải ba,932,1
00549,2022-12-14,Giải ba,435,2
00549,2022-12-14,Giải ba,915,3
00549,2022-12-14,Giải ba,627,4
00549,2022-12-14,Giải ba,895,5
00549,2022-12-14,Giải ba,836,6
00549,2022-12-14,Giải ba,243,7
00549,2022-12-14,Giải Đặc biệt,400,0
00549,2022-12-14,Giải Đặc biệt,413,1
00549,2022-12-14,Giải Nhất,115,0
00549,2022-12-14,Giải Nhất,691,1
00549,2022-12-14,Giải Nhất,493,2
00549,2022-12-14,Giải Nhất,187,3
00549,2022-12-14,Giải Nhì,155,0
00549,2022-12-14,Giải Nhì,317,1
00549,2022-12-14,Giải Nhì,178,2
00549,2022-12-14,Giải Nhì,912,3
00549,2022-12-14,Giải Nhì,158,4
00549,2022-12-14,Giải Nhì,140,5
00548,2022-12-12,Giải ba,745,0
00548,2022-12-12,Giải ba,739,1
00548,2022-12-12,Giải ba,849,2
00548,2022-12-12,Giải ba,479,3
00548,2022-12-12,Giải ba,820,4
00548,2022-12-12,Giải ba,065,5
00548,2022-12-12,Giải ba,358,6
00548,2022-12-12,Giải ba,370,7
00548,2022-12-12,Giải Đặc biệt,457,0
00548,2022-12-12,Giải Đặc biệt,493,1
00548,2022-12-12,Giải Nhất,804,0
00548,2022-12-12,Giải Nhất,816,1
00548,2022-12-12,Giải Nhất,623,2
00548,2022-12-12,Giải Nhất,266,3
00548,2022-12-12,Giải Nhì,889,0
00548,2022-12-12,Giải Nhì,578,1
00548,2022-12-12,Giải Nhì,342,2
00548,2022-12-12,Giải Nhì,219,3
00548,2022-12-12,Giải Nhì,476,4
00548,2022-12-12,Giải Nhì,880,5
00547,2022-12-09,Giải ba,766,0
00547,2022-12-09,Giải ba,653,1
00547,2022-12-09,Giải ba,774,2
00547,2022-12-09,Giải ba,540,3
00547,2022-12-09,Giải ba,537,4
00547,2022-12-09,Giải ba,930,5
00547,2022-12-09,Giải ba,228,6
00547,2022-12-09,Giải ba,007,7
00547,2022-12-09,Giải Đặc biệt,878,0
00547,2022-12-09,Giải Đặc biệt,896,1
00547,2022-12-09,Giải Nhất,035,0
00547,2022-12-09,Giải Nhất,494,1
00547,2022-12-09,Giải Nhất,163,2
00547,2022-12-09,Giải Nhất,144,3
00547,2022-12-09,Giải Nhì,157,0
00547,2022-12-09,Giải Nhì,802,1
00547,2022-12-09,Giải Nhì,851,2
00547,2022-12-09,Giải Nhì,667,3
00547,2022-12-09,Giải Nhì,775,4
00547,2022-12-09,Giải Nhì,456,5
00546,2022-12-07,Giải ba,036,0
00546,2022-12-07,Giải ba,019,1
00546,2022-12-07,Giải ba,906,2
00546,2022-12-07,Giải ba,525,3
00546,2022-12-07,Giải ba,695,4
00546,2022-12-07,Giải ba,149,5
00546,2022-12-07,Giải ba,717,6
00546,2022-12-07,Giải ba,647,7
00546,2022-12-07,Giải Đặc biệt,483,0
00546,2022-12-07,Giải Đặc biệt,517,1
00546,2022-12-07,Giải Nhất,985,0
00546,2022-12-07,Giải Nhất,178,1
00546,2022-12-07,Giải Nhất,566,2
00546,2022-12-07,Giải Nhất,522,3
00546,2022-12-07,Giải Nhì,368,0
00546,2022-12-07,Giải Nhì,446,1
00546,2022-12-07,Giải Nhì,741,2
00546,2022-12-07,Giải Nhì,084,3
00546,2022-12-07,Giải Nhì,159,4
00546,2022-12-07,Giải Nhì,514,5
00545,2022-12-05,Giải ba,030,0
00545,2022-12-05,Giải ba,916,1
00545,2022-12-05,Giải ba,299,2
00545,2022-12-05,Giải ba,071,3
00545,2022-12-05,Giải ba,911,4
00545,2022-12-05,Giải ba,962,5
00545,2022-12-05,Giải ba,926,6
00545,2022-12-05,Giải ba,705,7
00545,2022-12-05,Giải Đặc biệt,394,0
00545,2022-12-05,Giải Đặc biệt,231,1
00545,2022-12-05,Giải Nhất,965,0
00545,2022-12-05,Giải Nhất,095,1
00545,2022-12-05,Giải Nhất,725,2
00545,2022-12-05,Giải Nhất,701,3
00545,2022-12-05,Giải Nhì,451,0
00545,2022-12-05,Giải Nhì,810,1
00545,2022-12-05,Giải Nhì,722,2
00545,2022-12-05,Giải Nhì,013,3
00545,2022-12-05,Giải Nhì,067,4
00545,2022-12-05,Giải Nhì,767,5
00544,2022-12-02,Giải ba,348,0
00544,2022-12-02,Giải ba,474,1
00544,2022-12-02,Giải ba,307,2
00544,2022-12-02,Giải ba,671,3
00544,2022-12-02,Giải ba,497,4
00544,2022-12-02,Giải ba,614,5
00544,2022-12-02,Giải ba,599,6
00544,2022-12-02,Giải ba,470,7
00544,2022-12-02,Giải Đặc biệt,566,0
00544,2022-12-02,Giải Đặc biệt,896,1
00544,2022-12-02,Giải Nhất,024,0
00544,2022-12-02,Giải Nhất,623,1
00544,2022-12-02,Giải Nhất,530,2
00544,2022-12-02,Giải Nhất,604,3
00544,2022-12-02,Giải Nhì,056,0
00544,2022-12-02,Giải Nhì,732,1
00544,2022-12-02,Giải Nhì,497,2
00544,2022-12-02,Giải Nhì,386,3
00544,2022-12-02,Giải Nhì,263,4
00544,2022-12-02,Giải Nhì,134,5
00543,2022-11-30,Giải ba,694,0
00543,2022-11-30,Giải ba,865,1
00543,2022-11-30,Giải ba,859,2
00543,2022-11-30,Giải ba,193,3
00543,2022-11-30,Giải ba,729,4
00543,2022-11-30,Giải ba,387,5
00543,2022-11-30,Giải ba,710,6
00543,2022-11-30,Giải ba,046,7
00543,2022-11-30,Giải Đặc biệt,654,0
00543,2022-11-30,Giải Đặc biệt,906,1
00543,2022-11-30,Giải Nhất,709,0
00543,2022-11-30,Giải Nhất,773,1
00543,2022-11-30,Giải Nhất,171,2
00543,2022-11-30,Giải Nhất,439,3
00543,2022-11-30,Giải Nhì,970,0
00543,2022-11-30,Giải Nhì,198,1
00543,2022-11-30,Giải Nhì,728,2
00543,2022-11-30,Giải Nhì,678,3
00543,2022-11-30,Giải Nhì,941,4
00543,2022-11-30,Giải Nhì,957,5
00542,2022-11-28,Giải ba,054,0
00542,2022-11-28,Giải ba,512,1
00542,2022-11-28,Giải ba,643,2
00542,2022-11-28,Giải ba,489,3
00542,2022-11-28,Giải ba,322,4
00542,2022-11-28,Giải ba,597,5
00542,2022-11-28,Giải ba,362,6
00542,2022-11-28,Giải ba,161,7
00542,2022-11-28,Giải Đặc biệt,767,0
00542,2022-11-28,Giải Đặc biệt,341,1
00542,2022-11-28,Giải Nhất,358,0
00542,2022-11-28,Giải Nhất,750,1
00542,2022-11-28,Giải Nhất,889,2
00542,2022-11-28,Giải Nhất,157,3
00542,2022-11-28,Giải Nhì,031,0
00542,2022-11-28,Giải Nhì,338,1
00542,2022-11-28,Giải Nhì,913,2
00542,2022-11-28,Giải Nhì,587,3
00542,2022-11-28,Giải Nhì,529,4
00542,2022-11-28,Giải Nhì,448,5
00541,2022-11-25,Giải ba,344,0
00541,2022-11-25,Giải ba,045,1
00541,2022-11-25,Giải ba,698,2
00541,2022-11-25,Giải ba,393,3
00541,2022-11-25,Giải ba,732,4
00541,2022-11-25,Giải ba,197,5
00541,2022-11-25,Giải ba,335,6
00541,2022-11-25,Giải ba,456,7
00541,2022-11-25,Giải Đặc biệt,680,0
00541,2022-11-25,Giải Đặc biệt,723,1
00541,2022-11-25,Giải Nhất,873,0
00541,2022-11-25,Giải Nhất,865,1
00541,2022-11-25,Giải Nhất,399,2
00541,2022-11-25,Giải Nhất,678,3
00541,2022-11-25,Giải Nhì,502,0
00541,2022-11-25,Giải Nhì,241,1
00541,2022-11-25,Giải Nhì,293,2
00541,2022-11-25,Giải Nhì,250,3
00541,2022-11-25,Giải Nhì,614,4
00541,2022-11-25,Giải Nhì,038,5
00540,2022-11-23,Giải ba,479,0
00540,2022-11-23,Giải ba,187,1
00540,2022-11-23,Giải ba,383,2
00540,2022-11-23,Giải ba,563,3
00540,2022-11-23,Giải ba,634,4
00540,2022-11-23,Giải ba,933,5
00540,2022-11-23,Giải ba,002,6
00540,2022-11-23,Giải ba,185,7
00540,2022-11-23,Giải Đặc biệt,135,0
00540,2022-11-23,Giải Đặc biệt,326,1
00540,2022-11-23,Giải Nhất,086,0
00540,2022-11-23,Giải Nhất,336,1
00540,2022-11-23,Giải Nhất,704,2
00540,2022-11-23,Giải Nhất,428,3
00540,2022-11-23,Giải Nhì,335,0
00540,2022-11-23,Giải Nhì,506,1
00540,2022-11-23,Giải Nhì,775,2
00540,2022-11-23,Giải Nhì,220,3
00540,2022-11-23,Giải Nhì,302,4
00540,2022-11-23,Giải Nhì,939,5
00539,2022-11-21,Giải ba,086,0
00539,2022-11-21,Giải ba,551,1
00539,2022-11-21,Giải ba,627,2
00539,2022-11-21,Giải ba,992,3
00539,2022-11-21,Giải ba,459,4
00539,2022-11-21,Giải ba,607,5
00539,2022-11-21,Giải ba,008,6
00539,2022-11-21,Giải ba,737,7
00539,2022-11-21,Giải Đặc biệt,699,0
00539,2022-11-21,Giải Đặc biệt,477,1
00539,2022-11-21,Giải Nhất,785,0
00539,2022-11-21,Giải Nhất,528,1
00539,2022-11-21,Giải Nhất,031,2
00539,2022-11-21,Giải Nhất,637,3
00539,2022-11-21,Giải Nhì,881,0
00539,2022-11-21,Giải Nhì,894,1
00539,2022-11-21,Giải Nhì,929,2
00539,2022-11-21,Giải Nhì,865,3
00539,2022-11-21,Giải Nhì,181,4
00539,2022-11-21,Giải Nhì,107,5
00538,2022-11-18,Giải ba,607,0
00538,2022-11-18,Giải ba,247,1
00538,2022-11-18,Giải ba,966,2
00538,2022-11-18,Giải ba,260,3
00538,2022-11-18,Giải ba,643,4
00538,2022-11-18,Giải ba,243,5
00538,2022-11-18,Giải ba,805,6
00538,2022-11-18,Giải ba,024,7
00538,2022-11-18,Giải Đặc biệt,279,0
00538,2022-11-18,Giải Đặc biệt,608,1
00538,2022-11-18,Giải Nhất,693,0
00538,2022-11-18,Giải Nhất,408,1
00538,2022-11-18,Giải Nhất,561,2
00538,2022-11-18,Giải Nhất,620,3
00538,2022-11-18,Giải Nhì,407,0
00538,2022-11-18,Giải Nhì,793,1
00538,2022-11-18,Giải Nhì,456,2
00538,2022-11-18,Giải Nhì,197,3
00538,2022-11-18,Giải Nhì,165,4
00538,2022-11-18,Giải Nhì,853,5
00537,2022-11-16,Giải ba,655,0
00537,2022-11-16,Giải ba,914,1
00537,2022-11-16,Giải ba,002,2
00537,2022-11-16,Giải ba,610,3
00537,2022-11-16,Giải ba,412,4
00537,2022-11-16,Giải ba,058,5
00537,2022-11-16,Giải ba,389,6
00537,2022-11-16,Giải ba,917,7
00537,2022-11-16,Giải Đặc biệt,242,0
00537,2022-11-16,Giải Đặc biệt,785,1
00537,2022-11-16,Giải Nhất,099,0
00537,2022-11-16,Giải Nhất,546,1
00537,2022-11-16,Giải Nhất,473,2
00537,2022-11-16,Giải Nhất,496,3
00537,2022-11-16,Giải Nhì,994,0
00537,2022-11-16,Giải Nhì,310,1
00537,2022-11-16,Giải Nhì,080,2
00537,2022-11-16,Giải Nhì,328,3
00537,2022-11-16,Giải Nhì,132,4
00537,2022-11-16,Giải Nhì,604,5
00536,2022-11-14,Giải ba,329,0
00536,2022-11-14,Giải ba,055,1
00536,2022-11-14,Giải ba,041,2
00536,2022-11-14,Giải ba,173,3
00536,2022-11-14,Giải ba,044,4
00536,2022-11-14,Giải ba,980,5
00536,2022-11-14,Giải ba,851,6
00536,2022-11-14,Giải ba,046,7
00536,2022-11-14,Giải Đặc biệt,907,0
00536,2022-11-14,Giải Đặc biệt,660,1
00536,2022-11-14,Giải Nhất,318,0
00536,2022-11-14,Giải Nhất,257,1
00536,2022-11-14,Giải Nhất,129,2
00536,2022-11-14,Giải Nhất,657,3
00536,2022-11-14,Giải Nhì,127,0
00536,2022-11-14,Giải Nhì,194,1
00536,2022-11-14,Giải Nhì,965,2
00536,2022-11-14,Giải Nhì,558,3
00536,2022-11-14,Giải Nhì,084,4
00536,2022-11-14,Giải Nhì,451,5
00535,2022-11-11,Giải ba,663,0
00535,2022-11-11,Giải ba,599,1
00535,2022-11-11,Giải ba,437,2
00535,2022-11-11,Giải ba,343,3
00535,2022-11-11,Giải ba,208,4
00535,2022-11-11,Giải ba,015,5
00535,2022-11-11,Giải ba,821,6
00535,2022-11-11,Giải ba,822,7
00535,2022-11-11,Giải Đặc biệt,343,0
00535,2022-11-11,Giải Đặc biệt,039,1
00535,2022-11-11,Giải Nhất,549,0
00535,2022-11-11,Giải Nhất,795,1
00535,2022-11-11,Giải Nhất,410,2
00535,2022-11-11,Giải Nhất,480,3
00535,2022-11-11,Giải Nhì,866,0
00535,2022-11-11,Giải Nhì,014,1
00535,2022-11-11,Giải Nhì,914,2
00535,2022-11-11,Giải Nhì,596,3
00535,2022-11-11,Giải Nhì,911,4
00535,2022-11-11,Giải Nhì,004,5
00534,2022-11-09,Giải ba,265,0
00534,2022-11-09,Giải ba,591,1
00534,2022-11-09,Giải ba,239,2
00534,2022-11-09,Giải ba,564,3
00534,2022-11-09,Giải ba,594,4
00534,2022-11-09,Giải ba,224,5
00534,2022-11-09,Giải ba,977,6
00534,2022-11-09,Giải ba,906,7
00534,2022-11-09,Giải Đặc biệt,808,0
00534,2022-11-09,Giải Đặc biệt,053,1
00534,2022-11-09,Giải Nhất,085,0
00534,2022-11-09,Giải Nhất,830,1
00534,2022-11-09,Giải Nhất,790,2
00534,2022-11-09,Giải Nhất,065,3
00534,2022-11-09,Giải Nhì,065,0
00534,2022-11-09,Giải Nhì,529,1
00534,2022-11-09,Giải Nhì,130,2
00534,2022-11-09,Giải Nhì,372,3
00534,2022-11-09,Giải Nhì,783,4
00534,2022-11-09,Giải Nhì,916,5
00533,2022-11-07,Giải ba,391,0
00533,2022-11-07,Giải ba,272,1
00533,2022-11-07,Giải ba,529,2
00533,2022-11-07,Giải ba,608,3
00533,2022-11-07,Giải ba,095,4
00533,2022-11-07,Giải ba,856,5
00533,2022-11-07,Giải ba,219,6
00533,2022-11-07,Giải ba,061,7
00533,2022-11-07,Giải Đặc biệt,518,0
00533,2022-11-07,Giải Đặc biệt,503,1
00533,2022-11-07,Giải Nhất,951,0
00533,2022-11-07,Giải Nhất,270,1
00533,2022-11-07,Giải Nhất,793,2
00533,2022-11-07,Giải Nhất,844,3
00533,2022-11-07,Giải Nhì,137,0
00533,2022-11-07,Giải Nhì,832,1
00533,2022-11-07,Giải Nhì,349,2
00533,2022-11-07,Giải Nhì,468,3
00533,2022-11-07,Giải Nhì,703,4
00533,2022-11-07,Giải Nhì,488,5
00532,2022-11-04,Giải ba,375,0
00532,2022-11-04,Giải ba,461,1
00532,2022-11-04,Giải ba,534,2
00532,2022-11-04,Giải ba,865,3
00532,2022-11-04,Giải ba,878,4
00532,2022-11-04,Giải ba,312,5
00532,2022-11-04,Giải ba,419,6
00532,2022-11-04,Giải ba,302,7
00532,2022-11-04,Giải Đặc biệt,244,0
00532,2022-11-04,Giải Đặc biệt,856,1
00532,2022-11-04,Giải Nhất,959,0
00532,2022-11-04,Giải Nhất,284,1
00532,2022-11-04,Giải Nhất,388,2
00532,2022-11-04,Giải Nhất,459,3
00532,2022-11-04,Giải Nhì,046,0
00532,2022-11-04,Giải Nhì,401,1
00532,2022-11-04,Giải Nhì,425,2
00532,2022-11-04,Giải Nhì,871,3
00532,2022-11-04,Giải Nhì,175,4
00532,2022-11-04,Giải Nhì,285,5
00531,2022-11-02,Giải ba,186,0
00531,2022-11-02,Giải ba,402,1
00531,2022-11-02,Giải ba,917,2
00531,2022-11-02,Giải ba,343,3
00531,2022-11-02,Giải ba,931,4
00531,2022-11-02,Giải ba,466,5
00531,2022-11-02,Giải ba,844,6
00531,2022-11-02,Giải ba,423,7
00531,2022-11-02,Giải Đặc biệt,177,0
00531,2022-11-02,Giải Đặc biệt,600,1
00531,2022-11-02,Giải Nhất,733,0
00531,2022-11-02,Giải Nhất,983,1
00531,2022-11-02,Giải Nhất,453,2
00531,2022-11-02,Giải Nhất,260,3
00531,2022-11-02,Giải Nhì,268,0
00531,2022-11-02,Giải Nhì,444,1
00531,2022-11-02,Giải Nhì,962,2
00531,2022-11-02,Giải Nhì,156,3
00531,2022-11-02,Giải Nhì,082,4
00531,2022-11-02,Giải Nhì,715,5
00530,2022-10-31,Giải ba,334,0
00530,2022-10-31,Giải ba,048,1
00530,2022-10-31,Giải ba,350,2
00530,2022-10-31,Giải ba,621,3
00530,2022-10-31,Giải ba,734,4
00530,2022-10-31,Giải ba,899,5
00530,2022-10-31,Giải ba,405,6
00530,2022-10-31,Giải ba,486,7
00530,2022-10-31,Giải Đặc biệt,996,0
00530,2022-10-31,Giải Đặc biệt,362,1
00530,2022-10-31,Giải Nhất,856,0
00530,2022-10-31,Giải Nhất,336,1
00530,2022-10-31,Giải Nhất,860,2
00530,2022-10-31,Giải Nhất,846,3
00530,2022-10-31,Giải Nhì,858,0
00530,2022-10-31,Giải Nhì,306,1
00530,2022-10-31,Giải Nhì,546,2
00530,2022-10-31,Giải Nhì,538,3
00530,2022-10-31,Giải Nhì,470,4
00530,2022-10-31,Giải Nhì,843,5
00529,2022-10-28,Giải ba,302,0
00529,2022-10-28,Giải ba,594,1
00529,2022-10-28,Giải ba,810,2
00529,2022-10-28,Giải ba,318,3
00529,2022-10-28,Giải ba,276,4
00529,2022-10-28,Giải ba,925,5
00529,2022-10-28,Giải ba,062,6
00529,2022-10-28,Giải ba,380,7
00529,2022-10-28,Giải Đặc biệt,166,0
00529,2022-10-28,Giải Đặc biệt,633,1
00529,2022-10-28,Giải Nhất,818,0
00529,2022-10-28,Giải Nhất,747,1
00529,2022-10-28,Giải Nhất,577,2
00529,2022-10-28,Giải Nhất,501,3
00529,2022-10-28,Giải Nhì,344,0
00529,2022-10-28,Giải Nhì,316,1
00529,2022-10-28,Giải Nhì,811,2
00529,2022-10-28,Giải Nhì,860,3
00529,2022-10-28,Giải Nhì,244,4
00529,2022-10-28,Giải Nhì,719,5
00528,2022-10-26,Giải ba,702,0
00528,2022-10-26,Giải ba,747,1
00528,2022-10-26,Giải ba,938,2
00528,2022-10-26,Giải ba,970,3
00528,2022-10-26,Giải ba,281,4
00528,2022-10-26,Giải ba,528,5
00528,2022-10-26,Giải ba,011,6
00528,2022-10-26,Giải ba,313,7
00528,2022-10-26,Giải Đặc biệt,378,0
00528,2022-10-26,Giải Đặc biệt,997,1
00528,2022-10-26,Giải Nhất,119,0
00528,2022-10-26,Giải Nhất,949,1
00528,2022-10-26,Giải Nhất,938,2
00528,2022-10-26,Giải Nhất,394,3
00528,2022-10-26,Giải Nhì,388,0
00528,2022-10-26,Giải Nhì,025,1
00528,2022-10-26,Giải Nhì,383,2
00528,2022-10-26,Giải Nhì,148,3
00528,2022-10-26,Giải Nhì,876,4
00528,2022-10-26,Giải Nhì,387,5
00527,2022-10-24,Giải ba,094,0
00527,2022-10-24,Giải ba,929,1
00527,2022-10-24,Giải ba,721,2
00527,2022-10-24,Giải ba,788,3
00527,2022-10-24,Giải ba,300,4
00527,2022-10-24,Giải ba,597,5
00527,2022-10-24,Giải ba,197,6
00527,2022-10-24,Giải ba,560,7
00527,2022-10-24,Giải Đặc biệt,066,0
00527,2022-10-24,Giải Đặc biệt,757,1
00527,2022-10-24,Giải Nhất,169,0
00527,2022-10-24,Giải Nhất,964,1
00527,2022-10-24,Giải Nhất,523,2
00527,2022-10-24,Giải Nhất,286,3
00527,2022-10-24,Giải Nhì,017,0
00527,2022-10-24,Giải Nhì,611,1
00527,2022-10-24,Giải Nhì,029,2
00527,2022-10-24,Giải Nhì,582,3
00527,2022-10-24,Giải Nhì,777,4
00527,2022-10-24,Giải Nhì,673,5
00526,2022-10-21,Giải ba,897,0
00526,2022-10-21,Giải ba,784,1
00526,2022-10-21,Giải ba,010,2
00526,2022-10-21,Giải ba,553,3
00526,2022-10-21,Giải ba,885,4
00526,2022-10-21,Giải ba,998,5
00526,2022-10-21,Giải ba,793,6
00526,2022-10-21,Giải ba,258,7
00526,2022-10-21,Giải Đặc biệt,824,0
00526,2022-10-21,Giải Đặc biệt,620,1
00526,2022-10-21,Giải Nhất,417,0
00526,2022-10-21,Giải Nhất,563,1
00526,2022-10-21,Giải Nhất,503,2
00526,2022-10-21,Giải Nhất,402,3
00526,2022-10-21,Giải Nhì,895,0
00526,2022-10-21,Giải Nhì,485,1
00526,2022-10-21,Giải Nhì,562,2
00526,2022-10-21,Giải Nhì,264,3
00526,2022-10-21,Giải Nhì,228,4
00526,2022-10-21,Giải Nhì,565,5
00525,2022-10-19,Giải ba,430,0
00525,2022-10-19,Giải ba,586,1
00525,2022-10-19,Giải ba,921,2
00525,2022-10-19,Giải ba,395,3
00525,2022-10-19,Giải ba,687,4
00525,2022-10-19,Giải ba,811,5
00525,2022-10-19,Giải ba,265,6
00525,2022-10-19,Giải ba,773,7
00525,2022-10-19,Giải Đặc biệt,353,0
00525,2022-10-19,Giải Đặc biệt,397,1
00525,2022-10-19,Giải Nhất,013,0
00525,2022-10-19,Giải Nhất,128,1
00525,2022-10-19,Giải Nhất,846,2
00525,2022-10-19,Giải Nhất,969,3
00525,2022-10-19,Giải Nhì,132,0
00525,2022-10-19,Giải Nhì,534,1
00525,2022-10-19,Giải Nhì,953,2
00525,2022-10-19,Giải Nhì,554,3
00525,2022-10-19,Giải Nhì,925,4
00525,2022-10-19,Giải Nhì,534,5
00524,2022-10-17,Giải ba,278,0
00524,2022-10-17,Giải ba,482,1
00524,2022-10-17,Giải ba,836,2
00524,2022-10-17,Giải ba,598,3
00524,2022-10-17,Giải ba,873,4
00524,2022-10-17,Giải ba,392,5
00524,2022-10-17,Giải ba,327,6
00524,2022-10-17,Giải ba,673,7
00524,2022-10-17,Giải Đặc biệt,926,0
00524,2022-10-17,Giải Đặc biệt,246,1
00524,2022-10-17,Giải Nhất,552,0
00524,2022-10-17,Giải Nhất,565,1
00524,2022-10-17,Giải Nhất,826,2
00524,2022-10-17,Giải Nhất,956,3
00524,2022-10-17,Giải Nhì,932,0
00524,2022-10-17,Giải Nhì,471,1
00524,2022-10-17,Giải Nhì,452,2
00524,2022-10-17,Giải Nhì,718,3
00524,2022-10-17,Giải Nhì,628,4
00524,2022-10-17,Giải Nhì,163,5
00523,2022-10-14,Giải ba,191,0
00523,2022-10-14,Giải ba,773,1
00523,2022-10-14,Giải ba,283,2
00523,2022-10-14,Giải ba,831,3
00523,2022-10-14,Giải ba,252,4
00523,2022-10-14,Giải ba,119,5
00523,2022-10-14,Giải ba,547,6
00523,2022-10-14,Giải ba,845,7
00523,2022-10-14,Giải Đặc biệt,225,0
00523,2022-10-14,Giải Đặc biệt,017,1
00523,2022-10-14,Giải Nhất,996,0
00523,2022-10-14,Giải Nhất,909,1
00523,2022-10-14,Giải Nhất,048,2
00523,2022-10-14,Giải Nhất,477,3
00523,2022-10-14,Giải Nhì,927,0
00523,2022-10-14,Giải Nhì,704,1
00523,2022-10-14,Giải Nhì,729,2
00523,2022-10-14,Giải Nhì,747,3
00523,2022-10-14,Giải Nhì,879,4
00523,2022-10-14,Giải Nhì,633,5
00522,2022-10-12,Giải ba,033,0
00522,2022-10-12,Giải ba,573,1
00522,2022-10-12,Giải ba,847,2
00522,2022-10-12,Giải ba,225,3
00522,2022-10-12,Giải ba,814,4
00522,2022-10-12,Giải ba,065,5
00522,2022-10-12,Giải ba,379,6
00522,2022-10-12,Giải ba,543,7
00522,2022-10-12,Giải Đặc biệt,429,0
00522,2022-10-12,Giải Đặc biệt,761,1
00522,2022-10-12,Giải Nhất,051,0
00522,2022-10-12,Giải Nhất,214,1
00522,2022-10-12,Giải Nhất,434,2
00522,2022-10-12,Giải Nhất,502,3
00522,2022-10-12,Giải Nhì,055,0
00522,2022-10-12,Giải Nhì,180,1
00522,2022-10-12,Giải Nhì,609,2
00522,2022-10-12,Giải Nhì,943,3
00522,2022-10-12,Giải Nhì,168,4
00522,2022-10-12,Giải Nhì,619,5
00521,2022-10-10,Giải ba,549,0
00521,2022-10-10,Giải ba,208,1
00521,2022-10-10,Giải ba,792,2
00521,2022-10-10,Giải ba,052,3
00521,2022-10-10,Giải ba,482,4
00521,2022-10-10,Giải ba,209,5
00521,2022-10-10,Giải ba,218,6
00521,2022-10-10,Giải ba,709,7
00521,2022-10-10,Giải Đặc biệt,385,0
00521,2022-10-10,Giải Đặc biệt,688,1
00521,2022-10-10,Giải Nhất,739,0
00521,2022-10-10,Giải Nhất,134,1
00521,2022-10-10,Giải Nhất,235,2
00521,2022-10-10,Giải Nhất,584,3
00521,2022-10-10,Giải Nhì,676,0
00521,2022-10-10,Giải Nhì,539,1
00521,2022-10-10,Giải Nhì,648,2
00521,2022-10-10,Giải Nhì,038,3
00521,2022-10-10,Giải Nhì,020,4
00521,2022-10-10,Giải Nhì,308,5
00520,2022-10-07,Giải ba,811,0
00520,2022-10-07,Giải ba,692,1
00520,2022-10-07,Giải ba,308,2
00520,2022-10-07,Giải ba,246,3
00520,2022-10-07,Giải ba,149,4
00520,2022-10-07,Giải ba,433,5
00520,2022-10-07,Giải ba,868,6
00520,2022-10-07,Giải ba,637,7
00520,2022-10-07,Giải Đặc biệt,402,0
00520,2022-10-07,Giải Đặc biệt,715,1
00520,2022-10-07,Giải Nhất,445,0
00520,2022-10-07,Giải Nhất,672,1
00520,2022-10-07,Giải Nhất,550,2
00520,2022-10-07,Giải Nhất,548,3
00520,2022-10-07,Giải Nhì,031,0
00520,2022-10-07,Giải Nhì,830,1
00520,2022-10-07,Giải Nhì,420,2
00520,2022-10-07,Giải Nhì,128,3
00520,2022-10-07,Giải Nhì,076,4
00520,2022-10-07,Giải Nhì,722,5
00519,2022-10-05,Giải ba,231,0
00519,2022-10-05,Giải ba,944,1
00519,2022-10-05,Giải ba,627,2
00519,2022-10-05,Giải ba,787,3
00519,2022-10-05,Giải ba,297,4
00519,2022-10-05,Giải ba,365,5
00519,2022-10-05,Giải ba,705,6
00519,2022-10-05,Giải ba,208,7
00519,2022-10-05,Giải Đặc biệt,364,0
00519,2022-10-05,Giải Đặc biệt,572,1
00519,2022-10-05,Giải Nhất,483,0
00519,2022-10-05,Giải Nhất,472,1
00519,2022-10-05,Giải Nhất,485,2
00519,2022-10-05,Giải Nhất,158,3
00519,2022-10-05,Giải Nhì,511,0
00519,2022-10-05,Giải Nhì,215,1
00519,2022-10-05,Giải Nhì,330,2
00519,2022-10-05,Giải Nhì,313,3
00519,2022-10-05,Giải Nhì,885,4
00519,2022-10-05,Giải Nhì,540,5
00518,2022-10-03,Giải ba,197,0
00518,2022-10-03,Giải ba,712,1
00518,2022-10-03,Giải ba,827,2
00518,2022-10-03,Giải ba,025,3
00518,2022-10-03,Giải ba,725,4
00518,2022-10-03,Giải ba,927,5
00518,2022-10-03,Giải ba,563,6
00518,2022-10-03,Giải ba,348,7
00518,2022-10-03,Giải Đặc biệt,247,0
00518,2022-10-03,Giải Đặc biệt,628,1
00518,2022-10-03,Giải Nhất,784,0
00518,2022-10-03,Giải Nhất,471,1
00518,2022-10-03,Giải Nhất,601,2
00518,2022-10-03,Giải Nhất,822,3
00518,2022-10-03,Giải Nhì,605,0
00518,2022-10-03,Giải Nhì,536,1
00518,2022-10-03,Giải Nhì,589,2
00518,2022-10-03,Giải Nhì,554,3
00518,2022-10-03,Giải Nhì,220,4
00518,2022-10-03,Giải Nhì,296,5
00517,2022-09-30,Giải ba,563,0
00517,2022-09-30,Giải ba,001,1
00517,2022-09-30,Giải ba,680,2
00517,2022-09-30,Giải ba,184,3
00517,2022-09-30,Giải ba,145,4
00517,2022-09-30,Giải ba,087,5
00517,2022-09-30,Giải ba,289,6
00517,2022-09-30,Giải ba,174,7
00517,2022-09-30,Giải Đặc biệt,912,0
00517,2022-09-30,Giải Đặc biệt,302,1
00517,2022-09-30,Giải Nhất,592,0
00517,2022-09-30,Giải Nhất,907,1
00517,2022-09-30,Giải Nhất,912,2
00517,2022-09-30,Giải Nhất,257,3
00517,2022-09-30,Giải Nhì,419,0
00517,2022-09-30,Giải Nhì,291,1
00517,2022-09-30,Giải Nhì,056,2
00517,2022-09-30,Giải Nhì,052,3
00517,2022-09-30,Giải Nhì,727,4
00517,2022-09-30,Giải Nhì,015,5
00516,2022-09-28,Giải ba,116,0
00516,2022-09-28,Giải ba,753,1
00516,2022-09-28,Giải ba,948,2
00516,2022-09-28,Giải ba,713,3
00516,2022-09-28,Giải ba,180,4
00516,2022-09-28,Giải ba,554,5
00516,2022-09-28,Giải ba,830,6
00516,2022-09-28,Giải ba,217,7
00516,2022-09-28,Giải Đặc biệt,564,0
00516,2022-09-28,Giải Đặc biệt,240,1
00516,2022-09-28,Giải Nhất,520,0
00516,2022-09-28,Giải Nhất,777,1
00516,2022-09-28,Giải Nhất,172,2
00516,2022-09-28,Giải Nhất,753,3
00516,2022-09-28,Giải Nhì,429,0
00516,2022-09-28,Giải Nhì,768,1
00516,2022-09-28,Giải Nhì,466,2
00516,2022-09-28,Giải Nhì,195,3
00516,2022-09-28,Giải Nhì,566,4
00516,2022-09-28,Giải Nhì,080,5
00515,2022-09-26,Giải ba,712,0
00515,2022-09-26,Giải ba,991,1
00515,2022-09-26,Giải ba,955,2
00515,2022-09-26,Giải ba,748,3
00515,2022-09-26,Giải ba,126,4
00515,2022-09-26,Giải ba,859,5
00515,2022-09-26,Giải ba,391,6
00515,2022-09-26,Giải ba,360,7
00515,2022-09-26,Giải Đặc biệt,796,0
00515,2022-09-26,Giải Đặc biệt,167,1
00515,2022-09-26,Giải Nhất,707,0
00515,2022-09-26,Giải Nhất,426,1
00515,2022-09-26,Giải Nhất,891,2
00515,2022-09-26,Giải Nhất,533,3
00515,2022-09-26,Giải Nhì,214,0
00515,2022-09-26,Giải Nhì,827,1
00515,2022-09-26,Giải Nhì,208,2
00515,2022-09-26,Giải Nhì,596,3
00515,2022-09-26,Giải Nhì,167,4
00515,2022-09-26,Giải Nhì,736,5
00514,2022-09-23,Giải ba,674,0
00514,2022-09-23,Giải ba,491,1
00514,2022-09-23,Giải ba,211,2
00514,2022-09-23,Giải ba,575,3
00514,2022-09-23,Giải ba,371,4
00514,2022-09-23,Giải ba,070,5
00514,2022-09-23,Giải ba,898,6
00514,2022-09-23,Giải ba,331,7
00514,2022-09-23,Giải Đặc biệt,775,0
00514,2022-09-23,Giải Đặc biệt,309,1
00514,2022-09-23,Giải Nhất,918,0
00514,2022-09-23,Giải Nhất,647,1
00514,2022-09-23,Giải Nhất,096,2
00514,2022-09-23,Giải Nhất,241,3
00514,2022-09-23,Giải Nhì,024,0
00514,2022-09-23,Giải Nhì,277,1
00514,2022-09-23,Giải Nhì,305,2
00514,2022-09-23,Giải Nhì,567,3
00514,2022-09-23,Giải Nhì,876,4
00514,2022-09-23,Giải Nhì,047,5
00513,2022-09-21,Giải ba,361,0
00513,2022-09-21,Giải ba,165,1
00513,2022-09-21,Giải ba,027,2
00513,2022-09-21,Giải ba,079,3
00513,2022-09-21,Giải ba,847,4
00513,2022-09-21,Giải ba,668,5
00513,2022-09-21,Giải ba,421,6
00513,2022-09-21,Giải ba,300,7
00513,2022-09-21,Giải Đặc biệt,543,0
00513,2022-09-21,Giải Đặc biệt,948,1
00513,2022-09-21,Giải Nhất,445,0
00513,2022-09-21,Giải Nhất,894,1
00513,2022-09-21,Giải Nhất,729,2
00513,2022-09-21,Giải Nhất,771,3
00513,2022-09-21,Giải Nhì,604,0
00513,2022-09-21,Giải Nhì,160,1
00513,2022-09-21,Giải Nhì,597,2
00513,2022-09-21,Giải Nhì,909,3
00513,2022-09-21,Giải Nhì,300,4
00513,2022-09-21,Giải Nhì,865,5
00512,2022-09-19,Giải ba,586,0
00512,2022-09-19,Giải ba,186,1
00512,2022-09-19,Giải ba,886,2
00512,2022-09-19,Giải ba,158,3
00512,2022-09-19,Giải ba,363,4
00512,2022-09-19,Giải ba,165,5
00512,2022-09-19,Giải ba,479,6
00512,2022-09-19,Giải ba,098,7
00512,2022-09-19,Giải Đặc biệt,828,0
00512,2022-09-19,Giải Đặc biệt,131,1
00512,2022-09-19,Giải Nhất,815,0
00512,2022-09-19,Giải Nhất,503,1
00512,2022-09-19,Giải Nhất,625,2
00512,2022-09-19,Giải Nhất,480,3
00512,2022-09-19,Giải Nhì,972,0
00512,2022-09-19,Giải Nhì,512,1
00512,2022-09-19,Giải Nhì,313,2
00512,2022-09-19,Giải Nhì,917,3
00512,2022-09-19,Giải Nhì,214,4
00512,2022-09-19,Giải Nhì,955,5
00511,2022-09-16,Giải ba,570,0
00511,2022-09-16,Giải ba,590,1
00511,2022-09-16,Giải ba,245,2
00511,2022-09-16,Giải ba,273,3
00511,2022-09-16,Giải ba,469,4
00511,2022-09-16,Giải ba,700,5
00511,2022-09-16,Giải ba,460,6
00511,2022-09-16,Giải ba,945,7
00511,2022-09-16,Giải Đặc biệt,048,0
00511,2022-09-16,Giải Đặc biệt,122,1
00511,2022-09-16,Giải Nhất,119,0
00511,2022-09-16,Giải Nhất,743,1
00511,2022-09-16,Giải Nhất,902,2
00511,2022-09-16,Giải Nhất,190,3
00511,2022-09-16,Giải Nhì,170,0
00511,2022-09-16,Giải Nhì,957,1
00511,2022-09-16,Giải Nhì,769,2
00511,2022-09-16,Giải Nhì,734,3
00511,2022-09-16,Giải Nhì,367,4
00511,2022-09-16,Giải Nhì,173,5
00510,2022-09-14,Giải ba,677,0
00510,2022-09-14,Giải ba,933,1
00510,2022-09-14,Giải ba,478,2
00510,2022-09-14,Giải ba,266,3
00510,2022-09-14,Giải ba,910,4
00510,2022-09-14,Giải ba,673,5
00510,2022-09-14,Giải ba,977,6
00510,2022-09-14,Giải ba,930,7
00510,2022-09-14,Giải Đặc biệt,779,0
00510,2022-09-14,Giải Đặc biệt,007,1
00510,2022-09-14,Giải Nhất,481,0
00510,2022-09-14,Giải Nhất,495,1
00510,2022-09-14,Giải Nhất,923,2
00510,2022-09-14,Giải Nhất,859,3
00510,2022-09-14,Giải Nhì,623,0
00510,2022-09-14,Giải Nhì,985,1
00510,2022-09-14,Giải Nhì,356,2
00510,2022-09-14,Giải Nhì,641,3
00510,2022-09-14,Giải Nhì,140,4
00510,2022-09-14,Giải Nhì,239,5
00509,2022-09-12,Giải ba,799,0
00509,2022-09-12,Giải ba,550,1
00509,2022-09-12,Giải ba,378,2
00509,2022-09-12,Giải ba,480,3
00509,2022-09-12,Giải ba,910,4
00509,2022-09-12,Giải ba,536,5
00509,2022-09-12,Giải ba,750,6
00509,2022-09-12,Giải ba,673,7
00509,2022-09-12,Giải Đặc biệt,188,0
00509,2022-09-12,Giải Đặc biệt,832,1
00509,2022-09-12,Giải Nhất,693,0
00509,2022-09-12,Giải Nhất,330,1
00509,2022-09-12,Giải Nhất,280,2
00509,2022-09-12,Giải Nhất,463,3
00509,2022-09-12,Giải Nhì,291,0
00509,2022-09-12,Giải Nhì,653,1
00509,2022-09-12,Giải Nhì,390,2
00509,2022-09-12,Giải Nhì,314,3
00509,2022-09-12,Giải Nhì,848,4
00509,2022-09-12,Giải Nhì,129,5
00508,2022-09-09,Giải ba,254,0
00508,2022-09-09,Giải ba,947,1
00508,2022-09-09,Giải ba,248,2
00508,2022-09-09,Giải ba,828,3
00508,2022-09-09,Giải ba,404,4
00508,2022-09-09,Giải ba,865,5
00508,2022-09-09,Giải ba,924,6
00508,2022-09-09,Giải ba,521,7
00508,2022-09-09,Giải Đặc biệt,262,0
00508,2022-09-09,Giải Đặc biệt,171,1
00508,2022-09-09,Giải Nhất,191,0
00508,2022-09-09,Giải Nhất,667,1
00508,2022-09-09,Giải Nhất,525,2
00508,2022-09-09,Giải Nhất,807,3
00508,2022-09-09,Giải Nhì,866,0
00508,2022-09-09,Giải Nhì,864,1
00508,2022-09-09,Giải Nhì,762,2
00508,2022-09-09,Giải Nhì,173,3
00508,2022-09-09,Giải Nhì,557,4
00508,2022-09-09,Giải Nhì,145,5
00507,2022-09-07,Giải ba,746,0
00507,2022-09-07,Giải ba,099,1
00507,2022-09-07,Giải ba,936,2
00507,2022-09-07,Giải ba,714,3
00507,2022-09-07,Giải ba,337,4
00507,2022-09-07,Giải ba,502,5
00507,2022-09-07,Giải ba,716,6
00507,2022-09-07,Giải ba,409,7
00507,2022-09-07,Giải Đặc biệt,708,0
00507,2022-09-07,Giải Đặc biệt,730,1
00507,2022-09-07,Giải Nhất,088,0
00507,2022-09-07,Giải Nhất,850,1
00507,2022-09-07,Giải Nhất,887,2
00507,2022-09-07,Giải Nhất,015,3
00507,2022-09-07,Giải Nhì,300,0
00507,2022-09-07,Giải Nhì,396,1
00507,2022-09-07,Giải Nhì,049,2
00507,2022-09-07,Giải Nhì,734,3
00507,2022-09-07,Giải Nhì,150,4
00507,2022-09-07,Giải Nhì,075,5
00506,2022-09-05,Giải ba,720,0
00506,2022-09-05,Giải ba,024,1
00506,2022-09-05,Giải ba,515,2
00506,2022-09-05,Giải ba,073,3
00506,2022-09-05,Giải ba,384,4
00506,2022-09-05,Giải ba,128,5
00506,2022-09-05,Giải ba,051,6
00506,2022-09-05,Giải ba,822,7
00506,2022-09-05,Giải Đặc biệt,576,0
00506,2022-09-05,Giải Đặc biệt,896,1
00506,2022-09-05,Giải Nhất,722,0
00506,2022-09-05,Giải Nhất,792,1
00506,2022-09-05,Giải Nhất,961,2
00506,2022-09-05,Giải Nhất,433,3
00506,2022-09-05,Giải Nhì,542,0
00506,2022-09-05,Giải Nhì,296,1
00506,2022-09-05,Giải Nhì,314,2
00506,2022-09-05,Giải Nhì,281,3
00506,2022-09-05,Giải Nhì,557,4
00506,2022-09-05,Giải Nhì,197,5
00505,2022-09-02,Giải ba,839,0
00505,2022-09-02,Giải ba,509,1
00505,2022-09-02,Giải ba,607,2
00505,2022-09-02,Giải ba,765,3
00505,2022-09-02,Giải ba,724,4
00505,2022-09-02,Giải ba,972,5
00505,2022-09-02,Giải ba,954,6
00505,2022-09-02,Giải ba,604,7
00505,2022-09-02,Giải Đặc biệt,854,0
00505,2022-09-02,Giải Đặc biệt,691,1
00505,2022-09-02,Giải Nhất,412,0
00505,2022-09-02,Giải Nhất,686,1
00505,2022-09-02,Giải Nhất,400,2
00505,2022-09-02,Giải Nhất,304,3
00505,2022-09-02,Giải Nhì,389,0
00505,2022-09-02,Giải Nhì,866,1
00505,2022-09-02,Giải Nhì,973,2
00505,2022-09-02,Giải Nhì,223,3
00505,2022-09-02,Giải Nhì,335,4
00505,2022-09-02,Giải Nhì,944,5
00504,2022-08-31,Giải ba,208,0
00504,2022-08-31,Giải ba,239,1
00504,2022-08-31,Giải ba,966,2
00504,2022-08-31,Giải ba,895,3
00504,2022-08-31,Giải ba,072,4
00504,2022-08-31,Giải ba,749,5
00504,2022-08-31,Giải ba,916,6
00504,2022-08-31,Giải ba,432,7
00504,2022-08-31,Giải Đặc biệt,546,0
00504,2022-08-31,Giải Đặc biệt,272,1
00504,2022-08-31,Giải Nhất,824,0
00504,2022-08-31,Giải Nhất,455,1
00504,2022-08-31,Giải Nhất,441,2
00504,2022-08-31,Giải Nhất,403,3
00504,2022-08-31,Giải Nhì,576,0
00504,2022-08-31,Giải Nhì,346,1
00504,2022-08-31,Giải Nhì,204,2
00504,2022-08-31,Giải Nhì,358,3
00504,2022-08-31,Giải Nhì,163,4
00504,2022-08-31,Giải Nhì,058,5
00503,2022-08-29,Giải ba,597,0
00503,2022-08-29,Giải ba,618,1
00503,2022-08-29,Giải ba,545,2
00503,2022-08-29,Giải ba,000,3
00503,2022-08-29,Giải ba,616,4
00503,2022-08-29,Giải ba,100,5
00503,2022-08-29,Giải ba,322,6
00503,2022-08-29,Giải ba,344,7
00503,2022-08-29,Giải Đặc biệt,079,0
00503,2022-08-29,Giải Đặc biệt,316,1
00503,2022-08-29,Giải Nhất,104,0
00503,2022-08-29,Giải Nhất,975,1
00503,2022-08-29,Giải Nhất,392,2
00503,2022-08-29,Giải Nhất,130,3
00503,2022-08-29,Giải Nhì,031,0
00503,2022-08-29,Giải Nhì,643,1
00503,2022-08-29,Giải Nhì,170,2
00503,2022-08-29,Giải Nhì,528,3
00503,2022-08-29,Giải Nhì,978,4
00503,2022-08-29,Giải Nhì,787,5
00502,2022-08-26,Giải ba,567,0
00502,2022-08-26,Giải ba,748,1
00502,2022-08-26,Giải ba,006,2
00502,2022-08-26,Giải ba,037,3
00502,2022-08-26,Giải ba,141,4
00502,2022-08-26,Giải ba,089,5
00502,2022-08-26,Giải ba,852,6
00502,2022-08-26,Giải ba,024,7
00502,2022-08-26,Giải Đặc biệt,588,0
00502,2022-08-26,Giải Đặc biệt,673,1
00502,2022-08-26,Giải Nhất,310,0
00502,2022-08-26,Giải Nhất,797,1
00502,2022-08-26,Giải Nhất,766,2
00502,2022-08-26,Giải Nhất,053,3
00502,2022-08-26,Giải Nhì,029,0
00502,2022-08-26,Giải Nhì,416,1
00502,2022-08-26,Giải Nhì,685,2
00502,2022-08-26,Giải Nhì,340,3
00502,2022-08-26,Giải Nhì,859,4
00502,2022-08-26,Giải Nhì,588,5
00501,2022-08-24,Giải ba,619,0
00501,2022-08-24,Giải ba,873,1
00501,2022-08-24,Giải ba,733,2
00501,2022-08-24,Giải ba,029,3
00501,2022-08-24,Giải ba,799,4
00501,2022-08-24,Giải ba,206,5
00501,2022-08-24,Giải ba,790,6
00501,2022-08-24,Giải ba,211,7
00501,2022-08-24,Giải Đặc biệt,574,0
00501,2022-08-24,Giải Đặc biệt,480,1
00501,2022-08-24,Giải Nhất,639,0
00501,2022-08-24,Giải Nhất,157,1
00501,2022-08-24,Giải Nhất,534,2
00501,2022-08-24,Giải Nhất,410,3
00501,2022-08-24,Giải Nhì,379,0
00501,2022-08-24,Giải Nhì,538,1
00501,2022-08-24,Giải Nhì,806,2
00501,2022-08-24,Giải Nhì,085,3
00501,2022-08-24,Giải Nhì,017,4
00501,2022-08-24,Giải Nhì,318,5
00500,2022-08-22,Giải ba,871,0
00500,2022-08-22,Giải ba,545,1
00500,2022-08-22,Giải ba,019,2
00500,2022-08-22,Giải ba,146,3
00500,2022-08-22,Giải ba,510,4
00500,2022-08-22,Giải ba,125,5
00500,2022-08-22,Giải ba,455,6
00500,2022-08-22,Giải ba,373,7
00500,2022-08-22,Giải Đặc biệt,408,0
00500,2022-08-22,Giải Đặc biệt,236,1
00500,2022-08-22,Giải Nhất,369,0
00500,2022-08-22,Giải Nhất,750,1
00500,2022-08-22,Giải Nhất,783,2
00500,2022-08-22,Giải Nhất,475,3
00500,2022-08-22,Giải Nhì,699,0
00500,2022-08-22,Giải Nhì,610,1
00500,2022-08-22,Giải Nhì,863,2
00500,2022-08-22,Giải Nhì,841,3
00500,2022-08-22,Giải Nhì,437,4
00500,2022-08-22,Giải Nhì,777,5
00499,2022-08-19,Giải ba,937,0
00499,2022-08-19,Giải ba,553,1
00499,2022-08-19,Giải ba,083,2
00499,2022-08-19,Giải ba,219,3
00499,2022-08-19,Giải ba,705,4
00499,2022-08-19,Giải ba,329,5
00499,2022-08-19,Giải ba,517,6
00499,2022-08-19,Giải ba,974,7
00499,2022-08-19,Giải Đặc biệt,708,0
00499,2022-08-19,Giải Đặc biệt,310,1
00499,2022-08-19,Giải Nhất,743,0
00499,2022-08-19,Giải Nhất,093,1
00499,2022-08-19,Giải Nhất,273,2
00499,2022-08-19,Giải Nhất,457,3
00499,2022-08-19,Giải Nhì,305,0
00499,2022-08-19,Giải Nhì,370,1
00499,2022-08-19,Giải Nhì,374,2
00499,2022-08-19,Giải Nhì,691,3
00499,2022-08-19,Giải Nhì,749,4
00499,2022-08-19,Giải Nhì,462,5
00498,2022-08-17,Giải ba,764,0
00498,2022-08-17,Giải ba,220,1
00498,2022-08-17,Giải ba,551,2
00498,2022-08-17,Giải ba,018,3
00498,2022-08-17,Giải ba,619,4
00498,2022-08-17,Giải ba,629,5
00498,2022-08-17,Giải ba,915,6
00498,2022-08-17,Giải ba,086,7
00498,2022-08-17,Giải Đặc biệt,451,0
00498,2022-08-17,Giải Đặc biệt,154,1
00498,2022-08-17,Giải Nhất,975,0
00498,2022-08-17,Giải Nhất,738,1
00498,2022-08-17,Giải Nhất,082,2
00498,2022-08-17,Giải Nhất,237,3
00498,2022-08-17,Giải Nhì,762,0
00498,2022-08-17,Giải Nhì,106,1
00498,2022-08-17,Giải Nhì,540,2
00498,2022-08-17,Giải Nhì,442,3
00498,2022-08-17,Giải Nhì,553,4
00498,2022-08-17,Giải Nhì,470,5
00497,2022-08-15,Giải ba,095,0
00497,2022-08-15,Giải ba,863,1
00497,2022-08-15,Giải ba,329,2
00497,2022-08-15,Giải ba,871,3
00497,2022-08-15,Giải ba,649,4
00497,2022-08-15,Giải ba,498,5
00497,2022-08-15,Giải ba,391,6
00497,2022-08-15,Giải ba,817,7
00497,2022-08-15,Giải Đặc biệt,753,0
00497,2022-08-15,Giải Đặc biệt,037,1
00497,2022-08-15,Giải Nhất,943,0
00497,2022-08-15,Giải Nhất,556,1
00497,2022-08-15,Giải Nhất,643,2
00497,2022-08-15,Giải Nhất,152,3
00497,2022-08-15,Giải Nhì,196,0
00497,2022-08-15,Giải Nhì,931,1
00497,2022-08-15,Giải Nhì,375,2
00497,2022-08-15,Giải Nhì,267,3
00497,2022-08-15,Giải Nhì,463,4
00497,2022-08-15,Giải Nhì,566,5
00496,2022-08-12,Giải ba,253,0
00496,2022-08-12,Giải ba,451,1
00496,2022-08-12,Giải ba,945,2
00496,2022-08-12,Giải ba,682,3
00496,2022-08-12,Giải ba,401,4
00496,2022-08-12,Giải ba,694,5
00496,2022-08-12,Giải ba,324,6
00496,2022-08-12,Giải ba,350,7
00496,2022-08-12,Giải Đặc biệt,449,0
00496,2022-08-12,Giải Đặc biệt,280,1
00496,2022-08-12,Giải Nhất,774,0
00496,2022-08-12,Giải Nhất,411,1
00496,2022-08-12,Giải Nhất,128,2
00496,2022-08-12,Giải Nhất,641,3
00496,2022-08-12,Giải Nhì,710,0
00496,2022-08-12,Giải Nhì,680,1
00496,2022-08-12,Giải Nhì,183,2
00496,2022-08-12,Giải Nhì,144,3
00496,2022-08-12,Giải Nhì,160,4
00496,2022-08-12,Giải Nhì,114,5
00495,2022-08-10,Giải ba,435,0
00495,2022-08-10,Giải ba,558,1
00495,2022-08-10,Giải ba,915,2
00495,2022-08-10,Giải ba,525,3
00495,2022-08-10,Giải ba,595,4
00495,2022-08-10,Giải ba,807,5
00495,2022-08-10,Giải ba,494,6
00495,2022-08-10,Giải ba,319,7
00495,2022-08-10,Giải Đặc biệt,034,0
00495,2022-08-10,Giải Đặc biệt,401,1
00495,2022-08-10,Giải Nhất,542,0
00495,2022-08-10,Giải Nhất,577,1
00495,2022-08-10,Giải Nhất,472,2
00495,2022-08-10,Giải Nhất,613,3
00495,2022-08-10,Giải Nhì,219,0
00495,2022-08-10,Giải Nhì,346,1
00495,2022-08-10,Giải Nhì,416,2
00495,2022-08-10,Giải Nhì,456,3
00495,2022-08-10,Giải Nhì,387,4
00495,2022-08-10,Giải Nhì,606,5
00494,2022-08-08,Giải ba,495,0
00494,2022-08-08,Giải ba,215,1
00494,2022-08-08,Giải ba,947,2
00494,2022-08-08,Giải ba,480,3
00494,2022-08-08,Giải ba,968,4
00494,2022-08-08,Giải ba,387,5
00494,2022-08-08,Giải ba,560,6
00494,2022-08-08,Giải ba,322,7
00494,2022-08-08,Giải Đặc biệt,881,0
00494,2022-08-08,Giải Đặc biệt,019,1
00494,2022-08-08,Giải Nhất,142,0
00494,2022-08-08,Giải Nhất,925,1
00494,2022-08-08,Giải Nhất,748,2
00494,2022-08-08,Giải Nhất,563,3
00494,2022-08-08,Giải Nhì,389,0
00494,2022-08-08,Giải Nhì,812,1
00494,2022-08-08,Giải Nhì,919,2
00494,2022-08-08,Giải Nhì,087,3
00494,2022-08-08,Giải Nhì,779,4
00494,2022-08-08,Giải Nhì,579,5
00493,2022-08-05,Giải ba,006,0
00493,2022-08-05,Giải ba,463,1
00493,2022-08-05,Giải ba,884,2
00493,2022-08-05,Giải ba,137,3
00493,2022-08-05,Giải ba,245,4
00493,2022-08-05,Giải ba,300,5
00493,2022-08-05,Giải ba,017,6
00493,2022-08-05,Giải ba,005,7
00493,2022-08-05,Giải Đặc biệt,428,0
00493,2022-08-05,Giải Đặc biệt,425,1
00493,2022-08-05,Giải Nhất,858,0
00493,2022-08-05,Giải Nhất,317,1
00493,2022-08-05,Giải Nhất,615,2
00493,2022-08-05,Giải Nhất,738,3
00493,2022-08-05,Giải Nhì,461,0
00493,2022-08-05,Giải Nhì,977,1
00493,2022-08-05,Giải Nhì,039,2
00493,2022-08-05,Giải Nhì,632,3
00493,2022-08-05,Giải Nhì,983,4
00493,2022-08-05,Giải Nhì,172,5
00492,2022-08-03,Giải ba,304,0
00492,2022-08-03,Giải ba,962,1
00492,2022-08-03,Giải ba,126,2
00492,2022-08-03,Giải ba,171,3
00492,2022-08-03,Giải ba,914,4
00492,2022-08-03,Giải ba,691,5
00492,2022-08-03,Giải ba,380,6
00492,2022-08-03,Giải ba,258,7
00492,2022-08-03,Giải Đặc biệt,776,0
00492,2022-08-03,Giải Đặc biệt,061,1
00492,2022-08-03,Giải Nhất,550,0
00492,2022-08-03,Giải Nhất,380,1
00492,2022-08-03,Giải Nhất,787,2
00492,2022-08-03,Giải Nhất,608,3
00492,2022-08-03,Giải Nhì,831,0
00492,2022-08-03,Giải Nhì,033,1
00492,2022-08-03,Giải Nhì,691,2
00492,2022-08-03,Giải Nhì,613,3
00492,2022-08-03,Giải Nhì,185,4
00492,2022-08-03,Giải Nhì,520,5
00491,2022-08-01,Giải ba,359,0
00491,2022-08-01,Giải ba,190,1
00491,2022-08-01,Giải ba,458,2
00491,2022-08-01,Giải ba,112,3
00491,2022-08-01,Giải ba,270,4
00491,2022-08-01,Giải ba,152,5
00491,2022-08-01,Giải ba,251,6
00491,2022-08-01,Giải ba,662,7
00491,2022-08-01,Giải Đặc biệt,975,0
00491,2022-08-01,Giải Đặc biệt,958,1
00491,2022-08-01,Giải Nhất,633,0
00491,2022-08-01,Giải Nhất,676,1
00491,2022-08-01,Giải Nhất,686,2
00491,2022-08-01,Giải Nhất,265,3
00491,2022-08-01,Giải Nhì,628,0
00491,2022-08-01,Giải Nhì,099,1
00491,2022-08-01,Giải Nhì,766,2
00491,2022-08-01,Giải Nhì,550,3
00491,2022-08-01,Giải Nhì,236,4
00491,2022-08-01,Giải Nhì,448,5
00490,2022-07-29,Giải ba,894,0
00490,2022-07-29,Giải ba,970,1
00490,2022-07-29,Giải ba,102,2
00490,2022-07-29,Giải ba,645,3
00490,2022-07-29,Giải ba,525,4
00490,2022-07-29,Giải ba,868,5
00490,2022-07-29,Giải ba,911,6
00490,2022-07-29,Giải ba,397,7
00490,2022-07-29,Giải Đặc biệt,673,0
00490,2022-07-29,Giải Đặc biệt,905,1
00490,2022-07-29,Giải Nhất,902,0
00490,2022-07-29,Giải Nhất,315,1
00490,2022-07-29,Giải Nhất,515,2
00490,2022-07-29,Giải Nhất,501,3
00490,2022-07-29,Giải Nhì,390,0
00490,2022-07-29,Giải Nhì,610,1
00490,2022-07-29,Giải Nhì,916,2
00490,2022-07-29,Giải Nhì,909,3
00490,2022-07-29,Giải Nhì,694,4
00490,2022-07-29,Giải Nhì,180,5
00489,2022-07-27,Giải ba,005,0
00489,2022-07-27,Giải ba,368,1
00489,2022-07-27,Giải ba,799,2
00489,2022-07-27,Giải ba,300,3
00489,2022-07-27,Giải ba,246,4
00489,2022-07-27,Giải ba,743,5
00489,2022-07-27,Giải ba,525,6
00489,2022-07-27,Giải ba,734,7
00489,2022-07-27,Giải Đặc biệt,294,0
00489,2022-07-27,Giải Đặc biệt,653,1
00489,2022-07-27,Giải Nhất,329,0
00489,2022-07-27,Giải Nhất,822,1
00489,2022-07-27,Giải Nhất,920,2
00489,2022-07-27,Giải Nhất,694,3
00489,2022-07-27,Giải Nhì,101,0
00489,2022-07-27,Giải Nhì,725,1
00489,2022-07-27,Giải Nhì,804,2
00489,2022-07-27,Giải Nhì,025,3
00489,2022-07-27,Giải Nhì,430,4
00489,2022-07-27,Giải Nhì,323,5
00488,2022-07-25,Giải ba,156,0
00488,2022-07-25,Giải ba,692,1
00488,2022-07-25,Giải ba,601,2
00488,2022-07-25,Giải ba,863,3
00488,2022-07-25,Giải ba,894,4
00488,2022-07-25,Giải ba,583,5
00488,2022-07-25,Giải ba,807,6
00488,2022-07-25,Giải ba,344,7
00488,2022-07-25,Giải Đặc biệt,063,0
00488,2022-07-25,Giải Đặc biệt,263,1
00488,2022-07-25,Giải Nhất,708,0
00488,2022-07-25,Giải Nhất,092,1
00488,2022-07-25,Giải Nhất,099,2
00488,2022-07-25,Giải Nhất,306,3
00488,2022-07-25,Giải Nhì,920,0
00488,2022-07-25,Giải Nhì,689,1
00488,2022-07-25,Giải Nhì,146,2
00488,2022-07-25,Giải Nhì,383,3
00488,2022-07-25,Giải Nhì,849,4
00488,2022-07-25,Giải Nhì,067,5
00487,2022-07-22,Giải ba,201,0
00487,2022-07-22,Giải ba,316,1
00487,2022-07-22,Giải ba,336,2
00487,2022-07-22,Giải ba,420,3
00487,2022-07-22,Giải ba,035,4
00487,2022-07-22,Giải ba,496,5
00487,2022-07-22,Giải ba,205,6
00487,2022-07-22,Giải ba,706,7
00487,2022-07-22,Giải Đặc biệt,462,0
00487,2022-07-22,Giải Đặc biệt,249,1
00487,2022-07-22,Giải Nhất,047,0
00487,2022-07-22,Giải Nhất,628,1
00487,2022-07-22,Giải Nhất,046,2
00487,2022-07-22,Giải Nhất,997,3
00487,2022-07-22,Giải Nhì,120,0
00487,2022-07-22,Giải Nhì,995,1
00487,2022-07-22,Giải Nhì,422,2
00487,2022-07-22,Giải Nhì,291,3
00487,2022-07-22,Giải Nhì,674,4
00487,2022-07-22,Giải Nhì,954,5
00486,2022-07-20,Giải ba,458,0
00486,2022-07-20,Giải ba,343,1
00486,2022-07-20,Giải ba,143,2
00486,2022-07-20,Giải ba,798,3
00486,2022-07-20,Giải ba,604,4
00486,2022-07-20,Giải ba,733,5
00486,2022-07-20,Giải ba,739,6
00486,2022-07-20,Giải ba,592,7
00486,2022-07-20,Giải Đặc biệt,253,0
00486,2022-07-20,Giải Đặc biệt,050,1
00486,2022-07-20,Giải Nhất,959,0
00486,2022-07-20,Giải Nhất,646,1
00486,2022-07-20,Giải Nhất,050,2
00486,2022-07-20,Giải Nhất,640,3
00486,2022-07-20,Giải Nhì,098,0
00486,2022-07-20,Giải Nhì,308,1
00486,2022-07-20,Giải Nhì,729,2
00486,2022-07-20,Giải Nhì,831,3
00486,2022-07-20,Giải Nhì,938,4
00486,2022-07-20,Giải Nhì,761,5
00485,2022-07-18,Giải ba,954,0
00485,2022-07-18,Giải ba,522,1
00485,2022-07-18,Giải ba,952,2
00485,2022-07-18,Giải ba,797,3
00485,2022-07-18,Giải ba,456,4
00485,2022-07-18,Giải ba,059,5
00485,2022-07-18,Giải ba,462,6
00485,2022-07-18,Giải ba,595,7
00485,2022-07-18,Giải Đặc biệt,525,0
00485,2022-07-18,Giải Đặc biệt,694,1
00485,2022-07-18,Giải Nhất,427,0
00485,2022-07-18,Giải Nhất,600,1
00485,2022-07-18,Giải Nhất,594,2
00485,2022-07-18,Giải Nhất,823,3
00485,2022-07-18,Giải Nhì,844,0
00485,2022-07-18,Giải Nhì,287,1
00485,2022-07-18,Giải Nhì,042,2
00485,2022-07-18,Giải Nhì,574,3
00485,2022-07-18,Giải Nhì,456,4
00485,2022-07-18,Giải Nhì,002,5
00484,2022-07-15,Giải ba,837,0
00484,2022-07-15,Giải ba,342,1
00484,2022-07-15,Giải ba,149,2
00484,2022-07-15,Giải ba,743,3
00484,2022-07-15,Giải ba,012,4
00484,2022-07-15,Giải ba,145,5
00484,2022-07-15,Giải ba,755,6
00484,2022-07-15,Giải ba,998,7
00484,2022-07-15,Giải Đặc biệt,033,0
00484,2022-07-15,Giải Đặc biệt,490,1
00484,2022-07-15,Giải Nhất,168,0
00484,2022-07-15,Giải Nhất,073,1
00484,2022-07-15,Giải Nhất,207,2
00484,2022-07-15,Giải Nhất,048,3
00484,2022-07-15,Giải Nhì,886,0
00484,2022-07-15,Giải Nhì,334,1
00484,2022-07-15,Giải Nhì,156,2
00484,2022-07-15,Giải Nhì,284,3
00484,2022-07-15,Giải Nhì,243,4
00484,2022-07-15,Giải Nhì,622,5
00483,2022-07-13,Giải ba,860,0
00483,2022-07-13,Giải ba,216,1
00483,2022-07-13,Giải ba,744,2
00483,2022-07-13,Giải ba,523,3
00483,2022-07-13,Giải ba,816,4
00483,2022-07-13,Giải ba,272,5
00483,2022-07-13,Giải ba,314,6
00483,2022-07-13,Giải ba,988,7
00483,2022-07-13,Giải Đặc biệt,493,0
00483,2022-07-13,Giải Đặc biệt,042,1
00483,2022-07-13,Giải Nhất,003,0
00483,2022-07-13,Giải Nhất,547,1
00483,2022-07-13,Giải Nhất,146,2
00483,2022-07-13,Giải Nhất,219,3
00483,2022-07-13,Giải Nhì,275,0
00483,2022-07-13,Giải Nhì,075,1
00483,2022-07-13,Giải Nhì,716,2
00483,2022-07-13,Giải Nhì,444,3
00483,2022-07-13,Giải Nhì,842,4
00483,2022-07-13,Giải Nhì,685,5
00482,2022-07-11,Giải ba,035,0
00482,2022-07-11,Giải ba,150,1
00482,2022-07-11,Giải ba,993,2
00482,2022-07-11,Giải ba,470,3
00482,2022-07-11,Giải ba,435,4
00482,2022-07-11,Giải ba,328,5
00482,2022-07-11,Giải ba,529,6
00482,2022-07-11,Giải ba,248,7
00482,2022-07-11,Giải Đặc biệt,627,0
00482,2022-07-11,Giải Đặc biệt,353,1
00482,2022-07-11,Giải Nhất,873,0
00482,2022-07-11,Giải Nhất,988,1
00482,2022-07-11,Giải Nhất,337,2
00482,2022-07-11,Giải Nhất,982,3
00482,2022-07-11,Giải Nhì,725,0
00482,2022-07-11,Giải Nhì,411,1
00482,2022-07-11,Giải Nhì,294,2
00482,2022-07-11,Giải Nhì,866,3
00482,2022-07-11,Giải Nhì,997,4
00482,2022-07-11,Giải Nhì,589,5
00481,2022-07-08,Giải ba,938,0
00481,2022-07-08,Giải ba,756,1
00481,2022-07-08,Giải ba,058,2
00481,2022-07-08,Giải ba,341,3
00481,2022-07-08,Giải ba,179,4
00481,2022-07-08,Giải ba,678,5
00481,2022-07-08,Giải ba,548,6
00481,2022-07-08,Giải ba,255,7
00481,2022-07-08,Giải Đặc biệt,972,0
00481,2022-07-08,Giải Đặc biệt,418,1
00481,2022-07-08,Giải Nhất,825,0
00481,2022-07-08,Giải Nhất,174,1
00481,2022-07-08,Giải Nhất,916,2
00481,2022-07-08,Giải Nhất,531,3
00481,2022-07-08,Giải Nhì,810,0
00481,2022-07-08,Giải Nhì,786,1
00481,2022-07-08,Giải Nhì,285,2
00481,2022-07-08,Giải Nhì,092,3
00481,2022-07-08,Giải Nhì,995,4
00481,2022-07-08,Giải Nhì,969,5
00480,2022-07-06,Giải ba,387,0
00480,2022-07-06,Giải ba,179,1
00480,2022-07-06,Giải ba,376,2
00480,2022-07-06,Giải ba,102,3
00480,2022-07-06,Giải ba,463,4
00480,2022-07-06,Giải ba,035,5
00480,2022-07-06,Giải ba,013,6
00480,2022-07-06,Giải ba,291,7
00480,2022-07-06,Giải Đặc biệt,091,0
00480,2022-07-06,Giải Đặc biệt,556,1
00480,2022-07-06,Giải Nhất,218,0
00480,2022-07-06,Giải Nhất,405,1
00480,2022-07-06,Giải Nhất,151,2
00480,2022-07-06,Giải Nhất,139,3
00480,2022-07-06,Giải Nhì,809,0
00480,2022-07-06,Giải Nhì,665,1
00480,2022-07-06,Giải Nhì,903,2
00480,2022-07-06,Giải Nhì,442,3
00480,2022-07-06,Giải Nhì,109,4
00480,2022-07-06,Giải Nhì,176,5
00479,2022-07-04,Giải ba,411,0
00479,2022-07-04,Giải ba,393,1
00479,2022-07-04,Giải ba,975,2
00479,2022-07-04,Giải ba,048,3
00479,2022-07-04,Giải ba,755,4
00479,2022-07-04,Giải ba,348,5
00479,2022-07-04,Giải ba,441,6
00479,2022-07-04,Giải ba,861,7
00479,2022-07-04,Giải Đặc biệt,218,0
00479,2022-07-04,Giải Đặc biệt,726,1
00479,2022-07-04,Giải Nhất,428,0
00479,2022-07-04,Giải Nhất,601,1
00479,2022-07-04,Giải Nhất,310,2
00479,2022-07-04,Giải Nhất,686,3
00479,2022-07-04,Giải Nhì,454,0
00479,2022-07-04,Giải Nhì,983,1
00479,2022-07-04,Giải Nhì,777,2
00479,2022-07-04,Giải Nhì,941,3
00479,2022-07-04,Giải Nhì,379,4
00479,2022-07-04,Giải Nhì,099,5
00478,2022-07-01,Giải ba,411,0
00478,2022-07-01,Giải ba,706,1
00478,2022-07-01,Giải ba,805,2
00478,2022-07-01,Giải ba,508,3
00478,2022-07-01,Giải ba,205,4
00478,2022-07-01,Giải ba,420,5
00478,2022-07-01,Giải ba,897,6
00478,2022-07-01,Giải ba,158,7
00478,2022-07-01,Giải Đặc biệt,415,0
00478,2022-07-01,Giải Đặc biệt,987,1
00478,2022-07-01,Giải Nhất,250,0
00478,2022-07-01,Giải Nhất,119,1
00478,2022-07-01,Giải Nhất,434,2
00478,2022-07-01,Giải Nhất,442,3
00478,2022-07-01,Giải Nhì,728,0
00478,2022-07-01,Giải Nhì,281,1
00478,2022-07-01,Giải Nhì,425,2
00478,2022-07-01,Giải Nhì,360,3
00478,2022-07-01,Giải Nhì,438,4
00478,2022-07-01,Giải Nhì,523,5
00477,2022-06-29,Giải ba,691,0
00477,2022-06-29,Giải ba,531,1
00477,2022-06-29,Giải ba,423,2
00477,2022-06-29,Giải ba,491,3
00477,2022-06-29,Giải ba,548,4
00477,2022-06-29,Giải ba,588,5
00477,2022-06-29,Giải ba,911,6
00477,2022-06-29,Giải ba,745,7
00477,2022-06-29,Giải Đặc biệt,401,0
00477,2022-06-29,Giải Đặc biệt,359,1
00477,2022-06-29,Giải Nhất,350,0
00477,2022-06-29,Giải Nhất,695,1
00477,2022-06-29,Giải Nhất,998,2
00477,2022-06-29,Giải Nhất,140,3
00477,2022-06-29,Giải Nhì,013,0
00477,2022-06-29,Giải Nhì,611,1
00477,2022-06-29,Giải Nhì,175,2
00477,2022-06-29,Giải Nhì,037,3
00477,2022-06-29,Giải Nhì,253,4
00477,2022-06-29,Giải Nhì,575,5
00476,2022-06-27,Giải ba,616,0
00476,2022-06-27,Giải ba,738,1
00476,2022-06-27,Giải ba,997,2
00476,2022-06-27,Giải ba,949,3
00476,2022-06-27,Giải ba,395,4
00476,2022-06-27,Giải ba,513,5
00476,2022-06-27,Giải ba,777,6
00476,2022-06-27,Giải ba,377,7
00476,2022-06-27,Giải Đặc biệt,496,0
00476,2022-06-27,Giải Đặc biệt,182,1
00476,2022-06-27,Giải Nhất,826,0
00476,2022-06-27,Giải Nhất,820,1
00476,2022-06-27,Giải Nhất,369,2
00476,2022-06-27,Giải Nhất,952,3
00476,2022-06-27,Giải Nhì,033,0
00476,2022-06-27,Giải Nhì,933,1
00476,2022-06-27,Giải Nhì,096,2
00476,2022-06-27,Giải Nhì,299,3
00476,2022-06-27,Giải Nhì,294,4
00476,2022-06-27,Giải Nhì,843,5
00475,2022-06-24,Giải ba,240,0
00475,2022-06-24,Giải ba,240,1
00475,2022-06-24,Giải ba,917,2
00475,2022-06-24,Giải ba,308,3
00475,2022-06-24,Giải ba,387,4
00475,2022-06-24,Giải ba,726,5
00475,2022-06-24,Giải ba,483,6
00475,2022-06-24,Giải ba,320,7
00475,2022-06-24,Giải Đặc biệt,240,0
00475,2022-06-24,Giải Đặc biệt,974,1
00475,2022-06-24,Giải Nhất,806,0
00475,2022-06-24,Giải Nhất,600,1
00475,2022-06-24,Giải Nhất,742,2
00475,2022-06-24,Giải Nhất,138,3
00475,2022-06-24,Giải Nhì,544,0
00475,2022-06-24,Giải Nhì,328,1
00475,2022-06-24,Giải Nhì,055,2
00475,2022-06-24,Giải Nhì,589,3
00475,2022-06-24,Giải Nhì,462,4
00475,2022-06-24,Giải Nhì,176,5
00474,2022-06-22,Giải ba,370,0
00474,2022-06-22,Giải ba,375,1
00474,2022-06-22,Giải ba,733,2
00474,2022-06-22,Giải ba,239,3
00474,2022-06-22,Giải ba,370,4
00474,2022-06-22,Giải ba,402,5
00474,2022-06-22,Giải ba,302,6
00474,2022-06-22,Giải ba,160,7
00474,2022-06-22,Giải Đặc biệt,949,0
00474,2022-06-22,Giải Đặc biệt,056,1
00474,2022-06-22,Giải Nhất,374,0
00474,2022-06-22,Giải Nhất,123,1
00474,2022-06-22,Giải Nhất,654,2
00474,2022-06-22,Giải Nhất,429,3
00474,2022-06-22,Giải Nhì,397,0
00474,2022-06-22,Giải Nhì,692,1
00474,2022-06-22,Giải Nhì,549,2
00474,2022-06-22,Giải Nhì,760,3
00474,2022-06-22,Giải Nhì,060,4
00474,2022-06-22,Giải Nhì,032,5
00473,2022-06-20,Giải ba,380,0
00473,2022-06-20,Giải ba,745,1
00473,2022-06-20,Giải ba,734,2
00473,2022-06-20,Giải ba,610,3
00473,2022-06-20,Giải ba,037,4
00473,2022-06-20,Giải ba,834,5
00473,2022-06-20,Giải ba,187,6
00473,2022-06-20,Giải ba,322,7
00473,2022-06-20,Giải Đặc biệt,045,0
00473,2022-06-20,Giải Đặc biệt,732,1
00473,2022-06-20,Giải Nhất,323,0
00473,2022-06-20,Giải Nhất,570,1
00473,2022-06-20,Giải Nhất,733,2
00473,2022-06-20,Giải Nhất,279,3
00473,2022-06-20,Giải Nhì,201,0
00473,2022-06-20,Giải Nhì,272,1
00473,2022-06-20,Giải Nhì,945,2
00473,2022-06-20,Giải Nhì,724,3
00473,2022-06-20,Giải Nhì,986,4
00473,2022-06-20,Giải Nhì,307,5
00472,2022-06-17,Giải ba,953,0
00472,2022-06-17,Giải ba,539,1
00472,2022-06-17,Giải ba,842,2
00472,2022-06-17,Giải ba,518,3
00472,2022-06-17,Giải ba,630,4
00472,2022-06-17,Giải ba,504,5
00472,2022-06-17,Giải ba,775,6
00472,2022-06-17,Giải ba,966,7
00472,2022-06-17,Giải Đặc biệt,350,0
00472,2022-06-17,Giải Đặc biệt,750,1
00472,2022-06-17,Giải Nhất,427,0
00472,2022-06-17,Giải Nhất,057,1
00472,2022-06-17,Giải Nhất,399,2
00472,2022-06-17,Giải Nhất,908,3
00472,2022-06-17,Giải Nhì,902,0
00472,2022-06-17,Giải Nhì,953,1
00472,2022-06-17,Giải Nhì,368,2
00472,2022-06-17,Giải Nhì,936,3
00472,2022-06-17,Giải Nhì,386,4
00472,2022-06-17,Giải Nhì,085,5
00471,2022-06-15,Giải ba,710,0
00471,2022-06-15,Giải ba,859,1
00471,2022-06-15,Giải ba,884,2
00471,2022-06-15,Giải ba,710,3
00471,2022-06-15,Giải ba,228,4
00471,2022-06-15,Giải ba,123,5
00471,2022-06-15,Giải ba,424,6
00471,2022-06-15,Giải ba,186,7
00471,2022-06-15,Giải Đặc biệt,569,0
00471,2022-06-15,Giải Đặc biệt,328,1
00471,2022-06-15,Giải Nhất,834,0
00471,2022-06-15,Giải Nhất,694,1
00471,2022-06-15,Giải Nhất,760,2
00471,2022-06-15,Giải Nhất,576,3
00471,2022-06-15,Giải Nhì,858,0
00471,2022-06-15,Giải Nhì,482,1
00471,2022-06-15,Giải Nhì,847,2
00471,2022-06-15,Giải Nhì,879,3
00471,2022-06-15,Giải Nhì,083,4
00471,2022-06-15,Giải Nhì,762,5
00470,2022-06-13,Giải ba,498,0
00470,2022-06-13,Giải ba,970,1
00470,2022-06-13,Giải ba,626,2
00470,2022-06-13,Giải ba,369,3
00470,2022-06-13,Giải ba,726,4
00470,2022-06-13,Giải ba,140,5
00470,2022-06-13,Giải ba,791,6
00470,2022-06-13,Giải ba,946,7
00470,2022-06-13,Giải Đặc biệt,460,0
00470,2022-06-13,Giải Đặc biệt,945,1
00470,2022-06-13,Giải Nhất,624,0
00470,2022-06-13,Giải Nhất,309,1
00470,2022-06-13,Giải Nhất,001,2
00470,2022-06-13,Giải Nhất,126,3
00470,2022-06-13,Giải Nhì,973,0
00470,2022-06-13,Giải Nhì,581,1
00470,2022-06-13,Giải Nhì,152,2
00470,2022-06-13,Giải Nhì,464,3
00470,2022-06-13,Giải Nhì,226,4
00470,2022-06-13,Giải Nhì,807,5
00469,2022-06-10,Giải ba,357,0
00469,2022-06-10,Giải ba,326,1
00469,2022-06-10,Giải ba,512,2
00469,2022-06-10,Giải ba,189,3
00469,2022-06-10,Giải ba,862,4
00469,2022-06-10,Giải ba,200,5
00469,2022-06-10,Giải ba,376,6
00469,2022-06-10,Giải ba,399,7
00469,2022-06-10,Giải Đặc biệt,530,0
00469,2022-06-10,Giải Đặc biệt,978,1
00469,2022-06-10,Giải Nhất,240,0
00469,2022-06-10,Giải Nhất,542,1
00469,2022-06-10,Giải Nhất,363,2
00469,2022-06-10,Giải Nhất,247,3
00469,2022-06-10,Giải Nhì,800,0
00469,2022-06-10,Giải Nhì,056,1
00469,2022-06-10,Giải Nhì,959,2
00469,2022-06-10,Giải Nhì,062,3
00469,2022-06-10,Giải Nhì,850,4
00469,2022-06-10,Giải Nhì,186,5
00468,2022-06-08,Giải ba,276,0
00468,2022-06-08,Giải ba,431,1
00468,2022-06-08,Giải ba,477,2
00468,2022-06-08,Giải ba,239,3
00468,2022-06-08,Giải ba,019,4
00468,2022-06-08,Giải ba,200,5
00468,2022-06-08,Giải ba,473,6
00468,2022-06-08,Giải ba,894,7
00468,2022-06-08,Giải Đặc biệt,374,0
00468,2022-06-08,Giải Đặc biệt,022,1
00468,2022-06-08,Giải Nhất,993,0
00468,2022-06-08,Giải Nhất,869,1
00468,2022-06-08,Giải Nhất,290,2
00468,2022-06-08,Giải Nhất,321,3
00468,2022-06-08,Giải Nhì,751,0
00468,2022-06-08,Giải Nhì,804,1
00468,2022-06-08,Giải Nhì,415,2
00468,2022-06-08,Giải Nhì,136,3
00468,2022-06-08,Giải Nhì,006,4
00468,2022-06-08,Giải Nhì,646,5
00467,2022-06-06,Giải ba,877,0
00467,2022-06-06,Giải ba,756,1
00467,2022-06-06,Giải ba,076,2
00467,2022-06-06,Giải ba,433,3
00467,2022-06-06,Giải ba,125,4
00467,2022-06-06,Giải ba,166,5
00467,2022-06-06,Giải ba,516,6
00467,2022-06-06,Giải ba,743,7
00467,2022-06-06,Giải Đặc biệt,652,0
00467,2022-06-06,Giải Đặc biệt,331,1
00467,2022-06-06,Giải Nhất,628,0
00467,2022-06-06,Giải Nhất,731,1
00467,2022-06-06,Giải Nhất,733,2
00467,2022-06-06,Giải Nhất,847,3
00467,2022-06-06,Giải Nhì,816,0
00467,2022-06-06,Giải Nhì,176,1
00467,2022-06-06,Giải Nhì,094,2
00467,2022-06-06,Giải Nhì,051,3
00467,2022-06-06,Giải Nhì,495,4
00467,2022-06-06,Giải Nhì,150,5
00466,2022-06-03,Giải ba,806,0
00466,2022-06-03,Giải ba,568,1
00466,2022-06-03,Giải ba,419,2
00466,2022-06-03,Giải ba,567,3
00466,2022-06-03,Giải ba,453,4
00466,2022-06-03,Giải ba,292,5
00466,2022-06-03,Giải ba,952,6
00466,2022-06-03,Giải ba,476,7
00466,2022-06-03,Giải Đặc biệt,252,0
00466,2022-06-03,Giải Đặc biệt,558,1
00466,2022-06-03,Giải Nhất,317,0
00466,2022-06-03,Giải Nhất,015,1
00466,2022-06-03,Giải Nhất,909,2
00466,2022-06-03,Giải Nhất,955,3
00466,2022-06-03,Giải Nhì,597,0
00466,2022-06-03,Giải Nhì,388,1
00466,2022-06-03,Giải Nhì,520,2
00466,2022-06-03,Giải Nhì,360,3
00466,2022-06-03,Giải Nhì,626,4
00466,2022-06-03,Giải Nhì,540,5
00465,2022-06-01,Giải ba,215,0
00465,2022-06-01,Giải ba,840,1
00465,2022-06-01,Giải ba,261,2
00465,2022-06-01,Giải ba,066,3
00465,2022-06-01,Giải ba,074,4
00465,2022-06-01,Giải ba,425,5
00465,2022-06-01,Giải ba,332,6
00465,2022-06-01,Giải ba,636,7
00465,2022-06-01,Giải Đặc biệt,386,0
00465,2022-06-01,Giải Đặc biệt,943,1
00465,2022-06-01,Giải Nhất,311,0
00465,2022-06-01,Giải Nhất,019,1
00465,2022-06-01,Giải Nhất,076,2
00465,2022-06-01,Giải Nhất,853,3
00465,2022-06-01,Giải Nhì,783,0
00465,2022-06-01,Giải Nhì,558,1
00465,2022-06-01,Giải Nhì,900,2
00465,2022-06-01,Giải Nhì,281,3
00465,2022-06-01,Giải Nhì,985,4
00465,2022-06-01,Giải Nhì,677,5
00464,2022-05-30,Giải ba,280,0
00464,2022-05-30,Giải ba,684,1
00464,2022-05-30,Giải ba,226,2
00464,2022-05-30,Giải ba,132,3
00464,2022-05-30,Giải ba,840,4
00464,2022-05-30,Giải ba,043,5
00464,2022-05-30,Giải ba,201,6
00464,2022-05-30,Giải ba,151,7
00464,2022-05-30,Giải Đặc biệt,417,0
00464,2022-05-30,Giải Đặc biệt,945,1
00464,2022-05-30,Giải Nhất,534,0
00464,2022-05-30,Giải Nhất,846,1
00464,2022-05-30,Giải Nhất,457,2
00464,2022-05-30,Giải Nhất,130,3
00464,2022-05-30,Giải Nhì,725,0
00464,2022-05-30,Giải Nhì,773,1
00464,2022-05-30,Giải Nhì,401,2
00464,2022-05-30,Giải Nhì,458,3
00464,2022-05-30,Giải Nhì,625,4
00464,2022-05-30,Giải Nhì,798,5
00463,2022-05-27,Giải ba,041,0
00463,2022-05-27,Giải ba,824,1
00463,2022-05-27,Giải ba,942,2
00463,2022-05-27,Giải ba,765,3
00463,2022-05-27,Giải ba,081,4
00463,2022-05-27,Giải ba,581,5
00463,2022-05-27,Giải ba,040,6
00463,2022-05-27,Giải ba,991,7
00463,2022-05-27,Giải Đặc biệt,307,0
00463,2022-05-27,Giải Đặc biệt,568,1
00463,2022-05-27,Giải Nhất,966,0
00463,2022-05-27,Giải Nhất,770,1
00463,2022-05-27,Giải Nhất,172,2
00463,2022-05-27,Giải Nhất,406,3
00463,2022-05-27,Giải Nhì,126,0
00463,2022-05-27,Giải Nhì,628,1
00463,2022-05-27,Giải Nhì,344,2
00463,2022-05-27,Giải Nhì,100,3
00463,2022-05-27,Giải Nhì,003,4
00463,2022-05-27,Giải Nhì,374,5
00462,2022-05-25,Giải ba,607,0
00462,2022-05-25,Giải ba,742,1
00462,2022-05-25,Giải ba,379,2
00462,2022-05-25,Giải ba,225,3
00462,2022-05-25,Giải ba,163,4
00462,2022-05-25,Giải ba,773,5
00462,2022-05-25,Giải ba,784,6
00462,2022-05-25,Giải ba,110,7
00462,2022-05-25,Giải Đặc biệt,941,0
00462,2022-05-25,Giải Đặc biệt,594,1
00462,2022-05-25,Giải Nhất,625,0
00462,2022-05-25,Giải Nhất,803,1
00462,2022-05-25,Giải Nhất,788,2
00462,2022-05-25,Giải Nhất,679,3
00462,2022-05-25,Giải Nhì,720,0
00462,2022-05-25,Giải Nhì,157,1
00462,2022-05-25,Giải Nhì,094,2
00462,2022-05-25,Giải Nhì,113,3
00462,2022-05-25,Giải Nhì,501,4
00462,2022-05-25,Giải Nhì,448,5
00461,2022-05-23,Giải ba,147,0
00461,2022-05-23,Giải ba,616,1
00461,2022-05-23,Giải ba,714,2
00461,2022-05-23,Giải ba,796,3
00461,2022-05-23,Giải ba,928,4
00461,2022-05-23,Giải ba,244,5
00461,2022-05-23,Giải ba,541,6
00461,2022-05-23,Giải ba,930,7
00461,2022-05-23,Giải Đặc biệt,644,0
00461,2022-05-23,Giải Đặc biệt,079,1
00461,2022-05-23,Giải Nhất,874,0
00461,2022-05-23,Giải Nhất,199,1
00461,2022-05-23,Giải Nhất,515,2
00461,2022-05-23,Giải Nhất,745,3
00461,2022-05-23,Giải Nhì,550,0
00461,2022-05-23,Giải Nhì,998,1
00461,2022-05-23,Giải Nhì,188,2
00461,2022-05-23,Giải Nhì,732,3
00461,2022-05-23,Giải Nhì,541,4
00461,2022-05-23,Giải Nhì,881,5
00460,2022-05-20,Giải ba,137,0
00460,2022-05-20,Giải ba,785,1
00460,2022-05-20,Giải ba,695,2
00460,2022-05-20,Giải ba,574,3
00460,2022-05-20,Giải ba,134,4
00460,2022-05-20,Giải ba,400,5
00460,2022-05-20,Giải ba,292,6
00460,2022-05-20,Giải ba,563,7
00460,2022-05-20,Giải Đặc biệt,624,0
00460,2022-05-20,Giải Đặc biệt,724,1
00460,2022-05-20,Giải Nhất,106,0
00460,2022-05-20,Giải Nhất,019,1
00460,2022-05-20,Giải Nhất,421,2
00460,2022-05-20,Giải Nhất,714,3
00460,2022-05-20,Giải Nhì,236,0
00460,2022-05-20,Giải Nhì,859,1
00460,2022-05-20,Giải Nhì,301,2
00460,2022-05-20,Giải Nhì,961,3
00460,2022-05-20,Giải Nhì,636,4
00460,2022-05-20,Giải Nhì,677,5
00459,2022-05-18,Giải ba,006,0
00459,2022-05-18,Giải ba,695,1
00459,2022-05-18,Giải ba,018,2
00459,2022-05-18,Giải ba,695,3
00459,2022-05-18,Giải ba,434,4
00459,2022-05-18,Giải ba,284,5
00459,2022-05-18,Giải ba,032,6
00459,2022-05-18,Giải ba,752,7
00459,2022-05-18,Giải Đặc biệt,944,0
00459,2022-05-18,Giải Đặc biệt,167,1
00459,2022-05-18,Giải Nhất,903,0
00459,2022-05-18,Giải Nhất,870,1
00459,2022-05-18,Giải Nhất,970,2
00459,2022-05-18,Giải Nhất,779,3
00459,2022-05-18,Giải Nhì,242,0
00459,2022-05-18,Giải Nhì,346,1
00459,2022-05-18,Giải Nhì,610,2
00459,2022-05-18,Giải Nhì,023,3
00459,2022-05-18,Giải Nhì,455,4
00459,2022-05-18,Giải Nhì,884,5
00458,2022-05-16,Giải ba,311,0
00458,2022-05-16,Giải ba,681,1
00458,2022-05-16,Giải ba,053,2
00458,2022-05-16,Giải ba,081,3
00458,2022-05-16,Giải ba,167,4
00458,2022-05-16,Giải ba,461,5
00458,2022-05-16,Giải ba,956,6
00458,2022-05-16,Giải ba,787,7
00458,2022-05-16,Giải Đặc biệt,299,0
00458,2022-05-16,Giải Đặc biệt,174,1
00458,2022-05-16,Giải Nhất,809,0
00458,2022-05-16,Giải Nhất,797,1
00458,2022-05-16,Giải Nhất,158,2
00458,2022-05-16,Giải Nhất,941,3
00458,2022-05-16,Giải Nhì,340,0
00458,2022-05-16,Giải Nhì,684,1
00458,2022-05-16,Giải Nhì,866,2
00458,2022-05-16,Giải Nhì,978,3
00458,2022-05-16,Giải Nhì,874,4
00458,2022-05-16,Giải Nhì,476,5
00457,2022-05-13,Giải ba,815,0
00457,2022-05-13,Giải ba,758,1
00457,2022-05-13,Giải ba,334,2
00457,2022-05-13,Giải ba,711,3
00457,2022-05-13,Giải ba,510,4
00457,2022-05-13,Giải ba,417,5
00457,2022-05-13,Giải ba,616,6
00457,2022-05-13,Giải ba,202,7
00457,2022-05-13,Giải Đặc biệt,838,0
00457,2022-05-13,Giải Đặc biệt,832,1
00457,2022-05-13,Giải Nhất,654,0
00457,2022-05-13,Giải Nhất,428,1
00457,2022-05-13,Giải Nhất,162,2
00457,2022-05-13,Giải Nhất,146,3
00457,2022-05-13,Giải Nhì,686,0
00457,2022-05-13,Giải Nhì,061,1
00457,2022-05-13,Giải Nhì,883,2
00457,2022-05-13,Giải Nhì,432,3
00457,2022-05-13,Giải Nhì,139,4
00457,2022-05-13,Giải Nhì,126,5
00456,2022-05-11,Giải ba,849,0
00456,2022-05-11,Giải ba,655,1
00456,2022-05-11,Giải ba,253,2
00456,2022-05-11,Giải ba,347,3
00456,2022-05-11,Giải ba,931,4
00456,2022-05-11,Giải ba,328,5
00456,2022-05-11,Giải ba,732,6
00456,2022-05-11,Giải ba,840,7
00456,2022-05-11,Giải Đặc biệt,961,0
00456,2022-05-11,Giải Đặc biệt,929,1
00456,2022-05-11,Giải Nhất,405,0
00456,2022-05-11,Giải Nhất,217,1
00456,2022-05-11,Giải Nhất,730,2
00456,2022-05-11,Giải Nhất,898,3
00456,2022-05-11,Giải Nhì,705,0
00456,2022-05-11,Giải Nhì,865,1
00456,2022-05-11,Giải Nhì,251,2
00456,2022-05-11,Giải Nhì,629,3
00456,2022-05-11,Giải Nhì,704,4
00456,2022-05-11,Giải Nhì,787,5
00455,2022-05-09,Giải ba,181,0
00455,2022-05-09,Giải ba,600,1
00455,2022-05-09,Giải ba,743,2
00455,2022-05-09,Giải ba,463,3
00455,2022-05-09,Giải ba,618,4
00455,2022-05-09,Giải ba,720,5
00455,2022-05-09,Giải ba,202,6
00455,2022-05-09,Giải ba,743,7
00455,2022-05-09,Giải Đặc biệt,519,0
00455,2022-05-09,Giải Đặc biệt,557,1
00455,2022-05-09,Giải Nhất,377,0
00455,2022-05-09,Giải Nhất,905,1
00455,2022-05-09,Giải Nhất,345,2
00455,2022-05-09,Giải Nhất,947,3
00455,2022-05-09,Giải Nhì,671,0
00455,2022-05-09,Giải Nhì,335,1
00455,2022-05-09,Giải Nhì,425,2
00455,2022-05-09,Giải Nhì,811,3
00455,2022-05-09,Giải Nhì,533,4
00455,2022-05-09,Giải Nhì,530,5
00454,2022-05-06,Giải ba,068,0
00454,2022-05-06,Giải ba,360,1
00454,2022-05-06,Giải ba,566,2
00454,2022-05-06,Giải ba,124,3
00454,2022-05-06,Giải ba,433,4
00454,2022-05-06,Giải ba,565,5
00454,2022-05-06,Giải ba,841,6
00454,2022-05-06,Giải ba,065,7
00454,2022-05-06,Giải Đặc biệt,759,0
00454,2022-05-06,Giải Đặc biệt,209,1
00454,2022-05-06,Giải Nhất,491,0
00454,2022-05-06,Giải Nhất,386,1
00454,2022-05-06,Giải Nhất,443,2
00454,2022-05-06,Giải Nhất,352,3
00454,2022-05-06,Giải Nhì,261,0
00454,2022-05-06,Giải Nhì,856,1
00454,2022-05-06,Giải Nhì,656,2
00454,2022-05-06,Giải Nhì,474,3
00454,2022-05-06,Giải Nhì,279,4
00454,2022-05-06,Giải Nhì,393,5
00453,2022-05-04,Giải ba,454,0
00453,2022-05-04,Giải ba,728,1
00453,2022-05-04,Giải ba,994,2
00453,2022-05-04,Giải ba,752,3
00453,2022-05-04,Giải ba,273,4
00453,2022-05-04,Giải ba,547,5
00453,2022-05-04,Giải ba,654,6
00453,2022-05-04,Giải ba,617,7
00453,2022-05-04,Giải Đặc biệt,514,0
00453,2022-05-04,Giải Đặc biệt,848,1
00453,2022-05-04,Giải Nhất,963,0
00453,2022-05-04,Giải Nhất,474,1
00453,2022-05-04,Giải Nhất,287,2
00453,2022-05-04,Giải Nhất,795,3
00453,2022-05-04,Giải Nhì,489,0
00453,2022-05-04,Giải Nhì,054,1
00453,2022-05-04,Giải Nhì,512,2
00453,2022-05-04,Giải Nhì,765,3
00453,2022-05-04,Giải Nhì,279,4
00453,2022-05-04,Giải Nhì,362,5
00452,2022-05-02,Giải ba,553,0
00452,2022-05-02,Giải ba,252,1
00452,2022-05-02,Giải ba,409,2
00452,2022-05-02,Giải ba,677,3
00452,2022-05-02,Giải ba,973,4
00452,2022-05-02,Giải ba,977,5
00452,2022-05-02,Giải ba,173,6
00452,2022-05-02,Giải ba,855,7
00452,2022-05-02,Giải Đặc biệt,324,0
00452,2022-05-02,Giải Đặc biệt,859,1
00452,2022-05-02,Giải Nhất,674,0
00452,2022-05-02,Giải Nhất,177,1
00452,2022-05-02,Giải Nhất,337,2
00452,2022-05-02,Giải Nhất,174,3
00452,2022-05-02,Giải Nhì,581,0
00452,2022-05-02,Giải Nhì,125,1
00452,2022-05-02,Giải Nhì,397,2
00452,2022-05-02,Giải Nhì,660,3
00452,2022-05-02,Giải Nhì,669,4
00452,2022-05-02,Giải Nhì,605,5
00451,2022-04-29,Giải ba,256,0
00451,2022-04-29,Giải ba,057,1
00451,2022-04-29,Giải ba,351,2
00451,2022-04-29,Giải ba,370,3
00451,2022-04-29,Giải ba,972,4
00451,2022-04-29,Giải ba,242,5
00451,2022-04-29,Giải ba,479,6
00451,2022-04-29,Giải ba,108,7
00451,2022-04-29,Giải Đặc biệt,617,0
00451,2022-04-29,Giải Đặc biệt,377,1
00451,2022-04-29,Giải Nhất,041,0
00451,2022-04-29,Giải Nhất,995,1
00451,2022-04-29,Giải Nhất,258,2
00451,2022-04-29,Giải Nhất,614,3
00451,2022-04-29,Giải Nhì,322,0
00451,2022-04-29,Giải Nhì,031,1
00451,2022-04-29,Giải Nhì,480,2
00451,2022-04-29,Giải Nhì,802,3
00451,2022-04-29,Giải Nhì,417,4
00451,2022-04-29,Giải Nhì,768,5
00450,2022-04-27,Giải ba,049,0
00450,2022-04-27,Giải ba,868,1
00450,2022-04-27,Giải ba,375,2
00450,2022-04-27,Giải ba,204,3
00450,2022-04-27,Giải ba,000,4
00450,2022-04-27,Giải ba,984,5
00450,2022-04-27,Giải ba,850,6
00450,2022-04-27,Giải ba,080,7
00450,2022-04-27,Giải Đặc biệt,145,0
00450,2022-04-27,Giải Đặc biệt,303,1
00450,2022-04-27,Giải Nhất,021,0
00450,2022-04-27,Giải Nhất,771,1
00450,2022-04-27,Giải Nhất,587,2
00450,2022-04-27,Giải Nhất,013,3
00450,2022-04-27,Giải Nhì,538,0
00450,2022-04-27,Giải Nhì,322,1
00450,2022-04-27,Giải Nhì,507,2
00450,2022-04-27,Giải Nhì,985,3
00450,2022-04-27,Giải Nhì,516,4
00450,2022-04-27,Giải Nhì,371,5
00449,2022-04-25,Giải ba,059,0
00449,2022-04-25,Giải ba,380,1
00449,2022-04-25,Giải ba,055,2
00449,2022-04-25,Giải ba,804,3
00449,2022-04-25,Giải ba,533,4
00449,2022-04-25,Giải ba,811,5
00449,2022-04-25,Giải ba,435,6
00449,2022-04-25,Giải ba,865,7
00449,2022-04-25,Giải Đặc biệt,741,0
00449,2022-04-25,Giải Đặc biệt,681,1
00449,2022-04-25,Giải Nhất,583,0
00449,2022-04-25,Giải Nhất,187,1
00449,2022-04-25,Giải Nhất,463,2
00449,2022-04-25,Giải Nhất,121,3
00449,2022-04-25,Giải Nhì,172,0
00449,2022-04-25,Giải Nhì,165,1
00449,2022-04-25,Giải Nhì,033,2
00449,2022-04-25,Giải Nhì,390,3
00449,2022-04-25,Giải Nhì,330,4
00449,2022-04-25,Giải Nhì,836,5
00448,2022-04-22,Giải ba,519,0
00448,2022-04-22,Giải ba,496,1
00448,2022-04-22,Giải ba,315,2
00448,2022-04-22,Giải ba,239,3
00448,2022-04-22,Giải ba,124,4
00448,2022-04-22,Giải ba,579,5
00448,2022-04-22,Giải ba,859,6
00448,2022-04-22,Giải ba,189,7
00448,2022-04-22,Giải Đặc biệt,751,0
00448,2022-04-22,Giải Đặc biệt,486,1
00448,2022-04-22,Giải Nhất,881,0
00448,2022-04-22,Giải Nhất,505,1
00448,2022-04-22,Giải Nhất,332,2
00448,2022-04-22,Giải Nhất,620,3
00448,2022-04-22,Giải Nhì,078,0
00448,2022-04-22,Giải Nhì,520,1
00448,2022-04-22,Giải Nhì,020,2
00448,2022-04-22,Giải Nhì,469,3
00448,2022-04-22,Giải Nhì,141,4
00448,2022-04-22,Giải Nhì,645,5
00447,2022-04-20,Giải ba,065,0
00447,2022-04-20,Giải ba,582,1
00447,2022-04-20,Giải ba,630,2
00447,2022-04-20,Giải ba,947,3
00447,2022-04-20,Giải ba,241,4
00447,2022-04-20,Giải ba,564,5
00447,2022-04-20,Giải ba,663,6
00447,2022-04-20,Giải ba,001,7
00447,2022-04-20,Giải Đặc biệt,267,0
00447,2022-04-20,Giải Đặc biệt,008,1
00447,2022-04-20,Giải Nhất,291,0
00447,2022-04-20,Giải Nhất,915,1
00447,2022-04-20,Giải Nhất,835,2
00447,2022-04-20,Giải Nhất,189,3
00447,2022-04-20,Giải Nhì,919,0
00447,2022-04-20,Giải Nhì,024,1
00447,2022-04-20,Giải Nhì,259,2
00447,2022-04-20,Giải Nhì,655,3
00447,2022-04-20,Giải Nhì,742,4
00447,2022-04-20,Giải Nhì,214,5
00446,2022-04-18,Giải ba,790,0
00446,2022-04-18,Giải ba,937,1
00446,2022-04-18,Giải ba,833,2
00446,2022-04-18,Giải ba,742,3
00446,2022-04-18,Giải ba,781,4
00446,2022-04-18,Giải ba,458,5
00446,2022-04-18,Giải ba,871,6
00446,2022-04-18,Giải ba,110,7
00446,2022-04-18,Giải Đặc biệt,138,0
00446,2022-04-18,Giải Đặc biệt,249,1
00446,2022-04-18,Giải Nhất,640,0
00446,2022-04-18,Giải Nhất,104,1
00446,2022-04-18,Giải Nhất,605,2
00446,2022-04-18,Giải Nhất,825,3
00446,2022-04-18,Giải Nhì,177,0
00446,2022-04-18,Giải Nhì,604,1
00446,2022-04-18,Giải Nhì,816,2
00446,2022-04-18,Giải Nhì,976,3
00446,2022-04-18,Giải Nhì,898,4
00446,2022-04-18,Giải Nhì,477,5
00445,2022-04-15,Giải ba,257,0
00445,2022-04-15,Giải ba,247,1
00445,2022-04-15,Giải ba,995,2
00445,2022-04-15,Giải ba,194,3
00445,2022-04-15,Giải ba,273,4
00445,2022-04-15,Giải ba,619,5
00445,2022-04-15,Giải ba,027,6
00445,2022-04-15,Giải ba,048,7
00445,2022-04-15,Giải Đặc biệt,070,0
00445,2022-04-15,Giải Đặc biệt,033,1
00445,2022-04-15,Giải Nhất,542,0
00445,2022-04-15,Giải Nhất,778,1
00445,2022-04-15,Giải Nhất,225,2
00445,2022-04-15,Giải Nhất,215,3
00445,2022-04-15,Giải Nhì,395,0
00445,2022-04-15,Giải Nhì,742,1
00445,2022-04-15,Giải Nhì,061,2
00445,2022-04-15,Giải Nhì,728,3
00445,2022-04-15,Giải Nhì,066,4
00445,2022-04-15,Giải Nhì,032,5
00444,2022-04-13,Giải ba,313,0
00444,2022-04-13,Giải ba,054,1
00444,2022-04-13,Giải ba,571,2
00444,2022-04-13,Giải ba,647,3
00444,2022-04-13,Giải ba,899,4
00444,2022-04-13,Giải ba,702,5
00444,2022-04-13,Giải ba,667,6
00444,2022-04-13,Giải ba,833,7
00444,2022-04-13,Giải Đặc biệt,140,0
00444,2022-04-13,Giải Đặc biệt,832,1
00444,2022-04-13,Giải Nhất,811,0
00444,2022-04-13,Giải Nhất,241,1
00444,2022-04-13,Giải Nhất,800,2
00444,2022-04-13,Giải Nhất,720,3
00444,2022-04-13,Giải Nhì,175,0
00444,2022-04-13,Giải Nhì,414,1
00444,2022-04-13,Giải Nhì,607,2
00444,2022-04-13,Giải Nhì,444,3
00444,2022-04-13,Giải Nhì,446,4
00444,2022-04-13,Giải Nhì,736,5
00443,2022-04-11,Giải ba,903,0
00443,2022-04-11,Giải ba,122,1
00443,2022-04-11,Giải ba,599,2
00443,2022-04-11,Giải ba,915,3
00443,2022-04-11,Giải ba,354,4
00443,2022-04-11,Giải ba,940,5
00443,2022-04-11,Giải ba,415,6
00443,2022-04-11,Giải ba,000,7
00443,2022-04-11,Giải Đặc biệt,447,0
00443,2022-04-11,Giải Đặc biệt,216,1
00443,2022-04-11,Giải Nhất,047,0
00443,2022-04-11,Giải Nhất,590,1
00443,2022-04-11,Giải Nhất,302,2
00443,2022-04-11,Giải Nhất,883,3
00443,2022-04-11,Giải Nhì,382,0
00443,2022-04-11,Giải Nhì,978,1
00443,2022-04-11,Giải Nhì,253,2
00443,2022-04-11,Giải Nhì,700,3
00443,2022-04-11,Giải Nhì,697,4
00443,2022-04-11,Giải Nhì,006,5
00442,2022-04-08,Giải ba,272,0
00442,2022-04-08,Giải ba,466,1
00442,2022-04-08,Giải ba,032,2
00442,2022-04-08,Giải ba,272,3
00442,2022-04-08,Giải ba,772,4
00442,2022-04-08,Giải ba,653,5
00442,2022-04-08,Giải ba,243,6
00442,2022-04-08,Giải ba,107,7
00442,2022-04-08,Giải Đặc biệt,387,0
00442,2022-04-08,Giải Đặc biệt,413,1
00442,2022-04-08,Giải Nhất,879,0
00442,2022-04-08,Giải Nhất,275,1
00442,2022-04-08,Giải Nhất,732,2
00442,2022-04-08,Giải Nhất,309,3
00442,2022-04-08,Giải Nhì,309,0
00442,2022-04-08,Giải Nhì,134,1
00442,2022-04-08,Giải Nhì,475,2
00442,2022-04-08,Giải Nhì,200,3
00442,2022-04-08,Giải Nhì,204,4
00442,2022-04-08,Giải Nhì,280,5
00441,2022-04-06,Giải ba,043,0
00441,2022-04-06,Giải ba,154,1
00441,2022-04-06,Giải ba,893,2
00441,2022-04-06,Giải ba,597,3
00441,2022-04-06,Giải ba,183,4
00441,2022-04-06,Giải ba,260,5
00441,2022-04-06,Giải ba,246,6
00441,2022-04-06,Giải ba,174,7
00441,2022-04-06,Giải Đặc biệt,962,0
00441,2022-04-06,Giải Đặc biệt,735,1
00441,2022-04-06,Giải Nhất,366,0
00441,2022-04-06,Giải Nhất,814,1
00441,2022-04-06,Giải Nhất,476,2
00441,2022-04-06,Giải Nhất,150,3
00441,2022-04-06,Giải Nhì,588,0
00441,2022-04-06,Giải Nhì,601,1
00441,2022-04-06,Giải Nhì,940,2
00441,2022-04-06,Giải Nhì,234,3
00441,2022-04-06,Giải Nhì,188,4
00441,2022-04-06,Giải Nhì,568,5
00440,2022-04-04,Giải ba,907,0
00440,2022-04-04,Giải ba,976,1
00440,2022-04-04,Giải ba,826,2
00440,2022-04-04,Giải ba,542,3
00440,2022-04-04,Giải ba,249,4
00440,2022-04-04,Giải ba,645,5
00440,2022-04-04,Giải ba,727,6
00440,2022-04-04,Giải ba,793,7
00440,2022-04-04,Giải Đặc biệt,225,0
00440,2022-04-04,Giải Đặc biệt,144,1
00440,2022-04-04,Giải Nhất,110,0
00440,2022-04-04,Giải Nhất,946,1
00440,2022-04-04,Giải Nhất,847,2
00440,2022-04-04,Giải Nhất,334,3
00440,2022-04-04,Giải Nhì,781,0
00440,2022-04-04,Giải Nhì,781,1
00440,2022-04-04,Giải Nhì,095,2
00440,2022-04-04,Giải Nhì,742,3
00440,2022-04-04,Giải Nhì,449,4
00440,2022-04-04,Giải Nhì,687,5
00439,2022-04-01,Giải ba,061,0
00439,2022-04-01,Giải ba,466,1
00439,2022-04-01,Giải ba,864,2
00439,2022-04-01,Giải ba,641,3
00439,2022-04-01,Giải ba,135,4
00439,2022-04-01,Giải ba,992,5
00439,2022-04-01,Giải ba,615,6
00439,2022-04-01,Giải ba,233,7
00439,2022-04-01,Giải Đặc biệt,427,0
00439,2022-04-01,Giải Đặc biệt,880,1
00439,2022-04-01,Giải Nhất,132,0
00439,2022-04-01,Giải Nhất,532,1
00439,2022-04-01,Giải Nhất,792,2
00439,2022-04-01,Giải Nhất,597,3
00439,2022-04-01,Giải Nhì,253,0
00439,2022-04-01,Giải Nhì,714,1
00439,2022-04-01,Giải Nhì,211,2
00439,2022-04-01,Giải Nhì,837,3
00439,2022-04-01,Giải Nhì,440,4
00439,2022-04-01,Giải Nhì,875,5
00438,2022-03-30,Giải ba,967,0
00438,2022-03-30,Giải ba,154,1
00438,2022-03-30,Giải ba,266,2
00438,2022-03-30,Giải ba,751,3
00438,2022-03-30,Giải ba,304,4
00438,2022-03-30,Giải ba,475,5
00438,2022-03-30,Giải ba,328,6
00438,2022-03-30,Giải ba,235,7
00438,2022-03-30,Giải Đặc biệt,455,0
00438,2022-03-30,Giải Đặc biệt,224,1
00438,2022-03-30,Giải Nhất,062,0
00438,2022-03-30,Giải Nhất,605,1
00438,2022-03-30,Giải Nhất,860,2
00438,2022-03-30,Giải Nhất,763,3
00438,2022-03-30,Giải Nhì,150,0
00438,2022-03-30,Giải Nhì,012,1
00438,2022-03-30,Giải Nhì,872,2
00438,2022-03-30,Giải Nhì,159,3
00438,2022-03-30,Giải Nhì,927,4
00438,2022-03-30,Giải Nhì,246,5
00437,2022-03-28,Giải ba,559,0
00437,2022-03-28,Giải ba,190,1
00437,2022-03-28,Giải ba,453,2
00437,2022-03-28,Giải ba,914,3
00437,2022-03-28,Giải ba,690,4
00437,2022-03-28,Giải ba,766,5
00437,2022-03-28,Giải ba,515,6
00437,2022-03-28,Giải ba,215,7
00437,2022-03-28,Giải Đặc biệt,246,0
00437,2022-03-28,Giải Đặc biệt,261,1
00437,2022-03-28,Giải Nhất,712,0
00437,2022-03-28,Giải Nhất,034,1
00437,2022-03-28,Giải Nhất,530,2
00437,2022-03-28,Giải Nhất,200,3
00437,2022-03-28,Giải Nhì,734,0
00437,2022-03-28,Giải Nhì,045,1
00437,2022-03-28,Giải Nhì,802,2
00437,2022-03-28,Giải Nhì,925,3
00437,2022-03-28,Giải Nhì,676,4
00437,2022-03-28,Giải Nhì,980,5
00436,2022-03-25,Giải ba,233,0
00436,2022-03-25,Giải ba,822,1
00436,2022-03-25,Giải ba,976,2
00436,2022-03-25,Giải ba,881,3
00436,2022-03-25,Giải ba,469,4
00436,2022-03-25,Giải ba,171,5
00436,2022-03-25,Giải ba,099,6
00436,2022-03-25,Giải ba,512,7
00436,2022-03-25,Giải Đặc biệt,621,0
00436,2022-03-25,Giải Đặc biệt,377,1
00436,2022-03-25,Giải Nhất,255,0
00436,2022-03-25,Giải Nhất,029,1
00436,2022-03-25,Giải Nhất,474,2
00436,2022-03-25,Giải Nhất,664,3
00436,2022-03-25,Giải Nhì,492,0
00436,2022-03-25,Giải Nhì,582,1
00436,2022-03-25,Giải Nhì,942,2
00436,2022-03-25,Giải Nhì,938,3
00436,2022-03-25,Giải Nhì,164,4
00436,2022-03-25,Giải Nhì,201,5
00435,2022-03-23,Giải ba,271,0
00435,2022-03-23,Giải ba,257,1
00435,2022-03-23,Giải ba,128,2
00435,2022-03-23,Giải ba,115,3
00435,2022-03-23,Giải ba,530,4
00435,2022-03-23,Giải ba,120,5
00435,2022-03-23,Giải ba,177,6
00435,2022-03-23,Giải ba,964,7
00435,2022-03-23,Giải Đặc biệt,040,0
00435,2022-03-23,Giải Đặc biệt,144,1
00435,2022-03-23,Giải Nhất,152,0
00435,2022-03-23,Giải Nhất,713,1
00435,2022-03-23,Giải Nhất,021,2
00435,2022-03-23,Giải Nhất,287,3
00435,2022-03-23,Giải Nhì,778,0
00435,2022-03-23,Giải Nhì,207,1
00435,2022-03-23,Giải Nhì,685,2
00435,2022-03-23,Giải Nhì,011,3
00435,2022-03-23,Giải Nhì,657,4
00435,2022-03-23,Giải Nhì,047,5
00434,2022-03-21,Giải ba,267,0
00434,2022-03-21,Giải ba,360,1
00434,2022-03-21,Giải ba,171,2
00434,2022-03-21,Giải ba,119,3
00434,2022-03-21,Giải ba,886,4
00434,2022-03-21,Giải ba,585,5
00434,2022-03-21,Giải ba,422,6
00434,2022-03-21,Giải ba,390,7
00434,2022-03-21,Giải Đặc biệt,863,0
00434,2022-03-21,Giải Đặc biệt,713,1
00434,2022-03-21,Giải Nhất,963,0
00434,2022-03-21,Giải Nhất,816,1
00434,2022-03-21,Giải Nhất,880,2
00434,2022-03-21,Giải Nhất,040,3
00434,2022-03-21,Giải Nhì,815,0
00434,2022-03-21,Giải Nhì,094,1
00434,2022-03-21,Giải Nhì,582,2
00434,2022-03-21,Giải Nhì,093,3
00434,2022-03-21,Giải Nhì,601,4
00434,2022-03-21,Giải Nhì,758,5
00433,2022-03-18,Giải ba,108,0
00433,2022-03-18,Giải ba,185,1
00433,2022-03-18,Giải ba,339,2
00433,2022-03-18,Giải ba,727,3
00433,2022-03-18,Giải ba,349,4
00433,2022-03-18,Giải ba,822,5
00433,2022-03-18,Giải ba,459,6
00433,2022-03-18,Giải ba,253,7
00433,2022-03-18,Giải Đặc biệt,184,0
00433,2022-03-18,Giải Đặc biệt,379,1
00433,2022-03-18,Giải Nhất,795,0
00433,2022-03-18,Giải Nhất,508,1
00433,2022-03-18,Giải Nhất,662,2
00433,2022-03-18,Giải Nhất,169,3
00433,2022-03-18,Giải Nhì,121,0
00433,2022-03-18,Giải Nhì,850,1
00433,2022-03-18,Giải Nhì,853,2
00433,2022-03-18,Giải Nhì,049,3
00433,2022-03-18,Giải Nhì,734,4
00433,2022-03-18,Giải Nhì,958,5
00432,2022-03-16,Giải ba,369,0
00432,2022-03-16,Giải ba,907,1
00432,2022-03-16,Giải ba,874,2
00432,2022-03-16,Giải ba,111,3
00432,2022-03-16,Giải ba,680,4
00432,2022-03-16,Giải ba,421,5
00432,2022-03-16,Giải ba,447,6
00432,2022-03-16,Giải ba,770,7
00432,2022-03-16,Giải Đặc biệt,945,0
00432,2022-03-16,Giải Đặc biệt,880,1
00432,2022-03-16,Giải Nhất,580,0
00432,2022-03-16,Giải Nhất,407,1
00432,2022-03-16,Giải Nhất,063,2
00432,2022-03-16,Giải Nhất,569,3
00432,2022-03-16,Giải Nhì,386,0
00432,2022-03-16,Giải Nhì,425,1
00432,2022-03-16,Giải Nhì,534,2
00432,2022-03-16,Giải Nhì,592,3
00432,2022-03-16,Giải Nhì,808,4
00432,2022-03-16,Giải Nhì,146,5
00431,2022-03-14,Giải ba,642,0
00431,2022-03-14,Giải ba,036,1
00431,2022-03-14,Giải ba,447,2
00431,2022-03-14,Giải ba,712,3
00431,2022-03-14,Giải ba,855,4
00431,2022-03-14,Giải ba,270,5
00431,2022-03-14,Giải ba,252,6
00431,2022-03-14,Giải ba,278,7
00431,2022-03-14,Giải Đặc biệt,679,0
00431,2022-03-14,Giải Đặc biệt,113,1
00431,2022-03-14,Giải Nhất,422,0
00431,2022-03-14,Giải Nhất,585,1
00431,2022-03-14,Giải Nhất,998,2
00431,2022-03-14,Giải Nhất,980,3
00431,2022-03-14,Giải Nhì,272,0
00431,2022-03-14,Giải Nhì,577,1
00431,2022-03-14,Giải Nhì,477,2
00431,2022-03-14,Giải Nhì,904,3
00431,2022-03-14,Giải Nhì,281,4
00431,2022-03-14,Giải Nhì,475,5
00430,2022-03-11,Giải ba,687,0
00430,2022-03-11,Giải ba,396,1
00430,2022-03-11,Giải ba,271,2
00430,2022-03-11,Giải ba,430,3
00430,2022-03-11,Giải ba,526,4
00430,2022-03-11,Giải ba,405,5
00430,2022-03-11,Giải ba,559,6
00430,2022-03-11,Giải ba,452,7
00430,2022-03-11,Giải Đặc biệt,150,0
00430,2022-03-11,Giải Đặc biệt,674,1
00430,2022-03-11,Giải Nhất,558,0
00430,2022-03-11,Giải Nhất,605,1
00430,2022-03-11,Giải Nhất,918,2
00430,2022-03-11,Giải Nhất,837,3
00430,2022-03-11,Giải Nhì,001,0
00430,2022-03-11,Giải Nhì,647,1
00430,2022-03-11,Giải Nhì,681,2
00430,2022-03-11,Giải Nhì,628,3
00430,2022-03-11,Giải Nhì,206,4
00430,2022-03-11,Giải Nhì,763,5
00429,2022-03-09,Giải ba,618,0
00429,2022-03-09,Giải ba,590,1
00429,2022-03-09,Giải ba,101,2
00429,2022-03-09,Giải ba,352,3
00429,2022-03-09,Giải ba,411,4
00429,2022-03-09,Giải ba,432,5
00429,2022-03-09,Giải ba,528,6
00429,2022-03-09,Giải ba,036,7
00429,2022-03-09,Giải Đặc biệt,255,0
00429,2022-03-09,Giải Đặc biệt,253,1
00429,2022-03-09,Giải Nhất,326,0
00429,2022-03-09,Giải Nhất,470,1
00429,2022-03-09,Giải Nhất,230,2
00429,2022-03-09,Giải Nhất,250,3
00429,2022-03-09,Giải Nhì,976,0
00429,2022-03-09,Giải Nhì,965,1
00429,2022-03-09,Giải Nhì,305,2
00429,2022-03-09,Giải Nhì,163,3
00429,2022-03-09,Giải Nhì,319,4
00429,2022-03-09,Giải Nhì,069,5
00428,2022-03-07,Giải ba,499,0
00428,2022-03-07,Giải ba,913,1
00428,2022-03-07,Giải ba,340,2
00428,2022-03-07,Giải ba,154,3
00428,2022-03-07,Giải ba,557,4
00428,2022-03-07,Giải ba,829,5
00428,2022-03-07,Giải ba,785,6
00428,2022-03-07,Giải ba,038,7
00428,2022-03-07,Giải Đặc biệt,187,0
00428,2022-03-07,Giải Đặc biệt,516,1
00428,2022-03-07,Giải Nhất,060,0
00428,2022-03-07,Giải Nhất,163,1
00428,2022-03-07,Giải Nhất,734,2
00428,2022-03-07,Giải Nhất,710,3
00428,2022-03-07,Giải Nhì,005,0
00428,2022-03-07,Giải Nhì,868,1
00428,2022-03-07,Giải Nhì,023,2
00428,2022-03-07,Giải Nhì,490,3
00428,2022-03-07,Giải Nhì,473,4
00428,2022-03-07,Giải Nhì,947,5
00427,2022-03-04,Giải ba,440,0
00427,2022-03-04,Giải ba,898,1
00427,2022-03-04,Giải ba,940,2
00427,2022-03-04,Giải ba,834,3
00427,2022-03-04,Giải ba,750,4
00427,2022-03-04,Giải ba,651,5
00427,2022-03-04,Giải ba,508,6
00427,2022-03-04,Giải ba,938,7
00427,2022-03-04,Giải Đặc biệt,480,0
00427,2022-03-04,Giải Đặc biệt,477,1
00427,2022-03-04,Giải Nhất,342,0
00427,2022-03-04,Giải Nhất,578,1
00427,2022-03-04,Giải Nhất,110,2
00427,2022-03-04,Giải Nhất,476,3
00427,2022-03-04,Giải Nhì,807,0
00427,2022-03-04,Giải Nhì,798,1
00427,2022-03-04,Giải Nhì,065,2
00427,2022-03-04,Giải Nhì,644,3
00427,2022-03-04,Giải Nhì,338,4
00427,2022-03-04,Giải Nhì,734,5
00426,2022-03-02,Giải ba,475,0
00426,2022-03-02,Giải ba,306,1
00426,2022-03-02,Giải ba,288,2
00426,2022-03-02,Giải ba,526,3
00426,2022-03-02,Giải ba,753,4
00426,2022-03-02,Giải ba,226,5
00426,2022-03-02,Giải ba,870,6
00426,2022-03-02,Giải ba,838,7
00426,2022-03-02,Giải Đặc biệt,238,0
00426,2022-03-02,Giải Đặc biệt,327,1
00426,2022-03-02,Giải Nhất,892,0
00426,2022-03-02,Giải Nhất,084,1
00426,2022-03-02,Giải Nhất,539,2
00426,2022-03-02,Giải Nhất,501,3
00426,2022-03-02,Giải Nhì,769,0
00426,2022-03-02,Giải Nhì,773,1
00426,2022-03-02,Giải Nhì,964,2
00426,2022-03-02,Giải Nhì,235,3
00426,2022-03-02,Giải Nhì,056,4
00426,2022-03-02,Giải Nhì,805,5
00425,2022-02-28,Giải ba,382,0
00425,2022-02-28,Giải ba,675,1
00425,2022-02-28,Giải ba,291,2
00425,2022-02-28,Giải ba,174,3
00425,2022-02-28,Giải ba,589,4
00425,2022-02-28,Giải ba,667,5
00425,2022-02-28,Giải ba,760,6
00425,2022-02-28,Giải ba,011,7
00425,2022-02-28,Giải Đặc biệt,291,0
00425,2022-02-28,Giải Đặc biệt,707,1
00425,2022-02-28,Giải Nhất,625,0
00425,2022-02-28,Giải Nhất,567,1
00425,2022-02-28,Giải Nhất,790,2
00425,2022-02-28,Giải Nhất,410,3
00425,2022-02-28,Giải Nhì,288,0
00425,2022-02-28,Giải Nhì,046,1
00425,2022-02-28,Giải Nhì,047,2
00425,2022-02-28,Giải Nhì,939,3
00425,2022-02-28,Giải Nhì,297,4
00425,2022-02-28,Giải Nhì,672,5
00424,2022-02-25,Giải ba,950,0
00424,2022-02-25,Giải ba,218,1
00424,2022-02-25,Giải ba,384,2
00424,2022-02-25,Giải ba,231,3
00424,2022-02-25,Giải ba,770,4
00424,2022-02-25,Giải ba,117,5
00424,2022-02-25,Giải ba,490,6
00424,2022-02-25,Giải ba,898,7
00424,2022-02-25,Giải Đặc biệt,891,0
00424,2022-02-25,Giải Đặc biệt,037,1
00424,2022-02-25,Giải Nhất,389,0
00424,2022-02-25,Giải Nhất,112,1
00424,2022-02-25,Giải Nhất,353,2
00424,2022-02-25,Giải Nhất,611,3
00424,2022-02-25,Giải Nhì,495,0
00424,2022-02-25,Giải Nhì,950,1
00424,2022-02-25,Giải Nhì,880,2
00424,2022-02-25,Giải Nhì,734,3
00424,2022-02-25,Giải Nhì,491,4
00424,2022-02-25,Giải Nhì,109,5
00423,2022-02-23,Giải ba,275,0
00423,2022-02-23,Giải ba,543,1
00423,2022-02-23,Giải ba,701,2
00423,2022-02-23,Giải ba,331,3
00423,2022-02-23,Giải ba,876,4
00423,2022-02-23,Giải ba,692,5
00423,2022-02-23,Giải ba,433,6
00423,2022-02-23,Giải ba,325,7
00423,2022-02-23,Giải Đặc biệt,897,0
00423,2022-02-23,Giải Đặc biệt,069,1
00423,2022-02-23,Giải Nhất,180,0
00423,2022-02-23,Giải Nhất,600,1
00423,2022-02-23,Giải Nhất,493,2
00423,2022-02-23,Giải Nhất,515,3
00423,2022-02-23,Giải Nhì,446,0
00423,2022-02-23,Giải Nhì,667,1
00423,2022-02-23,Giải Nhì,207,2
00423,2022-02-23,Giải Nhì,688,3
00423,2022-02-23,Giải Nhì,647,4
00423,2022-02-23,Giải Nhì,832,5
00422,2022-02-21,Giải ba,237,0
00422,2022-02-21,Giải ba,250,1
00422,2022-02-21,Giải ba,036,2
00422,2022-02-21,Giải ba,717,3
00422,2022-02-21,Giải ba,620,4
00422,2022-02-21,Giải ba,458,5
00422,2022-02-21,Giải ba,275,6
00422,2022-02-21,Giải ba,256,7
00422,2022-02-21,Giải Đặc biệt,154,0
00422,2022-02-21,Giải Đặc biệt,831,1
00422,2022-02-21,Giải Nhất,831,0
00422,2022-02-21,Giải Nhất,401,1
00422,2022-02-21,Giải Nhất,578,2
00422,2022-02-21,Giải Nhất,450,3
00422,2022-02-21,Giải Nhì,969,0
00422,2022-02-21,Giải Nhì,742,1
00422,2022-02-21,Giải Nhì,830,2
00422,2022-02-21,Giải Nhì,837,3
00422,2022-02-21,Giải Nhì,717,4
00422,2022-02-21,Giải Nhì,108,5
00421,2022-02-18,Giải ba,473,0
00421,2022-02-18,Giải ba,506,1
00421,2022-02-18,Giải ba,424,2
00421,2022-02-18,Giải ba,124,3
00421,2022-02-18,Giải ba,806,4
00421,2022-02-18,Giải ba,401,5
00421,2022-02-18,Giải ba,427,6
00421,2022-02-18,Giải ba,273,7
00421,2022-02-18,Giải Đặc biệt,310,0
00421,2022-02-18,Giải Đặc biệt,491,1
00421,2022-02-18,Giải Nhất,690,0
00421,2022-02-18,Giải Nhất,480,1
00421,2022-02-18,Giải Nhất,459,2
00421,2022-02-18,Giải Nhất,957,3
00421,2022-02-18,Giải Nhì,106,0
00421,2022-02-18,Giải Nhì,898,1
00421,2022-02-18,Giải Nhì,730,2
00421,2022-02-18,Giải Nhì,307,3
00421,2022-02-18,Giải Nhì,256,4
00421,2022-02-18,Giải Nhì,319,5
00420,2022-02-16,Giải ba,519,0
00420,2022-02-16,Giải ba,880,1
00420,2022-02-16,Giải ba,407,2
00420,2022-02-16,Giải ba,484,3
00420,2022-02-16,Giải ba,776,4
00420,2022-02-16,Giải ba,155,5
00420,2022-02-16,Giải ba,365,6
00420,2022-02-16,Giải ba,101,7
00420,2022-02-16,Giải Đặc biệt,630,0
00420,2022-02-16,Giải Đặc biệt,796,1
00420,2022-02-16,Giải Nhất,706,0
00420,2022-02-16,Giải Nhất,492,1
00420,2022-02-16,Giải Nhất,646,2
00420,2022-02-16,Giải Nhất,239,3
00420,2022-02-16,Giải Nhì,384,0
00420,2022-02-16,Giải Nhì,649,1
00420,2022-02-16,Giải Nhì,773,2
00420,2022-02-16,Giải Nhì,479,3
00420,2022-02-16,Giải Nhì,131,4
00420,2022-02-16,Giải Nhì,342,5
00419,2022-02-14,Giải ba,244,0
00419,2022-02-14,Giải ba,991,1
00419,2022-02-14,Giải ba,415,2
00419,2022-02-14,Giải ba,878,3
00419,2022-02-14,Giải ba,300,4
00419,2022-02-14,Giải ba,746,5
00419,2022-02-14,Giải ba,620,6
00419,2022-02-14,Giải ba,229,7
00419,2022-02-14,Giải Đặc biệt,513,0
00419,2022-02-14,Giải Đặc biệt,843,1
00419,2022-02-14,Giải Nhất,510,0
00419,2022-02-14,Giải Nhất,892,1
00419,2022-02-14,Giải Nhất,074,2
00419,2022-02-14,Giải Nhất,604,3
00419,2022-02-14,Giải Nhì,694,0
00419,2022-02-14,Giải Nhì,139,1
00419,2022-02-14,Giải Nhì,446,2
00419,2022-02-14,Giải Nhì,822,3
00419,2022-02-14,Giải Nhì,155,4
00419,2022-02-14,Giải Nhì,746,5
00418,2022-02-11,Giải ba,752,0
00418,2022-02-11,Giải ba,836,1
00418,2022-02-11,Giải ba,450,2
00418,2022-02-11,Giải ba,912,3
00418,2022-02-11,Giải ba,255,4
00418,2022-02-11,Giải ba,662,5
00418,2022-02-11,Giải ba,677,6
00418,2022-02-11,Giải ba,585,7
00418,2022-02-11,Giải Đặc biệt,167,0
00418,2022-02-11,Giải Đặc biệt,077,1
00418,2022-02-11,Giải Nhất,969,0
00418,2022-02-11,Giải Nhất,662,1
00418,2022-02-11,Giải Nhất,452,2
00418,2022-02-11,Giải Nhất,577,3
00418,2022-02-11,Giải Nhì,644,0
00418,2022-02-11,Giải Nhì,745,1
00418,2022-02-11,Giải Nhì,299,2
00418,2022-02-11,Giải Nhì,398,3
00418,2022-02-11,Giải Nhì,534,4
00418,2022-02-11,Giải Nhì,422,5
00417,2022-02-09,Giải ba,614,0
00417,2022-02-09,Giải ba,141,1
00417,2022-02-09,Giải ba,865,2
00417,2022-02-09,Giải ba,280,3
00417,2022-02-09,Giải ba,462,4
00417,2022-02-09,Giải ba,066,5
00417,2022-02-09,Giải ba,824,6
00417,2022-02-09,Giải ba,996,7
00417,2022-02-09,Giải Đặc biệt,073,0
00417,2022-02-09,Giải Đặc biệt,264,1
00417,2022-02-09,Giải Nhất,191,0
00417,2022-02-09,Giải Nhất,570,1
00417,2022-02-09,Giải Nhất,409,2
00417,2022-02-09,Giải Nhất,741,3
00417,2022-02-09,Giải Nhì,396,0
00417,2022-02-09,Giải Nhì,502,1
00417,2022-02-09,Giải Nhì,005,2
00417,2022-02-09,Giải Nhì,313,3
00417,2022-02-09,Giải Nhì,020,4
00417,2022-02-09,Giải Nhì,731,5
00416,2022-02-07,Giải ba,565,0
00416,2022-02-07,Giải ba,288,1
00416,2022-02-07,Giải ba,182,2
00416,2022-02-07,Giải ba,087,3
00416,2022-02-07,Giải ba,788,4
00416,2022-02-07,Giải ba,591,5
00416,2022-02-07,Giải ba,910,6
00416,2022-02-07,Giải ba,692,7
00416,2022-02-07,Giải Đặc biệt,047,0
00416,2022-02-07,Giải Đặc biệt,144,1
00416,2022-02-07,Giải Nhất,607,0
00416,2022-02-07,Giải Nhất,231,1
00416,2022-02-07,Giải Nhất,226,2
00416,2022-02-07,Giải Nhất,889,3
00416,2022-02-07,Giải Nhì,708,0
00416,2022-02-07,Giải Nhì,498,1
00416,2022-02-07,Giải Nhì,224,2
00416,2022-02-07,Giải Nhì,528,3
00416,2022-02-07,Giải Nhì,277,4
00416,2022-02-07,Giải Nhì,965,5
00415,2022-02-04,Giải ba,016,0
00415,2022-02-04,Giải ba,930,1
00415,2022-02-04,Giải ba,421,2
00415,2022-02-04,Giải ba,430,3
00415,2022-02-04,Giải ba,443,4
00415,2022-02-04,Giải ba,699,5
00415,2022-02-04,Giải ba,414,6
00415,2022-02-04,Giải ba,111,7
00415,2022-02-04,Giải Đặc biệt,849,0
00415,2022-02-04,Giải Đặc biệt,440,1
00415,2022-02-04,Giải Nhất,922,0
00415,2022-02-04,Giải Nhất,152,1
00415,2022-02-04,Giải Nhất,592,2
00415,2022-02-04,Giải Nhất,731,3
00415,2022-02-04,Giải Nhì,480,0
00415,2022-02-04,Giải Nhì,319,1
00415,2022-02-04,Giải Nhì,456,2
00415,2022-02-04,Giải Nhì,348,3
00415,2022-02-04,Giải Nhì,331,4
00415,2022-02-04,Giải Nhì,214,5
00414,2022-02-02,Giải ba,299,0
00414,2022-02-02,Giải ba,088,1
00414,2022-02-02,Giải ba,277,2
00414,2022-02-02,Giải ba,593,3
00414,2022-02-02,Giải ba,894,4
00414,2022-02-02,Giải ba,095,5
00414,2022-02-02,Giải ba,575,6
00414,2022-02-02,Giải ba,131,7
00414,2022-02-02,Giải Đặc biệt,501,0
00414,2022-02-02,Giải Đặc biệt,991,1
00414,2022-02-02,Giải Nhất,807,0
00414,2022-02-02,Giải Nhất,896,1
00414,2022-02-02,Giải Nhất,923,2
00414,2022-02-02,Giải Nhất,129,3
00414,2022-02-02,Giải Nhì,142,0
00414,2022-02-02,Giải Nhì,719,1
00414,2022-02-02,Giải Nhì,285,2
00414,2022-02-02,Giải Nhì,880,3
00414,2022-02-02,Giải Nhì,747,4
00414,2022-02-02,Giải Nhì,159,5
00413,2022-01-28,Giải ba,321,0
00413,2022-01-28,Giải ba,084,1
00413,2022-01-28,Giải ba,177,2
00413,2022-01-28,Giải ba,166,3
00413,2022-01-28,Giải ba,448,4
00413,2022-01-28,Giải ba,804,5
00413,2022-01-28,Giải ba,933,6
00413,2022-01-28,Giải ba,402,7
00413,2022-01-28,Giải Đặc biệt,056,0
00413,2022-01-28,Giải Đặc biệt,356,1
00413,2022-01-28,Giải Nhất,649,0
00413,2022-01-28,Giải Nhất,917,1
00413,2022-01-28,Giải Nhất,103,2
00413,2022-01-28,Giải Nhất,400,3
00413,2022-01-28,Giải Nhì,182,0
00413,2022-01-28,Giải Nhì,513,1
00413,2022-01-28,Giải Nhì,786,2
00413,2022-01-28,Giải Nhì,455,3
00413,2022-01-28,Giải Nhì,661,4
00413,2022-01-28,Giải Nhì,212,5
00412,2022-01-26,Giải ba,417,0
00412,2022-01-26,Giải ba,273,1
00412,2022-01-26,Giải ba,759,2
00412,2022-01-26,Giải ba,708,3
00412,2022-01-26,Giải ba,096,4
00412,2022-01-26,Giải ba,723,5
00412,2022-01-26,Giải ba,014,6
00412,2022-01-26,Giải ba,133,7
00412,2022-01-26,Giải Đặc biệt,264,0
00412,2022-01-26,Giải Đặc biệt,563,1
00412,2022-01-26,Giải Nhất,397,0
00412,2022-01-26,Giải Nhất,960,1
00412,2022-01-26,Giải Nhất,663,2
00412,2022-01-26,Giải Nhất,543,3
00412,2022-01-26,Giải Nhì,782,0
00412,2022-01-26,Giải Nhì,367,1
00412,2022-01-26,Giải Nhì,106,2
00412,2022-01-26,Giải Nhì,929,3
00412,2022-01-26,Giải Nhì,343,4
00412,2022-01-26,Giải Nhì,033,5
00411,2022-01-24,Giải ba,444,0
00411,2022-01-24,Giải ba,289,1
00411,2022-01-24,Giải ba,197,2
00411,2022-01-24,Giải ba,852,3
00411,2022-01-24,Giải ba,368,4
00411,2022-01-24,Giải ba,977,5
00411,2022-01-24,Giải ba,753,6
00411,2022-01-24,Giải ba,614,7
00411,2022-01-24,Giải Đặc biệt,892,0
00411,2022-01-24,Giải Đặc biệt,357,1
00411,2022-01-24,Giải Nhất,225,0
00411,2022-01-24,Giải Nhất,233,1
00411,2022-01-24,Giải Nhất,382,2
00411,2022-01-24,Giải Nhất,996,3
00411,2022-01-24,Giải Nhì,557,0
00411,2022-01-24,Giải Nhì,576,1
00411,2022-01-24,Giải Nhì,048,2
00411,2022-01-24,Giải Nhì,063,3
00411,2022-01-24,Giải Nhì,545,4
00411,2022-01-24,Giải Nhì,834,5
00410,2022-01-21,Giải ba,437,0
00410,2022-01-21,Giải ba,596,1
00410,2022-01-21,Giải ba,190,2
00410,2022-01-21,Giải ba,361,3
00410,2022-01-21,Giải ba,844,4
00410,2022-01-21,Giải ba,986,5
00410,2022-01-21,Giải ba,645,6
00410,2022-01-21,Giải ba,581,7
00410,2022-01-21,Giải Đặc biệt,155,0
00410,2022-01-21,Giải Đặc biệt,333,1
00410,2022-01-21,Giải Nhất,345,0
00410,2022-01-21,Giải Nhất,894,1
00410,2022-01-21,Giải Nhất,498,2
00410,2022-01-21,Giải Nhất,332,3
00410,2022-01-21,Giải Nhì,436,0
00410,2022-01-21,Giải Nhì,699,1
00410,2022-01-21,Giải Nhì,815,2
00410,2022-01-21,Giải Nhì,085,3
00410,2022-01-21,Giải Nhì,702,4
00410,2022-01-21,Giải Nhì,197,5
00409,2022-01-19,Giải ba,334,0
00409,2022-01-19,Giải ba,462,1
00409,2022-01-19,Giải ba,197,2
00409,2022-01-19,Giải ba,194,3
00409,2022-01-19,Giải ba,329,4
00409,2022-01-19,Giải ba,614,5
00409,2022-01-19,Giải ba,087,6
00409,2022-01-19,Giải ba,750,7
00409,2022-01-19,Giải Đặc biệt,065,0
00409,2022-01-19,Giải Đặc biệt,845,1
00409,2022-01-19,Giải Nhất,829,0
00409,2022-01-19,Giải Nhất,395,1
00409,2022-01-19,Giải Nhất,735,2
00409,2022-01-19,Giải Nhất,171,3
00409,2022-01-19,Giải Nhì,664,0
00409,2022-01-19,Giải Nhì,325,1
00409,2022-01-19,Giải Nhì,334,2
00409,2022-01-19,Giải Nhì,189,3
00409,2022-01-19,Giải Nhì,143,4
00409,2022-01-19,Giải Nhì,350,5
00408,2022-01-17,Giải ba,906,0
00408,2022-01-17,Giải ba,736,1
00408,2022-01-17,Giải ba,913,2
00408,2022-01-17,Giải ba,689,3
00408,2022-01-17,Giải ba,097,4
00408,2022-01-17,Giải ba,181,5
00408,2022-01-17,Giải ba,255,6
00408,2022-01-17,Giải ba,113,7
00408,2022-01-17,Giải Đặc biệt,715,0
00408,2022-01-17,Giải Đặc biệt,847,1
00408,2022-01-17,Giải Nhất,939,0
00408,2022-01-17,Giải Nhất,346,1
00408,2022-01-17,Giải Nhất,234,2
00408,2022-01-17,Giải Nhất,192,3
00408,2022-01-17,Giải Nhì,957,0
00408,2022-01-17,Giải Nhì,613,1
00408,2022-01-17,Giải Nhì,470,2
00408,2022-01-17,Giải Nhì,113,3
00408,2022-01-17,Giải Nhì,654,4
00408,2022-01-17,Giải Nhì,090,5
00407,2022-01-14,Giải ba,494,0
00407,2022-01-14,Giải ba,701,1
00407,2022-01-14,Giải ba,016,2
00407,2022-01-14,Giải ba,741,3
00407,2022-01-14,Giải ba,250,4
00407,2022-01-14,Giải ba,277,5
00407,2022-01-14,Giải ba,976,6
00407,2022-01-14,Giải ba,891,7
00407,2022-01-14,Giải Đặc biệt,697,0
00407,2022-01-14,Giải Đặc biệt,921,1
00407,2022-01-14,Giải Nhất,199,0
00407,2022-01-14,Giải Nhất,565,1
00407,2022-01-14,Giải Nhất,310,2
00407,2022-01-14,Giải Nhất,799,3
00407,2022-01-14,Giải Nhì,167,0
00407,2022-01-14,Giải Nhì,027,1
00407,2022-01-14,Giải Nhì,100,2
00407,2022-01-14,Giải Nhì,828,3
00407,2022-01-14,Giải Nhì,452,4
00407,2022-01-14,Giải Nhì,754,5
00406,2022-01-12,Giải ba,488,0
00406,2022-01-12,Giải ba,707,1
00406,2022-01-12,Giải ba,908,2
00406,2022-01-12,Giải ba,471,3
00406,2022-01-12,Giải ba,284,4
00406,2022-01-12,Giải ba,495,5
00406,2022-01-12,Giải ba,786,6
00406,2022-01-12,Giải ba,488,7
00406,2022-01-12,Giải Đặc biệt,521,0
00406,2022-01-12,Giải Đặc biệt,367,1
00406,2022-01-12,Giải Nhất,290,0
00406,2022-01-12,Giải Nhất,162,1
00406,2022-01-12,Giải Nhất,349,2
00406,2022-01-12,Giải Nhất,347,3
00406,2022-01-12,Giải Nhì,336,0
00406,2022-01-12,Giải Nhì,179,1
00406,2022-01-12,Giải Nhì,597,2
00406,2022-01-12,Giải Nhì,220,3
00406,2022-01-12,Giải Nhì,230,4
00406,2022-01-12,Giải Nhì,887,5
00405,2022-01-10,Giải ba,279,0
00405,2022-01-10,Giải ba,205,1
00405,2022-01-10,Giải ba,720,2
00405,2022-01-10,Giải ba,322,3
00405,2022-01-10,Giải ba,908,4
00405,2022-01-10,Giải ba,874,5
00405,2022-01-10,Giải ba,308,6
00405,2022-01-10,Giải ba,643,7
00405,2022-01-10,Giải Đặc biệt,440,0
00405,2022-01-10,Giải Đặc biệt,016,1
00405,2022-01-10,Giải Nhất,147,0
00405,2022-01-10,Giải Nhất,829,1
00405,2022-01-10,Giải Nhất,761,2
00405,2022-01-10,Giải Nhất,338,3
00405,2022-01-10,Giải Nhì,661,0
00405,2022-01-10,Giải Nhì,072,1
00405,2022-01-10,Giải Nhì,217,2
00405,2022-01-10,Giải Nhì,864,3
00405,2022-01-10,Giải Nhì,071,4
00405,2022-01-10,Giải Nhì,727,5
00404,2022-01-07,Giải ba,133,0
00404,2022-01-07,Giải ba,694,1
00404,2022-01-07,Giải ba,599,2
00404,2022-01-07,Giải ba,540,3
00404,2022-01-07,Giải ba,485,4
00404,2022-01-07,Giải ba,037,5
00404,2022-01-07,Giải ba,621,6
00404,2022-01-07,Giải ba,897,7
00404,2022-01-07,Giải Đặc biệt,184,0
00404,2022-01-07,Giải Đặc biệt,806,1
00404,2022-01-07,Giải Nhất,550,0
00404,2022-01-07,Giải Nhất,919,1
00404,2022-01-07,Giải Nhất,582,2
00404,2022-01-07,Giải Nhất,043,3
00404,2022-01-07,Giải Nhì,731,0
00404,2022-01-07,Giải Nhì,651,1
00404,2022-01-07,Giải Nhì,884,2
00404,2022-01-07,Giải Nhì,633,3
00404,2022-01-07,Giải Nhì,425,4
00404,2022-01-07,Giải Nhì,449,5
00403,2022-01-05,Giải ba,242,0
00403,2022-01-05,Giải ba,997,1
00403,2022-01-05,Giải ba,880,2
00403,2022-01-05,Giải ba,429,3
00403,2022-01-05,Giải ba,720,4
00403,2022-01-05,Giải ba,790,5
00403,2022-01-05,Giải ba,734,6
00403,2022-01-05,Giải ba,096,7
00403,2022-01-05,Giải Đặc biệt,071,0
00403,2022-01-05,Giải Đặc biệt,737,1
00403,2022-01-05,Giải Nhất,060,0
00403,2022-01-05,Giải Nhất,322,1
00403,2022-01-05,Giải Nhất,575,2
00403,2022-01-05,Giải Nhất,468,3
00403,2022-01-05,Giải Nhì,664,0
00403,2022-01-05,Giải Nhì,563,1
00403,2022-01-05,Giải Nhì,271,2
00403,2022-01-05,Giải Nhì,728,3
00403,2022-01-05,Giải Nhì,336,4
00403,2022-01-05,Giải Nhì,289,5
00402,2022-01-03,Giải ba,141,0
00402,2022-01-03,Giải ba,385,1
00402,2022-01-03,Giải ba,897,2
00402,2022-01-03,Giải ba,100,3
00402,2022-01-03,Giải ba,895,4
00402,2022-01-03,Giải ba,155,5
00402,2022-01-03,Giải ba,680,6
00402,2022-01-03,Giải ba,783,7
00402,2022-01-03,Giải Đặc biệt,400,0
00402,2022-01-03,Giải Đặc biệt,871,1
00402,2022-01-03,Giải Nhất,972,0
00402,2022-01-03,Giải Nhất,662,1
00402,2022-01-03,Giải Nhất,716,2
00402,2022-01-03,Giải Nhất,103,3
00402,2022-01-03,Giải Nhì,785,0
00402,2022-01-03,Giải Nhì,770,1
00402,2022-01-03,Giải Nhì,403,2
00402,2022-01-03,Giải Nhì,779,3
00402,2022-01-03,Giải Nhì,697,4
00402,2022-01-03,Giải Nhì,746,5
00401,2021-12-31,Giải ba,683,0
00401,2021-12-31,Giải ba,173,1
00401,2021-12-31,Giải ba,036,2
00401,2021-12-31,Giải ba,416,3
00401,2021-12-31,Giải ba,376,4
00401,2021-12-31,Giải ba,291,5
00401,2021-12-31,Giải ba,364,6
00401,2021-12-31,Giải ba,424,7
00401,2021-12-31,Giải Đặc biệt,220,0
00401,2021-12-31,Giải Đặc biệt,639,1
00401,2021-12-31,Giải Nhất,721,0
00401,2021-12-31,Giải Nhất,585,1
00401,2021-12-31,Giải Nhất,505,2
00401,2021-12-31,Giải Nhất,012,3
00401,2021-12-31,Giải Nhì,142,0
00401,2021-12-31,Giải Nhì,573,1
00401,2021-12-31,Giải Nhì,038,2
00401,2021-12-31,Giải Nhì,878,3
00401,2021-12-31,Giải Nhì,811,4
00401,2021-12-31,Giải Nhì,917,5
00400,2021-12-29,Giải ba,552,0
00400,2021-12-29,Giải ba,242,1
00400,2021-12-29,Giải ba,117,2
00400,2021-12-29,Giải ba,357,3
00400,2021-12-29,Giải ba,956,4
00400,2021-12-29,Giải ba,569,5
00400,2021-12-29,Giải ba,358,6
00400,2021-12-29,Giải ba,236,7
00400,2021-12-29,Giải Đặc biệt,372,0
00400,2021-12-29,Giải Đặc biệt,218,1
00400,2021-12-29,Giải Nhất,927,0
00400,2021-12-29,Giải Nhất,339,1
00400,2021-12-29,Giải Nhất,675,2
00400,2021-12-29,Giải Nhất,129,3
00400,2021-12-29,Giải Nhì,895,0
00400,2021-12-29,Giải Nhì,721,1
00400,2021-12-29,Giải Nhì,462,2
00400,2021-12-29,Giải Nhì,181,3
00400,2021-12-29,Giải Nhì,315,4
00400,2021-12-29,Giải Nhì,070,5
00399,2021-12-27,Giải ba,707,0
00399,2021-12-27,Giải ba,349,1
00399,2021-12-27,Giải ba,768,2
00399,2021-12-27,Giải ba,785,3
00399,2021-12-27,Giải ba,224,4
00399,2021-12-27,Giải ba,976,5
00399,2021-12-27,Giải ba,469,6
00399,2021-12-27,Giải ba,502,7
00399,2021-12-27,Giải Đặc biệt,290,0
00399,2021-12-27,Giải Đặc biệt,165,1
00399,2021-12-27,Giải Nhất,471,0
00399,2021-12-27,Giải Nhất,057,1
00399,2021-12-27,Giải Nhất,422,2
00399,2021-12-27,Giải Nhất,663,3
00399,2021-12-27,Giải Nhì,220,0
00399,2021-12-27,Giải Nhì,459,1
00399,2021-12-27,Giải Nhì,274,2
00399,2021-12-27,Giải Nhì,581,3
00399,2021-12-27,Giải Nhì,134,4
00399,2021-12-27,Giải Nhì,123,5
00398,2021-12-24,Giải ba,899,0
00398,2021-12-24,Giải ba,105,1
00398,2021-12-24,Giải ba,894,2
00398,2021-12-24,Giải ba,386,3
00398,2021-12-24,Giải ba,459,4
00398,2021-12-24,Giải ba,130,5
00398,2021-12-24,Giải ba,722,6
00398,2021-12-24,Giải ba,984,7
00398,2021-12-24,Giải Đặc biệt,086,0
00398,2021-12-24,Giải Đặc biệt,550,1
00398,2021-12-24,Giải Nhất,963,0
00398,2021-12-24,Giải Nhất,165,1
00398,2021-12-24,Giải Nhất,833,2
00398,2021-12-24,Giải Nhất,540,3
00398,2021-12-24,Giải Nhì,523,0
00398,2021-12-24,Giải Nhì,433,1
00398,2021-12-24,Giải Nhì,981,2
00398,2021-12-24,Giải Nhì,434,3
00398,2021-12-24,Giải Nhì,643,4
00398,2021-12-24,Giải Nhì,413,5
00397,2021-12-22,Giải ba,459,0
00397,2021-12-22,Giải ba,197,1
00397,2021-12-22,Giải ba,601,2
00397,2021-12-22,Giải ba,851,3
00397,2021-12-22,Giải ba,599,4
00397,2021-12-22,Giải ba,433,5
00397,2021-12-22,Giải ba,880,6
00397,2021-12-22,Giải ba,016,7
00397,2021-12-22,Giải Đặc biệt,094,0
00397,2021-12-22,Giải Đặc biệt,621,1
00397,2021-12-22,Giải Nhất,687,0
00397,2021-12-22,Giải Nhất,617,1
00397,2021-12-22,Giải Nhất,532,2
00397,2021-12-22,Giải Nhất,923,3
00397,2021-12-22,Giải Nhì,953,0
00397,2021-12-22,Giải Nhì,168,1
00397,2021-12-22,Giải Nhì,522,2
00397,2021-12-22,Giải Nhì,990,3
00397,2021-12-22,Giải Nhì,974,4
00397,2021-12-22,Giải Nhì,223,5
00396,2021-12-20,Giải ba,914,0
00396,2021-12-20,Giải ba,758,1
00396,2021-12-20,Giải ba,015,2
00396,2021-12-20,Giải ba,190,3
00396,2021-12-20,Giải ba,275,4
00396,2021-12-20,Giải ba,830,5
00396,2021-12-20,Giải ba,670,6
00396,2021-12-20,Giải ba,655,7
00396,2021-12-20,Giải Đặc biệt,752,0
00396,2021-12-20,Giải Đặc biệt,691,1
00396,2021-12-20,Giải Nhất,780,0
00396,2021-12-20,Giải Nhất,821,1
00396,2021-12-20,Giải Nhất,109,2
00396,2021-12-20,Giải Nhất,295,3
00396,2021-12-20,Giải Nhì,269,0
00396,2021-12-20,Giải Nhì,931,1
00396,2021-12-20,Giải Nhì,290,2
00396,2021-12-20,Giải Nhì,465,3
00396,2021-12-20,Giải Nhì,580,4
00396,2021-12-20,Giải Nhì,904,5
00395,2021-12-17,Giải ba,652,0
00395,2021-12-17,Giải ba,748,1
00395,2021-12-17,Giải ba,842,2
00395,2021-12-17,Giải ba,472,3
00395,2021-12-17,Giải ba,542,4
00395,2021-12-17,Giải ba,904,5
00395,2021-12-17,Giải ba,387,6
00395,2021-12-17,Giải ba,286,7
00395,2021-12-17,Giải Đặc biệt,974,0
00395,2021-12-17,Giải Đặc biệt,831,1
00395,2021-12-17,Giải Nhất,778,0
00395,2021-12-17,Giải Nhất,058,1
00395,2021-12-17,Giải Nhất,543,2
00395,2021-12-17,Giải Nhất,294,3
00395,2021-12-17,Giải Nhì,205,0
00395,2021-12-17,Giải Nhì,753,1
00395,2021-12-17,Giải Nhì,523,2
00395,2021-12-17,Giải Nhì,863,3
00395,2021-12-17,Giải Nhì,659,4
00395,2021-12-17,Giải Nhì,178,5
00394,2021-12-15,Giải ba,956,0
00394,2021-12-15,Giải ba,239,1
00394,2021-12-15,Giải ba,181,2
00394,2021-12-15,Giải ba,953,3
00394,2021-12-15,Giải ba,505,4
00394,2021-12-15,Giải ba,149,5
00394,2021-12-15,Giải ba,258,6
00394,2021-12-15,Giải ba,063,7
00394,2021-12-15,Giải Đặc biệt,080,0
00394,2021-12-15,Giải Đặc biệt,876,1
00394,2021-12-15,Giải Nhất,694,0
00394,2021-12-15,Giải Nhất,181,1
00394,2021-12-15,Giải Nhất,179,2
00394,2021-12-15,Giải Nhất,246,3
00394,2021-12-15,Giải Nhì,342,0
00394,2021-12-15,Giải Nhì,410,1
00394,2021-12-15,Giải Nhì,541,2
00394,2021-12-15,Giải Nhì,658,3
00394,2021-12-15,Giải Nhì,884,4
00394,2021-12-15,Giải Nhì,254,5
00393,2021-12-13,Giải ba,056,0
00393,2021-12-13,Giải ba,661,1
00393,2021-12-13,Giải ba,507,2
00393,2021-12-13,Giải ba,912,3
00393,2021-12-13,Giải ba,829,4
00393,2021-12-13,Giải ba,542,5
00393,2021-12-13,Giải ba,197,6
00393,2021-12-13,Giải ba,202,7
00393,2021-12-13,Giải Đặc biệt,493,0
00393,2021-12-13,Giải Đặc biệt,998,1
00393,2021-12-13,Giải Nhất,564,0
00393,2021-12-13,Giải Nhất,286,1
00393,2021-12-13,Giải Nhất,590,2
00393,2021-12-13,Giải Nhất,306,3
00393,2021-12-13,Giải Nhì,927,0
00393,2021-12-13,Giải Nhì,366,1
00393,2021-12-13,Giải Nhì,460,2
00393,2021-12-13,Giải Nhì,070,3
00393,2021-12-13,Giải Nhì,657,4
00393,2021-12-13,Giải Nhì,670,5
00392,2021-12-10,Giải ba,962,0
00392,2021-12-10,Giải ba,656,1
00392,2021-12-10,Giải ba,357,2
00392,2021-12-10,Giải ba,298,3
00392,2021-12-10,Giải ba,360,4
00392,2021-12-10,Giải ba,339,5
00392,2021-12-10,Giải ba,227,6
00392,2021-12-10,Giải ba,224,7
00392,2021-12-10,Giải Đặc biệt,911,0
00392,2021-12-10,Giải Đặc biệt,221,1
00392,2021-12-10,Giải Nhất,115,0
00392,2021-12-10,Giải Nhất,521,1
00392,2021-12-10,Giải Nhất,008,2
00392,2021-12-10,Giải Nhất,414,3
00392,2021-12-10,Giải Nhì,591,0
00392,2021-12-10,Giải Nhì,650,1
00392,2021-12-10,Giải Nhì,698,2
00392,2021-12-10,Giải Nhì,060,3
00392,2021-12-10,Giải Nhì,276,4
00392,2021-12-10,Giải Nhì,226,5
00391,2021-12-08,Giải ba,020,0
00391,2021-12-08,Giải ba,148,1
00391,2021-12-08,Giải ba,409,2
00391,2021-12-08,Giải ba,022,3
00391,2021-12-08,Giải ba,402,4
00391,2021-12-08,Giải ba,723,5
00391,2021-12-08,Giải ba,182,6
00391,2021-12-08,Giải ba,057,7
00391,2021-12-08,Giải Đặc biệt,795,0
00391,2021-12-08,Giải Đặc biệt,829,1
00391,2021-12-08,Giải Nhất,025,0
00391,2021-12-08,Giải Nhất,836,1
00391,2021-12-08,Giải Nhất,766,2
00391,2021-12-08,Giải Nhất,350,3
00391,2021-12-08,Giải Nhì,782,0
00391,2021-12-08,Giải Nhì,068,1
00391,2021-12-08,Giải Nhì,071,2
00391,2021-12-08,Giải Nhì,409,3
00391,2021-12-08,Giải Nhì,452,4
00391,2021-12-08,Giải Nhì,643,5
00390,2021-12-06,Giải ba,364,0
00390,2021-12-06,Giải ba,291,1
00390,2021-12-06,Giải ba,626,2
00390,2021-12-06,Giải ba,896,3
00390,2021-12-06,Giải ba,651,4
00390,2021-12-06,Giải ba,100,5
00390,2021-12-06,Giải ba,868,6
00390,2021-12-06,Giải ba,498,7
00390,2021-12-06,Giải Đặc biệt,641,0
00390,2021-12-06,Giải Đặc biệt,172,1
00390,2021-12-06,Giải Nhất,175,0
00390,2021-12-06,Giải Nhất,070,1
00390,2021-12-06,Giải Nhất,412,2
00390,2021-12-06,Giải Nhất,082,3
00390,2021-12-06,Giải Nhì,659,0
00390,2021-12-06,Giải Nhì,719,1
00390,2021-12-06,Giải Nhì,505,2
00390,2021-12-06,Giải Nhì,046,3
00390,2021-12-06,Giải Nhì,734,4
00390,2021-12-06,Giải Nhì,400,5
00389,2021-12-03,Giải ba,692,0
00389,2021-12-03,Giải ba,189,1
00389,2021-12-03,Giải ba,028,2
00389,2021-12-03,Giải ba,550,3
00389,2021-12-03,Giải ba,067,4
00389,2021-12-03,Giải ba,447,5
00389,2021-12-03,Giải ba,215,6
00389,2021-12-03,Giải ba,990,7
00389,2021-12-03,Giải Đặc biệt,330,0
00389,2021-12-03,Giải Đặc biệt,390,1
00389,2021-12-03,Giải Nhất,469,0
00389,2021-12-03,Giải Nhất,498,1
00389,2021-12-03,Giải Nhất,350,2
00389,2021-12-03,Giải Nhất,432,3
00389,2021-12-03,Giải Nhì,343,0
00389,2021-12-03,Giải Nhì,340,1
00389,2021-12-03,Giải Nhì,098,2
00389,2021-12-03,Giải Nhì,153,3
00389,2021-12-03,Giải Nhì,048,4
00389,2021-12-03,Giải Nhì,598,5
00388,2021-12-01,Giải ba,006,0
00388,2021-12-01,Giải ba,753,1
00388,2021-12-01,Giải ba,281,2
00388,2021-12-01,Giải ba,901,3
00388,2021-12-01,Giải ba,259,4
00388,2021-12-01,Giải ba,851,5
00388,2021-12-01,Giải ba,218,6
00388,2021-12-01,Giải ba,463,7
00388,2021-12-01,Giải Đặc biệt,580,0
00388,2021-12-01,Giải Đặc biệt,175,1
00388,2021-12-01,Giải Nhất,257,0
00388,2021-12-01,Giải Nhất,189,1
00388,2021-12-01,Giải Nhất,407,2
00388,2021-12-01,Giải Nhất,243,3
00388,2021-12-01,Giải Nhì,210,0
00388,2021-12-01,Giải Nhì,618,1
00388,2021-12-01,Giải Nhì,264,2
00388,2021-12-01,Giải Nhì,108,3
00388,2021-12-01,Giải Nhì,648,4
00388,2021-12-01,Giải Nhì,199,5
00387,2021-11-29,Giải ba,093,0
00387,2021-11-29,Giải ba,074,1
00387,2021-11-29,Giải ba,344,2
00387,2021-11-29,Giải ba,280,3
00387,2021-11-29,Giải ba,777,4
00387,2021-11-29,Giải ba,678,5
00387,2021-11-29,Giải ba,708,6
00387,2021-11-29,Giải ba,057,7
00387,2021-11-29,Giải Đặc biệt,254,0
00387,2021-11-29,Giải Đặc biệt,227,1
00387,2021-11-29,Giải Nhất,575,0
00387,2021-11-29,Giải Nhất,207,1
00387,2021-11-29,Giải Nhất,828,2
00387,2021-11-29,Giải Nhất,190,3
00387,2021-11-29,Giải Nhì,629,0
00387,2021-11-29,Giải Nhì,504,1
00387,2021-11-29,Giải Nhì,489,2
00387,2021-11-29,Giải Nhì,039,3
00387,2021-11-29,Giải Nhì,005,4
00387,2021-11-29,Giải Nhì,773,5
00386,2021-11-26,Giải ba,875,0
00386,2021-11-26,Giải ba,647,1
00386,2021-11-26,Giải ba,553,2
00386,2021-11-26,Giải ba,756,3
00386,2021-11-26,Giải ba,941,4
00386,2021-11-26,Giải ba,955,5
00386,2021-11-26,Giải ba,837,6
00386,2021-11-26,Giải ba,697,7
00386,2021-11-26,Giải Đặc biệt,801,0
00386,2021-11-26,Giải Đặc biệt,083,1
00386,2021-11-26,Giải Nhất,156,0
00386,2021-11-26,Giải Nhất,005,1
00386,2021-11-26,Giải Nhất,276,2
00386,2021-11-26,Giải Nhất,978,3
00386,2021-11-26,Giải Nhì,536,0
00386,2021-11-26,Giải Nhì,963,1
00386,2021-11-26,Giải Nhì,346,2
00386,2021-11-26,Giải Nhì,352,3
00386,2021-11-26,Giải Nhì,142,4
00386,2021-11-26,Giải Nhì,354,5
00385,2021-11-24,Giải ba,134,0
00385,2021-11-24,Giải ba,024,1
00385,2021-11-24,Giải ba,416,2
00385,2021-11-24,Giải ba,259,3
00385,2021-11-24,Giải ba,497,4
00385,2021-11-24,Giải ba,968,5
00385,2021-11-24,Giải ba,699,6
00385,2021-11-24,Giải ba,751,7
00385,2021-11-24,Giải Đặc biệt,270,0
00385,2021-11-24,Giải Đặc biệt,975,1
00385,2021-11-24,Giải Nhất,176,0
00385,2021-11-24,Giải Nhất,536,1
00385,2021-11-24,Giải Nhất,388,2
00385,2021-11-24,Giải Nhất,821,3
00385,2021-11-24,Giải Nhì,086,0
00385,2021-11-24,Giải Nhì,005,1
00385,2021-11-24,Giải Nhì,074,2
00385,2021-11-24,Giải Nhì,783,3
00385,2021-11-24,Giải Nhì,629,4
00385,2021-11-24,Giải Nhì,781,5
00384,2021-11-22,Giải ba,775,0
00384,2021-11-22,Giải ba,917,1
00384,2021-11-22,Giải ba,357,2
00384,2021-11-22,Giải ba,621,3
00384,2021-11-22,Giải ba,091,4
00384,2021-11-22,Giải ba,801,5
00384,2021-11-22,Giải ba,527,6
00384,2021-11-22,Giải ba,735,7
00384,2021-11-22,Giải Đặc biệt,706,0
00384,2021-11-22,Giải Đặc biệt,569,1
00384,2021-11-22,Giải Nhất,164,0
00384,2021-11-22,Giải Nhất,100,1
00384,2021-11-22,Giải Nhất,950,2
00384,2021-11-22,Giải Nhất,605,3
00384,2021-11-22,Giải Nhì,321,0
00384,2021-11-22,Giải Nhì,934,1
00384,2021-11-22,Giải Nhì,351,2
00384,2021-11-22,Giải Nhì,757,3
00384,2021-11-22,Giải Nhì,572,4
00384,2021-11-22,Giải Nhì,767,5
00383,2021-11-19,Giải ba,690,0
00383,2021-11-19,Giải ba,674,1
00383,2021-11-19,Giải ba,410,2
00383,2021-11-19,Giải ba,108,3
00383,2021-11-19,Giải ba,034,4
00383,2021-11-19,Giải ba,182,5
00383,2021-11-19,Giải ba,311,6
00383,2021-11-19,Giải ba,611,7
00383,2021-11-19,Giải Đặc biệt,426,0
00383,2021-11-19,Giải Đặc biệt,407,1
00383,2021-11-19,Giải Nhất,967,0
00383,2021-11-19,Giải Nhất,094,1
00383,2021-11-19,Giải Nhất,433,2
00383,2021-11-19,Giải Nhất,199,3
00383,2021-11-19,Giải Nhì,114,0
00383,2021-11-19,Giải Nhì,435,1
00383,2021-11-19,Giải Nhì,474,2
00383,2021-11-19,Giải Nhì,108,3
00383,2021-11-19,Giải Nhì,407,4
00383,2021-11-19,Giải Nhì,979,5
00382,2021-11-17,Giải ba,785,0
00382,2021-11-17,Giải ba,802,1
00382,2021-11-17,Giải ba,220,2
00382,2021-11-17,Giải ba,576,3
00382,2021-11-17,Giải ba,262,4
00382,2021-11-17,Giải ba,256,5
00382,2021-11-17,Giải ba,965,6
00382,2021-11-17,Giải ba,496,7
00382,2021-11-17,Giải Đặc biệt,912,0
00382,2021-11-17,Giải Đặc biệt,963,1
00382,2021-11-17,Giải Nhất,512,0
00382,2021-11-17,Giải Nhất,147,1
00382,2021-11-17,Giải Nhất,556,2
00382,2021-11-17,Giải Nhất,104,3
00382,2021-11-17,Giải Nhì,863,0
00382,2021-11-17,Giải Nhì,937,1
00382,2021-11-17,Giải Nhì,202,2
00382,2021-11-17,Giải Nhì,365,3
00382,2021-11-17,Giải Nhì,700,4
00382,2021-11-17,Giải Nhì,711,5
00381,2021-11-15,Giải ba,574,0
00381,2021-11-15,Giải ba,378,1
00381,2021-11-15,Giải ba,091,2
00381,2021-11-15,Giải ba,291,3
00381,2021-11-15,Giải ba,453,4
00381,2021-11-15,Giải ba,658,5
00381,2021-11-15,Giải ba,192,6
00381,2021-11-15,Giải ba,767,7
00381,2021-11-15,Giải Đặc biệt,450,0
00381,2021-11-15,Giải Đặc biệt,981,1
00381,2021-11-15,Giải Nhất,963,0
00381,2021-11-15,Giải Nhất,911,1
00381,2021-11-15,Giải Nhất,124,2
00381,2021-11-15,Giải Nhất,721,3
00381,2021-11-15,Giải Nhì,905,0
00381,2021-11-15,Giải Nhì,676,1
00381,2021-11-15,Giải Nhì,184,2
00381,2021-11-15,Giải Nhì,747,3
00381,2021-11-15,Giải Nhì,266,4
00381,2021-11-15,Giải Nhì,181,5
00380,2021-11-12,Giải ba,226,0
00380,2021-11-12,Giải ba,205,1
00380,2021-11-12,Giải ba,042,2
00380,2021-11-12,Giải ba,464,3
00380,2021-11-12,Giải ba,753,4
00380,2021-11-12,Giải ba,899,5
00380,2021-11-12,Giải ba,635,6
00380,2021-11-12,Giải ba,842,7
00380,2021-11-12,Giải Đặc biệt,511,0
00380,2021-11-12,Giải Đặc biệt,910,1
00380,2021-11-12,Giải Nhất,029,0
00380,2021-11-12,Giải Nhất,475,1
00380,2021-11-12,Giải Nhất,839,2
00380,2021-11-12,Giải Nhất,491,3
00380,2021-11-12,Giải Nhì,510,0
00380,2021-11-12,Giải Nhì,272,1
00380,2021-11-12,Giải Nhì,800,2
00380,2021-11-12,Giải Nhì,074,3
00380,2021-11-12,Giải Nhì,822,4
00380,2021-11-12,Giải Nhì,308,5
00379,2021-11-10,Giải ba,760,0
00379,2021-11-10,Giải ba,139,1
00379,2021-11-10,Giải ba,952,2
00379,2021-11-10,Giải ba,640,3
00379,2021-11-10,Giải ba,139,4
00379,2021-11-10,Giải ba,701,5
00379,2021-11-10,Giải ba,303,6
00379,2021-11-10,Giải ba,781,7
00379,2021-11-10,Giải Đặc biệt,823,0
00379,2021-11-10,Giải Đặc biệt,799,1
00379,2021-11-10,Giải Nhất,306,0
00379,2021-11-10,Giải Nhất,511,1
00379,2021-11-10,Giải Nhất,659,2
00379,2021-11-10,Giải Nhất,954,3
00379,2021-11-10,Giải Nhì,215,0
00379,2021-11-10,Giải Nhì,562,1
00379,2021-11-10,Giải Nhì,080,2
00379,2021-11-10,Giải Nhì,933,3
00379,2021-11-10,Giải Nhì,285,4
00379,2021-11-10,Giải Nhì,791,5
00378,2021-11-08,Giải ba,875,0
00378,2021-11-08,Giải ba,843,1
00378,2021-11-08,Giải ba,241,2
00378,2021-11-08,Giải ba,064,3
00378,2021-11-08,Giải ba,764,4
00378,2021-11-08,Giải ba,349,5
00378,2021-11-08,Giải ba,160,6
00378,2021-11-08,Giải ba,541,7
00378,2021-11-08,Giải Đặc biệt,965,0
00378,2021-11-08,Giải Đặc biệt,980,1
00378,2021-11-08,Giải Nhất,170,0
00378,2021-11-08,Giải Nhất,152,1
00378,2021-11-08,Giải Nhất,192,2
00378,2021-11-08,Giải Nhất,648,3
00378,2021-11-08,Giải Nhì,743,0
00378,2021-11-08,Giải Nhì,235,1
00378,2021-11-08,Giải Nhì,153,2
00378,2021-11-08,Giải Nhì,403,3
00378,2021-11-08,Giải Nhì,223,4
00378,2021-11-08,Giải Nhì,483,5
00377,2021-11-05,Giải ba,071,0
00377,2021-11-05,Giải ba,970,1
00377,2021-11-05,Giải ba,517,2
00377,2021-11-05,Giải ba,805,3
00377,2021-11-05,Giải ba,410,4
00377,2021-11-05,Giải ba,465,5
00377,2021-11-05,Giải ba,914,6
00377,2021-11-05,Giải ba,720,7
00377,2021-11-05,Giải Đặc biệt,966,0
00377,2021-11-05,Giải Đặc biệt,161,1
00377,2021-11-05,Giải Nhất,084,0
00377,2021-11-05,Giải Nhất,909,1
00377,2021-11-05,Giải Nhất,499,2
00377,2021-11-05,Giải Nhất,399,3
00377,2021-11-05,Giải Nhì,371,0
00377,2021-11-05,Giải Nhì,045,1
00377,2021-11-05,Giải Nhì,598,2
00377,2021-11-05,Giải Nhì,188,3
00377,2021-11-05,Giải Nhì,647,4
00377,2021-11-05,Giải Nhì,764,5
00376,2021-11-03,Giải ba,961,0
00376,2021-11-03,Giải ba,436,1
00376,2021-11-03,Giải ba,663,2
00376,2021-11-03,Giải ba,809,3
00376,2021-11-03,Giải ba,118,4
00376,2021-11-03,Giải ba,160,5
00376,2021-11-03,Giải ba,637,6
00376,2021-11-03,Giải ba,755,7
00376,2021-11-03,Giải Đặc biệt,192,0
00376,2021-11-03,Giải Đặc biệt,747,1
00376,2021-11-03,Giải Nhất,635,0
00376,2021-11-03,Giải Nhất,926,1
00376,2021-11-03,Giải Nhất,956,2
00376,2021-11-03,Giải Nhất,586,3
00376,2021-11-03,Giải Nhì,831,0
00376,2021-11-03,Giải Nhì,451,1
00376,2021-11-03,Giải Nhì,878,2
00376,2021-11-03,Giải Nhì,501,3
00376,2021-11-03,Giải Nhì,481,4
00376,2021-11-03,Giải Nhì,377,5
00375,2021-11-01,Giải ba,664,0
00375,2021-11-01,Giải ba,108,1
00375,2021-11-01,Giải ba,627,2
00375,2021-11-01,Giải ba,426,3
00375,2021-11-01,Giải ba,506,4
00375,2021-11-01,Giải ba,515,5
00375,2021-11-01,Giải ba,007,6
00375,2021-11-01,Giải ba,783,7
00375,2021-11-01,Giải Đặc biệt,248,0
00375,2021-11-01,Giải Đặc biệt,314,1
00375,2021-11-01,Giải Nhất,909,0
00375,2021-11-01,Giải Nhất,220,1
00375,2021-11-01,Giải Nhất,826,2
00375,2021-11-01,Giải Nhất,664,3
00375,2021-11-01,Giải Nhì,145,0
00375,2021-11-01,Giải Nhì,272,1
00375,2021-11-01,Giải Nhì,413,2
00375,2021-11-01,Giải Nhì,385,3
00375,2021-11-01,Giải Nhì,262,4
00375,2021-11-01,Giải Nhì,790,5
00374,2021-10-29,Giải ba,298,0
00374,2021-10-29,Giải ba,347,1
00374,2021-10-29,Giải ba,003,2
00374,2021-10-29,Giải ba,090,3
00374,2021-10-29,Giải ba,451,4
00374,2021-10-29,Giải ba,663,5
00374,2021-10-29,Giải ba,696,6
00374,2021-10-29,Giải ba,507,7
00374,2021-10-29,Giải Đặc biệt,072,0
00374,2021-10-29,Giải Đặc biệt,800,1
00374,2021-10-29,Giải Nhất,085,0
00374,2021-10-29,Giải Nhất,529,1
00374,2021-10-29,Giải Nhất,067,2
00374,2021-10-29,Giải Nhất,575,3
00374,2021-10-29,Giải Nhì,782,0
00374,2021-10-29,Giải Nhì,847,1
00374,2021-10-29,Giải Nhì,672,2
00374,2021-10-29,Giải Nhì,846,3
00374,2021-10-29,Giải Nhì,835,4
00374,2021-10-29,Giải Nhì,080,5
00373,2021-10-27,Giải ba,364,0
00373,2021-10-27,Giải ba,122,1
00373,2021-10-27,Giải ba,661,2
00373,2021-10-27,Giải ba,241,3
00373,2021-10-27,Giải ba,954,4
00373,2021-10-27,Giải ba,245,5
00373,2021-10-27,Giải ba,157,6
00373,2021-10-27,Giải ba,574,7
00373,2021-10-27,Giải Đặc biệt,887,0
00373,2021-10-27,Giải Đặc biệt,918,1
00373,2021-10-27,Giải Nhất,893,0
00373,2021-10-27,Giải Nhất,304,1
00373,2021-10-27,Giải Nhất,837,2
00373,2021-10-27,Giải Nhất,877,3
00373,2021-10-27,Giải Nhì,774,0
00373,2021-10-27,Giải Nhì,163,1
00373,2021-10-27,Giải Nhì,266,2
00373,2021-10-27,Giải Nhì,611,3
00373,2021-10-27,Giải Nhì,522,4
00373,2021-10-27,Giải Nhì,981,5
00372,2021-10-25,Giải ba,589,0
00372,2021-10-25,Giải ba,824,1
00372,2021-10-25,Giải ba,594,2
00372,2021-10-25,Giải ba,759,3
00372,2021-10-25,Giải ba,045,4
00372,2021-10-25,Giải ba,685,5
00372,2021-10-25,Giải ba,486,6
00372,2021-10-25,Giải ba,843,7
00372,2021-10-25,Giải Đặc biệt,591,0
00372,2021-10-25,Giải Đặc biệt,564,1
00372,2021-10-25,Giải Nhất,739,0
00372,2021-10-25,Giải Nhất,180,1
00372,2021-10-25,Giải Nhất,668,2
00372,2021-10-25,Giải Nhất,452,3
00372,2021-10-25,Giải Nhì,460,0
00372,2021-10-25,Giải Nhì,869,1
00372,2021-10-25,Giải Nhì,460,2
00372,2021-10-25,Giải Nhì,270,3
00372,2021-10-25,Giải Nhì,172,4
00372,2021-10-25,Giải Nhì,271,5
00371,2021-10-22,Giải ba,536,0
00371,2021-10-22,Giải ba,842,1
00371,2021-10-22,Giải ba,754,2
00371,2021-10-22,Giải ba,550,3
00371,2021-10-22,Giải ba,411,4
00371,2021-10-22,Giải ba,518,5
00371,2021-10-22,Giải ba,327,6
00371,2021-10-22,Giải ba,164,7
00371,2021-10-22,Giải Đặc biệt,942,0
00371,2021-10-22,Giải Đặc biệt,820,1
00371,2021-10-22,Giải Nhất,178,0
00371,2021-10-22,Giải Nhất,649,1
00371,2021-10-22,Giải Nhất,992,2
00371,2021-10-22,Giải Nhất,854,3
00371,2021-10-22,Giải Nhì,554,0
00371,2021-10-22,Giải Nhì,878,1
00371,2021-10-22,Giải Nhì,780,2
00371,2021-10-22,Giải Nhì,420,3
00371,2021-10-22,Giải Nhì,544,4
00371,2021-10-22,Giải Nhì,372,5
00370,2021-10-20,Giải ba,276,0
00370,2021-10-20,Giải ba,833,1
00370,2021-10-20,Giải ba,156,2
00370,2021-10-20,Giải ba,466,3
00370,2021-10-20,Giải ba,230,4
00370,2021-10-20,Giải ba,190,5
00370,2021-10-20,Giải ba,504,6
00370,2021-10-20,Giải ba,218,7
00370,2021-10-20,Giải Đặc biệt,386,0
00370,2021-10-20,Giải Đặc biệt,405,1
00370,2021-10-20,Giải Nhất,919,0
00370,2021-10-20,Giải Nhất,787,1
00370,2021-10-20,Giải Nhất,895,2
00370,2021-10-20,Giải Nhất,629,3
00370,2021-10-20,Giải Nhì,477,0
00370,2021-10-20,Giải Nhì,434,1
00370,2021-10-20,Giải Nhì,212,2
00370,2021-10-20,Giải Nhì,878,3
00370,2021-10-20,Giải Nhì,223,4
00370,2021-10-20,Giải Nhì,872,5
00369,2021-10-18,Giải ba,548,0
00369,2021-10-18,Giải ba,832,1
00369,2021-10-18,Giải ba,906,2
00369,2021-10-18,Giải ba,856,3
00369,2021-10-18,Giải ba,693,4
00369,2021-10-18,Giải ba,639,5
00369,2021-10-18,Giải ba,924,6
00369,2021-10-18,Giải ba,601,7
00369,2021-10-18,Giải Đặc biệt,853,0
00369,2021-10-18,Giải Đặc biệt,488,1
00369,2021-10-18,Giải Nhất,960,0
00369,2021-10-18,Giải Nhất,180,1
00369,2021-10-18,Giải Nhất,148,2
00369,2021-10-18,Giải Nhất,327,3
00369,2021-10-18,Giải Nhì,777,0
00369,2021-10-18,Giải Nhì,453,1
00369,2021-10-18,Giải Nhì,982,2
00369,2021-10-18,Giải Nhì,425,3
00369,2021-10-18,Giải Nhì,704,4
00369,2021-10-18,Giải Nhì,033,5
00368,2021-10-15,Giải ba,699,0
00368,2021-10-15,Giải ba,592,1
00368,2021-10-15,Giải ba,502,2
00368,2021-10-15,Giải ba,074,3
00368,2021-10-15,Giải ba,796,4
00368,2021-10-15,Giải ba,761,5
00368,2021-10-15,Giải ba,285,6
00368,2021-10-15,Giải ba,567,7
00368,2021-10-15,Giải Đặc biệt,886,0
00368,2021-10-15,Giải Đặc biệt,682,1
00368,2021-10-15,Giải Nhất,116,0
00368,2021-10-15,Giải Nhất,706,1
00368,2021-10-15,Giải Nhất,756,2
00368,2021-10-15,Giải Nhất,964,3
00368,2021-10-15,Giải Nhì,014,0
00368,2021-10-15,Giải Nhì,133,1
00368,2021-10-15,Giải Nhì,198,2
00368,2021-10-15,Giải Nhì,029,3
00368,2021-10-15,Giải Nhì,288,4
00368,2021-10-15,Giải Nhì,068,5
00367,2021-10-13,Giải ba,393,0
00367,2021-10-13,Giải ba,010,1
00367,2021-10-13,Giải ba,141,2
00367,2021-10-13,Giải ba,052,3
00367,2021-10-13,Giải ba,056,4
00367,2021-10-13,Giải ba,210,5
00367,2021-10-13,Giải ba,923,6
00367,2021-10-13,Giải ba,781,7
00367,2021-10-13,Giải Đặc biệt,513,0
00367,2021-10-13,Giải Đặc biệt,527,1
00367,2021-10-13,Giải Nhất,016,0
00367,2021-10-13,Giải Nhất,310,1
00367,2021-10-13,Giải Nhất,839,2
00367,2021-10-13,Giải Nhất,458,3
00367,2021-10-13,Giải Nhì,037,0
00367,2021-10-13,Giải Nhì,305,1
00367,2021-10-13,Giải Nhì,283,2
00367,2021-10-13,Giải Nhì,710,3
00367,2021-10-13,Giải Nhì,526,4
00367,2021-10-13,Giải Nhì,943,5
00366,2021-10-11,Giải ba,441,0
00366,2021-10-11,Giải ba,464,1
00366,2021-10-11,Giải ba,281,2
00366,2021-10-11,Giải ba,550,3
00366,2021-10-11,Giải ba,807,4
00366,2021-10-11,Giải ba,813,5
00366,2021-10-11,Giải ba,133,6
00366,2021-10-11,Giải ba,587,7
00366,2021-10-11,Giải Đặc biệt,699,0
00366,2021-10-11,Giải Đặc biệt,054,1
00366,2021-10-11,Giải Nhất,612,0
00366,2021-10-11,Giải Nhất,184,1
00366,2021-10-11,Giải Nhất,859,2
00366,2021-10-11,Giải Nhất,682,3
00366,2021-10-11,Giải Nhì,126,0
00366,2021-10-11,Giải Nhì,823,1
00366,2021-10-11,Giải Nhì,703,2
00366,2021-10-11,Giải Nhì,831,3
00366,2021-10-11,Giải Nhì,020,4
00366,2021-10-11,Giải Nhì,681,5
00365,2021-10-08,Giải ba,728,0
00365,2021-10-08,Giải ba,893,1
00365,2021-10-08,Giải ba,048,2
00365,2021-10-08,Giải ba,873,3
00365,2021-10-08,Giải ba,650,4
00365,2021-10-08,Giải ba,180,5
00365,2021-10-08,Giải ba,375,6
00365,2021-10-08,Giải ba,659,7
00365,2021-10-08,Giải Đặc biệt,516,0
00365,2021-10-08,Giải Đặc biệt,533,1
00365,2021-10-08,Giải Nhất,090,0
00365,2021-10-08,Giải Nhất,149,1
00365,2021-10-08,Giải Nhất,195,2
00365,2021-10-08,Giải Nhất,937,3
00365,2021-10-08,Giải Nhì,763,0
00365,2021-10-08,Giải Nhì,403,1
00365,2021-10-08,Giải Nhì,904,2
00365,2021-10-08,Giải Nhì,315,3
00365,2021-10-08,Giải Nhì,257,4
00365,2021-10-08,Giải Nhì,433,5
00364,2021-10-06,Giải ba,149,0
00364,2021-10-06,Giải ba,470,1
00364,2021-10-06,Giải ba,399,2
00364,2021-10-06,Giải ba,905,3
00364,2021-10-06,Giải ba,043,4
00364,2021-10-06,Giải ba,300,5
00364,2021-10-06,Giải ba,132,6
00364,2021-10-06,Giải ba,437,7
00364,2021-10-06,Giải Đặc biệt,621,0
00364,2021-10-06,Giải Đặc biệt,957,1
00364,2021-10-06,Giải Nhất,941,0
00364,2021-10-06,Giải Nhất,545,1
00364,2021-10-06,Giải Nhất,938,2
00364,2021-10-06,Giải Nhất,302,3
00364,2021-10-06,Giải Nhì,009,0
00364,2021-10-06,Giải Nhì,734,1
00364,2021-10-06,Giải Nhì,275,2
00364,2021-10-06,Giải Nhì,351,3
00364,2021-10-06,Giải Nhì,533,4
00364,2021-10-06,Giải Nhì,721,5
00363,2021-10-04,Giải ba,656,0
00363,2021-10-04,Giải ba,650,1
00363,2021-10-04,Giải ba,214,2
00363,2021-10-04,Giải ba,932,3
00363,2021-10-04,Giải ba,941,4
00363,2021-10-04,Giải ba,504,5
00363,2021-10-04,Giải ba,344,6
00363,2021-10-04,Giải ba,999,7
00363,2021-10-04,Giải Đặc biệt,959,0
00363,2021-10-04,Giải Đặc biệt,372,1
00363,2021-10-04,Giải Nhất,100,0
00363,2021-10-04,Giải Nhất,784,1
00363,2021-10-04,Giải Nhất,361,2
00363,2021-10-04,Giải Nhất,021,3
00363,2021-10-04,Giải Nhì,341,0
00363,2021-10-04,Giải Nhì,464,1
00363,2021-10-04,Giải Nhì,914,2
00363,2021-10-04,Giải Nhì,174,3
00363,2021-10-04,Giải Nhì,679,4
00363,2021-10-04,Giải Nhì,150,5
00362,2021-10-01,Giải ba,929,0
00362,2021-10-01,Giải ba,722,1
00362,2021-10-01,Giải ba,887,2
00362,2021-10-01,Giải ba,701,3
00362,2021-10-01,Giải ba,126,4
00362,2021-10-01,Giải ba,661,5
00362,2021-10-01,Giải ba,666,6
00362,2021-10-01,Giải ba,378,7
00362,2021-10-01,Giải Đặc biệt,262,0
00362,2021-10-01,Giải Đặc biệt,686,1
00362,2021-10-01,Giải Nhất,465,0
00362,2021-10-01,Giải Nhất,519,1
00362,2021-10-01,Giải Nhất,885,2
00362,2021-10-01,Giải Nhất,315,3
00362,2021-10-01,Giải Nhì,241,0
00362,2021-10-01,Giải Nhì,529,1
00362,2021-10-01,Giải Nhì,342,2
00362,2021-10-01,Giải Nhì,371,3
00362,2021-10-01,Giải Nhì,425,4
00362,2021-10-01,Giải Nhì,338,5
00361,2021-09-29,Giải ba,890,0
00361,2021-09-29,Giải ba,977,1
00361,2021-09-29,Giải ba,450,2
00361,2021-09-29,Giải ba,602,3
00361,2021-09-29,Giải ba,443,4
00361,2021-09-29,Giải ba,860,5
00361,2021-09-29,Giải ba,476,6
00361,2021-09-29,Giải ba,817,7
00361,2021-09-29,Giải Đặc biệt,082,0
00361,2021-09-29,Giải Đặc biệt,701,1
00361,2021-09-29,Giải Nhất,781,0
00361,2021-09-29,Giải Nhất,817,1
00361,2021-09-29,Giải Nhất,503,2
00361,2021-09-29,Giải Nhất,711,3
00361,2021-09-29,Giải Nhì,325,0
00361,2021-09-29,Giải Nhì,810,1
00361,2021-09-29,Giải Nhì,564,2
00361,2021-09-29,Giải Nhì,536,3
00361,2021-09-29,Giải Nhì,446,4
00361,2021-09-29,Giải Nhì,470,5
00360,2021-09-27,Giải ba,904,0
00360,2021-09-27,Giải ba,701,1
00360,2021-09-27,Giải ba,582,2
00360,2021-09-27,Giải ba,933,3
00360,2021-09-27,Giải ba,997,4
00360,2021-09-27,Giải ba,223,5
00360,2021-09-27,Giải ba,731,6
00360,2021-09-27,Giải ba,028,7
00360,2021-09-27,Giải Đặc biệt,590,0
00360,2021-09-27,Giải Đặc biệt,440,1
00360,2021-09-27,Giải Nhất,583,0
00360,2021-09-27,Giải Nhất,447,1
00360,2021-09-27,Giải Nhất,141,2
00360,2021-09-27,Giải Nhất,728,3
00360,2021-09-27,Giải Nhì,936,0
00360,2021-09-27,Giải Nhì,701,1
00360,2021-09-27,Giải Nhì,106,2
00360,2021-09-27,Giải Nhì,342,3
00360,2021-09-27,Giải Nhì,325,4
00360,2021-09-27,Giải Nhì,981,5
00359,2021-09-24,Giải ba,991,0
00359,2021-09-24,Giải ba,656,1
00359,2021-09-24,Giải ba,786,2
00359,2021-09-24,Giải ba,377,3
00359,2021-09-24,Giải ba,384,4
00359,2021-09-24,Giải ba,425,5
00359,2021-09-24,Giải ba,856,6
00359,2021-09-24,Giải ba,909,7
00359,2021-09-24,Giải Đặc biệt,011,0
00359,2021-09-24,Giải Đặc biệt,272,1
00359,2021-09-24,Giải Nhất,754,0
00359,2021-09-24,Giải Nhất,730,1
00359,2021-09-24,Giải Nhất,768,2
00359,2021-09-24,Giải Nhất,204,3
00359,2021-09-24,Giải Nhì,947,0
00359,2021-09-24,Giải Nhì,734,1
00359,2021-09-24,Giải Nhì,836,2
00359,2021-09-24,Giải Nhì,900,3
00359,2021-09-24,Giải Nhì,128,4
00359,2021-09-24,Giải Nhì,524,5
00358,2021-09-22,Giải ba,032,0
00358,2021-09-22,Giải ba,406,1
00358,2021-09-22,Giải ba,174,2
00358,2021-09-22,Giải ba,572,3
00358,2021-09-22,Giải ba,051,4
00358,2021-09-22,Giải ba,773,5
00358,2021-09-22,Giải ba,947,6
00358,2021-09-22,Giải ba,138,7
00358,2021-09-22,Giải Đặc biệt,266,0
00358,2021-09-22,Giải Đặc biệt,281,1
00358,2021-09-22,Giải Nhất,844,0
00358,2021-09-22,Giải Nhất,255,1
00358,2021-09-22,Giải Nhất,341,2
00358,2021-09-22,Giải Nhất,302,3
00358,2021-09-22,Giải Nhì,336,0
00358,2021-09-22,Giải Nhì,793,1
00358,2021-09-22,Giải Nhì,709,2
00358,2021-09-22,Giải Nhì,685,3
00358,2021-09-22,Giải Nhì,466,4
00358,2021-09-22,Giải Nhì,643,5
00357,2021-09-20,Giải ba,518,0
00357,2021-09-20,Giải ba,784,1
00357,2021-09-20,Giải ba,063,2
00357,2021-09-20,Giải ba,147,3
00357,2021-09-20,Giải ba,058,4
00357,2021-09-20,Giải ba,121,5
00357,2021-09-20,Giải ba,646,6
00357,2021-09-20,Giải ba,302,7
00357,2021-09-20,Giải Đặc biệt,459,0
00357,2021-09-20,Giải Đặc biệt,358,1
00357,2021-09-20,Giải Nhất,166,0
00357,2021-09-20,Giải Nhất,138,1
00357,2021-09-20,Giải Nhất,337,2
00357,2021-09-20,Giải Nhất,763,3
00357,2021-09-20,Giải Nhì,377,0
00357,2021-09-20,Giải Nhì,837,1
00357,2021-09-20,Giải Nhì,394,2
00357,2021-09-20,Giải Nhì,229,3
00357,2021-09-20,Giải Nhì,214,4
00357,2021-09-20,Giải Nhì,701,5
00356,2021-09-17,Giải ba,206,0
00356,2021-09-17,Giải ba,318,1
00356,2021-09-17,Giải ba,802,2
00356,2021-09-17,Giải ba,897,3
00356,2021-09-17,Giải ba,943,4
00356,2021-09-17,Giải ba,834,5
00356,2021-09-17,Giải ba,477,6
00356,2021-09-17,Giải ba,116,7
00356,2021-09-17,Giải Đặc biệt,703,0
00356,2021-09-17,Giải Đặc biệt,823,1
00356,2021-09-17,Giải Nhất,767,0
00356,2021-09-17,Giải Nhất,104,1
00356,2021-09-17,Giải Nhất,855,2
00356,2021-09-17,Giải Nhất,771,3
00356,2021-09-17,Giải Nhì,598,0
00356,2021-09-17,Giải Nhì,841,1
00356,2021-09-17,Giải Nhì,083,2
00356,2021-09-17,Giải Nhì,919,3
00356,2021-09-17,Giải Nhì,984,4
00356,2021-09-17,Giải Nhì,951,5
00355,2021-09-15,Giải ba,205,0
00355,2021-09-15,Giải ba,846,1
00355,2021-09-15,Giải ba,586,2
00355,2021-09-15,Giải ba,581,3
00355,2021-09-15,Giải ba,217,4
00355,2021-09-15,Giải ba,531,5
00355,2021-09-15,Giải ba,989,6
00355,2021-09-15,Giải ba,209,7
00355,2021-09-15,Giải Đặc biệt,365,0
00355,2021-09-15,Giải Đặc biệt,681,1
00355,2021-09-15,Giải Nhất,939,0
00355,2021-09-15,Giải Nhất,105,1
00355,2021-09-15,Giải Nhất,956,2
00355,2021-09-15,Giải Nhất,037,3
00355,2021-09-15,Giải Nhì,496,0
00355,2021-09-15,Giải Nhì,241,1
00355,2021-09-15,Giải Nhì,148,2
00355,2021-09-15,Giải Nhì,921,3
00355,2021-09-15,Giải Nhì,936,4
00355,2021-09-15,Giải Nhì,890,5
00354,2021-09-13,Giải ba,516,0
00354,2021-09-13,Giải ba,896,1
00354,2021-09-13,Giải ba,142,2
00354,2021-09-13,Giải ba,536,3
00354,2021-09-13,Giải ba,961,4
00354,2021-09-13,Giải ba,160,5
00354,2021-09-13,Giải ba,276,6
00354,2021-09-13,Giải ba,038,7
00354,2021-09-13,Giải Đặc biệt,567,0
00354,2021-09-13,Giải Đặc biệt,917,1
00354,2021-09-13,Giải Nhất,620,0
00354,2021-09-13,Giải Nhất,536,1
00354,2021-09-13,Giải Nhất,487,2
00354,2021-09-13,Giải Nhất,394,3
00354,2021-09-13,Giải Nhì,877,0
00354,2021-09-13,Giải Nhì,758,1
00354,2021-09-13,Giải Nhì,231,2
00354,2021-09-13,Giải Nhì,041,3
00354,2021-09-13,Giải Nhì,219,4
00354,2021-09-13,Giải Nhì,542,5
00353,2021-09-10,Giải ba,382,0
00353,2021-09-10,Giải ba,253,1
00353,2021-09-10,Giải ba,690,2
00353,2021-09-10,Giải ba,021,3
00353,2021-09-10,Giải ba,189,4
00353,2021-09-10,Giải ba,269,5
00353,2021-09-10,Giải ba,992,6
00353,2021-09-10,Giải ba,039,7
00353,2021-09-10,Giải Đặc biệt,205,0
00353,2021-09-10,Giải Đặc biệt,562,1
00353,2021-09-10,Giải Nhất,098,0
00353,2021-09-10,Giải Nhất,676,1
00353,2021-09-10,Giải Nhất,317,2
00353,2021-09-10,Giải Nhất,065,3
00353,2021-09-10,Giải Nhì,030,0
00353,2021-09-10,Giải Nhì,827,1
00353,2021-09-10,Giải Nhì,340,2
00353,2021-09-10,Giải Nhì,795,3
00353,2021-09-10,Giải Nhì,466,4
00353,2021-09-10,Giải Nhì,434,5
00352,2021-09-08,Giải ba,515,0
00352,2021-09-08,Giải ba,778,1
00352,2021-09-08,Giải ba,283,2
00352,2021-09-08,Giải ba,268,3
00352,2021-09-08,Giải ba,890,4
00352,2021-09-08,Giải ba,096,5
00352,2021-09-08,Giải ba,492,6
00352,2021-09-08,Giải ba,553,7
00352,2021-09-08,Giải Đặc biệt,349,0
00352,2021-09-08,Giải Đặc biệt,931,1
00352,2021-09-08,Giải Nhất,121,0
00352,2021-09-08,Giải Nhất,886,1
00352,2021-09-08,Giải Nhất,919,2
00352,2021-09-08,Giải Nhất,089,3
00352,2021-09-08,Giải Nhì,629,0
00352,2021-09-08,Giải Nhì,330,1
00352,2021-09-08,Giải Nhì,152,2
00352,2021-09-08,Giải Nhì,372,3
00352,2021-09-08,Giải Nhì,470,4
00352,2021-09-08,Giải Nhì,913,5
00351,2021-09-06,Giải ba,315,0
00351,2021-09-06,Giải ba,777,1
00351,2021-09-06,Giải ba,968,2
00351,2021-09-06,Giải ba,258,3
00351,2021-09-06,Giải ba,940,4
00351,2021-09-06,Giải ba,895,5
00351,2021-09-06,Giải ba,404,6
00351,2021-09-06,Giải ba,253,7
00351,2021-09-06,Giải Đặc biệt,412,0
00351,2021-09-06,Giải Đặc biệt,160,1
00351,2021-09-06,Giải Nhất,658,0
00351,2021-09-06,Giải Nhất,381,1
00351,2021-09-06,Giải Nhất,408,2
00351,2021-09-06,Giải Nhất,457,3
00351,2021-09-06,Giải Nhì,369,0
00351,2021-09-06,Giải Nhì,570,1
00351,2021-09-06,Giải Nhì,920,2
00351,2021-09-06,Giải Nhì,654,3
00351,2021-09-06,Giải Nhì,058,4
00351,2021-09-06,Giải Nhì,074,5
00350,2021-09-03,Giải ba,726,0
00350,2021-09-03,Giải ba,942,1
00350,2021-09-03,Giải ba,924,2
00350,2021-09-03,Giải ba,295,3
00350,2021-09-03,Giải ba,027,4
00350,2021-09-03,Giải ba,026,5
00350,2021-09-03,Giải ba,757,6
00350,2021-09-03,Giải ba,359,7
00350,2021-09-03,Giải Đặc biệt,601,0
00350,2021-09-03,Giải Đặc biệt,254,1
00350,2021-09-03,Giải Nhất,333,0
00350,2021-09-03,Giải Nhất,582,1
00350,2021-09-03,Giải Nhất,128,2
00350,2021-09-03,Giải Nhất,243,3
00350,2021-09-03,Giải Nhì,158,0
00350,2021-09-03,Giải Nhì,129,1
00350,2021-09-03,Giải Nhì,062,2
00350,2021-09-03,Giải Nhì,028,3
00350,2021-09-03,Giải Nhì,222,4
00350,2021-09-03,Giải Nhì,250,5
00349,2021-09-01,Giải ba,334,0
00349,2021-09-01,Giải ba,936,1
00349,2021-09-01,Giải ba,766,2
00349,2021-09-01,Giải ba,551,3
00349,2021-09-01,Giải ba,980,4
00349,2021-09-01,Giải ba,709,5
00349,2021-09-01,Giải ba,965,6
00349,2021-09-01,Giải ba,665,7
00349,2021-09-01,Giải Đặc biệt,243,0
00349,2021-09-01,Giải Đặc biệt,646,1
00349,2021-09-01,Giải Nhất,532,0
00349,2021-09-01,Giải Nhất,754,1
00349,2021-09-01,Giải Nhất,411,2
00349,2021-09-01,Giải Nhất,802,3
00349,2021-09-01,Giải Nhì,097,0
00349,2021-09-01,Giải Nhì,247,1
00349,2021-09-01,Giải Nhì,631,2
00349,2021-09-01,Giải Nhì,377,3
00349,2021-09-01,Giải Nhì,167,4
00349,2021-09-01,Giải Nhì,505,5
00348,2021-08-30,Giải ba,560,0
00348,2021-08-30,Giải ba,269,1
00348,2021-08-30,Giải ba,939,2
00348,2021-08-30,Giải ba,637,3
00348,2021-08-30,Giải ba,610,4
00348,2021-08-30,Giải ba,175,5
00348,2021-08-30,Giải ba,809,6
00348,2021-08-30,Giải ba,542,7
00348,2021-08-30,Giải Đặc biệt,610,0
00348,2021-08-30,Giải Đặc biệt,138,1
00348,2021-08-30,Giải Nhất,917,0
00348,2021-08-30,Giải Nhất,021,1
00348,2021-08-30,Giải Nhất,277,2
00348,2021-08-30,Giải Nhất,546,3
00348,2021-08-30,Giải Nhì,819,0
00348,2021-08-30,Giải Nhì,438,1
00348,2021-08-30,Giải Nhì,558,2
00348,2021-08-30,Giải Nhì,690,3
00348,2021-08-30,Giải Nhì,700,4
00348,2021-08-30,Giải Nhì,157,5
00347,2021-08-27,Giải ba,008,0
00347,2021-08-27,Giải ba,318,1
00347,2021-08-27,Giải ba,701,2
00347,2021-08-27,Giải ba,181,3
00347,2021-08-27,Giải ba,421,4
00347,2021-08-27,Giải ba,142,5
00347,2021-08-27,Giải ba,707,6
00347,2021-08-27,Giải ba,085,7
00347,2021-08-27,Giải Đặc biệt,243,0
00347,2021-08-27,Giải Đặc biệt,558,1
00347,2021-08-27,Giải Nhất,557,0
00347,2021-08-27,Giải Nhất,144,1
00347,2021-08-27,Giải Nhất,253,2
00347,2021-08-27,Giải Nhất,426,3
00347,2021-08-27,Giải Nhì,587,0
00347,2021-08-27,Giải Nhì,939,1
00347,2021-08-27,Giải Nhì,077,2
00347,2021-08-27,Giải Nhì,344,3
00347,2021-08-27,Giải Nhì,353,4
00347,2021-08-27,Giải Nhì,339,5
00346,2021-08-25,Giải ba,808,0
00346,2021-08-25,Giải ba,849,1
00346,2021-08-25,Giải ba,298,2
00346,2021-08-25,Giải ba,387,3
00346,2021-08-25,Giải ba,719,4
00346,2021-08-25,Giải ba,696,5
00346,2021-08-25,Giải ba,546,6
00346,2021-08-25,Giải ba,421,7
00346,2021-08-25,Giải Đặc biệt,260,0
00346,2021-08-25,Giải Đặc biệt,952,1
00346,2021-08-25,Giải Nhất,554,0
00346,2021-08-25,Giải Nhất,581,1
00346,2021-08-25,Giải Nhất,798,2
00346,2021-08-25,Giải Nhất,886,3
00346,2021-08-25,Giải Nhì,531,0
00346,2021-08-25,Giải Nhì,489,1
00346,2021-08-25,Giải Nhì,400,2
00346,2021-08-25,Giải Nhì,401,3
00346,2021-08-25,Giải Nhì,158,4
00346,2021-08-25,Giải Nhì,256,5
00345,2021-08-23,Giải ba,628,0
00345,2021-08-23,Giải ba,715,1
00345,2021-08-23,Giải ba,360,2
00345,2021-08-23,Giải ba,609,3
00345,2021-08-23,Giải ba,372,4
00345,2021-08-23,Giải ba,355,5
00345,2021-08-23,Giải ba,391,6
00345,2021-08-23,Giải ba,779,7
00345,2021-08-23,Giải Đặc biệt,069,0
00345,2021-08-23,Giải Đặc biệt,085,1
00345,2021-08-23,Giải Nhất,002,0
00345,2021-08-23,Giải Nhất,086,1
00345,2021-08-23,Giải Nhất,328,2
00345,2021-08-23,Giải Nhất,587,3
00345,2021-08-23,Giải Nhì,826,0
00345,2021-08-23,Giải Nhì,161,1
00345,2021-08-23,Giải Nhì,150,2
00345,2021-08-23,Giải Nhì,719,3
00345,2021-08-23,Giải Nhì,112,4
00345,2021-08-23,Giải Nhì,240,5
00344,2021-08-20,Giải ba,671,0
00344,2021-08-20,Giải ba,107,1
00344,2021-08-20,Giải ba,353,2
00344,2021-08-20,Giải ba,677,3
00344,2021-08-20,Giải ba,001,4
00344,2021-08-20,Giải ba,554,5
00344,2021-08-20,Giải ba,858,6
00344,2021-08-20,Giải ba,824,7
00344,2021-08-20,Giải Đặc biệt,777,0
00344,2021-08-20,Giải Đặc biệt,774,1
00344,2021-08-20,Giải Nhất,077,0
00344,2021-08-20,Giải Nhất,638,1
00344,2021-08-20,Giải Nhất,939,2
00344,2021-08-20,Giải Nhất,482,3
00344,2021-08-20,Giải Nhì,059,0
00344,2021-08-20,Giải Nhì,829,1
00344,2021-08-20,Giải Nhì,686,2
00344,2021-08-20,Giải Nhì,316,3
00344,2021-08-20,Giải Nhì,861,4
00344,2021-08-20,Giải Nhì,972,5
00343,2021-08-18,Giải ba,377,0
00343,2021-08-18,Giải ba,875,1
00343,2021-08-18,Giải ba,177,2
00343,2021-08-18,Giải ba,646,3
00343,2021-08-18,Giải ba,120,4
00343,2021-08-18,Giải ba,175,5
00343,2021-08-18,Giải ba,513,6
00343,2021-08-18,Giải ba,601,7
00343,2021-08-18,Giải Đặc biệt,027,0
00343,2021-08-18,Giải Đặc biệt,389,1
00343,2021-08-18,Giải Nhất,998,0
00343,2021-08-18,Giải Nhất,973,1
00343,2021-08-18,Giải Nhất,243,2
00343,2021-08-18,Giải Nhất,136,3
00343,2021-08-18,Giải Nhì,484,0
00343,2021-08-18,Giải Nhì,527,1
00343,2021-08-18,Giải Nhì,324,2
00343,2021-08-18,Giải Nhì,859,3
00343,2021-08-18,Giải Nhì,428,4
00343,2021-08-18,Giải Nhì,499,5
00342,2021-07-23,Giải ba,803,0
00342,2021-07-23,Giải ba,058,1
00342,2021-07-23,Giải ba,250,2
00342,2021-07-23,Giải ba,128,3
00342,2021-07-23,Giải ba,969,4
00342,2021-07-23,Giải ba,653,5
00342,2021-07-23,Giải ba,152,6
00342,2021-07-23,Giải ba,416,7
00342,2021-07-23,Giải Đặc biệt,859,0
00342,2021-07-23,Giải Đặc biệt,330,1
00342,2021-07-23,Giải Nhất,863,0
00342,2021-07-23,Giải Nhất,931,1
00342,2021-07-23,Giải Nhất,816,2
00342,2021-07-23,Giải Nhất,141,3
00342,2021-07-23,Giải Nhì,764,0
00342,2021-07-23,Giải Nhì,903,1
00342,2021-07-23,Giải Nhì,106,2
00342,2021-07-23,Giải Nhì,927,3
00342,2021-07-23,Giải Nhì,721,4
00342,2021-07-23,Giải Nhì,579,5
00341,2021-07-21,Giải ba,574,0
00341,2021-07-21,Giải ba,167,1
00341,2021-07-21,Giải ba,473,2
00341,2021-07-21,Giải ba,618,3
00341,2021-07-21,Giải ba,919,4
00341,2021-07-21,Giải ba,597,5
00341,2021-07-21,Giải ba,722,6
00341,2021-07-21,Giải ba,632,7
00341,2021-07-21,Giải Đặc biệt,226,0
00341,2021-07-21,Giải Đặc biệt,409,1
00341,2021-07-21,Giải Nhất,372,0
00341,2021-07-21,Giải Nhất,404,1
00341,2021-07-21,Giải Nhất,137,2
00341,2021-07-21,Giải Nhất,989,3
00341,2021-07-21,Giải Nhì,155,0
00341,2021-07-21,Giải Nhì,001,1
00341,2021-07-21,Giải Nhì,499,2
00341,2021-07-21,Giải Nhì,153,3
00341,2021-07-21,Giải Nhì,176,4
00341,2021-07-21,Giải Nhì,885,5
00340,2021-07-19,Giải ba,806,0
00340,2021-07-19,Giải ba,247,1
00340,2021-07-19,Giải ba,491,2
00340,2021-07-19,Giải ba,806,3
00340,2021-07-19,Giải ba,973,4
00340,2021-07-19,Giải ba,547,5
00340,2021-07-19,Giải ba,058,6
00340,2021-07-19,Giải ba,616,7
00340,2021-07-19,Giải Đặc biệt,157,0
00340,2021-07-19,Giải Đặc biệt,466,1
00340,2021-07-19,Giải Nhất,891,0
00340,2021-07-19,Giải Nhất,653,1
00340,2021-07-19,Giải Nhất,686,2
00340,2021-07-19,Giải Nhất,578,3
00340,2021-07-19,Giải Nhì,165,0
00340,2021-07-19,Giải Nhì,994,1
00340,2021-07-19,Giải Nhì,911,2
00340,2021-07-19,Giải Nhì,260,3
00340,2021-07-19,Giải Nhì,657,4
00340,2021-07-19,Giải Nhì,215,5
00339,2021-07-16,Giải ba,004,0
00339,2021-07-16,Giải ba,227,1
00339,2021-07-16,Giải ba,474,2
00339,2021-07-16,Giải ba,986,3
00339,2021-07-16,Giải ba,919,4
00339,2021-07-16,Giải ba,986,5
00339,2021-07-16,Giải ba,214,6
00339,2021-07-16,Giải ba,074,7
00339,2021-07-16,Giải Đặc biệt,519,0
00339,2021-07-16,Giải Đặc biệt,092,1
00339,2021-07-16,Giải Nhất,857,0
00339,2021-07-16,Giải Nhất,129,1
00339,2021-07-16,Giải Nhất,593,2
00339,2021-07-16,Giải Nhất,525,3
00339,2021-07-16,Giải Nhì,941,0
00339,2021-07-16,Giải Nhì,972,1
00339,2021-07-16,Giải Nhì,502,2
00339,2021-07-16,Giải Nhì,267,3
00339,2021-07-16,Giải Nhì,809,4
00339,2021-07-16,Giải Nhì,013,5
00338,2021-07-14,Giải ba,178,0
00338,2021-07-14,Giải ba,157,1
00338,2021-07-14,Giải ba,676,2
00338,2021-07-14,Giải ba,431,3
00338,2021-07-14,Giải ba,705,4
00338,2021-07-14,Giải ba,496,5
00338,2021-07-14,Giải ba,161,6
00338,2021-07-14,Giải ba,667,7
00338,2021-07-14,Giải Đặc biệt,178,0
00338,2021-07-14,Giải Đặc biệt,539,1
00338,2021-07-14,Giải Nhất,876,0
00338,2021-07-14,Giải Nhất,030,1
00338,2021-07-14,Giải Nhất,530,2
00338,2021-07-14,Giải Nhất,498,3
00338,2021-07-14,Giải Nhì,166,0
00338,2021-07-14,Giải Nhì,702,1
00338,2021-07-14,Giải Nhì,215,2
00338,2021-07-14,Giải Nhì,217,3
00338,2021-07-14,Giải Nhì,677,4
00338,2021-07-14,Giải Nhì,224,5
00337,2021-07-12,Giải ba,829,0
00337,2021-07-12,Giải ba,224,1
00337,2021-07-12,Giải ba,396,2
00337,2021-07-12,Giải ba,547,3
00337,2021-07-12,Giải ba,052,4
00337,2021-07-12,Giải ba,721,5
00337,2021-07-12,Giải ba,879,6
00337,2021-07-12,Giải ba,239,7
00337,2021-07-12,Giải Đặc biệt,709,0
00337,2021-07-12,Giải Đặc biệt,189,1
00337,2021-07-12,Giải Nhất,513,0
00337,2021-07-12,Giải Nhất,979,1
00337,2021-07-12,Giải Nhất,332,2
00337,2021-07-12,Giải Nhất,493,3
00337,2021-07-12,Giải Nhì,579,0
00337,2021-07-12,Giải Nhì,688,1
00337,2021-07-12,Giải Nhì,128,2
00337,2021-07-12,Giải Nhì,415,3
00337,2021-07-12,Giải Nhì,157,4
00337,2021-07-12,Giải Nhì,224,5
00336,2021-07-09,Giải ba,661,0
00336,2021-07-09,Giải ba,752,1
00336,2021-07-09,Giải ba,255,2
00336,2021-07-09,Giải ba,586,3
00336,2021-07-09,Giải ba,391,4
00336,2021-07-09,Giải ba,496,5
00336,2021-07-09,Giải ba,896,6
00336,2021-07-09,Giải ba,259,7
00336,2021-07-09,Giải Đặc biệt,501,0
00336,2021-07-09,Giải Đặc biệt,277,1
00336,2021-07-09,Giải Nhất,235,0
00336,2021-07-09,Giải Nhất,413,1
00336,2021-07-09,Giải Nhất,225,2
00336,2021-07-09,Giải Nhất,774,3
00336,2021-07-09,Giải Nhì,342,0
00336,2021-07-09,Giải Nhì,155,1
00336,2021-07-09,Giải Nhì,717,2
00336,2021-07-09,Giải Nhì,940,3
00336,2021-07-09,Giải Nhì,838,4
00336,2021-07-09,Giải Nhì,914,5
00335,2021-07-07,Giải ba,398,0
00335,2021-07-07,Giải ba,913,1
00335,2021-07-07,Giải ba,366,2
00335,2021-07-07,Giải ba,548,3
00335,2021-07-07,Giải ba,432,4
00335,2021-07-07,Giải ba,617,5
00335,2021-07-07,Giải ba,157,6
00335,2021-07-07,Giải ba,391,7
00335,2021-07-07,Giải Đặc biệt,921,0
00335,2021-07-07,Giải Đặc biệt,449,1
00335,2021-07-07,Giải Nhất,480,0
00335,2021-07-07,Giải Nhất,490,1
00335,2021-07-07,Giải Nhất,708,2
00335,2021-07-07,Giải Nhất,721,3
00335,2021-07-07,Giải Nhì,086,0
00335,2021-07-07,Giải Nhì,998,1
00335,2021-07-07,Giải Nhì,534,2
00335,2021-07-07,Giải Nhì,891,3
00335,2021-07-07,Giải Nhì,143,4
00335,2021-07-07,Giải Nhì,210,5
00334,2021-07-05,Giải ba,636,0
00334,2021-07-05,Giải ba,625,1
00334,2021-07-05,Giải ba,574,2
00334,2021-07-05,Giải ba,618,3
00334,2021-07-05,Giải ba,252,4
00334,2021-07-05,Giải ba,414,5
00334,2021-07-05,Giải ba,003,6
00334,2021-07-05,Giải ba,914,7
00334,2021-07-05,Giải Đặc biệt,567,0
00334,2021-07-05,Giải Đặc biệt,807,1
00334,2021-07-05,Giải Nhất,764,0
00334,2021-07-05,Giải Nhất,482,1
00334,2021-07-05,Giải Nhất,463,2
00334,2021-07-05,Giải Nhất,442,3
00334,2021-07-05,Giải Nhì,147,0
00334,2021-07-05,Giải Nhì,518,1
00334,2021-07-05,Giải Nhì,532,2
00334,2021-07-05,Giải Nhì,610,3
00334,2021-07-05,Giải Nhì,957,4
00334,2021-07-05,Giải Nhì,717,5
00333,2021-07-02,Giải ba,341,0
00333,2021-07-02,Giải ba,565,1
00333,2021-07-02,Giải ba,100,2
00333,2021-07-02,Giải ba,289,3
00333,2021-07-02,Giải ba,182,4
00333,2021-07-02,Giải ba,552,5
00333,2021-07-02,Giải ba,116,6
00333,2021-07-02,Giải ba,916,7
00333,2021-07-02,Giải Đặc biệt,111,0
00333,2021-07-02,Giải Đặc biệt,453,1
00333,2021-07-02,Giải Nhất,416,0
00333,2021-07-02,Giải Nhất,423,1
00333,2021-07-02,Giải Nhất,076,2
00333,2021-07-02,Giải Nhất,675,3
00333,2021-07-02,Giải Nhì,931,0
00333,2021-07-02,Giải Nhì,633,1
00333,2021-07-02,Giải Nhì,826,2
00333,2021-07-02,Giải Nhì,849,3
00333,2021-07-02,Giải Nhì,933,4
00333,2021-07-02,Giải Nhì,331,5
00332,2021-06-30,Giải ba,776,0
00332,2021-06-30,Giải ba,347,1
00332,2021-06-30,Giải ba,976,2
00332,2021-06-30,Giải ba,382,3
00332,2021-06-30,Giải ba,021,4
00332,2021-06-30,Giải ba,941,5
00332,2021-06-30,Giải ba,719,6
00332,2021-06-30,Giải ba,807,7
00332,2021-06-30,Giải Đặc biệt,499,0
00332,2021-06-30,Giải Đặc biệt,134,1
00332,2021-06-30,Giải Nhất,802,0
00332,2021-06-30,Giải Nhất,986,1
00332,2021-06-30,Giải Nhất,509,2
00332,2021-06-30,Giải Nhất,289,3
00332,2021-06-30,Giải Nhì,375,0
00332,2021-06-30,Giải Nhì,649,1
00332,2021-06-30,Giải Nhì,857,2
00332,2021-06-30,Giải Nhì,206,3
00332,2021-06-30,Giải Nhì,815,4
00332,2021-06-30,Giải Nhì,465,5
00331,2021-06-28,Giải ba,449,0
00331,2021-06-28,Giải ba,943,1
00331,2021-06-28,Giải ba,176,2
00331,2021-06-28,Giải ba,786,3
00331,2021-06-28,Giải ba,669,4
00331,2021-06-28,Giải ba,897,5
00331,2021-06-28,Giải ba,121,6
00331,2021-06-28,Giải ba,859,7
00331,2021-06-28,Giải Đặc biệt,750,0
00331,2021-06-28,Giải Đặc biệt,352,1
00331,2021-06-28,Giải Nhất,576,0
00331,2021-06-28,Giải Nhất,517,1
00331,2021-06-28,Giải Nhất,036,2
00331,2021-06-28,Giải Nhất,370,3
00331,2021-06-28,Giải Nhì,402,0
00331,2021-06-28,Giải Nhì,176,1
00331,2021-06-28,Giải Nhì,606,2
00331,2021-06-28,Giải Nhì,670,3
00331,2021-06-28,Giải Nhì,630,4
00331,2021-06-28,Giải Nhì,889,5
00330,2021-06-25,Giải ba,808,0
00330,2021-06-25,Giải ba,578,1
00330,2021-06-25,Giải ba,006,2
00330,2021-06-25,Giải ba,997,3
00330,2021-06-25,Giải ba,321,4
00330,2021-06-25,Giải ba,640,5
00330,2021-06-25,Giải ba,788,6
00330,2021-06-25,Giải ba,402,7
00330,2021-06-25,Giải Đặc biệt,548,0
00330,2021-06-25,Giải Đặc biệt,546,1
00330,2021-06-25,Giải Nhất,384,0
00330,2021-06-25,Giải Nhất,672,1
00330,2021-06-25,Giải Nhất,596,2
00330,2021-06-25,Giải Nhất,256,3
00330,2021-06-25,Giải Nhì,296,0
00330,2021-06-25,Giải Nhì,131,1
00330,2021-06-25,Giải Nhì,198,2
00330,2021-06-25,Giải Nhì,731,3
00330,2021-06-25,Giải Nhì,359,4
00330,2021-06-25,Giải Nhì,121,5
00329,2021-06-23,Giải ba,674,0
00329,2021-06-23,Giải ba,367,1
00329,2021-06-23,Giải ba,409,2
00329,2021-06-23,Giải ba,251,3
00329,2021-06-23,Giải ba,573,4
00329,2021-06-23,Giải ba,919,5
00329,2021-06-23,Giải ba,077,6
00329,2021-06-23,Giải ba,655,7
00329,2021-06-23,Giải Đặc biệt,230,0
00329,2021-06-23,Giải Đặc biệt,926,1
00329,2021-06-23,Giải Nhất,002,0
00329,2021-06-23,Giải Nhất,466,1
00329,2021-06-23,Giải Nhất,160,2
00329,2021-06-23,Giải Nhất,483,3
00329,2021-06-23,Giải Nhì,389,0
00329,2021-06-23,Giải Nhì,573,1
00329,2021-06-23,Giải Nhì,375,2
00329,2021-06-23,Giải Nhì,639,3
00329,2021-06-23,Giải Nhì,589,4
00329,2021-06-23,Giải Nhì,867,5
00328,2021-06-21,Giải ba,585,0
00328,2021-06-21,Giải ba,163,1
00328,2021-06-21,Giải ba,311,2
00328,2021-06-21,Giải ba,305,3
00328,2021-06-21,Giải ba,022,4
00328,2021-06-21,Giải ba,122,5
00328,2021-06-21,Giải ba,144,6
00328,2021-06-21,Giải ba,835,7
00328,2021-06-21,Giải Đặc biệt,382,0
00328,2021-06-21,Giải Đặc biệt,729,1
00328,2021-06-21,Giải Nhất,112,0
00328,2021-06-21,Giải Nhất,308,1
00328,2021-06-21,Giải Nhất,752,2
00328,2021-06-21,Giải Nhất,547,3
00328,2021-06-21,Giải Nhì,766,0
00328,2021-06-21,Giải Nhì,528,1
00328,2021-06-21,Giải Nhì,332,2
00328,2021-06-21,Giải Nhì,676,3
00328,2021-06-21,Giải Nhì,043,4
00328,2021-06-21,Giải Nhì,197,5
00327,2021-06-18,Giải ba,514,0
00327,2021-06-18,Giải ba,637,1
00327,2021-06-18,Giải ba,171,2
00327,2021-06-18,Giải ba,017,3
00327,2021-06-18,Giải ba,382,4
00327,2021-06-18,Giải ba,754,5
00327,2021-06-18,Giải ba,261,6
00327,2021-06-18,Giải ba,739,7
00327,2021-06-18,Giải Đặc biệt,973,0
00327,2021-06-18,Giải Đặc biệt,172,1
00327,2021-06-18,Giải Nhất,343,0
00327,2021-06-18,Giải Nhất,799,1
00327,2021-06-18,Giải Nhất,951,2
00327,2021-06-18,Giải Nhất,849,3
00327,2021-06-18,Giải Nhì,159,0
00327,2021-06-18,Giải Nhì,222,1
00327,2021-06-18,Giải Nhì,694,2
00327,2021-06-18,Giải Nhì,155,3
00327,2021-06-18,Giải Nhì,870,4
00327,2021-06-18,Giải Nhì,856,5
00326,2021-06-16,Giải ba,037,0
00326,2021-06-16,Giải ba,577,1
00326,2021-06-16,Giải ba,155,2
00326,2021-06-16,Giải ba,775,3
00326,2021-06-16,Giải ba,456,4
00326,2021-06-16,Giải ba,491,5
00326,2021-06-16,Giải ba,179,6
00326,2021-06-16,Giải ba,699,7
00326,2021-06-16,Giải Đặc biệt,340,0
00326,2021-06-16,Giải Đặc biệt,533,1
00326,2021-06-16,Giải Nhất,865,0
00326,2021-06-16,Giải Nhất,968,1
00326,2021-06-16,Giải Nhất,010,2
00326,2021-06-16,Giải Nhất,491,3
00326,2021-06-16,Giải Nhì,323,0
00326,2021-06-16,Giải Nhì,125,1
00326,2021-06-16,Giải Nhì,572,2
00326,2021-06-16,Giải Nhì,033,3
00326,2021-06-16,Giải Nhì,626,4
00326,2021-06-16,Giải Nhì,546,5
00325,2021-06-14,Giải ba,839,0
00325,2021-06-14,Giải ba,602,1
00325,2021-06-14,Giải ba,506,2
00325,2021-06-14,Giải ba,114,3
00325,2021-06-14,Giải ba,770,4
00325,2021-06-14,Giải ba,776,5
00325,2021-06-14,Giải ba,361,6
00325,2021-06-14,Giải ba,217,7
00325,2021-06-14,Giải Đặc biệt,446,0
00325,2021-06-14,Giải Đặc biệt,617,1
00325,2021-06-14,Giải Nhất,039,0
00325,2021-06-14,Giải Nhất,888,1
00325,2021-06-14,Giải Nhất,754,2
00325,2021-06-14,Giải Nhất,228,3
00325,2021-06-14,Giải Nhì,039,0
00325,2021-06-14,Giải Nhì,936,1
00325,2021-06-14,Giải Nhì,104,2
00325,2021-06-14,Giải Nhì,462,3
00325,2021-06-14,Giải Nhì,748,4
00325,2021-06-14,Giải Nhì,081,5
00324,2021-06-11,Giải ba,855,0
00324,2021-06-11,Giải ba,278,1
00324,2021-06-11,Giải ba,841,2
00324,2021-06-11,Giải ba,139,3
00324,2021-06-11,Giải ba,662,4
00324,2021-06-11,Giải ba,211,5
00324,2021-06-11,Giải ba,126,6
00324,2021-06-11,Giải ba,751,7
00324,2021-06-11,Giải Đặc biệt,071,0
00324,2021-06-11,Giải Đặc biệt,441,1
00324,2021-06-11,Giải Nhất,580,0
00324,2021-06-11,Giải Nhất,580,1
00324,2021-06-11,Giải Nhất,058,2
00324,2021-06-11,Giải Nhất,627,3
00324,2021-06-11,Giải Nhì,507,0
00324,2021-06-11,Giải Nhì,396,1
00324,2021-06-11,Giải Nhì,390,2
00324,2021-06-11,Giải Nhì,130,3
00324,2021-06-11,Giải Nhì,366,4
00324,2021-06-11,Giải Nhì,564,5
00323,2021-06-09,Giải ba,529,0
00323,2021-06-09,Giải ba,424,1
00323,2021-06-09,Giải ba,196,2
00323,2021-06-09,Giải ba,455,3
00323,2021-06-09,Giải ba,888,4
00323,2021-06-09,Giải ba,133,5
00323,2021-06-09,Giải ba,933,6
00323,2021-06-09,Giải ba,973,7
00323,2021-06-09,Giải Đặc biệt,366,0
00323,2021-06-09,Giải Đặc biệt,086,1
00323,2021-06-09,Giải Nhất,786,0
00323,2021-06-09,Giải Nhất,323,1
00323,2021-06-09,Giải Nhất,098,2
00323,2021-06-09,Giải Nhất,480,3
00323,2021-06-09,Giải Nhì,843,0
00323,2021-06-09,Giải Nhì,734,1
00323,2021-06-09,Giải Nhì,632,2
00323,2021-06-09,Giải Nhì,827,3
00323,2021-06-09,Giải Nhì,439,4
00323,2021-06-09,Giải Nhì,926,5
00322,2021-06-07,Giải ba,656,0
00322,2021-06-07,Giải ba,020,1
00322,2021-06-07,Giải ba,925,2
00322,2021-06-07,Giải ba,528,3
00322,2021-06-07,Giải ba,305,4
00322,2021-06-07,Giải ba,520,5
00322,2021-06-07,Giải ba,382,6
00322,2021-06-07,Giải ba,283,7
00322,2021-06-07,Giải Đặc biệt,114,0
00322,2021-06-07,Giải Đặc biệt,751,1
00322,2021-06-07,Giải Nhất,745,0
00322,2021-06-07,Giải Nhất,606,1
00322,2021-06-07,Giải Nhất,181,2
00322,2021-06-07,Giải Nhất,926,3
00322,2021-06-07,Giải Nhì,891,0
00322,2021-06-07,Giải Nhì,319,1
00322,2021-06-07,Giải Nhì,222,2
00322,2021-06-07,Giải Nhì,391,3
00322,2021-06-07,Giải Nhì,329,4
00322,2021-06-07,Giải Nhì,953,5
00321,2021-06-04,Giải ba,404,0
00321,2021-06-04,Giải ba,984,1
00321,2021-06-04,Giải ba,799,2
00321,2021-06-04,Giải ba,759,3
00321,2021-06-04,Giải ba,443,4
00321,2021-06-04,Giải ba,037,5
00321,2021-06-04,Giải ba,411,6
00321,2021-06-04,Giải ba,158,7
00321,2021-06-04,Giải Đặc biệt,760,0
00321,2021-06-04,Giải Đặc biệt,239,1
00321,2021-06-04,Giải Nhất,917,0
00321,2021-06-04,Giải Nhất,354,1
00321,2021-06-04,Giải Nhất,075,2
00321,2021-06-04,Giải Nhất,838,3
00321,2021-06-04,Giải Nhì,587,0
00321,2021-06-04,Giải Nhì,620,1
00321,2021-06-04,Giải Nhì,853,2
00321,2021-06-04,Giải Nhì,955,3
00321,2021-06-04,Giải Nhì,796,4
00321,2021-06-04,Giải Nhì,229,5
00320,2021-06-02,Giải ba,533,0
00320,2021-06-02,Giải ba,030,1
00320,2021-06-02,Giải ba,277,2
00320,2021-06-02,Giải ba,237,3
00320,2021-06-02,Giải ba,993,4
00320,2021-06-02,Giải ba,935,5
00320,2021-06-02,Giải ba,314,6
00320,2021-06-02,Giải ba,928,7
00320,2021-06-02,Giải Đặc biệt,104,0
00320,2021-06-02,Giải Đặc biệt,555,1
00320,2021-06-02,Giải Nhất,481,0
00320,2021-06-02,Giải Nhất,038,1
00320,2021-06-02,Giải Nhất,421,2
00320,2021-06-02,Giải Nhất,922,3
00320,2021-06-02,Giải Nhì,968,0
00320,2021-06-02,Giải Nhì,549,1
00320,2021-06-02,Giải Nhì,999,2
00320,2021-06-02,Giải Nhì,769,3
00320,2021-06-02,Giải Nhì,669,4
00320,2021-06-02,Giải Nhì,529,5
00319,2021-05-31,Giải ba,485,0
00319,2021-05-31,Giải ba,513,1
00319,2021-05-31,Giải ba,531,2
00319,2021-05-31,Giải ba,732,3
00319,2021-05-31,Giải ba,793,4
00319,2021-05-31,Giải ba,087,5
00319,2021-05-31,Giải ba,909,6
00319,2021-05-31,Giải ba,304,7
00319,2021-05-31,Giải Đặc biệt,678,0
00319,2021-05-31,Giải Đặc biệt,743,1
00319,2021-05-31,Giải Nhất,664,0
00319,2021-05-31,Giải Nhất,443,1
00319,2021-05-31,Giải Nhất,734,2
00319,2021-05-31,Giải Nhất,903,3
00319,2021-05-31,Giải Nhì,454,0
00319,2021-05-31,Giải Nhì,700,1
00319,2021-05-31,Giải Nhì,610,2
00319,2021-05-31,Giải Nhì,746,3
00319,2021-05-31,Giải Nhì,790,4
00319,2021-05-31,Giải Nhì,278,5
00318,2021-05-28,Giải ba,731,0
00318,2021-05-28,Giải ba,226,1
00318,2021-05-28,Giải ba,182,2
00318,2021-05-28,Giải ba,087,3
00318,2021-05-28,Giải ba,060,4
00318,2021-05-28,Giải ba,952,5
00318,2021-05-28,Giải ba,030,6
00318,2021-05-28,Giải ba,290,7
00318,2021-05-28,Giải Đặc biệt,101,0
00318,2021-05-28,Giải Đặc biệt,040,1
00318,2021-05-28,Giải Nhất,720,0
00318,2021-05-28,Giải Nhất,248,1
00318,2021-05-28,Giải Nhất,242,2
00318,2021-05-28,Giải Nhất,461,3
00318,2021-05-28,Giải Nhì,530,0
00318,2021-05-28,Giải Nhì,336,1
00318,2021-05-28,Giải Nhì,082,2
00318,2021-05-28,Giải Nhì,060,3
00318,2021-05-28,Giải Nhì,037,4
00318,2021-05-28,Giải Nhì,696,5
00317,2021-05-26,Giải ba,158,0
00317,2021-05-26,Giải ba,147,1
00317,2021-05-26,Giải ba,145,2
00317,2021-05-26,Giải ba,422,3
00317,2021-05-26,Giải ba,377,4
00317,2021-05-26,Giải ba,349,5
00317,2021-05-26,Giải ba,793,6
00317,2021-05-26,Giải ba,840,7
00317,2021-05-26,Giải Đặc biệt,055,0
00317,2021-05-26,Giải Đặc biệt,304,1
00317,2021-05-26,Giải Nhất,244,0
00317,2021-05-26,Giải Nhất,542,1
00317,2021-05-26,Giải Nhất,251,2
00317,2021-05-26,Giải Nhất,668,3
00317,2021-05-26,Giải Nhì,326,0
00317,2021-05-26,Giải Nhì,712,1
00317,2021-05-26,Giải Nhì,617,2
00317,2021-05-26,Giải Nhì,041,3
00317,2021-05-26,Giải Nhì,079,4
00317,2021-05-26,Giải Nhì,079,5
00316,2021-05-24,Giải ba,937,0
00316,2021-05-24,Giải ba,462,1
00316,2021-05-24,Giải ba,329,2
00316,2021-05-24,Giải ba,637,3
00316,2021-05-24,Giải ba,760,4
00316,2021-05-24,Giải ba,228,5
00316,2021-05-24,Giải ba,889,6
00316,2021-05-24,Giải ba,103,7
00316,2021-05-24,Giải Đặc biệt,074,0
00316,2021-05-24,Giải Đặc biệt,069,1
00316,2021-05-24,Giải Nhất,497,0
00316,2021-05-24,Giải Nhất,279,1
00316,2021-05-24,Giải Nhất,184,2
00316,2021-05-24,Giải Nhất,015,3
00316,2021-05-24,Giải Nhì,775,0
00316,2021-05-24,Giải Nhì,916,1
00316,2021-05-24,Giải Nhì,181,2
00316,2021-05-24,Giải Nhì,116,3
00316,2021-05-24,Giải Nhì,185,4
00316,2021-05-24,Giải Nhì,566,5
00315,2021-05-21,Giải ba,886,0
00315,2021-05-21,Giải ba,428,1
00315,2021-05-21,Giải ba,431,2
00315,2021-05-21,Giải ba,850,3
00315,2021-05-21,Giải ba,570,4
00315,2021-05-21,Giải ba,403,5
00315,2021-05-21,Giải ba,970,6
00315,2021-05-21,Giải ba,821,7
00315,2021-05-21,Giải Đặc biệt,621,0
00315,2021-05-21,Giải Đặc biệt,161,1
00315,2021-05-21,Giải Nhất,391,0
00315,2021-05-21,Giải Nhất,968,1
00315,2021-05-21,Giải Nhất,654,2
00315,2021-05-21,Giải Nhất,858,3
00315,2021-05-21,Giải Nhì,644,0
00315,2021-05-21,Giải Nhì,075,1
00315,2021-05-21,Giải Nhì,052,2
00315,2021-05-21,Giải Nhì,072,3
00315,2021-05-21,Giải Nhì,619,4
00315,2021-05-21,Giải Nhì,192,5
00314,2021-05-19,Giải ba,932,0
00314,2021-05-19,Giải ba,099,1
00314,2021-05-19,Giải ba,702,2
00314,2021-05-19,Giải ba,306,3
00314,2021-05-19,Giải ba,950,4
00314,2021-05-19,Giải ba,340,5
00314,2021-05-19,Giải ba,265,6
00314,2021-05-19,Giải ba,028,7
00314,2021-05-19,Giải Đặc biệt,883,0
00314,2021-05-19,Giải Đặc biệt,002,1
00314,2021-05-19,Giải Nhất,590,0
00314,2021-05-19,Giải Nhất,898,1
00314,2021-05-19,Giải Nhất,412,2
00314,2021-05-19,Giải Nhất,288,3
00314,2021-05-19,Giải Nhì,691,0
00314,2021-05-19,Giải Nhì,597,1
00314,2021-05-19,Giải Nhì,683,2
00314,2021-05-19,Giải Nhì,646,3
00314,2021-05-19,Giải Nhì,984,4
00314,2021-05-19,Giải Nhì,619,5
00313,2021-05-17,Giải ba,152,0
00313,2021-05-17,Giải ba,263,1
00313,2021-05-17,Giải ba,425,2
00313,2021-05-17,Giải ba,473,3
00313,2021-05-17,Giải ba,882,4
00313,2021-05-17,Giải ba,949,5
00313,2021-05-17,Giải ba,239,6
00313,2021-05-17,Giải ba,023,7
00313,2021-05-17,Giải Đặc biệt,727,0
00313,2021-05-17,Giải Đặc biệt,916,1
00313,2021-05-17,Giải Nhất,486,0
00313,2021-05-17,Giải Nhất,164,1
00313,2021-05-17,Giải Nhất,572,2
00313,2021-05-17,Giải Nhất,846,3
00313,2021-05-17,Giải Nhì,175,0
00313,2021-05-17,Giải Nhì,470,1
00313,2021-05-17,Giải Nhì,490,2
00313,2021-05-17,Giải Nhì,227,3
00313,2021-05-17,Giải Nhì,304,4
00313,2021-05-17,Giải Nhì,702,5
00312,2021-05-14,Giải ba,217,0
00312,2021-05-14,Giải ba,451,1
00312,2021-05-14,Giải ba,317,2
00312,2021-05-14,Giải ba,211,3
00312,2021-05-14,Giải ba,511,4
00312,2021-05-14,Giải ba,182,5
00312,2021-05-14,Giải ba,192,6
00312,2021-05-14,Giải ba,165,7
00312,2021-05-14,Giải Đặc biệt,946,0
00312,2021-05-14,Giải Đặc biệt,285,1
00312,2021-05-14,Giải Nhất,765,0
00312,2021-05-14,Giải Nhất,560,1
00312,2021-05-14,Giải Nhất,650,2
00312,2021-05-14,Giải Nhất,993,3
00312,2021-05-14,Giải Nhì,983,0
00312,2021-05-14,Giải Nhì,953,1
00312,2021-05-14,Giải Nhì,476,2
00312,2021-05-14,Giải Nhì,188,3
00312,2021-05-14,Giải Nhì,795,4
00312,2021-05-14,Giải Nhì,518,5
00311,2021-05-12,Giải ba,962,0
00311,2021-05-12,Giải ba,281,1
00311,2021-05-12,Giải ba,256,2
00311,2021-05-12,Giải ba,127,3
00311,2021-05-12,Giải ba,322,4
00311,2021-05-12,Giải ba,863,5
00311,2021-05-12,Giải ba,068,6
00311,2021-05-12,Giải ba,610,7
00311,2021-05-12,Giải Đặc biệt,321,0
00311,2021-05-12,Giải Đặc biệt,349,1
00311,2021-05-12,Giải Nhất,573,0
00311,2021-05-12,Giải Nhất,060,1
00311,2021-05-12,Giải Nhất,966,2
00311,2021-05-12,Giải Nhất,133,3
00311,2021-05-12,Giải Nhì,804,0
00311,2021-05-12,Giải Nhì,562,1
00311,2021-05-12,Giải Nhì,661,2
00311,2021-05-12,Giải Nhì,787,3
00311,2021-05-12,Giải Nhì,903,4
00311,2021-05-12,Giải Nhì,617,5
00310,2021-05-10,Giải ba,005,0
00310,2021-05-10,Giải ba,914,1
00310,2021-05-10,Giải ba,037,2
00310,2021-05-10,Giải ba,386,3
00310,2021-05-10,Giải ba,419,4
00310,2021-05-10,Giải ba,192,5
00310,2021-05-10,Giải ba,404,6
00310,2021-05-10,Giải ba,919,7
00310,2021-05-10,Giải Đặc biệt,584,0
00310,2021-05-10,Giải Đặc biệt,934,1
00310,2021-05-10,Giải Nhất,496,0
00310,2021-05-10,Giải Nhất,835,1
00310,2021-05-10,Giải Nhất,875,2
00310,2021-05-10,Giải Nhất,293,3
00310,2021-05-10,Giải Nhì,866,0
00310,2021-05-10,Giải Nhì,418,1
00310,2021-05-10,Giải Nhì,393,2
00310,2021-05-10,Giải Nhì,512,3
00310,2021-05-10,Giải Nhì,718,4
00310,2021-05-10,Giải Nhì,197,5
00309,2021-05-07,Giải ba,117,0
00309,2021-05-07,Giải ba,073,1
00309,2021-05-07,Giải ba,381,2
00309,2021-05-07,Giải ba,032,3
00309,2021-05-07,Giải ba,166,4
00309,2021-05-07,Giải ba,684,5
00309,2021-05-07,Giải ba,239,6
00309,2021-05-07,Giải ba,524,7
00309,2021-05-07,Giải Đặc biệt,105,0
00309,2021-05-07,Giải Đặc biệt,487,1
00309,2021-05-07,Giải Nhất,151,0
00309,2021-05-07,Giải Nhất,081,1
00309,2021-05-07,Giải Nhất,975,2
00309,2021-05-07,Giải Nhất,719,3
00309,2021-05-07,Giải Nhì,485,0
00309,2021-05-07,Giải Nhì,216,1
00309,2021-05-07,Giải Nhì,868,2
00309,2021-05-07,Giải Nhì,145,3
00309,2021-05-07,Giải Nhì,737,4
00309,2021-05-07,Giải Nhì,505,5
00308,2021-05-05,Giải ba,204,0
00308,2021-05-05,Giải ba,539,1
00308,2021-05-05,Giải ba,792,2
00308,2021-05-05,Giải ba,303,3
00308,2021-05-05,Giải ba,484,4
00308,2021-05-05,Giải ba,209,5
00308,2021-05-05,Giải ba,557,6
00308,2021-05-05,Giải ba,063,7
00308,2021-05-05,Giải Đặc biệt,939,0
00308,2021-05-05,Giải Đặc biệt,719,1
00308,2021-05-05,Giải Nhất,317,0
00308,2021-05-05,Giải Nhất,371,1
00308,2021-05-05,Giải Nhất,492,2
00308,2021-05-05,Giải Nhất,267,3
00308,2021-05-05,Giải Nhì,857,0
00308,2021-05-05,Giải Nhì,910,1
00308,2021-05-05,Giải Nhì,867,2
00308,2021-05-05,Giải Nhì,856,3
00308,2021-05-05,Giải Nhì,392,4
00308,2021-05-05,Giải Nhì,892,5
00307,2021-05-03,Giải ba,079,0
00307,2021-05-03,Giải ba,179,1
00307,2021-05-03,Giải ba,918,2
00307,2021-05-03,Giải ba,485,3
00307,2021-05-03,Giải ba,306,4
00307,2021-05-03,Giải ba,860,5
00307,2021-05-03,Giải ba,210,6
00307,2021-05-03,Giải ba,551,7
00307,2021-05-03,Giải Đặc biệt,872,0
00307,2021-05-03,Giải Đặc biệt,096,1
00307,2021-05-03,Giải Nhất,731,0
00307,2021-05-03,Giải Nhất,646,1
00307,2021-05-03,Giải Nhất,111,2
00307,2021-05-03,Giải Nhất,222,3
00307,2021-05-03,Giải Nhì,025,0
00307,2021-05-03,Giải Nhì,587,1
00307,2021-05-03,Giải Nhì,407,2
00307,2021-05-03,Giải Nhì,161,3
00307,2021-05-03,Giải Nhì,558,4
00307,2021-05-03,Giải Nhì,268,5
00306,2021-04-30,Giải ba,622,0
00306,2021-04-30,Giải ba,721,1
00306,2021-04-30,Giải ba,830,2
00306,2021-04-30,Giải ba,987,3
00306,2021-04-30,Giải ba,237,4
00306,2021-04-30,Giải ba,536,5
00306,2021-04-30,Giải ba,350,6
00306,2021-04-30,Giải ba,546,7
00306,2021-04-30,Giải Đặc biệt,380,0
00306,2021-04-30,Giải Đặc biệt,919,1
00306,2021-04-30,Giải Nhất,263,0
00306,2021-04-30,Giải Nhất,039,1
00306,2021-04-30,Giải Nhất,556,2
00306,2021-04-30,Giải Nhất,562,3
00306,2021-04-30,Giải Nhì,810,0
00306,2021-04-30,Giải Nhì,287,1
00306,2021-04-30,Giải Nhì,123,2
00306,2021-04-30,Giải Nhì,368,3
00306,2021-04-30,Giải Nhì,771,4
00306,2021-04-30,Giải Nhì,450,5
00305,2021-04-28,Giải ba,593,0
00305,2021-04-28,Giải ba,021,1
00305,2021-04-28,Giải ba,684,2
00305,2021-04-28,Giải ba,562,3
00305,2021-04-28,Giải ba,784,4
00305,2021-04-28,Giải ba,784,5
00305,2021-04-28,Giải ba,056,6
00305,2021-04-28,Giải ba,347,7
00305,2021-04-28,Giải Đặc biệt,320,0
00305,2021-04-28,Giải Đặc biệt,752,1
00305,2021-04-28,Giải Nhất,751,0
00305,2021-04-28,Giải Nhất,683,1
00305,2021-04-28,Giải Nhất,120,2
00305,2021-04-28,Giải Nhất,721,3
00305,2021-04-28,Giải Nhì,524,0
00305,2021-04-28,Giải Nhì,613,1
00305,2021-04-28,Giải Nhì,267,2
00305,2021-04-28,Giải Nhì,369,3
00305,2021-04-28,Giải Nhì,307,4
00305,2021-04-28,Giải Nhì,449,5
00304,2021-04-26,Giải ba,615,0
00304,2021-04-26,Giải ba,726,1
00304,2021-04-26,Giải ba,886,2
00304,2021-04-26,Giải ba,641,3
00304,2021-04-26,Giải ba,474,4
00304,2021-04-26,Giải ba,393,5
00304,2021-04-26,Giải ba,261,6
00304,2021-04-26,Giải ba,326,7
00304,2021-04-26,Giải Đặc biệt,337,0
00304,2021-04-26,Giải Đặc biệt,470,1
00304,2021-04-26,Giải Nhất,803,0
00304,2021-04-26,Giải Nhất,822,1
00304,2021-04-26,Giải Nhất,990,2
00304,2021-04-26,Giải Nhất,945,3
00304,2021-04-26,Giải Nhì,800,0
00304,2021-04-26,Giải Nhì,105,1
00304,2021-04-26,Giải Nhì,649,2
00304,2021-04-26,Giải Nhì,706,3
00304,2021-04-26,Giải Nhì,849,4
00304,2021-04-26,Giải Nhì,463,5
00303,2021-04-23,Giải ba,675,0
00303,2021-04-23,Giải ba,818,1
00303,2021-04-23,Giải ba,396,2
00303,2021-04-23,Giải ba,013,3
00303,2021-04-23,Giải ba,234,4
00303,2021-04-23,Giải ba,182,5
00303,2021-04-23,Giải ba,570,6
00303,2021-04-23,Giải ba,539,7
00303,2021-04-23,Giải Đặc biệt,993,0
00303,2021-04-23,Giải Đặc biệt,890,1
00303,2021-04-23,Giải Nhất,444,0
00303,2021-04-23,Giải Nhất,551,1
00303,2021-04-23,Giải Nhất,868,2
00303,2021-04-23,Giải Nhất,604,3
00303,2021-04-23,Giải Nhì,227,0
00303,2021-04-23,Giải Nhì,258,1
00303,2021-04-23,Giải Nhì,078,2
00303,2021-04-23,Giải Nhì,412,3
00303,2021-04-23,Giải Nhì,969,4
00303,2021-04-23,Giải Nhì,137,5
00302,2021-04-21,Giải ba,196,0
00302,2021-04-21,Giải ba,224,1
00302,2021-04-21,Giải ba,515,2
00302,2021-04-21,Giải ba,832,3
00302,2021-04-21,Giải ba,596,4
00302,2021-04-21,Giải ba,940,5
00302,2021-04-21,Giải ba,847,6
00302,2021-04-21,Giải ba,720,7
00302,2021-04-21,Giải Đặc biệt,532,0
00302,2021-04-21,Giải Đặc biệt,419,1
00302,2021-04-21,Giải Nhất,247,0
00302,2021-04-21,Giải Nhất,375,1
00302,2021-04-21,Giải Nhất,499,2
00302,2021-04-21,Giải Nhất,321,3
00302,2021-04-21,Giải Nhì,007,0
00302,2021-04-21,Giải Nhì,958,1
00302,2021-04-21,Giải Nhì,510,2
00302,2021-04-21,Giải Nhì,265,3
00302,2021-04-21,Giải Nhì,376,4
00302,2021-04-21,Giải Nhì,047,5
00301,2021-04-19,Giải ba,145,0
00301,2021-04-19,Giải ba,548,1
00301,2021-04-19,Giải ba,367,2
00301,2021-04-19,Giải ba,835,3
00301,2021-04-19,Giải ba,228,4
00301,2021-04-19,Giải ba,704,5
00301,2021-04-19,Giải ba,051,6
00301,2021-04-19,Giải ba,690,7
00301,2021-04-19,Giải Đặc biệt,990,0
00301,2021-04-19,Giải Đặc biệt,222,1
00301,2021-04-19,Giải Nhất,023,0
00301,2021-04-19,Giải Nhất,411,1
00301,2021-04-19,Giải Nhất,797,2
00301,2021-04-19,Giải Nhất,884,3
00301,2021-04-19,Giải Nhì,730,0
00301,2021-04-19,Giải Nhì,225,1
00301,2021-04-19,Giải Nhì,867,2
00301,2021-04-19,Giải Nhì,017,3
00301,2021-04-19,Giải Nhì,231,4
00301,2021-04-19,Giải Nhì,457,5
00300,2021-04-16,Giải ba,880,0
00300,2021-04-16,Giải ba,625,1
00300,2021-04-16,Giải ba,515,2
00300,2021-04-16,Giải ba,520,3
00300,2021-04-16,Giải ba,574,4
00300,2021-04-16,Giải ba,086,5
00300,2021-04-16,Giải ba,195,6
00300,2021-04-16,Giải ba,636,7
00300,2021-04-16,Giải Đặc biệt,052,0
00300,2021-04-16,Giải Đặc biệt,683,1
00300,2021-04-16,Giải Nhất,506,0
00300,2021-04-16,Giải Nhất,707,1
00300,2021-04-16,Giải Nhất,853,2
00300,2021-04-16,Giải Nhất,226,3
00300,2021-04-16,Giải Nhì,441,0
00300,2021-04-16,Giải Nhì,450,1
00300,2021-04-16,Giải Nhì,569,2
00300,2021-04-16,Giải Nhì,891,3
00300,2021-04-16,Giải Nhì,159,4
00300,2021-04-16,Giải Nhì,877,5
00299,2021-04-14,Giải ba,734,0
00299,2021-04-14,Giải ba,007,1
00299,2021-04-14,Giải ba,091,2
00299,2021-04-14,Giải ba,849,3
00299,2021-04-14,Giải ba,430,4
00299,2021-04-14,Giải ba,029,5
00299,2021-04-14,Giải ba,301,6
00299,2021-04-14,Giải ba,111,7
00299,2021-04-14,Giải Đặc biệt,654,0
00299,2021-04-14,Giải Đặc biệt,993,1
00299,2021-04-14,Giải Nhất,070,0
00299,2021-04-14,Giải Nhất,378,1
00299,2021-04-14,Giải Nhất,803,2
00299,2021-04-14,Giải Nhất,281,3
00299,2021-04-14,Giải Nhì,715,0
00299,2021-04-14,Giải Nhì,395,1
00299,2021-04-14,Giải Nhì,241,2
00299,2021-04-14,Giải Nhì,720,3
00299,2021-04-14,Giải Nhì,654,4
00299,2021-04-14,Giải Nhì,827,5
00298,2021-04-12,Giải ba,398,0
00298,2021-04-12,Giải ba,797,1
00298,2021-04-12,Giải ba,937,2
00298,2021-04-12,Giải ba,877,3
00298,2021-04-12,Giải ba,459,4
00298,2021-04-12,Giải ba,441,5
00298,2021-04-12,Giải ba,004,6
00298,2021-04-12,Giải ba,709,7
00298,2021-04-12,Giải Đặc biệt,702,0
00298,2021-04-12,Giải Đặc biệt,591,1
00298,2021-04-12,Giải Nhất,679,0
00298,2021-04-12,Giải Nhất,636,1
00298,2021-04-12,Giải Nhất,743,2
00298,2021-04-12,Giải Nhất,853,3
00298,2021-04-12,Giải Nhì,551,0
00298,2021-04-12,Giải Nhì,211,1
00298,2021-04-12,Giải Nhì,786,2
00298,2021-04-12,Giải Nhì,668,3
00298,2021-04-12,Giải Nhì,012,4
00298,2021-04-12,Giải Nhì,977,5
00297,2021-04-09,Giải ba,012,0
00297,2021-04-09,Giải ba,906,1
00297,2021-04-09,Giải ba,832,2
00297,2021-04-09,Giải ba,984,3
00297,2021-04-09,Giải ba,252,4
00297,2021-04-09,Giải ba,425,5
00297,2021-04-09,Giải ba,214,6
00297,2021-04-09,Giải ba,786,7
00297,2021-04-09,Giải Đặc biệt,068,0
00297,2021-04-09,Giải Đặc biệt,458,1
00297,2021-04-09,Giải Nhất,003,0
00297,2021-04-09,Giải Nhất,210,1
00297,2021-04-09,Giải Nhất,387,2
00297,2021-04-09,Giải Nhất,195,3
00297,2021-04-09,Giải Nhì,302,0
00297,2021-04-09,Giải Nhì,671,1
00297,2021-04-09,Giải Nhì,770,2
00297,2021-04-09,Giải Nhì,141,3
00297,2021-04-09,Giải Nhì,259,4
00297,2021-04-09,Giải Nhì,542,5
00296,2021-04-07,Giải ba,423,0
00296,2021-04-07,Giải ba,612,1
00296,2021-04-07,Giải ba,378,2
00296,2021-04-07,Giải ba,857,3
00296,2021-04-07,Giải ba,935,4
00296,2021-04-07,Giải ba,283,5
00296,2021-04-07,Giải ba,644,6
00296,2021-04-07,Giải ba,474,7
00296,2021-04-07,Giải Đặc biệt,364,0
00296,2021-04-07,Giải Đặc biệt,247,1
00296,2021-04-07,Giải Nhất,380,0
00296,2021-04-07,Giải Nhất,311,1
00296,2021-04-07,Giải Nhất,187,2
00296,2021-04-07,Giải Nhất,405,3
00296,2021-04-07,Giải Nhì,968,0
00296,2021-04-07,Giải Nhì,125,1
00296,2021-04-07,Giải Nhì,979,2
00296,2021-04-07,Giải Nhì,706,3
00296,2021-04-07,Giải Nhì,000,4
00296,2021-04-07,Giải Nhì,450,5
00295,2021-04-05,Giải ba,275,0
00295,2021-04-05,Giải ba,276,1
00295,2021-04-05,Giải ba,394,2
00295,2021-04-05,Giải ba,763,3
00295,2021-04-05,Giải ba,013,4
00295,2021-04-05,Giải ba,743,5
00295,2021-04-05,Giải ba,035,6
00295,2021-04-05,Giải ba,222,7
00295,2021-04-05,Giải Đặc biệt,540,0
00295,2021-04-05,Giải Đặc biệt,135,1
00295,2021-04-05,Giải Nhất,610,0
00295,2021-04-05,Giải Nhất,460,1
00295,2021-04-05,Giải Nhất,190,2
00295,2021-04-05,Giải Nhất,641,3
00295,2021-04-05,Giải Nhì,843,0
00295,2021-04-05,Giải Nhì,611,1
00295,2021-04-05,Giải Nhì,898,2
00295,2021-04-05,Giải Nhì,918,3
00295,2021-04-05,Giải Nhì,450,4
00295,2021-04-05,Giải Nhì,043,5
00294,2021-04-02,Giải ba,511,0
00294,2021-04-02,Giải ba,582,1
00294,2021-04-02,Giải ba,885,2
00294,2021-04-02,Giải ba,131,3
00294,2021-04-02,Giải ba,727,4
00294,2021-04-02,Giải ba,223,5
00294,2021-04-02,Giải ba,936,6
00294,2021-04-02,Giải ba,295,7
00294,2021-04-02,Giải Đặc biệt,523,0
00294,2021-04-02,Giải Đặc biệt,582,1
00294,2021-04-02,Giải Nhất,513,0
00294,2021-04-02,Giải Nhất,315,1
00294,2021-04-02,Giải Nhất,508,2
00294,2021-04-02,Giải Nhất,586,3
00294,2021-04-02,Giải Nhì,381,0
00294,2021-04-02,Giải Nhì,836,1
00294,2021-04-02,Giải Nhì,349,2
00294,2021-04-02,Giải Nhì,281,3
00294,2021-04-02,Giải Nhì,837,4
00294,2021-04-02,Giải Nhì,968,5
00293,2021-03-31,Giải ba,856,0
00293,2021-03-31,Giải ba,412,1
00293,2021-03-31,Giải ba,301,2
00293,2021-03-31,Giải ba,813,3
00293,2021-03-31,Giải ba,003,4
00293,2021-03-31,Giải ba,887,5
00293,2021-03-31,Giải ba,438,6
00293,2021-03-31,Giải ba,596,7
00293,2021-03-31,Giải Đặc biệt,596,0
00293,2021-03-31,Giải Đặc biệt,694,1
00293,2021-03-31,Giải Nhất,694,0
00293,2021-03-31,Giải Nhất,954,1
00293,2021-03-31,Giải Nhất,368,2
00293,2021-03-31,Giải Nhất,055,3
00293,2021-03-31,Giải Nhì,861,0
00293,2021-03-31,Giải Nhì,054,1
00293,2021-03-31,Giải Nhì,941,2
00293,2021-03-31,Giải Nhì,872,3
00293,2021-03-31,Giải Nhì,878,4
00293,2021-03-31,Giải Nhì,702,5
00292,2021-03-29,Giải ba,200,0
00292,2021-03-29,Giải ba,389,1
00292,2021-03-29,Giải ba,193,2
00292,2021-03-29,Giải ba,874,3
00292,2021-03-29,Giải ba,681,4
00292,2021-03-29,Giải ba,166,5
00292,2021-03-29,Giải ba,363,6
00292,2021-03-29,Giải ba,925,7
00292,2021-03-29,Giải Đặc biệt,175,0
00292,2021-03-29,Giải Đặc biệt,075,1
00292,2021-03-29,Giải Nhất,881,0
00292,2021-03-29,Giải Nhất,705,1
00292,2021-03-29,Giải Nhất,008,2
00292,2021-03-29,Giải Nhất,290,3
00292,2021-03-29,Giải Nhì,578,0
00292,2021-03-29,Giải Nhì,317,1
00292,2021-03-29,Giải Nhì,023,2
00292,2021-03-29,Giải Nhì,210,3
00292,2021-03-29,Giải Nhì,508,4
00292,2021-03-29,Giải Nhì,432,5
00291,2021-03-26,Giải ba,181,0
00291,2021-03-26,Giải ba,170,1
00291,2021-03-26,Giải ba,865,2
00291,2021-03-26,Giải ba,283,3
00291,2021-03-26,Giải ba,754,4
00291,2021-03-26,Giải ba,043,5
00291,2021-03-26,Giải ba,687,6
00291,2021-03-26,Giải ba,627,7
00291,2021-03-26,Giải Đặc biệt,652,0
00291,2021-03-26,Giải Đặc biệt,320,1
00291,2021-03-26,Giải Nhất,439,0
00291,2021-03-26,Giải Nhất,467,1
00291,2021-03-26,Giải Nhất,076,2
00291,2021-03-26,Giải Nhất,394,3
00291,2021-03-26,Giải Nhì,189,0
00291,2021-03-26,Giải Nhì,248,1
00291,2021-03-26,Giải Nhì,712,2
00291,2021-03-26,Giải Nhì,107,3
00291,2021-03-26,Giải Nhì,150,4
00291,2021-03-26,Giải Nhì,812,5
00290,2021-03-24,Giải ba,441,0
00290,2021-03-24,Giải ba,489,1
00290,2021-03-24,Giải ba,381,2
00290,2021-03-24,Giải ba,538,3
00290,2021-03-24,Giải ba,371,4
00290,2021-03-24,Giải ba,555,5
00290,2021-03-24,Giải ba,083,6
00290,2021-03-24,Giải ba,055,7
00290,2021-03-24,Giải Đặc biệt,796,0
00290,2021-03-24,Giải Đặc biệt,101,1
00290,2021-03-24,Giải Nhất,074,0
00290,2021-03-24,Giải Nhất,452,1
00290,2021-03-24,Giải Nhất,592,2
00290,2021-03-24,Giải Nhất,675,3
00290,2021-03-24,Giải Nhì,399,0
00290,2021-03-24,Giải Nhì,886,1
00290,2021-03-24,Giải Nhì,410,2
00290,2021-03-24,Giải Nhì,294,3
00290,2021-03-24,Giải Nhì,689,4
00290,2021-03-24,Giải Nhì,425,5
00289,2021-03-22,Giải ba,645,0
00289,2021-03-22,Giải ba,665,1
00289,2021-03-22,Giải ba,186,2
00289,2021-03-22,Giải ba,932,3
00289,2021-03-22,Giải ba,086,4
00289,2021-03-22,Giải ba,457,5
00289,2021-03-22,Giải ba,051,6
00289,2021-03-22,Giải ba,630,7
00289,2021-03-22,Giải Đặc biệt,408,0
00289,2021-03-22,Giải Đặc biệt,930,1
00289,2021-03-22,Giải Nhất,219,0
00289,2021-03-22,Giải Nhất,437,1
00289,2021-03-22,Giải Nhất,923,2
00289,2021-03-22,Giải Nhất,585,3
00289,2021-03-22,Giải Nhì,484,0
00289,2021-03-22,Giải Nhì,263,1
00289,2021-03-22,Giải Nhì,917,2
00289,2021-03-22,Giải Nhì,883,3
00289,2021-03-22,Giải Nhì,337,4
00289,2021-03-22,Giải Nhì,769,5
00288,2021-03-19,Giải ba,344,0
00288,2021-03-19,Giải ba,336,1
00288,2021-03-19,Giải ba,072,2
00288,2021-03-19,Giải ba,012,3
00288,2021-03-19,Giải ba,813,4
00288,2021-03-19,Giải ba,024,5
00288,2021-03-19,Giải ba,983,6
00288,2021-03-19,Giải ba,786,7
00288,2021-03-19,Giải Đặc biệt,486,0
00288,2021-03-19,Giải Đặc biệt,130,1
00288,2021-03-19,Giải Nhất,910,0
00288,2021-03-19,Giải Nhất,094,1
00288,2021-03-19,Giải Nhất,039,2
00288,2021-03-19,Giải Nhất,617,3
00288,2021-03-19,Giải Nhì,091,0
00288,2021-03-19,Giải Nhì,828,1
00288,2021-03-19,Giải Nhì,537,2
00288,2021-03-19,Giải Nhì,617,3
00288,2021-03-19,Giải Nhì,892,4
00288,2021-03-19,Giải Nhì,952,5
00287,2021-03-17,Giải ba,067,0
00287,2021-03-17,Giải ba,826,1
00287,2021-03-17,Giải ba,431,2
00287,2021-03-17,Giải ba,865,3
00287,2021-03-17,Giải ba,558,4
00287,2021-03-17,Giải ba,947,5
00287,2021-03-17,Giải ba,043,6
00287,2021-03-17,Giải ba,712,7
00287,2021-03-17,Giải Đặc biệt,715,0
00287,2021-03-17,Giải Đặc biệt,732,1
00287,2021-03-17,Giải Nhất,247,0
00287,2021-03-17,Giải Nhất,380,1
00287,2021-03-17,Giải Nhất,280,2
00287,2021-03-17,Giải Nhất,911,3
00287,2021-03-17,Giải Nhì,625,0
00287,2021-03-17,Giải Nhì,048,1
00287,2021-03-17,Giải Nhì,968,2
00287,2021-03-17,Giải Nhì,297,3
00287,2021-03-17,Giải Nhì,248,4
00287,2021-03-17,Giải Nhì,670,5
00286,2021-03-15,Giải ba,425,0
00286,2021-03-15,Giải ba,636,1
00286,2021-03-15,Giải ba,856,2
00286,2021-03-15,Giải ba,386,3
00286,2021-03-15,Giải ba,484,4
00286,2021-03-15,Giải ba,520,5
00286,2021-03-15,Giải ba,618,6
00286,2021-03-15,Giải ba,414,7
00286,2021-03-15,Giải Đặc biệt,677,0
00286,2021-03-15,Giải Đặc biệt,449,1
00286,2021-03-15,Giải Nhất,508,0
00286,2021-03-15,Giải Nhất,573,1
00286,2021-03-15,Giải Nhất,160,2
00286,2021-03-15,Giải Nhất,502,3
00286,2021-03-15,Giải Nhì,693,0
00286,2021-03-15,Giải Nhì,979,1
00286,2021-03-15,Giải Nhì,340,2
00286,2021-03-15,Giải Nhì,122,3
00286,2021-03-15,Giải Nhì,102,4
00286,2021-03-15,Giải Nhì,273,5
00285,2021-03-12,Giải ba,514,0
00285,2021-03-12,Giải ba,336,1
00285,2021-03-12,Giải ba,970,2
00285,2021-03-12,Giải ba,318,3
00285,2021-03-12,Giải ba,238,4
00285,2021-03-12,Giải ba,068,5
00285,2021-03-12,Giải ba,871,6
00285,2021-03-12,Giải ba,882,7
00285,2021-03-12,Giải Đặc biệt,527,0
00285,2021-03-12,Giải Đặc biệt,409,1
00285,2021-03-12,Giải Nhất,737,0
00285,2021-03-12,Giải Nhất,335,1
00285,2021-03-12,Giải Nhất,991,2
00285,2021-03-12,Giải Nhất,598,3
00285,2021-03-12,Giải Nhì,931,0
00285,2021-03-12,Giải Nhì,000,1
00285,2021-03-12,Giải Nhì,506,2
00285,2021-03-12,Giải Nhì,883,3
00285,2021-03-12,Giải Nhì,069,4
00285,2021-03-12,Giải Nhì,767,5
00284,2021-03-10,Giải ba,884,0
00284,2021-03-10,Giải ba,814,1
00284,2021-03-10,Giải ba,850,2
00284,2021-03-10,Giải ba,258,3
00284,2021-03-10,Giải ba,804,4
00284,2021-03-10,Giải ba,099,5
00284,2021-03-10,Giải ba,510,6
00284,2021-03-10,Giải ba,350,7
00284,2021-03-10,Giải Đặc biệt,706,0
00284,2021-03-10,Giải Đặc biệt,826,1
00284,2021-03-10,Giải Nhất,511,0
00284,2021-03-10,Giải Nhất,883,1
00284,2021-03-10,Giải Nhất,937,2
00284,2021-03-10,Giải Nhất,067,3
00284,2021-03-10,Giải Nhì,831,0
00284,2021-03-10,Giải Nhì,123,1
00284,2021-03-10,Giải Nhì,725,2
00284,2021-03-10,Giải Nhì,456,3
00284,2021-03-10,Giải Nhì,929,4
00284,2021-03-10,Giải Nhì,754,5
00283,2021-03-08,Giải ba,509,0
00283,2021-03-08,Giải ba,372,1
00283,2021-03-08,Giải ba,662,2
00283,2021-03-08,Giải ba,805,3
00283,2021-03-08,Giải ba,669,4
00283,2021-03-08,Giải ba,086,5
00283,2021-03-08,Giải ba,376,6
00283,2021-03-08,Giải ba,281,7
00283,2021-03-08,Giải Đặc biệt,255,0
00283,2021-03-08,Giải Đặc biệt,162,1
00283,2021-03-08,Giải Nhất,284,0
00283,2021-03-08,Giải Nhất,177,1
00283,2021-03-08,Giải Nhất,594,2
00283,2021-03-08,Giải Nhất,050,3
00283,2021-03-08,Giải Nhì,437,0
00283,2021-03-08,Giải Nhì,967,1
00283,2021-03-08,Giải Nhì,611,2
00283,2021-03-08,Giải Nhì,574,3
00283,2021-03-08,Giải Nhì,415,4
00283,2021-03-08,Giải Nhì,819,5
00282,2021-03-05,Giải ba,073,0
00282,2021-03-05,Giải ba,036,1
00282,2021-03-05,Giải ba,117,2
00282,2021-03-05,Giải ba,780,3
00282,2021-03-05,Giải ba,718,4
00282,2021-03-05,Giải ba,363,5
00282,2021-03-05,Giải ba,412,6
00282,2021-03-05,Giải ba,095,7
00282,2021-03-05,Giải Đặc biệt,617,0
00282,2021-03-05,Giải Đặc biệt,030,1
00282,2021-03-05,Giải Nhất,497,0
00282,2021-03-05,Giải Nhất,287,1
00282,2021-03-05,Giải Nhất,844,2
00282,2021-03-05,Giải Nhất,095,3
00282,2021-03-05,Giải Nhì,450,0
00282,2021-03-05,Giải Nhì,229,1
00282,2021-03-05,Giải Nhì,901,2
00282,2021-03-05,Giải Nhì,168,3
00282,2021-03-05,Giải Nhì,862,4
00282,2021-03-05,Giải Nhì,019,5
00281,2021-03-03,Giải ba,130,0
00281,2021-03-03,Giải ba,103,1
00281,2021-03-03,Giải ba,554,2
00281,2021-03-03,Giải ba,062,3
00281,2021-03-03,Giải ba,243,4
00281,2021-03-03,Giải ba,463,5
00281,2021-03-03,Giải ba,883,6
00281,2021-03-03,Giải ba,961,7
00281,2021-03-03,Giải Đặc biệt,654,0
00281,2021-03-03,Giải Đặc biệt,975,1
00281,2021-03-03,Giải Nhất,421,0
00281,2021-03-03,Giải Nhất,589,1
00281,2021-03-03,Giải Nhất,287,2
00281,2021-03-03,Giải Nhất,339,3
00281,2021-03-03,Giải Nhì,600,0
00281,2021-03-03,Giải Nhì,917,1
00281,2021-03-03,Giải Nhì,797,2
00281,2021-03-03,Giải Nhì,624,3
00281,2021-03-03,Giải Nhì,859,4
00281,2021-03-03,Giải Nhì,766,5
00280,2021-03-01,Giải ba,389,0
00280,2021-03-01,Giải ba,285,1
00280,2021-03-01,Giải ba,312,2
00280,2021-03-01,Giải ba,028,3
00280,2021-03-01,Giải ba,471,4
00280,2021-03-01,Giải ba,950,5
00280,2021-03-01,Giải ba,525,6
00280,2021-03-01,Giải ba,813,7
00280,2021-03-01,Giải Đặc biệt,422,0
00280,2021-03-01,Giải Đặc biệt,702,1
00280,2021-03-01,Giải Nhất,921,0
00280,2021-03-01,Giải Nhất,063,1
00280,2021-03-01,Giải Nhất,250,2
00280,2021-03-01,Giải Nhất,068,3
00280,2021-03-01,Giải Nhì,177,0
00280,2021-03-01,Giải Nhì,201,1
00280,2021-03-01,Giải Nhì,203,2
00280,2021-03-01,Giải Nhì,715,3
00280,2021-03-01,Giải Nhì,701,4
00280,2021-03-01,Giải Nhì,851,5
00279,2021-02-26,Giải ba,543,0
00279,2021-02-26,Giải ba,739,1
00279,2021-02-26,Giải ba,560,2
00279,2021-02-26,Giải ba,468,3
00279,2021-02-26,Giải ba,165,4
00279,2021-02-26,Giải ba,878,5
00279,2021-02-26,Giải ba,453,6
00279,2021-02-26,Giải ba,153,7
00279,2021-02-26,Giải Đặc biệt,817,0
00279,2021-02-26,Giải Đặc biệt,472,1
00279,2021-02-26,Giải Nhất,014,0
00279,2021-02-26,Giải Nhất,873,1
00279,2021-02-26,Giải Nhất,991,2
00279,2021-02-26,Giải Nhất,724,3
00279,2021-02-26,Giải Nhì,262,0
00279,2021-02-26,Giải Nhì,434,1
00279,2021-02-26,Giải Nhì,348,2
00279,2021-02-26,Giải Nhì,223,3
00279,2021-02-26,Giải Nhì,157,4
00279,2021-02-26,Giải Nhì,851,5
00278,2021-02-24,Giải ba,156,0
00278,2021-02-24,Giải ba,015,1
00278,2021-02-24,Giải ba,648,2
00278,2021-02-24,Giải ba,664,3
00278,2021-02-24,Giải ba,871,4
00278,2021-02-24,Giải ba,436,5
00278,2021-02-24,Giải ba,550,6
00278,2021-02-24,Giải ba,733,7
00278,2021-02-24,Giải Đặc biệt,197,0
00278,2021-02-24,Giải Đặc biệt,794,1
00278,2021-02-24,Giải Nhất,836,0
00278,2021-02-24,Giải Nhất,471,1
00278,2021-02-24,Giải Nhất,575,2
00278,2021-02-24,Giải Nhất,607,3
00278,2021-02-24,Giải Nhì,393,0
00278,2021-02-24,Giải Nhì,557,1
00278,2021-02-24,Giải Nhì,360,2
00278,2021-02-24,Giải Nhì,781,3
00278,2021-02-24,Giải Nhì,942,4
00278,2021-02-24,Giải Nhì,076,5
00277,2021-02-22,Giải ba,847,0
00277,2021-02-22,Giải ba,532,1
00277,2021-02-22,Giải ba,424,2
00277,2021-02-22,Giải ba,561,3
00277,2021-02-22,Giải ba,799,4
00277,2021-02-22,Giải ba,559,5
00277,2021-02-22,Giải ba,214,6
00277,2021-02-22,Giải ba,021,7
00277,2021-02-22,Giải Đặc biệt,805,0
00277,2021-02-22,Giải Đặc biệt,163,1
00277,2021-02-22,Giải Nhất,768,0
00277,2021-02-22,Giải Nhất,786,1
00277,2021-02-22,Giải Nhất,770,2
00277,2021-02-22,Giải Nhất,143,3
00277,2021-02-22,Giải Nhì,568,0
00277,2021-02-22,Giải Nhì,234,1
00277,2021-02-22,Giải Nhì,827,2
00277,2021-02-22,Giải Nhì,854,3
00277,2021-02-22,Giải Nhì,857,4
00277,2021-02-22,Giải Nhì,354,5
00276,2021-02-19,Giải ba,332,0
00276,2021-02-19,Giải ba,451,1
00276,2021-02-19,Giải ba,473,2
00276,2021-02-19,Giải ba,115,3
00276,2021-02-19,Giải ba,813,4
00276,2021-02-19,Giải ba,705,5
00276,2021-02-19,Giải ba,191,6
00276,2021-02-19,Giải ba,005,7
00276,2021-02-19,Giải Đặc biệt,252,0
00276,2021-02-19,Giải Đặc biệt,285,1
00276,2021-02-19,Giải Nhất,572,0
00276,2021-02-19,Giải Nhất,033,1
00276,2021-02-19,Giải Nhất,668,2
00276,2021-02-19,Giải Nhất,559,3
00276,2021-02-19,Giải Nhì,295,0
00276,2021-02-19,Giải Nhì,584,1
00276,2021-02-19,Giải Nhì,084,2
00276,2021-02-19,Giải Nhì,841,3
00276,2021-02-19,Giải Nhì,525,4
00276,2021-02-19,Giải Nhì,647,5
00275,2021-02-17,Giải ba,583,0
00275,2021-02-17,Giải ba,523,1
00275,2021-02-17,Giải ba,501,2
00275,2021-02-17,Giải ba,676,3
00275,2021-02-17,Giải ba,848,4
00275,2021-02-17,Giải ba,525,5
00275,2021-02-17,Giải ba,852,6
00275,2021-02-17,Giải ba,993,7
00275,2021-02-17,Giải Đặc biệt,865,0
00275,2021-02-17,Giải Đặc biệt,250,1
00275,2021-02-17,Giải Nhất,512,0
00275,2021-02-17,Giải Nhất,004,1
00275,2021-02-17,Giải Nhất,845,2
00275,2021-02-17,Giải Nhất,115,3
00275,2021-02-17,Giải Nhì,776,0
00275,2021-02-17,Giải Nhì,159,1
00275,2021-02-17,Giải Nhì,639,2
00275,2021-02-17,Giải Nhì,289,3
00275,2021-02-17,Giải Nhì,052,4
00275,2021-02-17,Giải Nhì,942,5
00274,2021-02-15,Giải ba,223,0
00274,2021-02-15,Giải ba,192,1
00274,2021-02-15,Giải ba,641,2
00274,2021-02-15,Giải ba,594,3
00274,2021-02-15,Giải ba,317,4
00274,2021-02-15,Giải ba,441,5
00274,2021-02-15,Giải ba,309,6
00274,2021-02-15,Giải ba,398,7
00274,2021-02-15,Giải Đặc biệt,095,0
00274,2021-02-15,Giải Đặc biệt,166,1
00274,2021-02-15,Giải Nhất,269,0
00274,2021-02-15,Giải Nhất,559,1
00274,2021-02-15,Giải Nhất,878,2
00274,2021-02-15,Giải Nhất,538,3
00274,2021-02-15,Giải Nhì,482,0
00274,2021-02-15,Giải Nhì,021,1
00274,2021-02-15,Giải Nhì,627,2
00274,2021-02-15,Giải Nhì,652,3
00274,2021-02-15,Giải Nhì,507,4
00274,2021-02-15,Giải Nhì,829,5
00273,2021-02-10,Giải ba,741,0
00273,2021-02-10,Giải ba,910,1
00273,2021-02-10,Giải ba,039,2
00273,2021-02-10,Giải ba,845,3
00273,2021-02-10,Giải ba,353,4
00273,2021-02-10,Giải ba,647,5
00273,2021-02-10,Giải ba,245,6
00273,2021-02-10,Giải ba,962,7
00273,2021-02-10,Giải Đặc biệt,664,0
00273,2021-02-10,Giải Đặc biệt,446,1
00273,2021-02-10,Giải Nhất,933,0
00273,2021-02-10,Giải Nhất,482,1
00273,2021-02-10,Giải Nhất,740,2
00273,2021-02-10,Giải Nhất,224,3
00273,2021-02-10,Giải Nhì,706,0
00273,2021-02-10,Giải Nhì,160,1
00273,2021-02-10,Giải Nhì,222,2
00273,2021-02-10,Giải Nhì,979,3
00273,2021-02-10,Giải Nhì,854,4
00273,2021-02-10,Giải Nhì,168,5
00272,2021-02-08,Giải ba,254,0
00272,2021-02-08,Giải ba,377,1
00272,2021-02-08,Giải ba,942,2
00272,2021-02-08,Giải ba,679,3
00272,2021-02-08,Giải ba,935,4
00272,2021-02-08,Giải ba,711,5
00272,2021-02-08,Giải ba,658,6
00272,2021-02-08,Giải ba,548,7
00272,2021-02-08,Giải Đặc biệt,052,0
00272,2021-02-08,Giải Đặc biệt,682,1
00272,2021-02-08,Giải Nhất,610,0
00272,2021-02-08,Giải Nhất,959,1
00272,2021-02-08,Giải Nhất,737,2
00272,2021-02-08,Giải Nhất,453,3
00272,2021-02-08,Giải Nhì,936,0
00272,2021-02-08,Giải Nhì,822,1
00272,2021-02-08,Giải Nhì,432,2
00272,2021-02-08,Giải Nhì,570,3
00272,2021-02-08,Giải Nhì,396,4
00272,2021-02-08,Giải Nhì,893,5
00271,2021-02-05,Giải ba,924,0
00271,2021-02-05,Giải ba,139,1
00271,2021-02-05,Giải ba,386,2
00271,2021-02-05,Giải ba,347,3
00271,2021-02-05,Giải ba,637,4
00271,2021-02-05,Giải ba,421,5
00271,2021-02-05,Giải ba,526,6
00271,2021-02-05,Giải ba,900,7
00271,2021-02-05,Giải Đặc biệt,226,0
00271,2021-02-05,Giải Đặc biệt,491,1
00271,2021-02-05,Giải Nhất,163,0
00271,2021-02-05,Giải Nhất,713,1
00271,2021-02-05,Giải Nhất,127,2
00271,2021-02-05,Giải Nhất,516,3
00271,2021-02-05,Giải Nhì,811,0
00271,2021-02-05,Giải Nhì,446,1
00271,2021-02-05,Giải Nhì,966,2
00271,2021-02-05,Giải Nhì,719,3
00271,2021-02-05,Giải Nhì,205,4
00271,2021-02-05,Giải Nhì,201,5
00270,2021-02-03,Giải ba,306,0
00270,2021-02-03,Giải ba,661,1
00270,2021-02-03,Giải ba,528,2
00270,2021-02-03,Giải ba,705,3
00270,2021-02-03,Giải ba,770,4
00270,2021-02-03,Giải ba,318,5
00270,2021-02-03,Giải ba,067,6
00270,2021-02-03,Giải ba,916,7
00270,2021-02-03,Giải Đặc biệt,862,0
00270,2021-02-03,Giải Đặc biệt,869,1
00270,2021-02-03,Giải Nhất,458,0
00270,2021-02-03,Giải Nhất,662,1
00270,2021-02-03,Giải Nhất,135,2
00270,2021-02-03,Giải Nhất,018,3
00270,2021-02-03,Giải Nhì,391,0
00270,2021-02-03,Giải Nhì,946,1
00270,2021-02-03,Giải Nhì,223,2
00270,2021-02-03,Giải Nhì,788,3
00270,2021-02-03,Giải Nhì,491,4
00270,2021-02-03,Giải Nhì,058,5
00269,2021-02-01,Giải ba,817,0
00269,2021-02-01,Giải ba,679,1
00269,2021-02-01,Giải ba,118,2
00269,2021-02-01,Giải ba,786,3
00269,2021-02-01,Giải ba,156,4
00269,2021-02-01,Giải ba,301,5
00269,2021-02-01,Giải ba,546,6
00269,2021-02-01,Giải ba,088,7
00269,2021-02-01,Giải Đặc biệt,126,0
00269,2021-02-01,Giải Đặc biệt,109,1
00269,2021-02-01,Giải Nhất,618,0
00269,2021-02-01,Giải Nhất,551,1
00269,2021-02-01,Giải Nhất,173,2
00269,2021-02-01,Giải Nhất,392,3
00269,2021-02-01,Giải Nhì,359,0
00269,2021-02-01,Giải Nhì,728,1
00269,2021-02-01,Giải Nhì,216,2
00269,2021-02-01,Giải Nhì,026,3
00269,2021-02-01,Giải Nhì,096,4
00269,2021-02-01,Giải Nhì,149,5
00268,2021-01-29,Giải ba,812,0
00268,2021-01-29,Giải ba,147,1
00268,2021-01-29,Giải ba,857,2
00268,2021-01-29,Giải ba,366,3
00268,2021-01-29,Giải ba,117,4
00268,2021-01-29,Giải ba,733,5
00268,2021-01-29,Giải ba,163,6
00268,2021-01-29,Giải ba,651,7
00268,2021-01-29,Giải Đặc biệt,273,0
00268,2021-01-29,Giải Đặc biệt,198,1
00268,2021-01-29,Giải Nhất,713,0
00268,2021-01-29,Giải Nhất,900,1
00268,2021-01-29,Giải Nhất,373,2
00268,2021-01-29,Giải Nhất,491,3
00268,2021-01-29,Giải Nhì,841,0
00268,2021-01-29,Giải Nhì,794,1
00268,2021-01-29,Giải Nhì,715,2
00268,2021-01-29,Giải Nhì,945,3
00268,2021-01-29,Giải Nhì,962,4
00268,2021-01-29,Giải Nhì,299,5
00267,2021-01-27,Giải ba,659,0
00267,2021-01-27,Giải ba,726,1
00267,2021-01-27,Giải ba,237,2
00267,2021-01-27,Giải ba,821,3
00267,2021-01-27,Giải ba,060,4
00267,2021-01-27,Giải ba,827,5
00267,2021-01-27,Giải ba,289,6
00267,2021-01-27,Giải ba,030,7
00267,2021-01-27,Giải Đặc biệt,037,0
00267,2021-01-27,Giải Đặc biệt,159,1
00267,2021-01-27,Giải Nhất,407,0
00267,2021-01-27,Giải Nhất,146,1
00267,2021-01-27,Giải Nhất,568,2
00267,2021-01-27,Giải Nhất,539,3
00267,2021-01-27,Giải Nhì,525,0
00267,2021-01-27,Giải Nhì,896,1
00267,2021-01-27,Giải Nhì,240,2
00267,2021-01-27,Giải Nhì,750,3
00267,2021-01-27,Giải Nhì,101,4
00267,2021-01-27,Giải Nhì,600,5
00266,2021-01-25,Giải ba,255,0
00266,2021-01-25,Giải ba,644,1
00266,2021-01-25,Giải ba,904,2
00266,2021-01-25,Giải ba,450,3
00266,2021-01-25,Giải ba,056,4
00266,2021-01-25,Giải ba,158,5
00266,2021-01-25,Giải ba,624,6
00266,2021-01-25,Giải ba,406,7
00266,2021-01-25,Giải Đặc biệt,892,0
00266,2021-01-25,Giải Đặc biệt,989,1
00266,2021-01-25,Giải Nhất,212,0
00266,2021-01-25,Giải Nhất,240,1
00266,2021-01-25,Giải Nhất,511,2
00266,2021-01-25,Giải Nhất,777,3
00266,2021-01-25,Giải Nhì,880,0
00266,2021-01-25,Giải Nhì,717,1
00266,2021-01-25,Giải Nhì,172,2
00266,2021-01-25,Giải Nhì,149,3
00266,2021-01-25,Giải Nhì,716,4
00266,2021-01-25,Giải Nhì,984,5
00265,2021-01-22,Giải ba,732,0
00265,2021-01-22,Giải ba,892,1
00265,2021-01-22,Giải ba,964,2
00265,2021-01-22,Giải ba,742,3
00265,2021-01-22,Giải ba,601,4
00265,2021-01-22,Giải ba,329,5
00265,2021-01-22,Giải ba,532,6
00265,2021-01-22,Giải ba,326,7
00265,2021-01-22,Giải Đặc biệt,747,0
00265,2021-01-22,Giải Đặc biệt,385,1
00265,2021-01-22,Giải Nhất,716,0
00265,2021-01-22,Giải Nhất,586,1
00265,2021-01-22,Giải Nhất,212,2
00265,2021-01-22,Giải Nhất,932,3
00265,2021-01-22,Giải Nhì,842,0
00265,2021-01-22,Giải Nhì,396,1
00265,2021-01-22,Giải Nhì,886,2
00265,2021-01-22,Giải Nhì,376,3
00265,2021-01-22,Giải Nhì,681,4
00265,2021-01-22,Giải Nhì,215,5
00264,2021-01-20,Giải ba,909,0
00264,2021-01-20,Giải ba,778,1
00264,2021-01-20,Giải ba,019,2
00264,2021-01-20,Giải ba,014,3
00264,2021-01-20,Giải ba,000,4
00264,2021-01-20,Giải ba,982,5
00264,2021-01-20,Giải ba,434,6
00264,2021-01-20,Giải ba,213,7
00264,2021-01-20,Giải Đặc biệt,070,0
00264,2021-01-20,Giải Đặc biệt,990,1
00264,2021-01-20,Giải Nhất,979,0
00264,2021-01-20,Giải Nhất,533,1
00264,2021-01-20,Giải Nhất,718,2
00264,2021-01-20,Giải Nhất,984,3
00264,2021-01-20,Giải Nhì,359,0
00264,2021-01-20,Giải Nhì,369,1
00264,2021-01-20,Giải Nhì,746,2
00264,2021-01-20,Giải Nhì,918,3
00264,2021-01-20,Giải Nhì,123,4
00264,2021-01-20,Giải Nhì,824,5
00263,2021-01-18,Giải ba,153,0
00263,2021-01-18,Giải ba,300,1
00263,2021-01-18,Giải ba,814,2
00263,2021-01-18,Giải ba,005,3
00263,2021-01-18,Giải ba,371,4
00263,2021-01-18,Giải ba,740,5
00263,2021-01-18,Giải ba,946,6
00263,2021-01-18,Giải ba,629,7
00263,2021-01-18,Giải Đặc biệt,517,0
00263,2021-01-18,Giải Đặc biệt,800,1
00263,2021-01-18,Giải Nhất,294,0
00263,2021-01-18,Giải Nhất,134,1
00263,2021-01-18,Giải Nhất,107,2
00263,2021-01-18,Giải Nhất,286,3
00263,2021-01-18,Giải Nhì,084,0
00263,2021-01-18,Giải Nhì,324,1
00263,2021-01-18,Giải Nhì,402,2
00263,2021-01-18,Giải Nhì,857,3
00263,2021-01-18,Giải Nhì,444,4
00263,2021-01-18,Giải Nhì,250,5
00262,2021-01-15,Giải ba,257,0
00262,2021-01-15,Giải ba,530,1
00262,2021-01-15,Giải ba,624,2
00262,2021-01-15,Giải ba,210,3
00262,2021-01-15,Giải ba,269,4
00262,2021-01-15,Giải ba,695,5
00262,2021-01-15,Giải ba,701,6
00262,2021-01-15,Giải ba,287,7
00262,2021-01-15,Giải Đặc biệt,677,0
00262,2021-01-15,Giải Đặc biệt,624,1
00262,2021-01-15,Giải Nhất,651,0
00262,2021-01-15,Giải Nhất,595,1
00262,2021-01-15,Giải Nhất,933,2
00262,2021-01-15,Giải Nhất,790,3
00262,2021-01-15,Giải Nhì,366,0
00262,2021-01-15,Giải Nhì,494,1
00262,2021-01-15,Giải Nhì,611,2
00262,2021-01-15,Giải Nhì,530,3
00262,2021-01-15,Giải Nhì,027,4
00262,2021-01-15,Giải Nhì,854,5
00261,2021-01-13,Giải ba,913,0
00261,2021-01-13,Giải ba,766,1
00261,2021-01-13,Giải ba,019,2
00261,2021-01-13,Giải ba,018,3
00261,2021-01-13,Giải ba,505,4
00261,2021-01-13,Giải ba,057,5
00261,2021-01-13,Giải ba,982,6
00261,2021-01-13,Giải ba,980,7
00261,2021-01-13,Giải Đặc biệt,289,0
00261,2021-01-13,Giải Đặc biệt,734,1
00261,2021-01-13,Giải Nhất,972,0
00261,2021-01-13,Giải Nhất,438,1
00261,2021-01-13,Giải Nhất,906,2
00261,2021-01-13,Giải Nhất,088,3
00261,2021-01-13,Giải Nhì,570,0
00261,2021-01-13,Giải Nhì,094,1
00261,2021-01-13,Giải Nhì,836,2
00261,2021-01-13,Giải Nhì,653,3
00261,2021-01-13,Giải Nhì,483,4
00261,2021-01-13,Giải Nhì,680,5
00260,2021-01-11,Giải ba,278,0
00260,2021-01-11,Giải ba,960,1
00260,2021-01-11,Giải ba,229,2
00260,2021-01-11,Giải ba,593,3
00260,2021-01-11,Giải ba,082,4
00260,2021-01-11,Giải ba,319,5
00260,2021-01-11,Giải ba,657,6
00260,2021-01-11,Giải ba,042,7
00260,2021-01-11,Giải Đặc biệt,160,0
00260,2021-01-11,Giải Đặc biệt,868,1
00260,2021-01-11,Giải Nhất,282,0
00260,2021-01-11,Giải Nhất,560,1
00260,2021-01-11,Giải Nhất,263,2
00260,2021-01-11,Giải Nhất,721,3
00260,2021-01-11,Giải Nhì,321,0
00260,2021-01-11,Giải Nhì,373,1
00260,2021-01-11,Giải Nhì,412,2
00260,2021-01-11,Giải Nhì,697,3
00260,2021-01-11,Giải Nhì,147,4
00260,2021-01-11,Giải Nhì,311,5
00259,2021-01-08,Giải ba,806,0
00259,2021-01-08,Giải ba,296,1
00259,2021-01-08,Giải ba,249,2
00259,2021-01-08,Giải ba,835,3
00259,2021-01-08,Giải ba,056,4
00259,2021-01-08,Giải ba,589,5
00259,2021-01-08,Giải ba,397,6
00259,2021-01-08,Giải ba,912,7
00259,2021-01-08,Giải Đặc biệt,841,0
00259,2021-01-08,Giải Đặc biệt,631,1
00259,2021-01-08,Giải Nhất,740,0
00259,2021-01-08,Giải Nhất,450,1
00259,2021-01-08,Giải Nhất,940,2
00259,2021-01-08,Giải Nhất,993,3
00259,2021-01-08,Giải Nhì,557,0
00259,2021-01-08,Giải Nhì,838,1
00259,2021-01-08,Giải Nhì,241,2
00259,2021-01-08,Giải Nhì,340,3
00259,2021-01-08,Giải Nhì,441,4
00259,2021-01-08,Giải Nhì,765,5
00258,2021-01-06,Giải ba,792,0
00258,2021-01-06,Giải ba,878,1
00258,2021-01-06,Giải ba,696,2
00258,2021-01-06,Giải ba,313,3
00258,2021-01-06,Giải ba,421,4
00258,2021-01-06,Giải ba,239,5
00258,2021-01-06,Giải ba,648,6
00258,2021-01-06,Giải ba,736,7
00258,2021-01-06,Giải Đặc biệt,193,0
00258,2021-01-06,Giải Đặc biệt,427,1
00258,2021-01-06,Giải Nhất,513,0
00258,2021-01-06,Giải Nhất,602,1
00258,2021-01-06,Giải Nhất,294,2
00258,2021-01-06,Giải Nhất,261,3
00258,2021-01-06,Giải Nhì,221,0
00258,2021-01-06,Giải Nhì,591,1
00258,2021-01-06,Giải Nhì,571,2
00258,2021-01-06,Giải Nhì,503,3
00258,2021-01-06,Giải Nhì,878,4
00258,2021-01-06,Giải Nhì,070,5
00257,2021-01-04,Giải ba,661,0
00257,2021-01-04,Giải ba,219,1
00257,2021-01-04,Giải ba,252,2
00257,2021-01-04,Giải ba,145,3
00257,2021-01-04,Giải ba,374,4
00257,2021-01-04,Giải ba,688,5
00257,2021-01-04,Giải ba,748,6
00257,2021-01-04,Giải ba,525,7
00257,2021-01-04,Giải Đặc biệt,730,0
00257,2021-01-04,Giải Đặc biệt,130,1
00257,2021-01-04,Giải Nhất,064,0
00257,2021-01-04,Giải Nhất,643,1
00257,2021-01-04,Giải Nhất,297,2
00257,2021-01-04,Giải Nhất,083,3
00257,2021-01-04,Giải Nhì,358,0
00257,2021-01-04,Giải Nhì,587,1
00257,2021-01-04,Giải Nhì,337,2
00257,2021-01-04,Giải Nhì,893,3
00257,2021-01-04,Giải Nhì,912,4
00257,2021-01-04,Giải Nhì,493,5
00256,2021-01-01,Giải ba,001,0
00256,2021-01-01,Giải ba,640,1
00256,2021-01-01,Giải ba,721,2
00256,2021-01-01,Giải ba,423,3
00256,2021-01-01,Giải ba,028,4
00256,2021-01-01,Giải ba,980,5
00256,2021-01-01,Giải ba,732,6
00256,2021-01-01,Giải ba,818,7
00256,2021-01-01,Giải Đặc biệt,200,0
00256,2021-01-01,Giải Đặc biệt,794,1
00256,2021-01-01,Giải Nhất,403,0
00256,2021-01-01,Giải Nhất,006,1
00256,2021-01-01,Giải Nhất,933,2
00256,2021-01-01,Giải Nhất,371,3
00256,2021-01-01,Giải Nhì,853,0
00256,2021-01-01,Giải Nhì,249,1
00256,2021-01-01,Giải Nhì,389,2
00256,2021-01-01,Giải Nhì,113,3
00256,2021-01-01,Giải Nhì,834,4
00256,2021-01-01,Giải Nhì,861,5
00255,2020-12-30,Giải ba,105,0
00255,2020-12-30,Giải ba,610,1
00255,2020-12-30,Giải ba,867,2
00255,2020-12-30,Giải ba,296,3
00255,2020-12-30,Giải ba,435,4
00255,2020-12-30,Giải ba,846,5
00255,2020-12-30,Giải ba,159,6
00255,2020-12-30,Giải ba,382,7
00255,2020-12-30,Giải Đặc biệt,276,0
00255,2020-12-30,Giải Đặc biệt,377,1
00255,2020-12-30,Giải Nhất,230,0
00255,2020-12-30,Giải Nhất,568,1
00255,2020-12-30,Giải Nhất,378,2
00255,2020-12-30,Giải Nhất,661,3
00255,2020-12-30,Giải Nhì,021,0
00255,2020-12-30,Giải Nhì,552,1
00255,2020-12-30,Giải Nhì,300,2
00255,2020-12-30,Giải Nhì,798,3
00255,2020-12-30,Giải Nhì,612,4
00255,2020-12-30,Giải Nhì,291,5
00254,2020-12-28,Giải ba,790,0
00254,2020-12-28,Giải ba,000,1
00254,2020-12-28,Giải ba,309,2
00254,2020-12-28,Giải ba,333,3
00254,2020-12-28,Giải ba,039,4
00254,2020-12-28,Giải ba,191,5
00254,2020-12-28,Giải ba,220,6
00254,2020-12-28,Giải ba,389,7
00254,2020-12-28,Giải Đặc biệt,654,0
00254,2020-12-28,Giải Đặc biệt,689,1
00254,2020-12-28,Giải Nhất,179,0
00254,2020-12-28,Giải Nhất,791,1
00254,2020-12-28,Giải Nhất,194,2
00254,2020-12-28,Giải Nhất,758,3
00254,2020-12-28,Giải Nhì,710,0
00254,2020-12-28,Giải Nhì,624,1
00254,2020-12-28,Giải Nhì,799,2
00254,2020-12-28,Giải Nhì,719,3
00254,2020-12-28,Giải Nhì,420,4
00254,2020-12-28,Giải Nhì,095,5
00253,2020-12-25,Giải ba,619,0
00253,2020-12-25,Giải ba,156,1
00253,2020-12-25,Giải ba,387,2
00253,2020-12-25,Giải ba,408,3
00253,2020-12-25,Giải ba,667,4
00253,2020-12-25,Giải ba,220,5
00253,2020-12-25,Giải ba,852,6
00253,2020-12-25,Giải ba,521,7
00253,2020-12-25,Giải Đặc biệt,030,0
00253,2020-12-25,Giải Đặc biệt,722,1
00253,2020-12-25,Giải Nhất,476,0
00253,2020-12-25,Giải Nhất,230,1
00253,2020-12-25,Giải Nhất,821,2
00253,2020-12-25,Giải Nhất,547,3
00253,2020-12-25,Giải Nhì,923,0
00253,2020-12-25,Giải Nhì,584,1
00253,2020-12-25,Giải Nhì,041,2
00253,2020-12-25,Giải Nhì,917,3
00253,2020-12-25,Giải Nhì,886,4
00253,2020-12-25,Giải Nhì,535,5
00252,2020-12-23,Giải ba,157,0
00252,2020-12-23,Giải ba,317,1
00252,2020-12-23,Giải ba,242,2
00252,2020-12-23,Giải ba,690,3
00252,2020-12-23,Giải ba,738,4
00252,2020-12-23,Giải ba,980,5
00252,2020-12-23,Giải ba,523,6
00252,2020-12-23,Giải ba,506,7
00252,2020-12-23,Giải Đặc biệt,739,0
00252,2020-12-23,Giải Đặc biệt,995,1
00252,2020-12-23,Giải Nhất,289,0
00252,2020-12-23,Giải Nhất,043,1
00252,2020-12-23,Giải Nhất,534,2
00252,2020-12-23,Giải Nhất,419,3
00252,2020-12-23,Giải Nhì,976,0
00252,2020-12-23,Giải Nhì,015,1
00252,2020-12-23,Giải Nhì,026,2
00252,2020-12-23,Giải Nhì,809,3
00252,2020-12-23,Giải Nhì,746,4
00252,2020-12-23,Giải Nhì,236,5
00251,2020-12-21,Giải ba,904,0
00251,2020-12-21,Giải ba,033,1
00251,2020-12-21,Giải ba,785,2
00251,2020-12-21,Giải ba,890,3
00251,2020-12-21,Giải ba,145,4
00251,2020-12-21,Giải ba,990,5
00251,2020-12-21,Giải ba,088,6
00251,2020-12-21,Giải ba,807,7
00251,2020-12-21,Giải Đặc biệt,420,0
00251,2020-12-21,Giải Đặc biệt,581,1
00251,2020-12-21,Giải Nhất,908,0
00251,2020-12-21,Giải Nhất,079,1
00251,2020-12-21,Giải Nhất,036,2
00251,2020-12-21,Giải Nhất,321,3
00251,2020-12-21,Giải Nhì,607,0
00251,2020-12-21,Giải Nhì,180,1
00251,2020-12-21,Giải Nhì,087,2
00251,2020-12-21,Giải Nhì,256,3
00251,2020-12-21,Giải Nhì,208,4
00251,2020-12-21,Giải Nhì,621,5
00250,2020-12-18,Giải ba,212,0
00250,2020-12-18,Giải ba,104,1
00250,2020-12-18,Giải ba,610,2
00250,2020-12-18,Giải ba,245,3
00250,2020-12-18,Giải ba,391,4
00250,2020-12-18,Giải ba,315,5
00250,2020-12-18,Giải ba,531,6
00250,2020-12-18,Giải ba,135,7
00250,2020-12-18,Giải Đặc biệt,467,0
00250,2020-12-18,Giải Đặc biệt,496,1
00250,2020-12-18,Giải Nhất,117,0
00250,2020-12-18,Giải Nhất,799,1
00250,2020-12-18,Giải Nhất,285,2
00250,2020-12-18,Giải Nhất,378,3
00250,2020-12-18,Giải Nhì,651,0
00250,2020-12-18,Giải Nhì,877,1
00250,2020-12-18,Giải Nhì,950,2
00250,2020-12-18,Giải Nhì,385,3
00250,2020-12-18,Giải Nhì,265,4
00250,2020-12-18,Giải Nhì,147,5
00249,2020-12-16,Giải ba,422,0
00249,2020-12-16,Giải ba,846,1
00249,2020-12-16,Giải ba,627,2
00249,2020-12-16,Giải ba,894,3
00249,2020-12-16,Giải ba,917,4
00249,2020-12-16,Giải ba,120,5
00249,2020-12-16,Giải ba,172,6
00249,2020-12-16,Giải ba,097,7
00249,2020-12-16,Giải Đặc biệt,843,0
00249,2020-12-16,Giải Đặc biệt,033,1
00249,2020-12-16,Giải Nhất,553,0
00249,2020-12-16,Giải Nhất,510,1
00249,2020-12-16,Giải Nhất,890,2
00249,2020-12-16,Giải Nhất,949,3
00249,2020-12-16,Giải Nhì,878,0
00249,2020-12-16,Giải Nhì,171,1
00249,2020-12-16,Giải Nhì,943,2
00249,2020-12-16,Giải Nhì,153,3
00249,2020-12-16,Giải Nhì,019,4
00249,2020-12-16,Giải Nhì,759,5
00248,2020-12-14,Giải ba,465,0
00248,2020-12-14,Giải ba,329,1
00248,2020-12-14,Giải ba,742,2
00248,2020-12-14,Giải ba,192,3
00248,2020-12-14,Giải ba,314,4
00248,2020-12-14,Giải ba,401,5
00248,2020-12-14,Giải ba,182,6
00248,2020-12-14,Giải ba,265,7
00248,2020-12-14,Giải Đặc biệt,091,0
00248,2020-12-14,Giải Đặc biệt,143,1
00248,2020-12-14,Giải Nhất,982,0
00248,2020-12-14,Giải Nhất,508,1
00248,2020-12-14,Giải Nhất,730,2
00248,2020-12-14,Giải Nhất,501,3
00248,2020-12-14,Giải Nhì,054,0
00248,2020-12-14,Giải Nhì,855,1
00248,2020-12-14,Giải Nhì,989,2
00248,2020-12-14,Giải Nhì,983,3
00248,2020-12-14,Giải Nhì,015,4
00248,2020-12-14,Giải Nhì,237,5
00247,2020-12-11,Giải ba,474,0
00247,2020-12-11,Giải ba,318,1
00247,2020-12-11,Giải ba,929,2
00247,2020-12-11,Giải ba,186,3
00247,2020-12-11,Giải ba,287,4
00247,2020-12-11,Giải ba,662,5
00247,2020-12-11,Giải ba,261,6
00247,2020-12-11,Giải ba,865,7
00247,2020-12-11,Giải Đặc biệt,548,0
00247,2020-12-11,Giải Đặc biệt,272,1
00247,2020-12-11,Giải Nhất,694,0
00247,2020-12-11,Giải Nhất,908,1
00247,2020-12-11,Giải Nhất,024,2
00247,2020-12-11,Giải Nhất,169,3
00247,2020-12-11,Giải Nhì,307,0
00247,2020-12-11,Giải Nhì,041,1
00247,2020-12-11,Giải Nhì,900,2
00247,2020-12-11,Giải Nhì,557,3
00247,2020-12-11,Giải Nhì,351,4
00247,2020-12-11,Giải Nhì,240,5
00246,2020-12-09,Giải ba,515,0
00246,2020-12-09,Giải ba,925,1
00246,2020-12-09,Giải ba,276,2
00246,2020-12-09,Giải ba,908,3
00246,2020-12-09,Giải ba,719,4
00246,2020-12-09,Giải ba,715,5
00246,2020-12-09,Giải ba,297,6
00246,2020-12-09,Giải ba,953,7
00246,2020-12-09,Giải Đặc biệt,004,0
00246,2020-12-09,Giải Đặc biệt,230,1
00246,2020-12-09,Giải Nhất,914,0
00246,2020-12-09,Giải Nhất,594,1
00246,2020-12-09,Giải Nhất,261,2
00246,2020-12-09,Giải Nhất,733,3
00246,2020-12-09,Giải Nhì,680,0
00246,2020-12-09,Giải Nhì,624,1
00246,2020-12-09,Giải Nhì,299,2
00246,2020-12-09,Giải Nhì,115,3
00246,2020-12-09,Giải Nhì,802,4
00246,2020-12-09,Giải Nhì,993,5
00245,2020-12-07,Giải ba,732,0
00245,2020-12-07,Giải ba,488,1
00245,2020-12-07,Giải ba,045,2
00245,2020-12-07,Giải ba,693,3
00245,2020-12-07,Giải ba,421,4
00245,2020-12-07,Giải ba,143,5
00245,2020-12-07,Giải ba,216,6
00245,2020-12-07,Giải ba,056,7
00245,2020-12-07,Giải Đặc biệt,715,0
00245,2020-12-07,Giải Đặc biệt,369,1
00245,2020-12-07,Giải Nhất,689,0
00245,2020-12-07,Giải Nhất,817,1
00245,2020-12-07,Giải Nhất,629,2
00245,2020-12-07,Giải Nhất,316,3
00245,2020-12-07,Giải Nhì,048,0
00245,2020-12-07,Giải Nhì,786,1
00245,2020-12-07,Giải Nhì,969,2
00245,2020-12-07,Giải Nhì,726,3
00245,2020-12-07,Giải Nhì,412,4
00245,2020-12-07,Giải Nhì,737,5
00244,2020-12-04,Giải ba,353,0
00244,2020-12-04,Giải ba,944,1
00244,2020-12-04,Giải ba,294,2
00244,2020-12-04,Giải ba,566,3
00244,2020-12-04,Giải ba,301,4
00244,2020-12-04,Giải ba,753,5
00244,2020-12-04,Giải ba,846,6
00244,2020-12-04,Giải ba,455,7
00244,2020-12-04,Giải Đặc biệt,590,0
00244,2020-12-04,Giải Đặc biệt,940,1
00244,2020-12-04,Giải Nhất,310,0
00244,2020-12-04,Giải Nhất,465,1
00244,2020-12-04,Giải Nhất,464,2
00244,2020-12-04,Giải Nhất,365,3
00244,2020-12-04,Giải Nhì,060,0
00244,2020-12-04,Giải Nhì,195,1
00244,2020-12-04,Giải Nhì,193,2
00244,2020-12-04,Giải Nhì,950,3
00244,2020-12-04,Giải Nhì,031,4
00244,2020-12-04,Giải Nhì,860,5
00243,2020-12-02,Giải ba,147,0
00243,2020-12-02,Giải ba,792,1
00243,2020-12-02,Giải ba,550,2
00243,2020-12-02,Giải ba,460,3
00243,2020-12-02,Giải ba,146,4
00243,2020-12-02,Giải ba,421,5
00243,2020-12-02,Giải ba,722,6
00243,2020-12-02,Giải ba,844,7
00243,2020-12-02,Giải Đặc biệt,696,0
00243,2020-12-02,Giải Đặc biệt,874,1
00243,2020-12-02,Giải Nhất,597,0
00243,2020-12-02,Giải Nhất,138,1
00243,2020-12-02,Giải Nhất,626,2
00243,2020-12-02,Giải Nhất,310,3
00243,2020-12-02,Giải Nhì,637,0
00243,2020-12-02,Giải Nhì,916,1
00243,2020-12-02,Giải Nhì,982,2
00243,2020-12-02,Giải Nhì,406,3
00243,2020-12-02,Giải Nhì,906,4
00243,2020-12-02,Giải Nhì,927,5
00242,2020-11-30,Giải ba,675,0
00242,2020-11-30,Giải ba,382,1
00242,2020-11-30,Giải ba,215,2
00242,2020-11-30,Giải ba,150,3
00242,2020-11-30,Giải ba,521,4
00242,2020-11-30,Giải ba,672,5
00242,2020-11-30,Giải ba,470,6
00242,2020-11-30,Giải ba,655,7
00242,2020-11-30,Giải Đặc biệt,472,0
00242,2020-11-30,Giải Đặc biệt,733,1
00242,2020-11-30,Giải Nhất,100,0
00242,2020-11-30,Giải Nhất,242,1
00242,2020-11-30,Giải Nhất,907,2
00242,2020-11-30,Giải Nhất,163,3
00242,2020-11-30,Giải Nhì,205,0
00242,2020-11-30,Giải Nhì,720,1
00242,2020-11-30,Giải Nhì,102,2
00242,2020-11-30,Giải Nhì,179,3
00242,2020-11-30,Giải Nhì,347,4
00242,2020-11-30,Giải Nhì,227,5
00241,2020-11-27,Giải ba,092,0
00241,2020-11-27,Giải ba,191,1
00241,2020-11-27,Giải ba,680,2
00241,2020-11-27,Giải ba,338,3
00241,2020-11-27,Giải ba,586,4
00241,2020-11-27,Giải ba,916,5
00241,2020-11-27,Giải ba,930,6
00241,2020-11-27,Giải ba,412,7
00241,2020-11-27,Giải Đặc biệt,939,0
00241,2020-11-27,Giải Đặc biệt,257,1
00241,2020-11-27,Giải Nhất,556,0
00241,2020-11-27,Giải Nhất,051,1
00241,2020-11-27,Giải Nhất,159,2
00241,2020-11-27,Giải Nhất,380,3
00241,2020-11-27,Giải Nhì,491,0
00241,2020-11-27,Giải Nhì,710,1
00241,2020-11-27,Giải Nhì,845,2
00241,2020-11-27,Giải Nhì,132,3
00241,2020-11-27,Giải Nhì,227,4
00241,2020-11-27,Giải Nhì,124,5
00240,2020-11-25,Giải ba,221,0
00240,2020-11-25,Giải ba,156,1
00240,2020-11-25,Giải ba,057,2
00240,2020-11-25,Giải ba,967,3
00240,2020-11-25,Giải ba,223,4
00240,2020-11-25,Giải ba,964,5
00240,2020-11-25,Giải ba,136,6
00240,2020-11-25,Giải ba,349,7
00240,2020-11-25,Giải Đặc biệt,697,0
00240,2020-11-25,Giải Đặc biệt,438,1
00240,2020-11-25,Giải Nhất,768,0
00240,2020-11-25,Giải Nhất,033,1
00240,2020-11-25,Giải Nhất,890,2
00240,2020-11-25,Giải Nhất,452,3
00240,2020-11-25,Giải Nhì,903,0
00240,2020-11-25,Giải Nhì,520,1
00240,2020-11-25,Giải Nhì,822,2
00240,2020-11-25,Giải Nhì,462,3
00240,2020-11-25,Giải Nhì,659,4
00240,2020-11-25,Giải Nhì,309,5
00239,2020-11-23,Giải ba,839,0
00239,2020-11-23,Giải ba,091,1
00239,2020-11-23,Giải ba,807,2
00239,2020-11-23,Giải ba,664,3
00239,2020-11-23,Giải ba,096,4
00239,2020-11-23,Giải ba,384,5
00239,2020-11-23,Giải ba,297,6
00239,2020-11-23,Giải ba,132,7
00239,2020-11-23,Giải Đặc biệt,277,0
00239,2020-11-23,Giải Đặc biệt,557,1
00239,2020-11-23,Giải Nhất,412,0
00239,2020-11-23,Giải Nhất,961,1
00239,2020-11-23,Giải Nhất,921,2
00239,2020-11-23,Giải Nhất,211,3
00239,2020-11-23,Giải Nhì,085,0
00239,2020-11-23,Giải Nhì,492,1
00239,2020-11-23,Giải Nhì,647,2
00239,2020-11-23,Giải Nhì,157,3
00239,2020-11-23,Giải Nhì,487,4
00239,2020-11-23,Giải Nhì,866,5
00238,2020-11-20,Giải ba,207,0
00238,2020-11-20,Giải ba,642,1
00238,2020-11-20,Giải ba,780,2
00238,2020-11-20,Giải ba,154,3
00238,2020-11-20,Giải ba,967,4
00238,2020-11-20,Giải ba,533,5
00238,2020-11-20,Giải ba,048,6
00238,2020-11-20,Giải ba,941,7
00238,2020-11-20,Giải Đặc biệt,268,0
00238,2020-11-20,Giải Đặc biệt,488,1
00238,2020-11-20,Giải Nhất,301,0
00238,2020-11-20,Giải Nhất,781,1
00238,2020-11-20,Giải Nhất,316,2
00238,2020-11-20,Giải Nhất,913,3
00238,2020-11-20,Giải Nhì,752,0
00238,2020-11-20,Giải Nhì,043,1
00238,2020-11-20,Giải Nhì,995,2
00238,2020-11-20,Giải Nhì,976,3
00238,2020-11-20,Giải Nhì,470,4
00238,2020-11-20,Giải Nhì,169,5
00237,2020-11-18,Giải ba,154,0
00237,2020-11-18,Giải ba,276,1
00237,2020-11-18,Giải ba,841,2
00237,2020-11-18,Giải ba,269,3
00237,2020-11-18,Giải ba,806,4
00237,2020-11-18,Giải ba,499,5
00237,2020-11-18,Giải ba,189,6
00237,2020-11-18,Giải ba,905,7
00237,2020-11-18,Giải Đặc biệt,914,0
00237,2020-11-18,Giải Đặc biệt,642,1
00237,2020-11-18,Giải Nhất,469,0
00237,2020-11-18,Giải Nhất,005,1
00237,2020-11-18,Giải Nhất,301,2
00237,2020-11-18,Giải Nhất,896,3
00237,2020-11-18,Giải Nhì,181,0
00237,2020-11-18,Giải Nhì,177,1
00237,2020-11-18,Giải Nhì,307,2
00237,2020-11-18,Giải Nhì,153,3
00237,2020-11-18,Giải Nhì,938,4
00237,2020-11-18,Giải Nhì,685,5
00236,2020-11-16,Giải ba,546,0
00236,2020-11-16,Giải ba,064,1
00236,2020-11-16,Giải ba,068,2
00236,2020-11-16,Giải ba,213,3
00236,2020-11-16,Giải ba,686,4
00236,2020-11-16,Giải ba,855,5
00236,2020-11-16,Giải ba,307,6
00236,2020-11-16,Giải ba,628,7
00236,2020-11-16,Giải Đặc biệt,571,0
00236,2020-11-16,Giải Đặc biệt,615,1
00236,2020-11-16,Giải Nhất,984,0
00236,2020-11-16,Giải Nhất,695,1
00236,2020-11-16,Giải Nhất,144,2
00236,2020-11-16,Giải Nhất,151,3
00236,2020-11-16,Giải Nhì,800,0
00236,2020-11-16,Giải Nhì,012,1
00236,2020-11-16,Giải Nhì,404,2
00236,2020-11-16,Giải Nhì,103,3
00236,2020-11-16,Giải Nhì,467,4
00236,2020-11-16,Giải Nhì,948,5
00235,2020-11-13,Giải ba,032,0
00235,2020-11-13,Giải ba,705,1
00235,2020-11-13,Giải ba,693,2
00235,2020-11-13,Giải ba,706,3
00235,2020-11-13,Giải ba,600,4
00235,2020-11-13,Giải ba,936,5
00235,2020-11-13,Giải ba,385,6
00235,2020-11-13,Giải ba,906,7
00235,2020-11-13,Giải Đặc biệt,355,0
00235,2020-11-13,Giải Đặc biệt,413,1
00235,2020-11-13,Giải Nhất,331,0
00235,2020-11-13,Giải Nhất,754,1
00235,2020-11-13,Giải Nhất,741,2
00235,2020-11-13,Giải Nhất,821,3
00235,2020-11-13,Giải Nhì,598,0
00235,2020-11-13,Giải Nhì,342,1
00235,2020-11-13,Giải Nhì,692,2
00235,2020-11-13,Giải Nhì,373,3
00235,2020-11-13,Giải Nhì,430,4
00235,2020-11-13,Giải Nhì,341,5
00234,2020-11-11,Giải ba,010,0
00234,2020-11-11,Giải ba,094,1
00234,2020-11-11,Giải ba,676,2
00234,2020-11-11,Giải ba,012,3
00234,2020-11-11,Giải ba,863,4
00234,2020-11-11,Giải ba,049,5
00234,2020-11-11,Giải ba,417,6
00234,2020-11-11,Giải ba,592,7
00234,2020-11-11,Giải Đặc biệt,708,0
00234,2020-11-11,Giải Đặc biệt,157,1
00234,2020-11-11,Giải Nhất,565,0
00234,2020-11-11,Giải Nhất,525,1
00234,2020-11-11,Giải Nhất,666,2
00234,2020-11-11,Giải Nhất,248,3
00234,2020-11-11,Giải Nhì,605,0
00234,2020-11-11,Giải Nhì,451,1
00234,2020-11-11,Giải Nhì,425,2
00234,2020-11-11,Giải Nhì,165,3
00234,2020-11-11,Giải Nhì,793,4
00234,2020-11-11,Giải Nhì,043,5
00233,2020-11-09,Giải ba,027,0
00233,2020-11-09,Giải ba,913,1
00233,2020-11-09,Giải ba,611,2
00233,2020-11-09,Giải ba,423,3
00233,2020-11-09,Giải ba,618,4
00233,2020-11-09,Giải ba,027,5
00233,2020-11-09,Giải ba,153,6
00233,2020-11-09,Giải ba,022,7
00233,2020-11-09,Giải Đặc biệt,065,0
00233,2020-11-09,Giải Đặc biệt,901,1
00233,2020-11-09,Giải Nhất,603,0
00233,2020-11-09,Giải Nhất,782,1
00233,2020-11-09,Giải Nhất,015,2
00233,2020-11-09,Giải Nhất,911,3
00233,2020-11-09,Giải Nhì,846,0
00233,2020-11-09,Giải Nhì,232,1
00233,2020-11-09,Giải Nhì,629,2
00233,2020-11-09,Giải Nhì,901,3
00233,2020-11-09,Giải Nhì,360,4
00233,2020-11-09,Giải Nhì,661,5
00232,2020-11-06,Giải ba,058,0
00232,2020-11-06,Giải ba,472,1
00232,2020-11-06,Giải ba,177,2
00232,2020-11-06,Giải ba,147,3
00232,2020-11-06,Giải ba,364,4
00232,2020-11-06,Giải ba,018,5
00232,2020-11-06,Giải ba,458,6
00232,2020-11-06,Giải ba,164,7
00232,2020-11-06,Giải Đặc biệt,840,0
00232,2020-11-06,Giải Đặc biệt,262,1
00232,2020-11-06,Giải Nhất,372,0
00232,2020-11-06,Giải Nhất,096,1
00232,2020-11-06,Giải Nhất,824,2
00232,2020-11-06,Giải Nhất,142,3
00232,2020-11-06,Giải Nhì,730,0
00232,2020-11-06,Giải Nhì,667,1
00232,2020-11-06,Giải Nhì,587,2
00232,2020-11-06,Giải Nhì,775,3
00232,2020-11-06,Giải Nhì,287,4
00232,2020-11-06,Giải Nhì,579,5
00231,2020-11-04,Giải ba,832,0
00231,2020-11-04,Giải ba,695,1
00231,2020-11-04,Giải ba,572,2
00231,2020-11-04,Giải ba,385,3
00231,2020-11-04,Giải ba,372,4
00231,2020-11-04,Giải ba,774,5
00231,2020-11-04,Giải ba,726,6
00231,2020-11-04,Giải ba,996,7
00231,2020-11-04,Giải Đặc biệt,297,0
00231,2020-11-04,Giải Đặc biệt,497,1
00231,2020-11-04,Giải Nhất,404,0
00231,2020-11-04,Giải Nhất,083,1
00231,2020-11-04,Giải Nhất,225,2
00231,2020-11-04,Giải Nhất,625,3
00231,2020-11-04,Giải Nhì,493,0
00231,2020-11-04,Giải Nhì,122,1
00231,2020-11-04,Giải Nhì,446,2
00231,2020-11-04,Giải Nhì,493,3
00231,2020-11-04,Giải Nhì,783,4
00231,2020-11-04,Giải Nhì,431,5
00230,2020-11-02,Giải ba,109,0
00230,2020-11-02,Giải ba,638,1
00230,2020-11-02,Giải ba,295,2
00230,2020-11-02,Giải ba,058,3
00230,2020-11-02,Giải ba,336,4
00230,2020-11-02,Giải ba,838,5
00230,2020-11-02,Giải ba,369,6
00230,2020-11-02,Giải ba,985,7
00230,2020-11-02,Giải Đặc biệt,394,0
00230,2020-11-02,Giải Đặc biệt,063,1
00230,2020-11-02,Giải Nhất,612,0
00230,2020-11-02,Giải Nhất,935,1
00230,2020-11-02,Giải Nhất,089,2
00230,2020-11-02,Giải Nhất,857,3
00230,2020-11-02,Giải Nhì,625,0
00230,2020-11-02,Giải Nhì,332,1
00230,2020-11-02,Giải Nhì,692,2
00230,2020-11-02,Giải Nhì,925,3
00230,2020-11-02,Giải Nhì,410,4
00230,2020-11-02,Giải Nhì,432,5
00229,2020-10-30,Giải ba,886,0
00229,2020-10-30,Giải ba,644,1
00229,2020-10-30,Giải ba,875,2
00229,2020-10-30,Giải ba,606,3
00229,2020-10-30,Giải ba,543,4
00229,2020-10-30,Giải ba,733,5
00229,2020-10-30,Giải ba,470,6
00229,2020-10-30,Giải ba,725,7
00229,2020-10-30,Giải Đặc biệt,050,0
00229,2020-10-30,Giải Đặc biệt,820,1
00229,2020-10-30,Giải Nhất,807,0
00229,2020-10-30,Giải Nhất,520,1
00229,2020-10-30,Giải Nhất,796,2
00229,2020-10-30,Giải Nhất,845,3
00229,2020-10-30,Giải Nhì,221,0
00229,2020-10-30,Giải Nhì,728,1
00229,2020-10-30,Giải Nhì,706,2
00229,2020-10-30,Giải Nhì,708,3
00229,2020-10-30,Giải Nhì,426,4
00229,2020-10-30,Giải Nhì,754,5
00228,2020-10-28,Giải ba,792,0
00228,2020-10-28,Giải ba,897,1
00228,2020-10-28,Giải ba,256,2
00228,2020-10-28,Giải ba,206,3
00228,2020-10-28,Giải ba,383,4
00228,2020-10-28,Giải ba,845,5
00228,2020-10-28,Giải ba,631,6
00228,2020-10-28,Giải ba,427,7
00228,2020-10-28,Giải Đặc biệt,695,0
00228,2020-10-28,Giải Đặc biệt,061,1
00228,2020-10-28,Giải Nhất,618,0
00228,2020-10-28,Giải Nhất,923,1
00228,2020-10-28,Giải Nhất,879,2
00228,2020-10-28,Giải Nhất,178,3
00228,2020-10-28,Giải Nhì,628,0
00228,2020-10-28,Giải Nhì,452,1
00228,2020-10-28,Giải Nhì,557,2
00228,2020-10-28,Giải Nhì,645,3
00228,2020-10-28,Giải Nhì,958,4
00228,2020-10-28,Giải Nhì,565,5
00227,2020-10-26,Giải ba,390,0
00227,2020-10-26,Giải ba,477,1
00227,2020-10-26,Giải ba,211,2
00227,2020-10-26,Giải ba,793,3
00227,2020-10-26,Giải ba,948,4
00227,2020-10-26,Giải ba,776,5
00227,2020-10-26,Giải ba,333,6
00227,2020-10-26,Giải ba,786,7
00227,2020-10-26,Giải Đặc biệt,971,0
00227,2020-10-26,Giải Đặc biệt,414,1
00227,2020-10-26,Giải Nhất,716,0
00227,2020-10-26,Giải Nhất,408,1
00227,2020-10-26,Giải Nhất,240,2
00227,2020-10-26,Giải Nhất,119,3
00227,2020-10-26,Giải Nhì,059,0
00227,2020-10-26,Giải Nhì,329,1
00227,2020-10-26,Giải Nhì,007,2
00227,2020-10-26,Giải Nhì,059,3
00227,2020-10-26,Giải Nhì,515,4
00227,2020-10-26,Giải Nhì,609,5
00226,2020-10-23,Giải ba,909,0
00226,2020-10-23,Giải ba,357,1
00226,2020-10-23,Giải ba,022,2
00226,2020-10-23,Giải ba,712,3
00226,2020-10-23,Giải ba,470,4
00226,2020-10-23,Giải ba,876,5
00226,2020-10-23,Giải ba,460,6
00226,2020-10-23,Giải ba,429,7
00226,2020-10-23,Giải Đặc biệt,902,0
00226,2020-10-23,Giải Đặc biệt,079,1
00226,2020-10-23,Giải Nhất,351,0
00226,2020-10-23,Giải Nhất,190,1
00226,2020-10-23,Giải Nhất,309,2
00226,2020-10-23,Giải Nhất,499,3
00226,2020-10-23,Giải Nhì,451,0
00226,2020-10-23,Giải Nhì,426,1
00226,2020-10-23,Giải Nhì,079,2
00226,2020-10-23,Giải Nhì,339,3
00226,2020-10-23,Giải Nhì,396,4
00226,2020-10-23,Giải Nhì,623,5
00225,2020-10-21,Giải ba,257,0
00225,2020-10-21,Giải ba,521,1
00225,2020-10-21,Giải ba,626,2
00225,2020-10-21,Giải ba,189,3
00225,2020-10-21,Giải ba,573,4
00225,2020-10-21,Giải ba,334,5
00225,2020-10-21,Giải ba,765,6
00225,2020-10-21,Giải ba,754,7
00225,2020-10-21,Giải Đặc biệt,797,0
00225,2020-10-21,Giải Đặc biệt,579,1
00225,2020-10-21,Giải Nhất,650,0
00225,2020-10-21,Giải Nhất,608,1
00225,2020-10-21,Giải Nhất,334,2
00225,2020-10-21,Giải Nhất,431,3
00225,2020-10-21,Giải Nhì,825,0
00225,2020-10-21,Giải Nhì,487,1
00225,2020-10-21,Giải Nhì,616,2
00225,2020-10-21,Giải Nhì,533,3
00225,2020-10-21,Giải Nhì,057,4
00225,2020-10-21,Giải Nhì,015,5
00224,2020-10-19,Giải ba,689,0
00224,2020-10-19,Giải ba,499,1
00224,2020-10-19,Giải ba,333,2
00224,2020-10-19,Giải ba,194,3
00224,2020-10-19,Giải ba,262,4
00224,2020-10-19,Giải ba,208,5
00224,2020-10-19,Giải ba,589,6
00224,2020-10-19,Giải ba,296,7
00224,2020-10-19,Giải Đặc biệt,962,0
00224,2020-10-19,Giải Đặc biệt,091,1
00224,2020-10-19,Giải Nhất,876,0
00224,2020-10-19,Giải Nhất,603,1
00224,2020-10-19,Giải Nhất,138,2
00224,2020-10-19,Giải Nhất,321,3
00224,2020-10-19,Giải Nhì,509,0
00224,2020-10-19,Giải Nhì,413,1
00224,2020-10-19,Giải Nhì,834,2
00224,2020-10-19,Giải Nhì,790,3
00224,2020-10-19,Giải Nhì,130,4
00224,2020-10-19,Giải Nhì,029,5
00223,2020-10-16,Giải ba,144,0
00223,2020-10-16,Giải ba,847,1
00223,2020-10-16,Giải ba,144,2
00223,2020-10-16,Giải ba,147,3
00223,2020-10-16,Giải ba,848,4
00223,2020-10-16,Giải ba,868,5
00223,2020-10-16,Giải ba,263,6
00223,2020-10-16,Giải ba,768,7
00223,2020-10-16,Giải Đặc biệt,402,0
00223,2020-10-16,Giải Đặc biệt,573,1
00223,2020-10-16,Giải Nhất,627,0
00223,2020-10-16,Giải Nhất,744,1
00223,2020-10-16,Giải Nhất,622,2
00223,2020-10-16,Giải Nhất,799,3
00223,2020-10-16,Giải Nhì,361,0
00223,2020-10-16,Giải Nhì,777,1
00223,2020-10-16,Giải Nhì,588,2
00223,2020-10-16,Giải Nhì,381,3
00223,2020-10-16,Giải Nhì,856,4
00223,2020-10-16,Giải Nhì,129,5
00222,2020-10-14,Giải ba,843,0
00222,2020-10-14,Giải ba,179,1
00222,2020-10-14,Giải ba,945,2
00222,2020-10-14,Giải ba,105,3
00222,2020-10-14,Giải ba,147,4
00222,2020-10-14,Giải ba,476,5
00222,2020-10-14,Giải ba,759,6
00222,2020-10-14,Giải ba,637,7
00222,2020-10-14,Giải Đặc biệt,668,0
00222,2020-10-14,Giải Đặc biệt,415,1
00222,2020-10-14,Giải Nhất,087,0
00222,2020-10-14,Giải Nhất,035,1
00222,2020-10-14,Giải Nhất,640,2
00222,2020-10-14,Giải Nhất,409,3
00222,2020-10-14,Giải Nhì,635,0
00222,2020-10-14,Giải Nhì,576,1
00222,2020-10-14,Giải Nhì,743,2
00222,2020-10-14,Giải Nhì,435,3
00222,2020-10-14,Giải Nhì,072,4
00222,2020-10-14,Giải Nhì,063,5
00221,2020-10-12,Giải ba,612,0
00221,2020-10-12,Giải ba,723,1
00221,2020-10-12,Giải ba,289,2
00221,2020-10-12,Giải ba,226,3
00221,2020-10-12,Giải ba,786,4
00221,2020-10-12,Giải ba,490,5
00221,2020-10-12,Giải ba,452,6
00221,2020-10-12,Giải ba,556,7
00221,2020-10-12,Giải Đặc biệt,261,0
00221,2020-10-12,Giải Đặc biệt,774,1
00221,2020-10-12,Giải Nhất,577,0
00221,2020-10-12,Giải Nhất,029,1
00221,2020-10-12,Giải Nhất,329,2
00221,2020-10-12,Giải Nhất,912,3
00221,2020-10-12,Giải Nhì,387,0
00221,2020-10-12,Giải Nhì,794,1
00221,2020-10-12,Giải Nhì,575,2
00221,2020-10-12,Giải Nhì,767,3
00221,2020-10-12,Giải Nhì,135,4
00221,2020-10-12,Giải Nhì,529,5
00220,2020-10-09,Giải ba,980,0
00220,2020-10-09,Giải ba,255,1
00220,2020-10-09,Giải ba,714,2
00220,2020-10-09,Giải ba,310,3
00220,2020-10-09,Giải ba,321,4
00220,2020-10-09,Giải ba,773,5
00220,2020-10-09,Giải ba,121,6
00220,2020-10-09,Giải ba,910,7
00220,2020-10-09,Giải Đặc biệt,704,0
00220,2020-10-09,Giải Đặc biệt,616,1
00220,2020-10-09,Giải Nhất,736,0
00220,2020-10-09,Giải Nhất,960,1
00220,2020-10-09,Giải Nhất,090,2
00220,2020-10-09,Giải Nhất,615,3
00220,2020-10-09,Giải Nhì,622,0
00220,2020-10-09,Giải Nhì,869,1
00220,2020-10-09,Giải Nhì,439,2
00220,2020-10-09,Giải Nhì,208,3
00220,2020-10-09,Giải Nhì,356,4
00220,2020-10-09,Giải Nhì,824,5
00219,2020-10-07,Giải ba,912,0
00219,2020-10-07,Giải ba,195,1
00219,2020-10-07,Giải ba,298,2
00219,2020-10-07,Giải ba,904,3
00219,2020-10-07,Giải ba,241,4
00219,2020-10-07,Giải ba,178,5
00219,2020-10-07,Giải ba,725,6
00219,2020-10-07,Giải ba,799,7
00219,2020-10-07,Giải Đặc biệt,954,0
00219,2020-10-07,Giải Đặc biệt,598,1
00219,2020-10-07,Giải Nhất,015,0
00219,2020-10-07,Giải Nhất,549,1
00219,2020-10-07,Giải Nhất,138,2
00219,2020-10-07,Giải Nhất,072,3
00219,2020-10-07,Giải Nhì,107,0
00219,2020-10-07,Giải Nhì,515,1
00219,2020-10-07,Giải Nhì,378,2
00219,2020-10-07,Giải Nhì,192,3
00219,2020-10-07,Giải Nhì,285,4
00219,2020-10-07,Giải Nhì,671,5
00218,2020-10-05,Giải ba,277,0
00218,2020-10-05,Giải ba,330,1
00218,2020-10-05,Giải ba,692,2
00218,2020-10-05,Giải ba,982,3
00218,2020-10-05,Giải ba,225,4
00218,2020-10-05,Giải ba,779,5
00218,2020-10-05,Giải ba,966,6
00218,2020-10-05,Giải ba,818,7
00218,2020-10-05,Giải Đặc biệt,966,0
00218,2020-10-05,Giải Đặc biệt,964,1
00218,2020-10-05,Giải Nhất,241,0
00218,2020-10-05,Giải Nhất,595,1
00218,2020-10-05,Giải Nhất,293,2
00218,2020-10-05,Giải Nhất,293,3
00218,2020-10-05,Giải Nhì,132,0
00218,2020-10-05,Giải Nhì,856,1
00218,2020-10-05,Giải Nhì,746,2
00218,2020-10-05,Giải Nhì,674,3
00218,2020-10-05,Giải Nhì,703,4
00218,2020-10-05,Giải Nhì,464,5
00217,2020-10-02,Giải ba,347,0
00217,2020-10-02,Giải ba,616,1
00217,2020-10-02,Giải ba,940,2
00217,2020-10-02,Giải ba,463,3
00217,2020-10-02,Giải ba,352,4
00217,2020-10-02,Giải ba,498,5
00217,2020-10-02,Giải ba,135,6
00217,2020-10-02,Giải ba,198,7
00217,2020-10-02,Giải Đặc biệt,696,0
00217,2020-10-02,Giải Đặc biệt,955,1
00217,2020-10-02,Giải Nhất,075,0
00217,2020-10-02,Giải Nhất,041,1
00217,2020-10-02,Giải Nhất,191,2
00217,2020-10-02,Giải Nhất,943,3
00217,2020-10-02,Giải Nhì,681,0
00217,2020-10-02,Giải Nhì,368,1
00217,2020-10-02,Giải Nhì,801,2
00217,2020-10-02,Giải Nhì,854,3
00217,2020-10-02,Giải Nhì,184,4
00217,2020-10-02,Giải Nhì,523,5
00216,2020-09-30,Giải ba,812,0
00216,2020-09-30,Giải ba,796,1
00216,2020-09-30,Giải ba,123,2
00216,2020-09-30,Giải ba,365,3
00216,2020-09-30,Giải ba,236,4
00216,2020-09-30,Giải ba,606,5
00216,2020-09-30,Giải ba,390,6
00216,2020-09-30,Giải ba,611,7
00216,2020-09-30,Giải Đặc biệt,745,0
00216,2020-09-30,Giải Đặc biệt,066,1
00216,2020-09-30,Giải Nhất,973,0
00216,2020-09-30,Giải Nhất,380,1
00216,2020-09-30,Giải Nhất,862,2
00216,2020-09-30,Giải Nhất,088,3
00216,2020-09-30,Giải Nhì,683,0
00216,2020-09-30,Giải Nhì,553,1
00216,2020-09-30,Giải Nhì,245,2
00216,2020-09-30,Giải Nhì,190,3
00216,2020-09-30,Giải Nhì,762,4
00216,2020-09-30,Giải Nhì,882,5
00215,2020-09-28,Giải ba,592,0
00215,2020-09-28,Giải ba,396,1
00215,2020-09-28,Giải ba,870,2
00215,2020-09-28,Giải ba,507,3
00215,2020-09-28,Giải ba,155,4
00215,2020-09-28,Giải ba,727,5
00215,2020-09-28,Giải ba,068,6
00215,2020-09-28,Giải ba,790,7
00215,2020-09-28,Giải Đặc biệt,370,0
00215,2020-09-28,Giải Đặc biệt,537,1
00215,2020-09-28,Giải Nhất,486,0
00215,2020-09-28,Giải Nhất,950,1
00215,2020-09-28,Giải Nhất,645,2
00215,2020-09-28,Giải Nhất,259,3
00215,2020-09-28,Giải Nhì,650,0
00215,2020-09-28,Giải Nhì,305,1
00215,2020-09-28,Giải Nhì,458,2
00215,2020-09-28,Giải Nhì,795,3
00215,2020-09-28,Giải Nhì,784,4
00215,2020-09-28,Giải Nhì,325,5
00214,2020-09-25,Giải ba,890,0
00214,2020-09-25,Giải ba,507,1
00214,2020-09-25,Giải ba,189,2
00214,2020-09-25,Giải ba,867,3
00214,2020-09-25,Giải ba,220,4
00214,2020-09-25,Giải ba,971,5
00214,2020-09-25,Giải ba,058,6
00214,2020-09-25,Giải ba,516,7
00214,2020-09-25,Giải Đặc biệt,420,0
00214,2020-09-25,Giải Đặc biệt,853,1
00214,2020-09-25,Giải Nhất,875,0
00214,2020-09-25,Giải Nhất,231,1
00214,2020-09-25,Giải Nhất,935,2
00214,2020-09-25,Giải Nhất,495,3
00214,2020-09-25,Giải Nhì,443,0
00214,2020-09-25,Giải Nhì,834,1
00214,2020-09-25,Giải Nhì,508,2
00214,2020-09-25,Giải Nhì,494,3
00214,2020-09-25,Giải Nhì,047,4
00214,2020-09-25,Giải Nhì,100,5
00213,2020-09-23,Giải ba,841,0
00213,2020-09-23,Giải ba,567,1
00213,2020-09-23,Giải ba,000,2
00213,2020-09-23,Giải ba,520,3
00213,2020-09-23,Giải ba,518,4
00213,2020-09-23,Giải ba,761,5
00213,2020-09-23,Giải ba,471,6
00213,2020-09-23,Giải ba,153,7
00213,2020-09-23,Giải Đặc biệt,881,0
00213,2020-09-23,Giải Đặc biệt,531,1
00213,2020-09-23,Giải Nhất,099,0
00213,2020-09-23,Giải Nhất,211,1
00213,2020-09-23,Giải Nhất,277,2
00213,2020-09-23,Giải Nhất,489,3
00213,2020-09-23,Giải Nhì,748,0
00213,2020-09-23,Giải Nhì,529,1
00213,2020-09-23,Giải Nhì,608,2
00213,2020-09-23,Giải Nhì,472,3
00213,2020-09-23,Giải Nhì,716,4
00213,2020-09-23,Giải Nhì,962,5
00212,2020-09-21,Giải ba,221,0
00212,2020-09-21,Giải ba,219,1
00212,2020-09-21,Giải ba,224,2
00212,2020-09-21,Giải ba,646,3
00212,2020-09-21,Giải ba,367,4
00212,2020-09-21,Giải ba,967,5
00212,2020-09-21,Giải ba,239,6
00212,2020-09-21,Giải ba,019,7
00212,2020-09-21,Giải Đặc biệt,725,0
00212,2020-09-21,Giải Đặc biệt,389,1
00212,2020-09-21,Giải Nhất,542,0
00212,2020-09-21,Giải Nhất,810,1
00212,2020-09-21,Giải Nhất,993,2
00212,2020-09-21,Giải Nhất,537,3
00212,2020-09-21,Giải Nhì,022,0
00212,2020-09-21,Giải Nhì,270,1
00212,2020-09-21,Giải Nhì,734,2
00212,2020-09-21,Giải Nhì,050,3
00212,2020-09-21,Giải Nhì,499,4
00212,2020-09-21,Giải Nhì,608,5
00211,2020-09-18,Giải ba,330,0
00211,2020-09-18,Giải ba,148,1
00211,2020-09-18,Giải ba,814,2
00211,2020-09-18,Giải ba,153,3
00211,2020-09-18,Giải ba,751,4
00211,2020-09-18,Giải ba,757,5
00211,2020-09-18,Giải ba,208,6
00211,2020-09-18,Giải ba,856,7
00211,2020-09-18,Giải Đặc biệt,760,0
00211,2020-09-18,Giải Đặc biệt,809,1
00211,2020-09-18,Giải Nhất,789,0
00211,2020-09-18,Giải Nhất,436,1
00211,2020-09-18,Giải Nhất,295,2
00211,2020-09-18,Giải Nhất,569,3
00211,2020-09-18,Giải Nhì,570,0
00211,2020-09-18,Giải Nhì,380,1
00211,2020-09-18,Giải Nhì,896,2
00211,2020-09-18,Giải Nhì,379,3
00211,2020-09-18,Giải Nhì,971,4
00211,2020-09-18,Giải Nhì,780,5
00210,2020-09-16,Giải ba,501,0
00210,2020-09-16,Giải ba,496,1
00210,2020-09-16,Giải ba,439,2
00210,2020-09-16,Giải ba,303,3
00210,2020-09-16,Giải ba,571,4
00210,2020-09-16,Giải ba,711,5
00210,2020-09-16,Giải ba,451,6
00210,2020-09-16,Giải ba,919,7
00210,2020-09-16,Giải Đặc biệt,376,0
00210,2020-09-16,Giải Đặc biệt,030,1
00210,2020-09-16,Giải Nhất,251,0
00210,2020-09-16,Giải Nhất,782,1
00210,2020-09-16,Giải Nhất,571,2
00210,2020-09-16,Giải Nhất,820,3
00210,2020-09-16,Giải Nhì,069,0
00210,2020-09-16,Giải Nhì,436,1
00210,2020-09-16,Giải Nhì,565,2
00210,2020-09-16,Giải Nhì,976,3
00210,2020-09-16,Giải Nhì,693,4
00210,2020-09-16,Giải Nhì,435,5
00209,2020-09-14,Giải ba,238,0
00209,2020-09-14,Giải ba,954,1
00209,2020-09-14,Giải ba,441,2
00209,2020-09-14,Giải ba,027,3
00209,2020-09-14,Giải ba,192,4
00209,2020-09-14,Giải ba,318,5
00209,2020-09-14,Giải ba,780,6
00209,2020-09-14,Giải ba,944,7
00209,2020-09-14,Giải Đặc biệt,210,0
00209,2020-09-14,Giải Đặc biệt,182,1
00209,2020-09-14,Giải Nhất,999,0
00209,2020-09-14,Giải Nhất,123,1
00209,2020-09-14,Giải Nhất,621,2
00209,2020-09-14,Giải Nhất,021,3
00209,2020-09-14,Giải Nhì,338,0
00209,2020-09-14,Giải Nhì,209,1
00209,2020-09-14,Giải Nhì,747,2
00209,2020-09-14,Giải Nhì,839,3
00209,2020-09-14,Giải Nhì,659,4
00209,2020-09-14,Giải Nhì,108,5
00208,2020-09-11,Giải ba,327,0
00208,2020-09-11,Giải ba,372,1
00208,2020-09-11,Giải ba,310,2
00208,2020-09-11,Giải ba,262,3
00208,2020-09-11,Giải ba,622,4
00208,2020-09-11,Giải ba,516,5
00208,2020-09-11,Giải ba,279,6
00208,2020-09-11,Giải ba,059,7
00208,2020-09-11,Giải Đặc biệt,679,0
00208,2020-09-11,Giải Đặc biệt,067,1
00208,2020-09-11,Giải Nhất,553,0
00208,2020-09-11,Giải Nhất,115,1
00208,2020-09-11,Giải Nhất,506,2
00208,2020-09-11,Giải Nhất,525,3
00208,2020-09-11,Giải Nhì,537,0
00208,2020-09-11,Giải Nhì,947,1
00208,2020-09-11,Giải Nhì,572,2
00208,2020-09-11,Giải Nhì,686,3
00208,2020-09-11,Giải Nhì,993,4
00208,2020-09-11,Giải Nhì,479,5
00207,2020-09-09,Giải ba,668,0
00207,2020-09-09,Giải ba,098,1
00207,2020-09-09,Giải ba,049,2
00207,2020-09-09,Giải ba,178,3
00207,2020-09-09,Giải ba,161,4
00207,2020-09-09,Giải ba,628,5
00207,2020-09-09,Giải ba,483,6
00207,2020-09-09,Giải ba,327,7
00207,2020-09-09,Giải Đặc biệt,769,0
00207,2020-09-09,Giải Đặc biệt,879,1
00207,2020-09-09,Giải Nhất,497,0
00207,2020-09-09,Giải Nhất,808,1
00207,2020-09-09,Giải Nhất,001,2
00207,2020-09-09,Giải Nhất,583,3
00207,2020-09-09,Giải Nhì,783,0
00207,2020-09-09,Giải Nhì,662,1
00207,2020-09-09,Giải Nhì,487,2
00207,2020-09-09,Giải Nhì,140,3
00207,2020-09-09,Giải Nhì,874,4
00207,2020-09-09,Giải Nhì,154,5
00206,2020-09-07,Giải ba,146,0
00206,2020-09-07,Giải ba,303,1
00206,2020-09-07,Giải ba,061,2
00206,2020-09-07,Giải ba,168,3
00206,2020-09-07,Giải ba,885,4
00206,2020-09-07,Giải ba,972,5
00206,2020-09-07,Giải ba,867,6
00206,2020-09-07,Giải ba,183,7
00206,2020-09-07,Giải Đặc biệt,562,0
00206,2020-09-07,Giải Đặc biệt,120,1
00206,2020-09-07,Giải Nhất,842,0
00206,2020-09-07,Giải Nhất,647,1
00206,2020-09-07,Giải Nhất,461,2
00206,2020-09-07,Giải Nhất,680,3
00206,2020-09-07,Giải Nhì,604,0
00206,2020-09-07,Giải Nhì,927,1
00206,2020-09-07,Giải Nhì,923,2
00206,2020-09-07,Giải Nhì,442,3
00206,2020-09-07,Giải Nhì,312,4
00206,2020-09-07,Giải Nhì,238,5
00205,2020-09-04,Giải ba,000,0
00205,2020-09-04,Giải ba,511,1
00205,2020-09-04,Giải ba,975,2
00205,2020-09-04,Giải ba,604,3
00205,2020-09-04,Giải ba,062,4
00205,2020-09-04,Giải ba,036,5
00205,2020-09-04,Giải ba,692,6
00205,2020-09-04,Giải ba,630,7
00205,2020-09-04,Giải Đặc biệt,449,0
00205,2020-09-04,Giải Đặc biệt,531,1
00205,2020-09-04,Giải Nhất,322,0
00205,2020-09-04,Giải Nhất,321,1
00205,2020-09-04,Giải Nhất,351,2
00205,2020-09-04,Giải Nhất,502,3
00205,2020-09-04,Giải Nhì,434,0
00205,2020-09-04,Giải Nhì,709,1
00205,2020-09-04,Giải Nhì,031,2
00205,2020-09-04,Giải Nhì,049,3
00205,2020-09-04,Giải Nhì,134,4
00205,2020-09-04,Giải Nhì,772,5
00204,2020-09-02,Giải ba,437,0
00204,2020-09-02,Giải ba,048,1
00204,2020-09-02,Giải ba,649,2
00204,2020-09-02,Giải ba,481,3
00204,2020-09-02,Giải ba,945,4
00204,2020-09-02,Giải ba,493,5
00204,2020-09-02,Giải ba,965,6
00204,2020-09-02,Giải ba,377,7
00204,2020-09-02,Giải Đặc biệt,988,0
00204,2020-09-02,Giải Đặc biệt,944,1
00204,2020-09-02,Giải Nhất,331,0
00204,2020-09-02,Giải Nhất,480,1
00204,2020-09-02,Giải Nhất,430,2
00204,2020-09-02,Giải Nhất,180,3
00204,2020-09-02,Giải Nhì,615,0
00204,2020-09-02,Giải Nhì,070,1
00204,2020-09-02,Giải Nhì,362,2
00204,2020-09-02,Giải Nhì,532,3
00204,2020-09-02,Giải Nhì,066,4
00204,2020-09-02,Giải Nhì,284,5
00203,2020-08-31,Giải ba,502,0
00203,2020-08-31,Giải ba,097,1
00203,2020-08-31,Giải ba,882,2
00203,2020-08-31,Giải ba,581,3
00203,2020-08-31,Giải ba,776,4
00203,2020-08-31,Giải ba,807,5
00203,2020-08-31,Giải ba,844,6
00203,2020-08-31,Giải ba,284,7
00203,2020-08-31,Giải Đặc biệt,155,0
00203,2020-08-31,Giải Đặc biệt,938,1
00203,2020-08-31,Giải Nhất,027,0
00203,2020-08-31,Giải Nhất,879,1
00203,2020-08-31,Giải Nhất,457,2
00203,2020-08-31,Giải Nhất,439,3
00203,2020-08-31,Giải Nhì,276,0
00203,2020-08-31,Giải Nhì,326,1
00203,2020-08-31,Giải Nhì,228,2
00203,2020-08-31,Giải Nhì,210,3
00203,2020-08-31,Giải Nhì,449,4
00203,2020-08-31,Giải Nhì,664,5
00202,2020-08-28,Giải ba,422,0
00202,2020-08-28,Giải ba,509,1
00202,2020-08-28,Giải ba,437,2
00202,2020-08-28,Giải ba,860,3
00202,2020-08-28,Giải ba,821,4
00202,2020-08-28,Giải ba,149,5
00202,2020-08-28,Giải ba,567,6
00202,2020-08-28,Giải ba,425,7
00202,2020-08-28,Giải Đặc biệt,023,0
00202,2020-08-28,Giải Đặc biệt,498,1
00202,2020-08-28,Giải Nhất,794,0
00202,2020-08-28,Giải Nhất,101,1
00202,2020-08-28,Giải Nhất,615,2
00202,2020-08-28,Giải Nhất,183,3
00202,2020-08-28,Giải Nhì,212,0
00202,2020-08-28,Giải Nhì,520,1
00202,2020-08-28,Giải Nhì,248,2
00202,2020-08-28,Giải Nhì,870,3
00202,2020-08-28,Giải Nhì,075,4
00202,2020-08-28,Giải Nhì,940,5
00201,2020-08-26,Giải ba,017,0
00201,2020-08-26,Giải ba,188,1
00201,2020-08-26,Giải ba,377,2
00201,2020-08-26,Giải ba,810,3
00201,2020-08-26,Giải ba,761,4
00201,2020-08-26,Giải ba,530,5
00201,2020-08-26,Giải ba,762,6
00201,2020-08-26,Giải ba,447,7
00201,2020-08-26,Giải Đặc biệt,337,0
00201,2020-08-26,Giải Đặc biệt,802,1
00201,2020-08-26,Giải Nhất,519,0
00201,2020-08-26,Giải Nhất,267,1
00201,2020-08-26,Giải Nhất,292,2
00201,2020-08-26,Giải Nhất,216,3
00201,2020-08-26,Giải Nhì,721,0
00201,2020-08-26,Giải Nhì,599,1
00201,2020-08-26,Giải Nhì,660,2
00201,2020-08-26,Giải Nhì,172,3
00201,2020-08-26,Giải Nhì,528,4
00201,2020-08-26,Giải Nhì,244,5
00200,2020-08-24,Giải ba,069,0
00200,2020-08-24,Giải ba,003,1
00200,2020-08-24,Giải ba,414,2
00200,2020-08-24,Giải ba,383,3
00200,2020-08-24,Giải ba,489,4
00200,2020-08-24,Giải ba,694,5
00200,2020-08-24,Giải ba,117,6
00200,2020-08-24,Giải ba,301,7
00200,2020-08-24,Giải Đặc biệt,387,0
00200,2020-08-24,Giải Đặc biệt,534,1
00200,2020-08-24,Giải Nhất,986,0
00200,2020-08-24,Giải Nhất,598,1
00200,2020-08-24,Giải Nhất,382,2
00200,2020-08-24,Giải Nhất,909,3
00200,2020-08-24,Giải Nhì,944,0
00200,2020-08-24,Giải Nhì,127,1
00200,2020-08-24,Giải Nhì,080,2
00200,2020-08-24,Giải Nhì,362,3
00200,2020-08-24,Giải Nhì,045,4
00200,2020-08-24,Giải Nhì,734,5
00199,2020-08-21,Giải ba,342,0
00199,2020-08-21,Giải ba,639,1
00199,2020-08-21,Giải ba,365,2
00199,2020-08-21,Giải ba,102,3
00199,2020-08-21,Giải ba,384,4
00199,2020-08-21,Giải ba,348,5
00199,2020-08-21,Giải ba,372,6
00199,2020-08-21,Giải ba,037,7
00199,2020-08-21,Giải Đặc biệt,815,0
00199,2020-08-21,Giải Đặc biệt,349,1
00199,2020-08-21,Giải Nhất,144,0
00199,2020-08-21,Giải Nhất,698,1
00199,2020-08-21,Giải Nhất,540,2
00199,2020-08-21,Giải Nhất,587,3
00199,2020-08-21,Giải Nhì,446,0
00199,2020-08-21,Giải Nhì,827,1
00199,2020-08-21,Giải Nhì,565,2
00199,2020-08-21,Giải Nhì,298,3
00199,2020-08-21,Giải Nhì,287,4
00199,2020-08-21,Giải Nhì,627,5
00198,2020-08-19,Giải ba,309,0
00198,2020-08-19,Giải ba,653,1
00198,2020-08-19,Giải ba,895,2
00198,2020-08-19,Giải ba,910,3
00198,2020-08-19,Giải ba,928,4
00198,2020-08-19,Giải ba,387,5
00198,2020-08-19,Giải ba,665,6
00198,2020-08-19,Giải ba,236,7
00198,2020-08-19,Giải Đặc biệt,165,0
00198,2020-08-19,Giải Đặc biệt,338,1
00198,2020-08-19,Giải Nhất,887,0
00198,2020-08-19,Giải Nhất,001,1
00198,2020-08-19,Giải Nhất,387,2
00198,2020-08-19,Giải Nhất,313,3
00198,2020-08-19,Giải Nhì,646,0
00198,2020-08-19,Giải Nhì,913,1
00198,2020-08-19,Giải Nhì,962,2
00198,2020-08-19,Giải Nhì,476,3
00198,2020-08-19,Giải Nhì,197,4
00198,2020-08-19,Giải Nhì,137,5
00197,2020-08-17,Giải ba,949,0
00197,2020-08-17,Giải ba,491,1
00197,2020-08-17,Giải ba,834,2
00197,2020-08-17,Giải ba,937,3
00197,2020-08-17,Giải ba,513,4
00197,2020-08-17,Giải ba,361,5
00197,2020-08-17,Giải ba,752,6
00197,2020-08-17,Giải ba,441,7
00197,2020-08-17,Giải Đặc biệt,450,0
00197,2020-08-17,Giải Đặc biệt,539,1
00197,2020-08-17,Giải Nhất,997,0
00197,2020-08-17,Giải Nhất,648,1
00197,2020-08-17,Giải Nhất,923,2
00197,2020-08-17,Giải Nhất,550,3
00197,2020-08-17,Giải Nhì,756,0
00197,2020-08-17,Giải Nhì,121,1
00197,2020-08-17,Giải Nhì,179,2
00197,2020-08-17,Giải Nhì,033,3
00197,2020-08-17,Giải Nhì,170,4
00197,2020-08-17,Giải Nhì,451,5
00196,2020-08-14,Giải ba,184,0
00196,2020-08-14,Giải ba,920,1
00196,2020-08-14,Giải ba,149,2
00196,2020-08-14,Giải ba,337,3
00196,2020-08-14,Giải ba,053,4
00196,2020-08-14,Giải ba,174,5
00196,2020-08-14,Giải ba,889,6
00196,2020-08-14,Giải ba,500,7
00196,2020-08-14,Giải Đặc biệt,542,0
00196,2020-08-14,Giải Đặc biệt,026,1
00196,2020-08-14,Giải Nhất,554,0
00196,2020-08-14,Giải Nhất,897,1
00196,2020-08-14,Giải Nhất,185,2
00196,2020-08-14,Giải Nhất,650,3
00196,2020-08-14,Giải Nhì,665,0
00196,2020-08-14,Giải Nhì,240,1
00196,2020-08-14,Giải Nhì,329,2
00196,2020-08-14,Giải Nhì,681,3
00196,2020-08-14,Giải Nhì,868,4
00196,2020-08-14,Giải Nhì,889,5
00195,2020-08-12,Giải ba,559,0
00195,2020-08-12,Giải ba,718,1
00195,2020-08-12,Giải ba,313,2
00195,2020-08-12,Giải ba,674,3
00195,2020-08-12,Giải ba,002,4
00195,2020-08-12,Giải ba,908,5
00195,2020-08-12,Giải ba,823,6
00195,2020-08-12,Giải ba,391,7
00195,2020-08-12,Giải Đặc biệt,510,0
00195,2020-08-12,Giải Đặc biệt,754,1
00195,2020-08-12,Giải Nhất,281,0
00195,2020-08-12,Giải Nhất,024,1
00195,2020-08-12,Giải Nhất,074,2
00195,2020-08-12,Giải Nhất,249,3
00195,2020-08-12,Giải Nhì,983,0
00195,2020-08-12,Giải Nhì,059,1
00195,2020-08-12,Giải Nhì,277,2
00195,2020-08-12,Giải Nhì,063,3
00195,2020-08-12,Giải Nhì,651,4
00195,2020-08-12,Giải Nhì,527,5
00194,2020-08-10,Giải ba,310,0
00194,2020-08-10,Giải ba,759,1
00194,2020-08-10,Giải ba,917,2
00194,2020-08-10,Giải ba,553,3
00194,2020-08-10,Giải ba,481,4
00194,2020-08-10,Giải ba,054,5
00194,2020-08-10,Giải ba,398,6
00194,2020-08-10,Giải ba,246,7
00194,2020-08-10,Giải Đặc biệt,956,0
00194,2020-08-10,Giải Đặc biệt,806,1
00194,2020-08-10,Giải Nhất,126,0
00194,2020-08-10,Giải Nhất,660,1
00194,2020-08-10,Giải Nhất,131,2
00194,2020-08-10,Giải Nhất,240,3
00194,2020-08-10,Giải Nhì,721,0
00194,2020-08-10,Giải Nhì,488,1
00194,2020-08-10,Giải Nhì,887,2
00194,2020-08-10,Giải Nhì,021,3
00194,2020-08-10,Giải Nhì,014,4
00194,2020-08-10,Giải Nhì,606,5
00193,2020-08-07,Giải ba,774,0
00193,2020-08-07,Giải ba,613,1
00193,2020-08-07,Giải ba,156,2
00193,2020-08-07,Giải ba,588,3
00193,2020-08-07,Giải ba,411,4
00193,2020-08-07,Giải ba,792,5
00193,2020-08-07,Giải ba,282,6
00193,2020-08-07,Giải ba,789,7
00193,2020-08-07,Giải Đặc biệt,434,0
00193,2020-08-07,Giải Đặc biệt,762,1
00193,2020-08-07,Giải Nhất,115,0
00193,2020-08-07,Giải Nhất,357,1
00193,2020-08-07,Giải Nhất,207,2
00193,2020-08-07,Giải Nhất,522,3
00193,2020-08-07,Giải Nhì,768,0
00193,2020-08-07,Giải Nhì,521,1
00193,2020-08-07,Giải Nhì,301,2
00193,2020-08-07,Giải Nhì,401,3
00193,2020-08-07,Giải Nhì,209,4
00193,2020-08-07,Giải Nhì,453,5
00192,2020-08-05,Giải ba,399,0
00192,2020-08-05,Giải ba,362,1
00192,2020-08-05,Giải ba,190,2
00192,2020-08-05,Giải ba,260,3
00192,2020-08-05,Giải ba,766,4
00192,2020-08-05,Giải ba,811,5
00192,2020-08-05,Giải ba,351,6
00192,2020-08-05,Giải ba,379,7
00192,2020-08-05,Giải Đặc biệt,419,0
00192,2020-08-05,Giải Đặc biệt,002,1
00192,2020-08-05,Giải Nhất,010,0
00192,2020-08-05,Giải Nhất,680,1
00192,2020-08-05,Giải Nhất,596,2
00192,2020-08-05,Giải Nhất,776,3
00192,2020-08-05,Giải Nhì,209,0
00192,2020-08-05,Giải Nhì,348,1
00192,2020-08-05,Giải Nhì,036,2
00192,2020-08-05,Giải Nhì,646,3
00192,2020-08-05,Giải Nhì,913,4
00192,2020-08-05,Giải Nhì,958,5
00191,2020-08-03,Giải ba,462,0
00191,2020-08-03,Giải ba,911,1
00191,2020-08-03,Giải ba,585,2
00191,2020-08-03,Giải ba,173,3
00191,2020-08-03,Giải ba,359,4
00191,2020-08-03,Giải ba,023,5
00191,2020-08-03,Giải ba,524,6
00191,2020-08-03,Giải ba,084,7
00191,2020-08-03,Giải Đặc biệt,467,0
00191,2020-08-03,Giải Đặc biệt,523,1
00191,2020-08-03,Giải Nhất,437,0
00191,2020-08-03,Giải Nhất,348,1
00191,2020-08-03,Giải Nhất,706,2
00191,2020-08-03,Giải Nhất,817,3
00191,2020-08-03,Giải Nhì,243,0
00191,2020-08-03,Giải Nhì,071,1
00191,2020-08-03,Giải Nhì,797,2
00191,2020-08-03,Giải Nhì,721,3
00191,2020-08-03,Giải Nhì,776,4
00191,2020-08-03,Giải Nhì,751,5
00190,2020-07-31,Giải ba,292,0
00190,2020-07-31,Giải ba,516,1
00190,2020-07-31,Giải ba,256,2
00190,2020-07-31,Giải ba,434,3
00190,2020-07-31,Giải ba,320,4
00190,2020-07-31,Giải ba,180,5
00190,2020-07-31,Giải ba,666,6
00190,2020-07-31,Giải ba,106,7
00190,2020-07-31,Giải Đặc biệt,648,0
00190,2020-07-31,Giải Đặc biệt,862,1
00190,2020-07-31,Giải Nhất,490,0
00190,2020-07-31,Giải Nhất,472,1
00190,2020-07-31,Giải Nhất,920,2
00190,2020-07-31,Giải Nhất,974,3
00190,2020-07-31,Giải Nhì,526,0
00190,2020-07-31,Giải Nhì,289,1
00190,2020-07-31,Giải Nhì,641,2
00190,2020-07-31,Giải Nhì,017,3
00190,2020-07-31,Giải Nhì,517,4
00190,2020-07-31,Giải Nhì,141,5
00189,2020-07-29,Giải ba,959,0
00189,2020-07-29,Giải ba,134,1
00189,2020-07-29,Giải ba,157,2
00189,2020-07-29,Giải ba,145,3
00189,2020-07-29,Giải ba,611,4
00189,2020-07-29,Giải ba,670,5
00189,2020-07-29,Giải ba,793,6
00189,2020-07-29,Giải ba,963,7
00189,2020-07-29,Giải Đặc biệt,611,0
00189,2020-07-29,Giải Đặc biệt,395,1
00189,2020-07-29,Giải Nhất,214,0
00189,2020-07-29,Giải Nhất,122,1
00189,2020-07-29,Giải Nhất,743,2
00189,2020-07-29,Giải Nhất,071,3
00189,2020-07-29,Giải Nhì,750,0
00189,2020-07-29,Giải Nhì,071,1
00189,2020-07-29,Giải Nhì,098,2
00189,2020-07-29,Giải Nhì,764,3
00189,2020-07-29,Giải Nhì,079,4
00189,2020-07-29,Giải Nhì,572,5
00188,2020-07-27,Giải ba,333,0
00188,2020-07-27,Giải ba,905,1
00188,2020-07-27,Giải ba,913,2
00188,2020-07-27,Giải ba,821,3
00188,2020-07-27,Giải ba,317,4
00188,2020-07-27,Giải ba,789,5
00188,2020-07-27,Giải ba,663,6
00188,2020-07-27,Giải ba,216,7
00188,2020-07-27,Giải Đặc biệt,299,0
00188,2020-07-27,Giải Đặc biệt,933,1
00188,2020-07-27,Giải Nhất,657,0
00188,2020-07-27,Giải Nhất,868,1
00188,2020-07-27,Giải Nhất,833,2
00188,2020-07-27,Giải Nhất,595,3
00188,2020-07-27,Giải Nhì,794,0
00188,2020-07-27,Giải Nhì,783,1
00188,2020-07-27,Giải Nhì,292,2
00188,2020-07-27,Giải Nhì,283,3
00188,2020-07-27,Giải Nhì,994,4
00188,2020-07-27,Giải Nhì,169,5
00187,2020-07-24,Giải ba,710,0
00187,2020-07-24,Giải ba,434,1
00187,2020-07-24,Giải ba,030,2
00187,2020-07-24,Giải ba,001,3
00187,2020-07-24,Giải ba,091,4
00187,2020-07-24,Giải ba,012,5
00187,2020-07-24,Giải ba,179,6
00187,2020-07-24,Giải ba,855,7
00187,2020-07-24,Giải Đặc biệt,477,0
00187,2020-07-24,Giải Đặc biệt,370,1
00187,2020-07-24,Giải Nhất,998,0
00187,2020-07-24,Giải Nhất,319,1
00187,2020-07-24,Giải Nhất,413,2
00187,2020-07-24,Giải Nhất,064,3
00187,2020-07-24,Giải Nhì,782,0
00187,2020-07-24,Giải Nhì,197,1
00187,2020-07-24,Giải Nhì,879,2
00187,2020-07-24,Giải Nhì,920,3
00187,2020-07-24,Giải Nhì,568,4
00187,2020-07-24,Giải Nhì,368,5
00186,2020-07-22,Giải ba,222,0
00186,2020-07-22,Giải ba,705,1
00186,2020-07-22,Giải ba,268,2
00186,2020-07-22,Giải ba,908,3
00186,2020-07-22,Giải ba,286,4
00186,2020-07-22,Giải ba,612,5
00186,2020-07-22,Giải ba,210,6
00186,2020-07-22,Giải ba,223,7
00186,2020-07-22,Giải Đặc biệt,270,0
00186,2020-07-22,Giải Đặc biệt,052,1
00186,2020-07-22,Giải Nhất,266,0
00186,2020-07-22,Giải Nhất,941,1
00186,2020-07-22,Giải Nhất,477,2
00186,2020-07-22,Giải Nhất,963,3
00186,2020-07-22,Giải Nhì,560,0
00186,2020-07-22,Giải Nhì,386,1
00186,2020-07-22,Giải Nhì,974,2
00186,2020-07-22,Giải Nhì,213,3
00186,2020-07-22,Giải Nhì,346,4
00186,2020-07-22,Giải Nhì,775,5
00185,2020-07-20,Giải ba,972,0
00185,2020-07-20,Giải ba,183,1
00185,2020-07-20,Giải ba,589,2
00185,2020-07-20,Giải ba,835,3
00185,2020-07-20,Giải ba,367,4
00185,2020-07-20,Giải ba,822,5
00185,2020-07-20,Giải ba,022,6
00185,2020-07-20,Giải ba,375,7
00185,2020-07-20,Giải Đặc biệt,376,0
00185,2020-07-20,Giải Đặc biệt,452,1
00185,2020-07-20,Giải Nhất,384,0
00185,2020-07-20,Giải Nhất,026,1
00185,2020-07-20,Giải Nhất,723,2
00185,2020-07-20,Giải Nhất,456,3
00185,2020-07-20,Giải Nhì,908,0
00185,2020-07-20,Giải Nhì,881,1
00185,2020-07-20,Giải Nhì,823,2
00185,2020-07-20,Giải Nhì,685,3
00185,2020-07-20,Giải Nhì,908,4
00185,2020-07-20,Giải Nhì,650,5
00184,2020-07-17,Giải ba,141,0
00184,2020-07-17,Giải ba,581,1
00184,2020-07-17,Giải ba,303,2
00184,2020-07-17,Giải ba,832,3
00184,2020-07-17,Giải ba,301,4
00184,2020-07-17,Giải ba,773,5
00184,2020-07-17,Giải ba,350,6
00184,2020-07-17,Giải ba,132,7
00184,2020-07-17,Giải Đặc biệt,994,0
00184,2020-07-17,Giải Đặc biệt,207,1
00184,2020-07-17,Giải Nhất,371,0
00184,2020-07-17,Giải Nhất,543,1
00184,2020-07-17,Giải Nhất,918,2
00184,2020-07-17,Giải Nhất,013,3
00184,2020-07-17,Giải Nhì,612,0
00184,2020-07-17,Giải Nhì,560,1
00184,2020-07-17,Giải Nhì,986,2
00184,2020-07-17,Giải Nhì,405,3
00184,2020-07-17,Giải Nhì,606,4
00184,2020-07-17,Giải Nhì,350,5
00183,2020-07-15,Giải ba,392,0
00183,2020-07-15,Giải ba,461,1
00183,2020-07-15,Giải ba,973,2
00183,2020-07-15,Giải ba,875,3
00183,2020-07-15,Giải ba,477,4
00183,2020-07-15,Giải ba,427,5
00183,2020-07-15,Giải ba,072,6
00183,2020-07-15,Giải ba,656,7
00183,2020-07-15,Giải Đặc biệt,792,0
00183,2020-07-15,Giải Đặc biệt,922,1
00183,2020-07-15,Giải Nhất,971,0
00183,2020-07-15,Giải Nhất,335,1
00183,2020-07-15,Giải Nhất,608,2
00183,2020-07-15,Giải Nhất,278,3
00183,2020-07-15,Giải Nhì,720,0
00183,2020-07-15,Giải Nhì,577,1
00183,2020-07-15,Giải Nhì,769,2
00183,2020-07-15,Giải Nhì,328,3
00183,2020-07-15,Giải Nhì,046,4
00183,2020-07-15,Giải Nhì,303,5
00182,2020-07-13,Giải ba,368,0
00182,2020-07-13,Giải ba,473,1
00182,2020-07-13,Giải ba,947,2
00182,2020-07-13,Giải ba,523,3
00182,2020-07-13,Giải ba,616,4
00182,2020-07-13,Giải ba,689,5
00182,2020-07-13,Giải ba,003,6
00182,2020-07-13,Giải ba,325,7
00182,2020-07-13,Giải Đặc biệt,750,0
00182,2020-07-13,Giải Đặc biệt,309,1
00182,2020-07-13,Giải Nhất,322,0
00182,2020-07-13,Giải Nhất,006,1
00182,2020-07-13,Giải Nhất,274,2
00182,2020-07-13,Giải Nhất,230,3
00182,2020-07-13,Giải Nhì,744,0
00182,2020-07-13,Giải Nhì,824,1
00182,2020-07-13,Giải Nhì,715,2
00182,2020-07-13,Giải Nhì,676,3
00182,2020-07-13,Giải Nhì,690,4
00182,2020-07-13,Giải Nhì,863,5
00181,2020-07-10,Giải ba,147,0
00181,2020-07-10,Giải ba,895,1
00181,2020-07-10,Giải ba,378,2
00181,2020-07-10,Giải ba,584,3
00181,2020-07-10,Giải ba,494,4
00181,2020-07-10,Giải ba,215,5
00181,2020-07-10,Giải ba,079,6
00181,2020-07-10,Giải ba,528,7
00181,2020-07-10,Giải Đặc biệt,329,0
00181,2020-07-10,Giải Đặc biệt,809,1
00181,2020-07-10,Giải Nhất,217,0
00181,2020-07-10,Giải Nhất,974,1
00181,2020-07-10,Giải Nhất,717,2
00181,2020-07-10,Giải Nhất,427,3
00181,2020-07-10,Giải Nhì,064,0
00181,2020-07-10,Giải Nhì,714,1
00181,2020-07-10,Giải Nhì,647,2
00181,2020-07-10,Giải Nhì,974,3
00181,2020-07-10,Giải Nhì,614,4
00181,2020-07-10,Giải Nhì,033,5
00180,2020-07-08,Giải ba,209,0
00180,2020-07-08,Giải ba,150,1
00180,2020-07-08,Giải ba,841,2
00180,2020-07-08,Giải ba,312,3
00180,2020-07-08,Giải ba,426,4
00180,2020-07-08,Giải ba,537,5
00180,2020-07-08,Giải ba,792,6
00180,2020-07-08,Giải ba,685,7
00180,2020-07-08,Giải Đặc biệt,760,0
00180,2020-07-08,Giải Đặc biệt,446,1
00180,2020-07-08,Giải Nhất,194,0
00180,2020-07-08,Giải Nhất,255,1
00180,2020-07-08,Giải Nhất,391,2
00180,2020-07-08,Giải Nhất,500,3
00180,2020-07-08,Giải Nhì,176,0
00180,2020-07-08,Giải Nhì,612,1
00180,2020-07-08,Giải Nhì,274,2
00180,2020-07-08,Giải Nhì,102,3
00180,2020-07-08,Giải Nhì,833,4
00180,2020-07-08,Giải Nhì,472,5
00179,2020-07-06,Giải ba,090,0
00179,2020-07-06,Giải ba,977,1
00179,2020-07-06,Giải ba,978,2
00179,2020-07-06,Giải ba,105,3
00179,2020-07-06,Giải ba,560,4
00179,2020-07-06,Giải ba,184,5
00179,2020-07-06,Giải ba,473,6
00179,2020-07-06,Giải ba,124,7
00179,2020-07-06,Giải Đặc biệt,751,0
00179,2020-07-06,Giải Đặc biệt,930,1
00179,2020-07-06,Giải Nhất,113,0
00179,2020-07-06,Giải Nhất,110,1
00179,2020-07-06,Giải Nhất,483,2
00179,2020-07-06,Giải Nhất,970,3
00179,2020-07-06,Giải Nhì,184,0
00179,2020-07-06,Giải Nhì,066,1
00179,2020-07-06,Giải Nhì,634,2
00179,2020-07-06,Giải Nhì,736,3
00179,2020-07-06,Giải Nhì,740,4
00179,2020-07-06,Giải Nhì,780,5
00178,2020-07-03,Giải ba,807,0
00178,2020-07-03,Giải ba,206,1
00178,2020-07-03,Giải ba,854,2
00178,2020-07-03,Giải ba,164,3
00178,2020-07-03,Giải ba,478,4
00178,2020-07-03,Giải ba,681,5
00178,2020-07-03,Giải ba,573,6
00178,2020-07-03,Giải ba,358,7
00178,2020-07-03,Giải Đặc biệt,998,0
00178,2020-07-03,Giải Đặc biệt,144,1
00178,2020-07-03,Giải Nhất,457,0
00178,2020-07-03,Giải Nhất,984,1
00178,2020-07-03,Giải Nhất,859,2
00178,2020-07-03,Giải Nhất,226,3
00178,2020-07-03,Giải Nhì,960,0
00178,2020-07-03,Giải Nhì,458,1
00178,2020-07-03,Giải Nhì,486,2
00178,2020-07-03,Giải Nhì,022,3
00178,2020-07-03,Giải Nhì,654,4
00178,2020-07-03,Giải Nhì,138,5
00177,2020-07-01,Giải ba,227,0
00177,2020-07-01,Giải ba,839,1
00177,2020-07-01,Giải ba,293,2
00177,2020-07-01,Giải ba,582,3
00177,2020-07-01,Giải ba,080,4
00177,2020-07-01,Giải ba,553,5
00177,2020-07-01,Giải ba,281,6
00177,2020-07-01,Giải ba,429,7
00177,2020-07-01,Giải Đặc biệt,867,0
00177,2020-07-01,Giải Đặc biệt,468,1
00177,2020-07-01,Giải Nhất,058,0
00177,2020-07-01,Giải Nhất,839,1
00177,2020-07-01,Giải Nhất,975,2
00177,2020-07-01,Giải Nhất,104,3
00177,2020-07-01,Giải Nhì,084,0
00177,2020-07-01,Giải Nhì,432,1
00177,2020-07-01,Giải Nhì,359,2
00177,2020-07-01,Giải Nhì,396,3
00177,2020-07-01,Giải Nhì,777,4
00177,2020-07-01,Giải Nhì,646,5
00176,2020-06-29,Giải ba,744,0
00176,2020-06-29,Giải ba,809,1
00176,2020-06-29,Giải ba,416,2
00176,2020-06-29,Giải ba,450,3
00176,2020-06-29,Giải ba,630,4
00176,2020-06-29,Giải ba,117,5
00176,2020-06-29,Giải ba,682,6
00176,2020-06-29,Giải ba,519,7
00176,2020-06-29,Giải Đặc biệt,524,0
00176,2020-06-29,Giải Đặc biệt,190,1
00176,2020-06-29,Giải Nhất,418,0
00176,2020-06-29,Giải Nhất,239,1
00176,2020-06-29,Giải Nhất,670,2
00176,2020-06-29,Giải Nhất,332,3
00176,2020-06-29,Giải Nhì,332,0
00176,2020-06-29,Giải Nhì,499,1
00176,2020-06-29,Giải Nhì,907,2
00176,2020-06-29,Giải Nhì,852,3
00176,2020-06-29,Giải Nhì,637,4
00176,2020-06-29,Giải Nhì,934,5
00175,2020-06-26,Giải ba,035,0
00175,2020-06-26,Giải ba,745,1
00175,2020-06-26,Giải ba,487,2
00175,2020-06-26,Giải ba,460,3
00175,2020-06-26,Giải ba,201,4
00175,2020-06-26,Giải ba,439,5
00175,2020-06-26,Giải ba,833,6
00175,2020-06-26,Giải ba,916,7
00175,2020-06-26,Giải Đặc biệt,394,0
00175,2020-06-26,Giải Đặc biệt,684,1
00175,2020-06-26,Giải Nhất,041,0
00175,2020-06-26,Giải Nhất,331,1
00175,2020-06-26,Giải Nhất,707,2
00175,2020-06-26,Giải Nhất,084,3
00175,2020-06-26,Giải Nhì,112,0
00175,2020-06-26,Giải Nhì,589,1
00175,2020-06-26,Giải Nhì,742,2
00175,2020-06-26,Giải Nhì,323,3
00175,2020-06-26,Giải Nhì,689,4
00175,2020-06-26,Giải Nhì,028,5
00174,2020-06-24,Giải ba,026,0
00174,2020-06-24,Giải ba,835,1
00174,2020-06-24,Giải ba,637,2
00174,2020-06-24,Giải ba,004,3
00174,2020-06-24,Giải ba,088,4
00174,2020-06-24,Giải ba,794,5
00174,2020-06-24,Giải ba,499,6
00174,2020-06-24,Giải ba,848,7
00174,2020-06-24,Giải Đặc biệt,956,0
00174,2020-06-24,Giải Đặc biệt,510,1
00174,2020-06-24,Giải Nhất,589,0
00174,2020-06-24,Giải Nhất,375,1
00174,2020-06-24,Giải Nhất,377,2
00174,2020-06-24,Giải Nhất,379,3
00174,2020-06-24,Giải Nhì,556,0
00174,2020-06-24,Giải Nhì,742,1
00174,2020-06-24,Giải Nhì,431,2
00174,2020-06-24,Giải Nhì,765,3
00174,2020-06-24,Giải Nhì,304,4
00174,2020-06-24,Giải Nhì,925,5
00173,2020-06-22,Giải ba,456,0
00173,2020-06-22,Giải ba,019,1
00173,2020-06-22,Giải ba,782,2
00173,2020-06-22,Giải ba,245,3
00173,2020-06-22,Giải ba,540,4
00173,2020-06-22,Giải ba,764,5
00173,2020-06-22,Giải ba,429,6
00173,2020-06-22,Giải ba,157,7
00173,2020-06-22,Giải Đặc biệt,289,0
00173,2020-06-22,Giải Đặc biệt,875,1
00173,2020-06-22,Giải Nhất,036,0
00173,2020-06-22,Giải Nhất,207,1
00173,2020-06-22,Giải Nhất,551,2
00173,2020-06-22,Giải Nhất,898,3
00173,2020-06-22,Giải Nhì,286,0
00173,2020-06-22,Giải Nhì,849,1
00173,2020-06-22,Giải Nhì,871,2
00173,2020-06-22,Giải Nhì,670,3
00173,2020-06-22,Giải Nhì,235,4
00173,2020-06-22,Giải Nhì,827,5
00172,2020-06-19,Giải ba,445,0
00172,2020-06-19,Giải ba,370,1
00172,2020-06-19,Giải ba,129,2
00172,2020-06-19,Giải ba,596,3
00172,2020-06-19,Giải ba,857,4
00172,2020-06-19,Giải ba,673,5
00172,2020-06-19,Giải ba,704,6
00172,2020-06-19,Giải ba,943,7
00172,2020-06-19,Giải Đặc biệt,852,0
00172,2020-06-19,Giải Đặc biệt,212,1
00172,2020-06-19,Giải Nhất,324,0
00172,2020-06-19,Giải Nhất,610,1
00172,2020-06-19,Giải Nhất,085,2
00172,2020-06-19,Giải Nhất,246,3
00172,2020-06-19,Giải Nhì,784,0
00172,2020-06-19,Giải Nhì,252,1
00172,2020-06-19,Giải Nhì,022,2
00172,2020-06-19,Giải Nhì,391,3
00172,2020-06-19,Giải Nhì,889,4
00172,2020-06-19,Giải Nhì,889,5
00171,2020-06-17,Giải ba,576,0
00171,2020-06-17,Giải ba,156,1
00171,2020-06-17,Giải ba,374,2
00171,2020-06-17,Giải ba,435,3
00171,2020-06-17,Giải ba,048,4
00171,2020-06-17,Giải ba,902,5
00171,2020-06-17,Giải ba,547,6
00171,2020-06-17,Giải ba,186,7
00171,2020-06-17,Giải Đặc biệt,141,0
00171,2020-06-17,Giải Đặc biệt,258,1
00171,2020-06-17,Giải Nhất,448,0
00171,2020-06-17,Giải Nhất,545,1
00171,2020-06-17,Giải Nhất,842,2
00171,2020-06-17,Giải Nhất,839,3
00171,2020-06-17,Giải Nhì,920,0
00171,2020-06-17,Giải Nhì,530,1
00171,2020-06-17,Giải Nhì,743,2
00171,2020-06-17,Giải Nhì,249,3
00171,2020-06-17,Giải Nhì,099,4
00171,2020-06-17,Giải Nhì,983,5
00170,2020-06-15,Giải ba,589,0
00170,2020-06-15,Giải ba,027,1
00170,2020-06-15,Giải ba,868,2
00170,2020-06-15,Giải ba,575,3
00170,2020-06-15,Giải ba,604,4
00170,2020-06-15,Giải ba,752,5
00170,2020-06-15,Giải ba,664,6
00170,2020-06-15,Giải ba,633,7
00170,2020-06-15,Giải Đặc biệt,281,0
00170,2020-06-15,Giải Đặc biệt,308,1
00170,2020-06-15,Giải Nhất,989,0
00170,2020-06-15,Giải Nhất,154,1
00170,2020-06-15,Giải Nhất,171,2
00170,2020-06-15,Giải Nhất,582,3
00170,2020-06-15,Giải Nhì,299,0
00170,2020-06-15,Giải Nhì,444,1
00170,2020-06-15,Giải Nhì,711,2
00170,2020-06-15,Giải Nhì,274,3
00170,2020-06-15,Giải Nhì,154,4
00170,2020-06-15,Giải Nhì,523,5
00169,2020-06-12,Giải ba,708,0
00169,2020-06-12,Giải ba,706,1
00169,2020-06-12,Giải ba,348,2
00169,2020-06-12,Giải ba,493,3
00169,2020-06-12,Giải ba,511,4
00169,2020-06-12,Giải ba,419,5
00169,2020-06-12,Giải ba,026,6
00169,2020-06-12,Giải ba,198,7
00169,2020-06-12,Giải Đặc biệt,928,0
00169,2020-06-12,Giải Đặc biệt,235,1
00169,2020-06-12,Giải Nhất,455,0
00169,2020-06-12,Giải Nhất,051,1
00169,2020-06-12,Giải Nhất,348,2
00169,2020-06-12,Giải Nhất,934,3
00169,2020-06-12,Giải Nhì,896,0
00169,2020-06-12,Giải Nhì,895,1
00169,2020-06-12,Giải Nhì,100,2
00169,2020-06-12,Giải Nhì,586,3
00169,2020-06-12,Giải Nhì,565,4
00169,2020-06-12,Giải Nhì,587,5
00168,2020-06-10,Giải ba,604,0
00168,2020-06-10,Giải ba,133,1
00168,2020-06-10,Giải ba,820,2
00168,2020-06-10,Giải ba,340,3
00168,2020-06-10,Giải ba,644,4
00168,2020-06-10,Giải ba,034,5
00168,2020-06-10,Giải ba,666,6
00168,2020-06-10,Giải ba,599,7
00168,2020-06-10,Giải Đặc biệt,614,0
00168,2020-06-10,Giải Đặc biệt,631,1
00168,2020-06-10,Giải Nhất,634,0
00168,2020-06-10,Giải Nhất,094,1
00168,2020-06-10,Giải Nhất,684,2
00168,2020-06-10,Giải Nhất,477,3
00168,2020-06-10,Giải Nhì,376,0
00168,2020-06-10,Giải Nhì,321,1
00168,2020-06-10,Giải Nhì,906,2
00168,2020-06-10,Giải Nhì,437,3
00168,2020-06-10,Giải Nhì,900,4
00168,2020-06-10,Giải Nhì,104,5
00167,2020-06-08,Giải ba,356,0
00167,2020-06-08,Giải ba,683,1
00167,2020-06-08,Giải ba,426,2
00167,2020-06-08,Giải ba,845,3
00167,2020-06-08,Giải ba,048,4
00167,2020-06-08,Giải ba,838,5
00167,2020-06-08,Giải ba,205,6
00167,2020-06-08,Giải ba,203,7
00167,2020-06-08,Giải Đặc biệt,056,0
00167,2020-06-08,Giải Đặc biệt,256,1
00167,2020-06-08,Giải Nhất,676,0
00167,2020-06-08,Giải Nhất,080,1
00167,2020-06-08,Giải Nhất,529,2
00167,2020-06-08,Giải Nhất,083,3
00167,2020-06-08,Giải Nhì,920,0
00167,2020-06-08,Giải Nhì,671,1
00167,2020-06-08,Giải Nhì,169,2
00167,2020-06-08,Giải Nhì,401,3
00167,2020-06-08,Giải Nhì,504,4
00167,2020-06-08,Giải Nhì,731,5
00166,2020-06-05,Giải ba,089,0
00166,2020-06-05,Giải ba,284,1
00166,2020-06-05,Giải ba,073,2
00166,2020-06-05,Giải ba,225,3
00166,2020-06-05,Giải ba,917,4
00166,2020-06-05,Giải ba,450,5
00166,2020-06-05,Giải ba,692,6
00166,2020-06-05,Giải ba,722,7
00166,2020-06-05,Giải Đặc biệt,736,0
00166,2020-06-05,Giải Đặc biệt,228,1
00166,2020-06-05,Giải Nhất,595,0
00166,2020-06-05,Giải Nhất,535,1
00166,2020-06-05,Giải Nhất,378,2
00166,2020-06-05,Giải Nhất,865,3
00166,2020-06-05,Giải Nhì,338,0
00166,2020-06-05,Giải Nhì,949,1
00166,2020-06-05,Giải Nhì,857,2
00166,2020-06-05,Giải Nhì,097,3
00166,2020-06-05,Giải Nhì,686,4
00166,2020-06-05,Giải Nhì,697,5
00165,2020-06-03,Giải ba,833,0
00165,2020-06-03,Giải ba,276,1
00165,2020-06-03,Giải ba,364,2
00165,2020-06-03,Giải ba,158,3
00165,2020-06-03,Giải ba,228,4
00165,2020-06-03,Giải ba,533,5
00165,2020-06-03,Giải ba,203,6
00165,2020-06-03,Giải ba,142,7
00165,2020-06-03,Giải Đặc biệt,251,0
00165,2020-06-03,Giải Đặc biệt,537,1
00165,2020-06-03,Giải Nhất,446,0
00165,2020-06-03,Giải Nhất,400,1
00165,2020-06-03,Giải Nhất,246,2
00165,2020-06-03,Giải Nhất,109,3
00165,2020-06-03,Giải Nhì,057,0
00165,2020-06-03,Giải Nhì,043,1
00165,2020-06-03,Giải Nhì,946,2
00165,2020-06-03,Giải Nhì,243,3
00165,2020-06-03,Giải Nhì,751,4
00165,2020-06-03,Giải Nhì,216,5
00164,2020-06-01,Giải ba,380,0
00164,2020-06-01,Giải ba,035,1
00164,2020-06-01,Giải ba,547,2
00164,2020-06-01,Giải ba,656,3
00164,2020-06-01,Giải ba,815,4
00164,2020-06-01,Giải ba,390,5
00164,2020-06-01,Giải ba,205,6
00164,2020-06-01,Giải ba,819,7
00164,2020-06-01,Giải Đặc biệt,604,0
00164,2020-06-01,Giải Đặc biệt,192,1
00164,2020-06-01,Giải Nhất,118,0
00164,2020-06-01,Giải Nhất,099,1
00164,2020-06-01,Giải Nhất,601,2
00164,2020-06-01,Giải Nhất,081,3
00164,2020-06-01,Giải Nhì,695,0
00164,2020-06-01,Giải Nhì,095,1
00164,2020-06-01,Giải Nhì,153,2
00164,2020-06-01,Giải Nhì,631,3
00164,2020-06-01,Giải Nhì,973,4
00164,2020-06-01,Giải Nhì,077,5
00163,2020-05-29,Giải ba,837,0
00163,2020-05-29,Giải ba,018,1
00163,2020-05-29,Giải ba,255,2
00163,2020-05-29,Giải ba,425,3
00163,2020-05-29,Giải ba,243,4
00163,2020-05-29,Giải ba,094,5
00163,2020-05-29,Giải ba,118,6
00163,2020-05-29,Giải ba,053,7
00163,2020-05-29,Giải Đặc biệt,678,0
00163,2020-05-29,Giải Đặc biệt,731,1
00163,2020-05-29,Giải Nhất,812,0
00163,2020-05-29,Giải Nhất,963,1
00163,2020-05-29,Giải Nhất,745,2
00163,2020-05-29,Giải Nhất,919,3
00163,2020-05-29,Giải Nhì,891,0
00163,2020-05-29,Giải Nhì,202,1
00163,2020-05-29,Giải Nhì,054,2
00163,2020-05-29,Giải Nhì,462,3
00163,2020-05-29,Giải Nhì,814,4
00163,2020-05-29,Giải Nhì,855,5
00162,2020-05-27,Giải ba,926,0
00162,2020-05-27,Giải ba,234,1
00162,2020-05-27,Giải ba,247,2
00162,2020-05-27,Giải ba,078,3
00162,2020-05-27,Giải ba,405,4
00162,2020-05-27,Giải ba,391,5
00162,2020-05-27,Giải ba,698,6
00162,2020-05-27,Giải ba,475,7
00162,2020-05-27,Giải Đặc biệt,579,0
00162,2020-05-27,Giải Đặc biệt,785,1
00162,2020-05-27,Giải Nhất,583,0
00162,2020-05-27,Giải Nhất,668,1
00162,2020-05-27,Giải Nhất,522,2
00162,2020-05-27,Giải Nhất,518,3
00162,2020-05-27,Giải Nhì,469,0
00162,2020-05-27,Giải Nhì,213,1
00162,2020-05-27,Giải Nhì,876,2
00162,2020-05-27,Giải Nhì,220,3
00162,2020-05-27,Giải Nhì,804,4
00162,2020-05-27,Giải Nhì,328,5
00161,2020-05-25,Giải ba,328,0
00161,2020-05-25,Giải ba,882,1
00161,2020-05-25,Giải ba,075,2
00161,2020-05-25,Giải ba,116,3
00161,2020-05-25,Giải ba,712,4
00161,2020-05-25,Giải ba,225,5
00161,2020-05-25,Giải ba,267,6
00161,2020-05-25,Giải ba,984,7
00161,2020-05-25,Giải Đặc biệt,973,0
00161,2020-05-25,Giải Đặc biệt,378,1
00161,2020-05-25,Giải Nhất,622,0
00161,2020-05-25,Giải Nhất,536,1
00161,2020-05-25,Giải Nhất,358,2
00161,2020-05-25,Giải Nhất,271,3
00161,2020-05-25,Giải Nhì,213,0
00161,2020-05-25,Giải Nhì,742,1
00161,2020-05-25,Giải Nhì,276,2
00161,2020-05-25,Giải Nhì,527,3
00161,2020-05-25,Giải Nhì,981,4
00161,2020-05-25,Giải Nhì,090,5
00160,2020-05-22,Giải ba,262,0
00160,2020-05-22,Giải ba,748,1
00160,2020-05-22,Giải ba,006,2
00160,2020-05-22,Giải ba,572,3
00160,2020-05-22,Giải ba,412,4
00160,2020-05-22,Giải ba,881,5
00160,2020-05-22,Giải ba,794,6
00160,2020-05-22,Giải ba,732,7
00160,2020-05-22,Giải Đặc biệt,291,0
00160,2020-05-22,Giải Đặc biệt,376,1
00160,2020-05-22,Giải Nhất,614,0
00160,2020-05-22,Giải Nhất,458,1
00160,2020-05-22,Giải Nhất,760,2
00160,2020-05-22,Giải Nhất,587,3
00160,2020-05-22,Giải Nhì,792,0
00160,2020-05-22,Giải Nhì,866,1
00160,2020-05-22,Giải Nhì,068,2
00160,2020-05-22,Giải Nhì,155,3
00160,2020-05-22,Giải Nhì,138,4
00160,2020-05-22,Giải Nhì,455,5
00159,2020-05-20,Giải ba,584,0
00159,2020-05-20,Giải ba,574,1
00159,2020-05-20,Giải ba,296,2
00159,2020-05-20,Giải ba,613,3
00159,2020-05-20,Giải ba,003,4
00159,2020-05-20,Giải ba,634,5
00159,2020-05-20,Giải ba,159,6
00159,2020-05-20,Giải ba,565,7
00159,2020-05-20,Giải Đặc biệt,124,0
00159,2020-05-20,Giải Đặc biệt,457,1
00159,2020-05-20,Giải Nhất,694,0
00159,2020-05-20,Giải Nhất,221,1
00159,2020-05-20,Giải Nhất,663,2
00159,2020-05-20,Giải Nhất,591,3
00159,2020-05-20,Giải Nhì,506,0
00159,2020-05-20,Giải Nhì,469,1
00159,2020-05-20,Giải Nhì,150,2
00159,2020-05-20,Giải Nhì,295,3
00159,2020-05-20,Giải Nhì,793,4
00159,2020-05-20,Giải Nhì,049,5
00158,2020-05-18,Giải ba,612,0
00158,2020-05-18,Giải ba,079,1
00158,2020-05-18,Giải ba,490,2
00158,2020-05-18,Giải ba,609,3
00158,2020-05-18,Giải ba,786,4
00158,2020-05-18,Giải ba,477,5
00158,2020-05-18,Giải ba,799,6
00158,2020-05-18,Giải ba,428,7
00158,2020-05-18,Giải Đặc biệt,123,0
00158,2020-05-18,Giải Đặc biệt,044,1
00158,2020-05-18,Giải Nhất,612,0
00158,2020-05-18,Giải Nhất,548,1
00158,2020-05-18,Giải Nhất,497,2
00158,2020-05-18,Giải Nhất,963,3
00158,2020-05-18,Giải Nhì,032,0
00158,2020-05-18,Giải Nhì,255,1
00158,2020-05-18,Giải Nhì,010,2
00158,2020-05-18,Giải Nhì,985,3
00158,2020-05-18,Giải Nhì,977,4
00158,2020-05-18,Giải Nhì,298,5
00157,2020-05-15,Giải ba,826,0
00157,2020-05-15,Giải ba,133,1
00157,2020-05-15,Giải ba,416,2
00157,2020-05-15,Giải ba,762,3
00157,2020-05-15,Giải ba,504,4
00157,2020-05-15,Giải ba,665,5
00157,2020-05-15,Giải ba,406,6
00157,2020-05-15,Giải ba,635,7
00157,2020-05-15,Giải Đặc biệt,826,0
00157,2020-05-15,Giải Đặc biệt,771,1
00157,2020-05-15,Giải Nhất,838,0
00157,2020-05-15,Giải Nhất,976,1
00157,2020-05-15,Giải Nhất,489,2
00157,2020-05-15,Giải Nhất,696,3
00157,2020-05-15,Giải Nhì,580,0
00157,2020-05-15,Giải Nhì,786,1
00157,2020-05-15,Giải Nhì,180,2
00157,2020-05-15,Giải Nhì,902,3
00157,2020-05-15,Giải Nhì,764,4
00157,2020-05-15,Giải Nhì,876,5
00156,2020-05-13,Giải ba,550,0
00156,2020-05-13,Giải ba,009,1
00156,2020-05-13,Giải ba,060,2
00156,2020-05-13,Giải ba,884,3
00156,2020-05-13,Giải ba,205,4
00156,2020-05-13,Giải ba,245,5
00156,2020-05-13,Giải ba,835,6
00156,2020-05-13,Giải ba,073,7
00156,2020-05-13,Giải Đặc biệt,353,0
00156,2020-05-13,Giải Đặc biệt,204,1
00156,2020-05-13,Giải Nhất,191,0
00156,2020-05-13,Giải Nhất,607,1
00156,2020-05-13,Giải Nhất,127,2
00156,2020-05-13,Giải Nhất,268,3
00156,2020-05-13,Giải Nhì,313,0
00156,2020-05-13,Giải Nhì,090,1
00156,2020-05-13,Giải Nhì,856,2
00156,2020-05-13,Giải Nhì,118,3
00156,2020-05-13,Giải Nhì,969,4
00156,2020-05-13,Giải Nhì,477,5
00155,2020-05-11,Giải ba,441,0
00155,2020-05-11,Giải ba,388,1
00155,2020-05-11,Giải ba,685,2
00155,2020-05-11,Giải ba,105,3
00155,2020-05-11,Giải ba,445,4
00155,2020-05-11,Giải ba,419,5
00155,2020-05-11,Giải ba,920,6
00155,2020-05-11,Giải ba,361,7
00155,2020-05-11,Giải Đặc biệt,032,0
00155,2020-05-11,Giải Đặc biệt,346,1
00155,2020-05-11,Giải Nhất,722,0
00155,2020-05-11,Giải Nhất,616,1
00155,2020-05-11,Giải Nhất,214,2
00155,2020-05-11,Giải Nhất,420,3
00155,2020-05-11,Giải Nhì,323,0
00155,2020-05-11,Giải Nhì,330,1
00155,2020-05-11,Giải Nhì,087,2
00155,2020-05-11,Giải Nhì,978,3
00155,2020-05-11,Giải Nhì,878,4
00155,2020-05-11,Giải Nhì,459,5
00154,2020-05-08,Giải ba,835,0
00154,2020-05-08,Giải ba,927,1
00154,2020-05-08,Giải ba,400,2
00154,2020-05-08,Giải ba,955,3
00154,2020-05-08,Giải ba,728,4
00154,2020-05-08,Giải ba,438,5
00154,2020-05-08,Giải ba,027,6
00154,2020-05-08,Giải ba,026,7
00154,2020-05-08,Giải Đặc biệt,273,0
00154,2020-05-08,Giải Đặc biệt,377,1
00154,2020-05-08,Giải Nhất,566,0
00154,2020-05-08,Giải Nhất,846,1
00154,2020-05-08,Giải Nhất,543,2
00154,2020-05-08,Giải Nhất,972,3
00154,2020-05-08,Giải Nhì,341,0
00154,2020-05-08,Giải Nhì,315,1
00154,2020-05-08,Giải Nhì,564,2
00154,2020-05-08,Giải Nhì,474,3
00154,2020-05-08,Giải Nhì,188,4
00154,2020-05-08,Giải Nhì,596,5
00153,2020-05-06,Giải ba,710,0
00153,2020-05-06,Giải ba,072,1
00153,2020-05-06,Giải ba,653,2
00153,2020-05-06,Giải ba,976,3
00153,2020-05-06,Giải ba,974,4
00153,2020-05-06,Giải ba,170,5
00153,2020-05-06,Giải ba,489,6
00153,2020-05-06,Giải ba,545,7
00153,2020-05-06,Giải Đặc biệt,519,0
00153,2020-05-06,Giải Đặc biệt,093,1
00153,2020-05-06,Giải Nhất,322,0
00153,2020-05-06,Giải Nhất,414,1
00153,2020-05-06,Giải Nhất,051,2
00153,2020-05-06,Giải Nhất,343,3
00153,2020-05-06,Giải Nhì,895,0
00153,2020-05-06,Giải Nhì,220,1
00153,2020-05-06,Giải Nhì,338,2
00153,2020-05-06,Giải Nhì,834,3
00153,2020-05-06,Giải Nhì,603,4
00153,2020-05-06,Giải Nhì,706,5
00152,2020-05-04,Giải ba,217,0
00152,2020-05-04,Giải ba,240,1
00152,2020-05-04,Giải ba,725,2
00152,2020-05-04,Giải ba,073,3
00152,2020-05-04,Giải ba,638,4
00152,2020-05-04,Giải ba,284,5
00152,2020-05-04,Giải ba,697,6
00152,2020-05-04,Giải ba,331,7
00152,2020-05-04,Giải Đặc biệt,640,0
00152,2020-05-04,Giải Đặc biệt,138,1
00152,2020-05-04,Giải Nhất,791,0
00152,2020-05-04,Giải Nhất,171,1
00152,2020-05-04,Giải Nhất,701,2
00152,2020-05-04,Giải Nhất,060,3
00152,2020-05-04,Giải Nhì,276,0
00152,2020-05-04,Giải Nhì,623,1
00152,2020-05-04,Giải Nhì,030,2
00152,2020-05-04,Giải Nhì,825,3
00152,2020-05-04,Giải Nhì,756,4
00152,2020-05-04,Giải Nhì,825,5
00151,2020-05-01,Giải ba,153,0
00151,2020-05-01,Giải ba,816,1
00151,2020-05-01,Giải ba,421,2
00151,2020-05-01,Giải ba,700,3
00151,2020-05-01,Giải ba,070,4
00151,2020-05-01,Giải ba,939,5
00151,2020-05-01,Giải ba,331,6
00151,2020-05-01,Giải ba,085,7
00151,2020-05-01,Giải Đặc biệt,176,0
00151,2020-05-01,Giải Đặc biệt,928,1
00151,2020-05-01,Giải Nhất,843,0
00151,2020-05-01,Giải Nhất,370,1
00151,2020-05-01,Giải Nhất,625,2
00151,2020-05-01,Giải Nhất,703,3
00151,2020-05-01,Giải Nhì,569,0
00151,2020-05-01,Giải Nhì,324,1
00151,2020-05-01,Giải Nhì,121,2
00151,2020-05-01,Giải Nhì,930,3
00151,2020-05-01,Giải Nhì,854,4
00151,2020-05-01,Giải Nhì,867,5
00150,2020-04-29,Giải ba,087,0
00150,2020-04-29,Giải ba,590,1
00150,2020-04-29,Giải ba,643,2
00150,2020-04-29,Giải ba,552,3
00150,2020-04-29,Giải ba,932,4
00150,2020-04-29,Giải ba,980,5
00150,2020-04-29,Giải ba,528,6
00150,2020-04-29,Giải ba,650,7
00150,2020-04-29,Giải Đặc biệt,484,0
00150,2020-04-29,Giải Đặc biệt,835,1
00150,2020-04-29,Giải Nhất,740,0
00150,2020-04-29,Giải Nhất,004,1
00150,2020-04-29,Giải Nhất,089,2
00150,2020-04-29,Giải Nhất,187,3
00150,2020-04-29,Giải Nhì,908,0
00150,2020-04-29,Giải Nhì,256,1
00150,2020-04-29,Giải Nhì,835,2
00150,2020-04-29,Giải Nhì,430,3
00150,2020-04-29,Giải Nhì,494,4
00150,2020-04-29,Giải Nhì,905,5
00149,2020-04-27,Giải ba,890,0
00149,2020-04-27,Giải ba,434,1
00149,2020-04-27,Giải ba,849,2
00149,2020-04-27,Giải ba,203,3
00149,2020-04-27,Giải ba,738,4
00149,2020-04-27,Giải ba,038,5
00149,2020-04-27,Giải ba,094,6
00149,2020-04-27,Giải ba,401,7
00149,2020-04-27,Giải Đặc biệt,069,0
00149,2020-04-27,Giải Đặc biệt,122,1
00149,2020-04-27,Giải Nhất,002,0
00149,2020-04-27,Giải Nhất,142,1
00149,2020-04-27,Giải Nhất,545,2
00149,2020-04-27,Giải Nhất,724,3
00149,2020-04-27,Giải Nhì,769,0
00149,2020-04-27,Giải Nhì,221,1
00149,2020-04-27,Giải Nhì,459,2
00149,2020-04-27,Giải Nhì,291,3
00149,2020-04-27,Giải Nhì,773,4
00149,2020-04-27,Giải Nhì,073,5
00148,2020-04-24,Giải ba,121,0
00148,2020-04-24,Giải ba,999,1
00148,2020-04-24,Giải ba,867,2
00148,2020-04-24,Giải ba,949,3
00148,2020-04-24,Giải ba,867,4
00148,2020-04-24,Giải ba,963,5
00148,2020-04-24,Giải ba,716,6
00148,2020-04-24,Giải ba,617,7
00148,2020-04-24,Giải Đặc biệt,222,0
00148,2020-04-24,Giải Đặc biệt,256,1
00148,2020-04-24,Giải Nhất,755,0
00148,2020-04-24,Giải Nhất,331,1
00148,2020-04-24,Giải Nhất,822,2
00148,2020-04-24,Giải Nhất,727,3
00148,2020-04-24,Giải Nhì,284,0
00148,2020-04-24,Giải Nhì,474,1
00148,2020-04-24,Giải Nhì,278,2
00148,2020-04-24,Giải Nhì,563,3
00148,2020-04-24,Giải Nhì,129,4
00148,2020-04-24,Giải Nhì,895,5
00147,2020-03-30,Giải ba,021,0
00147,2020-03-30,Giải ba,456,1
00147,2020-03-30,Giải ba,935,2
00147,2020-03-30,Giải ba,207,3
00147,2020-03-30,Giải ba,185,4
00147,2020-03-30,Giải ba,591,5
00147,2020-03-30,Giải ba,933,6
00147,2020-03-30,Giải ba,103,7
00147,2020-03-30,Giải Đặc biệt,146,0
00147,2020-03-30,Giải Đặc biệt,350,1
00147,2020-03-30,Giải Nhất,869,0
00147,2020-03-30,Giải Nhất,527,1
00147,2020-03-30,Giải Nhất,161,2
00147,2020-03-30,Giải Nhất,756,3
00147,2020-03-30,Giải Nhì,390,0
00147,2020-03-30,Giải Nhì,275,1
00147,2020-03-30,Giải Nhì,574,2
00147,2020-03-30,Giải Nhì,346,3
00147,2020-03-30,Giải Nhì,724,4
00147,2020-03-30,Giải Nhì,707,5
00146,2020-03-27,Giải ba,739,0
00146,2020-03-27,Giải ba,687,1
00146,2020-03-27,Giải ba,017,2
00146,2020-03-27,Giải ba,667,3
00146,2020-03-27,Giải ba,378,4
00146,2020-03-27,Giải ba,178,5
00146,2020-03-27,Giải ba,886,6
00146,2020-03-27,Giải ba,253,7
00146,2020-03-27,Giải Đặc biệt,983,0
00146,2020-03-27,Giải Đặc biệt,357,1
00146,2020-03-27,Giải Nhất,256,0
00146,2020-03-27,Giải Nhất,531,1
00146,2020-03-27,Giải Nhất,746,2
00146,2020-03-27,Giải Nhất,058,3
00146,2020-03-27,Giải Nhì,193,0
00146,2020-03-27,Giải Nhì,677,1
00146,2020-03-27,Giải Nhì,860,2
00146,2020-03-27,Giải Nhì,521,3
00146,2020-03-27,Giải Nhì,377,4
00146,2020-03-27,Giải Nhì,139,5
00145,2020-03-25,Giải ba,538,0
00145,2020-03-25,Giải ba,625,1
00145,2020-03-25,Giải ba,250,2
00145,2020-03-25,Giải ba,583,3
00145,2020-03-25,Giải ba,071,4
00145,2020-03-25,Giải ba,860,5
00145,2020-03-25,Giải ba,427,6
00145,2020-03-25,Giải ba,975,7
00145,2020-03-25,Giải Đặc biệt,246,0
00145,2020-03-25,Giải Đặc biệt,729,1
00145,2020-03-25,Giải Nhất,580,0
00145,2020-03-25,Giải Nhất,282,1
00145,2020-03-25,Giải Nhất,613,2
00145,2020-03-25,Giải Nhất,779,3
00145,2020-03-25,Giải Nhì,321,0
00145,2020-03-25,Giải Nhì,950,1
00145,2020-03-25,Giải Nhì,292,2
00145,2020-03-25,Giải Nhì,245,3
00145,2020-03-25,Giải Nhì,408,4
00145,2020-03-25,Giải Nhì,473,5
00144,2020-03-23,Giải ba,367,0
00144,2020-03-23,Giải ba,628,1
00144,2020-03-23,Giải ba,447,2
00144,2020-03-23,Giải ba,960,3
00144,2020-03-23,Giải ba,186,4
00144,2020-03-23,Giải ba,170,5
00144,2020-03-23,Giải ba,569,6
00144,2020-03-23,Giải ba,003,7
00144,2020-03-23,Giải Đặc biệt,648,0
00144,2020-03-23,Giải Đặc biệt,918,1
00144,2020-03-23,Giải Nhất,467,0
00144,2020-03-23,Giải Nhất,073,1
00144,2020-03-23,Giải Nhất,636,2
00144,2020-03-23,Giải Nhất,124,3
00144,2020-03-23,Giải Nhì,526,0
00144,2020-03-23,Giải Nhì,603,1
00144,2020-03-23,Giải Nhì,762,2
00144,2020-03-23,Giải Nhì,503,3
00144,2020-03-23,Giải Nhì,029,4
00144,2020-03-23,Giải Nhì,833,5
00143,2020-03-20,Giải ba,325,0
00143,2020-03-20,Giải ba,199,1
00143,2020-03-20,Giải ba,639,2
00143,2020-03-20,Giải ba,052,3
00143,2020-03-20,Giải ba,615,4
00143,2020-03-20,Giải ba,185,5
00143,2020-03-20,Giải ba,071,6
00143,2020-03-20,Giải ba,294,7
00143,2020-03-20,Giải Đặc biệt,788,0
00143,2020-03-20,Giải Đặc biệt,096,1
00143,2020-03-20,Giải Nhất,186,0
00143,2020-03-20,Giải Nhất,530,1
00143,2020-03-20,Giải Nhất,267,2
00143,2020-03-20,Giải Nhất,256,3
00143,2020-03-20,Giải Nhì,839,0
00143,2020-03-20,Giải Nhì,423,1
00143,2020-03-20,Giải Nhì,450,2
00143,2020-03-20,Giải Nhì,852,3
00143,2020-03-20,Giải Nhì,965,4
00143,2020-03-20,Giải Nhì,391,5
00142,2020-03-18,Giải ba,741,0
00142,2020-03-18,Giải ba,035,1
00142,2020-03-18,Giải ba,164,2
00142,2020-03-18,Giải ba,745,3
00142,2020-03-18,Giải ba,960,4
00142,2020-03-18,Giải ba,067,5
00142,2020-03-18,Giải ba,749,6
00142,2020-03-18,Giải ba,400,7
00142,2020-03-18,Giải Đặc biệt,743,0
00142,2020-03-18,Giải Đặc biệt,482,1
00142,2020-03-18,Giải Nhất,832,0
00142,2020-03-18,Giải Nhất,082,1
00142,2020-03-18,Giải Nhất,833,2
00142,2020-03-18,Giải Nhất,990,3
00142,2020-03-18,Giải Nhì,239,0
00142,2020-03-18,Giải Nhì,714,1
00142,2020-03-18,Giải Nhì,845,2
00142,2020-03-18,Giải Nhì,960,3
00142,2020-03-18,Giải Nhì,861,4
00142,2020-03-18,Giải Nhì,760,5
00141,2020-03-16,Giải ba,705,0
00141,2020-03-16,Giải ba,573,1
00141,2020-03-16,Giải ba,323,2
00141,2020-03-16,Giải ba,984,3
00141,2020-03-16,Giải ba,779,4
00141,2020-03-16,Giải ba,392,5
00141,2020-03-16,Giải ba,006,6
00141,2020-03-16,Giải ba,881,7
00141,2020-03-16,Giải Đặc biệt,678,0
00141,2020-03-16,Giải Đặc biệt,981,1
00141,2020-03-16,Giải Nhất,159,0
00141,2020-03-16,Giải Nhất,875,1
00141,2020-03-16,Giải Nhất,899,2
00141,2020-03-16,Giải Nhất,425,3
00141,2020-03-16,Giải Nhì,682,0
00141,2020-03-16,Giải Nhì,076,1
00141,2020-03-16,Giải Nhì,988,2
00141,2020-03-16,Giải Nhì,154,3
00141,2020-03-16,Giải Nhì,417,4
00141,2020-03-16,Giải Nhì,791,5
00140,2020-03-13,Giải ba,370,0
00140,2020-03-13,Giải ba,093,1
00140,2020-03-13,Giải ba,054,2
00140,2020-03-13,Giải ba,239,3
00140,2020-03-13,Giải ba,368,4
00140,2020-03-13,Giải ba,134,5
00140,2020-03-13,Giải ba,254,6
00140,2020-03-13,Giải ba,963,7
00140,2020-03-13,Giải Đặc biệt,509,0
00140,2020-03-13,Giải Đặc biệt,028,1
00140,2020-03-13,Giải Nhất,726,0
00140,2020-03-13,Giải Nhất,246,1
00140,2020-03-13,Giải Nhất,451,2
00140,2020-03-13,Giải Nhất,058,3
00140,2020-03-13,Giải Nhì,933,0
00140,2020-03-13,Giải Nhì,299,1
00140,2020-03-13,Giải Nhì,456,2
00140,2020-03-13,Giải Nhì,212,3
00140,2020-03-13,Giải Nhì,300,4
00140,2020-03-13,Giải Nhì,628,5
00139,2020-03-11,Giải ba,309,0
00139,2020-03-11,Giải ba,997,1
00139,2020-03-11,Giải ba,296,2
00139,2020-03-11,Giải ba,851,3
00139,2020-03-11,Giải ba,097,4
00139,2020-03-11,Giải ba,380,5
00139,2020-03-11,Giải ba,565,6
00139,2020-03-11,Giải ba,046,7
00139,2020-03-11,Giải Đặc biệt,347,0
00139,2020-03-11,Giải Đặc biệt,930,1
00139,2020-03-11,Giải Nhất,328,0
00139,2020-03-11,Giải Nhất,865,1
00139,2020-03-11,Giải Nhất,679,2
00139,2020-03-11,Giải Nhất,095,3
00139,2020-03-11,Giải Nhì,370,0
00139,2020-03-11,Giải Nhì,542,1
00139,2020-03-11,Giải Nhì,047,2
00139,2020-03-11,Giải Nhì,208,3
00139,2020-03-11,Giải Nhì,191,4
00139,2020-03-11,Giải Nhì,101,5
00138,2020-03-09,Giải ba,638,0
00138,2020-03-09,Giải ba,843,1
00138,2020-03-09,Giải ba,021,2
00138,2020-03-09,Giải ba,445,3
00138,2020-03-09,Giải ba,596,4
00138,2020-03-09,Giải ba,084,5
00138,2020-03-09,Giải ba,757,6
00138,2020-03-09,Giải ba,003,7
00138,2020-03-09,Giải Đặc biệt,145,0
00138,2020-03-09,Giải Đặc biệt,109,1
00138,2020-03-09,Giải Nhất,924,0
00138,2020-03-09,Giải Nhất,677,1
00138,2020-03-09,Giải Nhất,064,2
00138,2020-03-09,Giải Nhất,390,3
00138,2020-03-09,Giải Nhì,943,0
00138,2020-03-09,Giải Nhì,022,1
00138,2020-03-09,Giải Nhì,498,2
00138,2020-03-09,Giải Nhì,197,3
00138,2020-03-09,Giải Nhì,306,4
00138,2020-03-09,Giải Nhì,313,5
00137,2020-03-06,Giải ba,449,0
00137,2020-03-06,Giải ba,810,1
00137,2020-03-06,Giải ba,790,2
00137,2020-03-06,Giải ba,568,3
00137,2020-03-06,Giải ba,150,4
00137,2020-03-06,Giải ba,741,5
00137,2020-03-06,Giải ba,384,6
00137,2020-03-06,Giải ba,428,7
00137,2020-03-06,Giải Đặc biệt,197,0
00137,2020-03-06,Giải Đặc biệt,736,1
00137,2020-03-06,Giải Nhất,784,0
00137,2020-03-06,Giải Nhất,798,1
00137,2020-03-06,Giải Nhất,914,2
00137,2020-03-06,Giải Nhất,638,3
00137,2020-03-06,Giải Nhì,475,0
00137,2020-03-06,Giải Nhì,714,1
00137,2020-03-06,Giải Nhì,288,2
00137,2020-03-06,Giải Nhì,025,3
00137,2020-03-06,Giải Nhì,599,4
00137,2020-03-06,Giải Nhì,619,5
00136,2020-03-04,Giải ba,933,0
00136,2020-03-04,Giải ba,874,1
00136,2020-03-04,Giải ba,645,2
00136,2020-03-04,Giải ba,027,3
00136,2020-03-04,Giải ba,436,4
00136,2020-03-04,Giải ba,425,5
00136,2020-03-04,Giải ba,193,6
00136,2020-03-04,Giải ba,261,7
00136,2020-03-04,Giải Đặc biệt,940,0
00136,2020-03-04,Giải Đặc biệt,204,1
00136,2020-03-04,Giải Nhất,086,0
00136,2020-03-04,Giải Nhất,610,1
00136,2020-03-04,Giải Nhất,327,2
00136,2020-03-04,Giải Nhất,230,3
00136,2020-03-04,Giải Nhì,283,0
00136,2020-03-04,Giải Nhì,855,1
00136,2020-03-04,Giải Nhì,200,2
00136,2020-03-04,Giải Nhì,878,3
00136,2020-03-04,Giải Nhì,369,4
00136,2020-03-04,Giải Nhì,986,5
00135,2020-03-02,Giải ba,370,0
00135,2020-03-02,Giải ba,893,1
00135,2020-03-02,Giải ba,322,2
00135,2020-03-02,Giải ba,965,3
00135,2020-03-02,Giải ba,068,4
00135,2020-03-02,Giải ba,446,5
00135,2020-03-02,Giải ba,289,6
00135,2020-03-02,Giải ba,470,7
00135,2020-03-02,Giải Đặc biệt,323,0
00135,2020-03-02,Giải Đặc biệt,895,1
00135,2020-03-02,Giải Nhất,787,0
00135,2020-03-02,Giải Nhất,062,1
00135,2020-03-02,Giải Nhất,745,2
00135,2020-03-02,Giải Nhất,864,3
00135,2020-03-02,Giải Nhì,549,0
00135,2020-03-02,Giải Nhì,796,1
00135,2020-03-02,Giải Nhì,948,2
00135,2020-03-02,Giải Nhì,660,3
00135,2020-03-02,Giải Nhì,307,4
00135,2020-03-02,Giải Nhì,776,5
00134,2020-02-28,Giải ba,610,0
00134,2020-02-28,Giải ba,199,1
00134,2020-02-28,Giải ba,014,2
00134,2020-02-28,Giải ba,625,3
00134,2020-02-28,Giải ba,670,4
00134,2020-02-28,Giải ba,572,5
00134,2020-02-28,Giải ba,288,6
00134,2020-02-28,Giải ba,497,7
00134,2020-02-28,Giải Đặc biệt,512,0
00134,2020-02-28,Giải Đặc biệt,626,1
00134,2020-02-28,Giải Nhất,761,0
00134,2020-02-28,Giải Nhất,866,1
00134,2020-02-28,Giải Nhất,357,2
00134,2020-02-28,Giải Nhất,855,3
00134,2020-02-28,Giải Nhì,564,0
00134,2020-02-28,Giải Nhì,855,1
00134,2020-02-28,Giải Nhì,571,2
00134,2020-02-28,Giải Nhì,957,3
00134,2020-02-28,Giải Nhì,163,4
00134,2020-02-28,Giải Nhì,741,5
00133,2020-02-26,Giải ba,430,0
00133,2020-02-26,Giải ba,341,1
00133,2020-02-26,Giải ba,738,2
00133,2020-02-26,Giải ba,790,3
00133,2020-02-26,Giải ba,750,4
00133,2020-02-26,Giải ba,839,5
00133,2020-02-26,Giải ba,182,6
00133,2020-02-26,Giải ba,367,7
00133,2020-02-26,Giải Đặc biệt,054,0
00133,2020-02-26,Giải Đặc biệt,157,1
00133,2020-02-26,Giải Nhất,046,0
00133,2020-02-26,Giải Nhất,041,1
00133,2020-02-26,Giải Nhất,236,2
00133,2020-02-26,Giải Nhất,152,3
00133,2020-02-26,Giải Nhì,575,0
00133,2020-02-26,Giải Nhì,485,1
00133,2020-02-26,Giải Nhì,406,2
00133,2020-02-26,Giải Nhì,764,3
00133,2020-02-26,Giải Nhì,556,4
00133,2020-02-26,Giải Nhì,802,5
00132,2020-02-24,Giải ba,646,0
00132,2020-02-24,Giải ba,072,1
00132,2020-02-24,Giải ba,769,2
00132,2020-02-24,Giải ba,071,3
00132,2020-02-24,Giải ba,757,4
00132,2020-02-24,Giải ba,376,5
00132,2020-02-24,Giải ba,412,6
00132,2020-02-24,Giải ba,198,7
00132,2020-02-24,Giải Đặc biệt,081,0
00132,2020-02-24,Giải Đặc biệt,350,1
00132,2020-02-24,Giải Nhất,560,0
00132,2020-02-24,Giải Nhất,458,1
00132,2020-02-24,Giải Nhất,068,2
00132,2020-02-24,Giải Nhất,250,3
00132,2020-02-24,Giải Nhì,573,0
00132,2020-02-24,Giải Nhì,460,1
00132,2020-02-24,Giải Nhì,652,2
00132,2020-02-24,Giải Nhì,170,3
00132,2020-02-24,Giải Nhì,636,4
00132,2020-02-24,Giải Nhì,912,5
00131,2020-02-21,Giải ba,025,0
00131,2020-02-21,Giải ba,489,1
00131,2020-02-21,Giải ba,983,2
00131,2020-02-21,Giải ba,851,3
00131,2020-02-21,Giải ba,022,4
00131,2020-02-21,Giải ba,799,5
00131,2020-02-21,Giải ba,400,6
00131,2020-02-21,Giải ba,567,7
00131,2020-02-21,Giải Đặc biệt,361,0
00131,2020-02-21,Giải Đặc biệt,281,1
00131,2020-02-21,Giải Nhất,715,0
00131,2020-02-21,Giải Nhất,795,1
00131,2020-02-21,Giải Nhất,509,2
00131,2020-02-21,Giải Nhất,691,3
00131,2020-02-21,Giải Nhì,290,0
00131,2020-02-21,Giải Nhì,985,1
00131,2020-02-21,Giải Nhì,946,2
00131,2020-02-21,Giải Nhì,542,3
00131,2020-02-21,Giải Nhì,366,4
00131,2020-02-21,Giải Nhì,993,5
00130,2020-02-19,Giải ba,082,0
00130,2020-02-19,Giải ba,819,1
00130,2020-02-19,Giải ba,962,2
00130,2020-02-19,Giải ba,760,3
00130,2020-02-19,Giải ba,381,4
00130,2020-02-19,Giải ba,313,5
00130,2020-02-19,Giải ba,551,6
00130,2020-02-19,Giải ba,542,7
00130,2020-02-19,Giải Đặc biệt,325,0
00130,2020-02-19,Giải Đặc biệt,957,1
00130,2020-02-19,Giải Nhất,497,0
00130,2020-02-19,Giải Nhất,877,1
00130,2020-02-19,Giải Nhất,083,2
00130,2020-02-19,Giải Nhất,158,3
00130,2020-02-19,Giải Nhì,471,0
00130,2020-02-19,Giải Nhì,011,1
00130,2020-02-19,Giải Nhì,684,2
00130,2020-02-19,Giải Nhì,026,3
00130,2020-02-19,Giải Nhì,460,4
00130,2020-02-19,Giải Nhì,951,5
00129,2020-02-17,Giải ba,059,0
00129,2020-02-17,Giải ba,293,1
00129,2020-02-17,Giải ba,390,2
00129,2020-02-17,Giải ba,755,3
00129,2020-02-17,Giải ba,102,4
00129,2020-02-17,Giải ba,397,5
00129,2020-02-17,Giải ba,666,6
00129,2020-02-17,Giải ba,423,7
00129,2020-02-17,Giải Đặc biệt,539,0
00129,2020-02-17,Giải Đặc biệt,259,1
00129,2020-02-17,Giải Nhất,720,0
00129,2020-02-17,Giải Nhất,870,1
00129,2020-02-17,Giải Nhất,190,2
00129,2020-02-17,Giải Nhất,019,3
00129,2020-02-17,Giải Nhì,144,0
00129,2020-02-17,Giải Nhì,103,1
00129,2020-02-17,Giải Nhì,356,2
00129,2020-02-17,Giải Nhì,236,3
00129,2020-02-17,Giải Nhì,849,4
00129,2020-02-17,Giải Nhì,016,5
00128,2020-02-14,Giải ba,637,0
00128,2020-02-14,Giải ba,689,1
00128,2020-02-14,Giải ba,847,2
00128,2020-02-14,Giải ba,849,3
00128,2020-02-14,Giải ba,464,4
00128,2020-02-14,Giải ba,433,5
00128,2020-02-14,Giải ba,171,6
00128,2020-02-14,Giải ba,754,7
00128,2020-02-14,Giải Đặc biệt,551,0
00128,2020-02-14,Giải Đặc biệt,579,1
00128,2020-02-14,Giải Nhất,685,0
00128,2020-02-14,Giải Nhất,806,1
00128,2020-02-14,Giải Nhất,896,2
00128,2020-02-14,Giải Nhất,960,3
00128,2020-02-14,Giải Nhì,113,0
00128,2020-02-14,Giải Nhì,433,1
00128,2020-02-14,Giải Nhì,459,2
00128,2020-02-14,Giải Nhì,217,3
00128,2020-02-14,Giải Nhì,947,4
00128,2020-02-14,Giải Nhì,040,5
00127,2020-02-12,Giải ba,640,0
00127,2020-02-12,Giải ba,973,1
00127,2020-02-12,Giải ba,963,2
00127,2020-02-12,Giải ba,717,3
00127,2020-02-12,Giải ba,584,4
00127,2020-02-12,Giải ba,772,5
00127,2020-02-12,Giải ba,626,6
00127,2020-02-12,Giải ba,963,7
00127,2020-02-12,Giải Đặc biệt,163,0
00127,2020-02-12,Giải Đặc biệt,546,1
00127,2020-02-12,Giải Nhất,048,0
00127,2020-02-12,Giải Nhất,681,1
00127,2020-02-12,Giải Nhất,839,2
00127,2020-02-12,Giải Nhất,939,3
00127,2020-02-12,Giải Nhì,816,0
00127,2020-02-12,Giải Nhì,316,1
00127,2020-02-12,Giải Nhì,133,2
00127,2020-02-12,Giải Nhì,672,3
00127,2020-02-12,Giải Nhì,473,4
00127,2020-02-12,Giải Nhì,646,5
00126,2020-02-10,Giải ba,043,0
00126,2020-02-10,Giải ba,721,1
00126,2020-02-10,Giải ba,322,2
00126,2020-02-10,Giải ba,938,3
00126,2020-02-10,Giải ba,408,4
00126,2020-02-10,Giải ba,521,5
00126,2020-02-10,Giải ba,585,6
00126,2020-02-10,Giải ba,882,7
00126,2020-02-10,Giải Đặc biệt,023,0
00126,2020-02-10,Giải Đặc biệt,862,1
00126,2020-02-10,Giải Nhất,563,0
00126,2020-02-10,Giải Nhất,687,1
00126,2020-02-10,Giải Nhất,570,2
00126,2020-02-10,Giải Nhất,922,3
00126,2020-02-10,Giải Nhì,914,0
00126,2020-02-10,Giải Nhì,982,1
00126,2020-02-10,Giải Nhì,329,2
00126,2020-02-10,Giải Nhì,149,3
00126,2020-02-10,Giải Nhì,250,4
00126,2020-02-10,Giải Nhì,250,5
00125,2020-02-07,Giải ba,379,0
00125,2020-02-07,Giải ba,180,1
00125,2020-02-07,Giải ba,967,2
00125,2020-02-07,Giải ba,062,3
00125,2020-02-07,Giải ba,338,4
00125,2020-02-07,Giải ba,947,5
00125,2020-02-07,Giải ba,199,6
00125,2020-02-07,Giải ba,206,7
00125,2020-02-07,Giải Đặc biệt,824,0
00125,2020-02-07,Giải Đặc biệt,521,1
00125,2020-02-07,Giải Nhất,354,0
00125,2020-02-07,Giải Nhất,291,1
00125,2020-02-07,Giải Nhất,853,2
00125,2020-02-07,Giải Nhất,215,3
00125,2020-02-07,Giải Nhì,256,0
00125,2020-02-07,Giải Nhì,019,1
00125,2020-02-07,Giải Nhì,016,2
00125,2020-02-07,Giải Nhì,510,3
00125,2020-02-07,Giải Nhì,291,4
00125,2020-02-07,Giải Nhì,524,5
00124,2020-02-05,Giải ba,243,0
00124,2020-02-05,Giải ba,270,1
00124,2020-02-05,Giải ba,623,2
00124,2020-02-05,Giải ba,804,3
00124,2020-02-05,Giải ba,616,4
00124,2020-02-05,Giải ba,365,5
00124,2020-02-05,Giải ba,088,6
00124,2020-02-05,Giải ba,813,7
00124,2020-02-05,Giải Đặc biệt,341,0
00124,2020-02-05,Giải Đặc biệt,057,1
00124,2020-02-05,Giải Nhất,080,0
00124,2020-02-05,Giải Nhất,906,1
00124,2020-02-05,Giải Nhất,124,2
00124,2020-02-05,Giải Nhất,489,3
00124,2020-02-05,Giải Nhì,545,0
00124,2020-02-05,Giải Nhì,439,1
00124,2020-02-05,Giải Nhì,329,2
00124,2020-02-05,Giải Nhì,409,3
00124,2020-02-05,Giải Nhì,466,4
00124,2020-02-05,Giải Nhì,099,5
00123,2020-02-03,Giải ba,481,0
00123,2020-02-03,Giải ba,200,1
00123,2020-02-03,Giải ba,149,2
00123,2020-02-03,Giải ba,556,3
00123,2020-02-03,Giải ba,811,4
00123,2020-02-03,Giải ba,866,5
00123,2020-02-03,Giải ba,964,6
00123,2020-02-03,Giải ba,696,7
00123,2020-02-03,Giải Đặc biệt,518,0
00123,2020-02-03,Giải Đặc biệt,309,1
00123,2020-02-03,Giải Nhất,511,0
00123,2020-02-03,Giải Nhất,091,1
00123,2020-02-03,Giải Nhất,501,2
00123,2020-02-03,Giải Nhất,487,3
00123,2020-02-03,Giải Nhì,720,0
00123,2020-02-03,Giải Nhì,517,1
00123,2020-02-03,Giải Nhì,339,2
00123,2020-02-03,Giải Nhì,759,3
00123,2020-02-03,Giải Nhì,350,4
00123,2020-02-03,Giải Nhì,634,5
00122,2020-01-31,Giải ba,888,0
00122,2020-01-31,Giải ba,725,1
00122,2020-01-31,Giải ba,825,2
00122,2020-01-31,Giải ba,509,3
00122,2020-01-31,Giải ba,595,4
00122,2020-01-31,Giải ba,844,5
00122,2020-01-31,Giải ba,092,6
00122,2020-01-31,Giải ba,062,7
00122,2020-01-31,Giải Đặc biệt,965,0
00122,2020-01-31,Giải Đặc biệt,868,1
00122,2020-01-31,Giải Nhất,278,0
00122,2020-01-31,Giải Nhất,058,1
00122,2020-01-31,Giải Nhất,252,2
00122,2020-01-31,Giải Nhất,647,3
00122,2020-01-31,Giải Nhì,362,0
00122,2020-01-31,Giải Nhì,527,1
00122,2020-01-31,Giải Nhì,147,2
00122,2020-01-31,Giải Nhì,075,3
00122,2020-01-31,Giải Nhì,541,4
00122,2020-01-31,Giải Nhì,001,5
00121,2020-01-29,Giải ba,162,0
00121,2020-01-29,Giải ba,354,1
00121,2020-01-29,Giải ba,894,2
00121,2020-01-29,Giải ba,566,3
00121,2020-01-29,Giải ba,593,4
00121,2020-01-29,Giải ba,572,5
00121,2020-01-29,Giải ba,759,6
00121,2020-01-29,Giải ba,280,7
00121,2020-01-29,Giải Đặc biệt,321,0
00121,2020-01-29,Giải Đặc biệt,522,1
00121,2020-01-29,Giải Nhất,541,0
00121,2020-01-29,Giải Nhất,432,1
00121,2020-01-29,Giải Nhất,652,2
00121,2020-01-29,Giải Nhất,238,3
00121,2020-01-29,Giải Nhì,287,0
00121,2020-01-29,Giải Nhì,351,1
00121,2020-01-29,Giải Nhì,527,2
00121,2020-01-29,Giải Nhì,344,3
00121,2020-01-29,Giải Nhì,885,4
00121,2020-01-29,Giải Nhì,934,5
00120,2020-01-27,Giải ba,809,0
00120,2020-01-27,Giải ba,924,1
00120,2020-01-27,Giải ba,759,2
00120,2020-01-27,Giải ba,383,3
00120,2020-01-27,Giải ba,495,4
00120,2020-01-27,Giải ba,760,5
00120,2020-01-27,Giải ba,108,6
00120,2020-01-27,Giải ba,937,7
00120,2020-01-27,Giải Đặc biệt,325,0
00120,2020-01-27,Giải Đặc biệt,026,1
00120,2020-01-27,Giải Nhất,958,0
00120,2020-01-27,Giải Nhất,271,1
00120,2020-01-27,Giải Nhất,873,2
00120,2020-01-27,Giải Nhất,522,3
00120,2020-01-27,Giải Nhì,691,0
00120,2020-01-27,Giải Nhì,529,1
00120,2020-01-27,Giải Nhì,506,2
00120,2020-01-27,Giải Nhì,275,3
00120,2020-01-27,Giải Nhì,390,4
00120,2020-01-27,Giải Nhì,020,5
00119,2020-01-22,Giải ba,161,0
00119,2020-01-22,Giải ba,282,1
00119,2020-01-22,Giải ba,158,2
00119,2020-01-22,Giải ba,518,3
00119,2020-01-22,Giải ba,527,4
00119,2020-01-22,Giải ba,368,5
00119,2020-01-22,Giải ba,676,6
00119,2020-01-22,Giải ba,979,7
00119,2020-01-22,Giải Đặc biệt,305,0
00119,2020-01-22,Giải Đặc biệt,384,1
00119,2020-01-22,Giải Nhất,320,0
00119,2020-01-22,Giải Nhất,920,1
00119,2020-01-22,Giải Nhất,903,2
00119,2020-01-22,Giải Nhất,394,3
00119,2020-01-22,Giải Nhì,025,0
00119,2020-01-22,Giải Nhì,056,1
00119,2020-01-22,Giải Nhì,519,2
00119,2020-01-22,Giải Nhì,117,3
00119,2020-01-22,Giải Nhì,861,4
00119,2020-01-22,Giải Nhì,462,5
00118,2020-01-20,Giải ba,801,0
00118,2020-01-20,Giải ba,518,1
00118,2020-01-20,Giải ba,526,2
00118,2020-01-20,Giải ba,336,3
00118,2020-01-20,Giải ba,160,4
00118,2020-01-20,Giải ba,714,5
00118,2020-01-20,Giải ba,647,6
00118,2020-01-20,Giải ba,217,7
00118,2020-01-20,Giải Đặc biệt,241,0
00118,2020-01-20,Giải Đặc biệt,623,1
00118,2020-01-20,Giải Nhất,714,0
00118,2020-01-20,Giải Nhất,645,1
00118,2020-01-20,Giải Nhất,832,2
00118,2020-01-20,Giải Nhất,300,3
00118,2020-01-20,Giải Nhì,630,0
00118,2020-01-20,Giải Nhì,510,1
00118,2020-01-20,Giải Nhì,947,2
00118,2020-01-20,Giải Nhì,791,3
00118,2020-01-20,Giải Nhì,311,4
00118,2020-01-20,Giải Nhì,180,5
00117,2020-01-17,Giải ba,396,0
00117,2020-01-17,Giải ba,350,1
00117,2020-01-17,Giải ba,051,2
00117,2020-01-17,Giải ba,016,3
00117,2020-01-17,Giải ba,013,4
00117,2020-01-17,Giải ba,897,5
00117,2020-01-17,Giải ba,507,6
00117,2020-01-17,Giải ba,175,7
00117,2020-01-17,Giải Đặc biệt,324,0
00117,2020-01-17,Giải Đặc biệt,547,1
00117,2020-01-17,Giải Nhất,353,0
00117,2020-01-17,Giải Nhất,540,1
00117,2020-01-17,Giải Nhất,173,2
00117,2020-01-17,Giải Nhất,917,3
00117,2020-01-17,Giải Nhì,356,0
00117,2020-01-17,Giải Nhì,660,1
00117,2020-01-17,Giải Nhì,144,2
00117,2020-01-17,Giải Nhì,307,3
00117,2020-01-17,Giải Nhì,533,4
00117,2020-01-17,Giải Nhì,253,5
00116,2020-01-15,Giải ba,674,0
00116,2020-01-15,Giải ba,066,1
00116,2020-01-15,Giải ba,454,2
00116,2020-01-15,Giải ba,411,3
00116,2020-01-15,Giải ba,457,4
00116,2020-01-15,Giải ba,164,5
00116,2020-01-15,Giải ba,670,6
00116,2020-01-15,Giải ba,520,7
00116,2020-01-15,Giải Đặc biệt,143,0
00116,2020-01-15,Giải Đặc biệt,101,1
00116,2020-01-15,Giải Nhất,590,0
00116,2020-01-15,Giải Nhất,442,1
00116,2020-01-15,Giải Nhất,307,2
00116,2020-01-15,Giải Nhất,747,3
00116,2020-01-15,Giải Nhì,411,0
00116,2020-01-15,Giải Nhì,237,1
00116,2020-01-15,Giải Nhì,336,2
00116,2020-01-15,Giải Nhì,955,3
00116,2020-01-15,Giải Nhì,779,4
00116,2020-01-15,Giải Nhì,224,5
00115,2020-01-13,Giải ba,167,0
00115,2020-01-13,Giải ba,596,1
00115,2020-01-13,Giải ba,030,2
00115,2020-01-13,Giải ba,357,3
00115,2020-01-13,Giải ba,396,4
00115,2020-01-13,Giải ba,889,5
00115,2020-01-13,Giải ba,930,6
00115,2020-01-13,Giải ba,080,7
00115,2020-01-13,Giải Đặc biệt,694,0
00115,2020-01-13,Giải Đặc biệt,954,1
00115,2020-01-13,Giải Nhất,933,0
00115,2020-01-13,Giải Nhất,490,1
00115,2020-01-13,Giải Nhất,762,2
00115,2020-01-13,Giải Nhất,689,3
00115,2020-01-13,Giải Nhì,008,0
00115,2020-01-13,Giải Nhì,531,1
00115,2020-01-13,Giải Nhì,792,2
00115,2020-01-13,Giải Nhì,175,3
00115,2020-01-13,Giải Nhì,453,4
00115,2020-01-13,Giải Nhì,045,5
00114,2020-01-10,Giải ba,511,0
00114,2020-01-10,Giải ba,329,1
00114,2020-01-10,Giải ba,788,2
00114,2020-01-10,Giải ba,477,3
00114,2020-01-10,Giải ba,089,4
00114,2020-01-10,Giải ba,705,5
00114,2020-01-10,Giải ba,336,6
00114,2020-01-10,Giải ba,343,7
00114,2020-01-10,Giải Đặc biệt,341,0
00114,2020-01-10,Giải Đặc biệt,743,1
00114,2020-01-10,Giải Nhất,849,0
00114,2020-01-10,Giải Nhất,403,1
00114,2020-01-10,Giải Nhất,362,2
00114,2020-01-10,Giải Nhất,155,3
00114,2020-01-10,Giải Nhì,820,0
00114,2020-01-10,Giải Nhì,568,1
00114,2020-01-10,Giải Nhì,699,2
00114,2020-01-10,Giải Nhì,692,3
00114,2020-01-10,Giải Nhì,931,4
00114,2020-01-10,Giải Nhì,449,5
00113,2020-01-08,Giải ba,573,0
00113,2020-01-08,Giải ba,573,1
00113,2020-01-08,Giải ba,780,2
00113,2020-01-08,Giải ba,578,3
00113,2020-01-08,Giải ba,120,4
00113,2020-01-08,Giải ba,667,5
00113,2020-01-08,Giải ba,366,6
00113,2020-01-08,Giải ba,719,7
00113,2020-01-08,Giải Đặc biệt,780,0
00113,2020-01-08,Giải Đặc biệt,925,1
00113,2020-01-08,Giải Nhất,056,0
00113,2020-01-08,Giải Nhất,757,1
00113,2020-01-08,Giải Nhất,411,2
00113,2020-01-08,Giải Nhất,040,3
00113,2020-01-08,Giải Nhì,451,0
00113,2020-01-08,Giải Nhì,380,1
00113,2020-01-08,Giải Nhì,315,2
00113,2020-01-08,Giải Nhì,236,3
00113,2020-01-08,Giải Nhì,669,4
00113,2020-01-08,Giải Nhì,206,5
00112,2020-01-06,Giải ba,423,0
00112,2020-01-06,Giải ba,803,1
00112,2020-01-06,Giải ba,660,2
00112,2020-01-06,Giải ba,271,3
00112,2020-01-06,Giải ba,577,4
00112,2020-01-06,Giải ba,783,5
00112,2020-01-06,Giải ba,925,6
00112,2020-01-06,Giải ba,787,7
00112,2020-01-06,Giải Đặc biệt,932,0
00112,2020-01-06,Giải Đặc biệt,452,1
00112,2020-01-06,Giải Nhất,746,0
00112,2020-01-06,Giải Nhất,184,1
00112,2020-01-06,Giải Nhất,932,2
00112,2020-01-06,Giải Nhất,478,3
00112,2020-01-06,Giải Nhì,268,0
00112,2020-01-06,Giải Nhì,953,1
00112,2020-01-06,Giải Nhì,343,2
00112,2020-01-06,Giải Nhì,993,3
00112,2020-01-06,Giải Nhì,073,4
00112,2020-01-06,Giải Nhì,927,5
00111,2020-01-03,Giải ba,852,0
00111,2020-01-03,Giải ba,720,1
00111,2020-01-03,Giải ba,076,2
00111,2020-01-03,Giải ba,966,3
00111,2020-01-03,Giải ba,837,4
00111,2020-01-03,Giải ba,588,5
00111,2020-01-03,Giải ba,980,6
00111,2020-01-03,Giải ba,774,7
00111,2020-01-03,Giải Đặc biệt,860,0
00111,2020-01-03,Giải Đặc biệt,208,1
00111,2020-01-03,Giải Nhất,240,0
00111,2020-01-03,Giải Nhất,210,1
00111,2020-01-03,Giải Nhất,296,2
00111,2020-01-03,Giải Nhất,048,3
00111,2020-01-03,Giải Nhì,727,0
00111,2020-01-03,Giải Nhì,870,1
00111,2020-01-03,Giải Nhì,040,2
00111,2020-01-03,Giải Nhì,059,3
00111,2020-01-03,Giải Nhì,059,4
00111,2020-01-03,Giải Nhì,627,5
00110,2020-01-01,Giải ba,861,0
00110,2020-01-01,Giải ba,365,1
00110,2020-01-01,Giải ba,380,2
00110,2020-01-01,Giải ba,117,3
00110,2020-01-01,Giải ba,335,4
00110,2020-01-01,Giải ba,199,5
00110,2020-01-01,Giải ba,330,6
00110,2020-01-01,Giải ba,204,7
00110,2020-01-01,Giải Đặc biệt,144,0
00110,2020-01-01,Giải Đặc biệt,558,1
00110,2020-01-01,Giải Nhất,144,0
00110,2020-01-01,Giải Nhất,176,1
00110,2020-01-01,Giải Nhất,073,2
00110,2020-01-01,Giải Nhất,070,3
00110,2020-01-01,Giải Nhì,608,0
00110,2020-01-01,Giải Nhì,100,1
00110,2020-01-01,Giải Nhì,439,2
00110,2020-01-01,Giải Nhì,046,3
00110,2020-01-01,Giải Nhì,894,4
00110,2020-01-01,Giải Nhì,116,5
00109,2019-12-30,Giải ba,812,0
00109,2019-12-30,Giải ba,851,1
00109,2019-12-30,Giải ba,929,2
00109,2019-12-30,Giải ba,574,3
00109,2019-12-30,Giải ba,293,4
00109,2019-12-30,Giải ba,329,5
00109,2019-12-30,Giải ba,248,6
00109,2019-12-30,Giải ba,594,7
00109,2019-12-30,Giải Đặc biệt,055,0
00109,2019-12-30,Giải Đặc biệt,526,1
00109,2019-12-30,Giải Nhất,852,0
00109,2019-12-30,Giải Nhất,173,1
00109,2019-12-30,Giải Nhất,682,2
00109,2019-12-30,Giải Nhất,210,3
00109,2019-12-30,Giải Nhì,158,0
00109,2019-12-30,Giải Nhì,871,1
00109,2019-12-30,Giải Nhì,870,2
00109,2019-12-30,Giải Nhì,330,3
00109,2019-12-30,Giải Nhì,273,4
00109,2019-12-30,Giải Nhì,074,5
00108,2019-12-27,Giải ba,966,0
00108,2019-12-27,Giải ba,499,1
00108,2019-12-27,Giải ba,265,2
00108,2019-12-27,Giải ba,059,3
00108,2019-12-27,Giải ba,279,4
00108,2019-12-27,Giải ba,523,5
00108,2019-12-27,Giải ba,597,6
00108,2019-12-27,Giải ba,761,7
00108,2019-12-27,Giải Đặc biệt,386,0
00108,2019-12-27,Giải Đặc biệt,802,1
00108,2019-12-27,Giải Nhất,646,0
00108,2019-12-27,Giải Nhất,195,1
00108,2019-12-27,Giải Nhất,181,2
00108,2019-12-27,Giải Nhất,001,3
00108,2019-12-27,Giải Nhì,131,0
00108,2019-12-27,Giải Nhì,464,1
00108,2019-12-27,Giải Nhì,052,2
00108,2019-12-27,Giải Nhì,373,3
00108,2019-12-27,Giải Nhì,372,4
00108,2019-12-27,Giải Nhì,617,5
00107,2019-12-25,Giải ba,949,0
00107,2019-12-25,Giải ba,319,1
00107,2019-12-25,Giải ba,329,2
00107,2019-12-25,Giải ba,500,3
00107,2019-12-25,Giải ba,218,4
00107,2019-12-25,Giải ba,929,5
00107,2019-12-25,Giải ba,365,6
00107,2019-12-25,Giải ba,666,7
00107,2019-12-25,Giải Đặc biệt,838,0
00107,2019-12-25,Giải Đặc biệt,193,1
00107,2019-12-25,Giải Nhất,131,0
00107,2019-12-25,Giải Nhất,255,1
00107,2019-12-25,Giải Nhất,257,2
00107,2019-12-25,Giải Nhất,419,3
00107,2019-12-25,Giải Nhì,779,0
00107,2019-12-25,Giải Nhì,600,1
00107,2019-12-25,Giải Nhì,537,2
00107,2019-12-25,Giải Nhì,964,3
00107,2019-12-25,Giải Nhì,344,4
00107,2019-12-25,Giải Nhì,320,5
00106,2019-12-23,Giải ba,430,0
00106,2019-12-23,Giải ba,621,1
00106,2019-12-23,Giải ba,163,2
00106,2019-12-23,Giải ba,793,3
00106,2019-12-23,Giải ba,349,4
00106,2019-12-23,Giải ba,376,5
00106,2019-12-23,Giải ba,788,6
00106,2019-12-23,Giải ba,806,7
00106,2019-12-23,Giải Đặc biệt,158,0
00106,2019-12-23,Giải Đặc biệt,508,1
00106,2019-12-23,Giải Nhất,383,0
00106,2019-12-23,Giải Nhất,429,1
00106,2019-12-23,Giải Nhất,063,2
00106,2019-12-23,Giải Nhất,800,3
00106,2019-12-23,Giải Nhì,795,0
00106,2019-12-23,Giải Nhì,290,1
00106,2019-12-23,Giải Nhì,413,2
00106,2019-12-23,Giải Nhì,110,3
00106,2019-12-23,Giải Nhì,346,4
00106,2019-12-23,Giải Nhì,778,5
00105,2019-12-20,Giải ba,033,0
00105,2019-12-20,Giải ba,643,1
00105,2019-12-20,Giải ba,790,2
00105,2019-12-20,Giải ba,367,3
00105,2019-12-20,Giải ba,066,4
00105,2019-12-20,Giải ba,141,5
00105,2019-12-20,Giải ba,333,6
00105,2019-12-20,Giải ba,056,7
00105,2019-12-20,Giải Đặc biệt,430,0
00105,2019-12-20,Giải Đặc biệt,978,1
00105,2019-12-20,Giải Nhất,672,0
00105,2019-12-20,Giải Nhất,459,1
00105,2019-12-20,Giải Nhất,599,2
00105,2019-12-20,Giải Nhất,052,3
00105,2019-12-20,Giải Nhì,552,0
00105,2019-12-20,Giải Nhì,395,1
00105,2019-12-20,Giải Nhì,254,2
00105,2019-12-20,Giải Nhì,349,3
00105,2019-12-20,Giải Nhì,603,4
00105,2019-12-20,Giải Nhì,683,5
00104,2019-12-18,Giải ba,374,0
00104,2019-12-18,Giải ba,463,1
00104,2019-12-18,Giải ba,751,2
00104,2019-12-18,Giải ba,977,3
00104,2019-12-18,Giải ba,400,4
00104,2019-12-18,Giải ba,583,5
00104,2019-12-18,Giải ba,083,6
00104,2019-12-18,Giải ba,054,7
00104,2019-12-18,Giải Đặc biệt,631,0
00104,2019-12-18,Giải Đặc biệt,264,1
00104,2019-12-18,Giải Nhất,571,0
00104,2019-12-18,Giải Nhất,300,1
00104,2019-12-18,Giải Nhất,919,2
00104,2019-12-18,Giải Nhất,606,3
00104,2019-12-18,Giải Nhì,050,0
00104,2019-12-18,Giải Nhì,716,1
00104,2019-12-18,Giải Nhì,088,2
00104,2019-12-18,Giải Nhì,842,3
00104,2019-12-18,Giải Nhì,987,4
00104,2019-12-18,Giải Nhì,550,5
00103,2019-12-16,Giải ba,500,0
00103,2019-12-16,Giải ba,729,1
00103,2019-12-16,Giải ba,553,2
00103,2019-12-16,Giải ba,655,3
00103,2019-12-16,Giải ba,078,4
00103,2019-12-16,Giải ba,606,5
00103,2019-12-16,Giải ba,579,6
00103,2019-12-16,Giải ba,834,7
00103,2019-12-16,Giải Đặc biệt,593,0
00103,2019-12-16,Giải Đặc biệt,145,1
00103,2019-12-16,Giải Nhất,500,0
00103,2019-12-16,Giải Nhất,578,1
00103,2019-12-16,Giải Nhất,843,2
00103,2019-12-16,Giải Nhất,358,3
00103,2019-12-16,Giải Nhì,895,0
00103,2019-12-16,Giải Nhì,077,1
00103,2019-12-16,Giải Nhì,574,2
00103,2019-12-16,Giải Nhì,358,3
00103,2019-12-16,Giải Nhì,052,4
00103,2019-12-16,Giải Nhì,496,5
00102,2019-12-13,Giải ba,008,0
00102,2019-12-13,Giải ba,076,1
00102,2019-12-13,Giải ba,934,2
00102,2019-12-13,Giải ba,660,3
00102,2019-12-13,Giải ba,955,4
00102,2019-12-13,Giải ba,169,5
00102,2019-12-13,Giải ba,094,6
00102,2019-12-13,Giải ba,193,7
00102,2019-12-13,Giải Đặc biệt,331,0
00102,2019-12-13,Giải Đặc biệt,269,1
00102,2019-12-13,Giải Nhất,720,0
00102,2019-12-13,Giải Nhất,753,1
00102,2019-12-13,Giải Nhất,558,2
00102,2019-12-13,Giải Nhất,188,3
00102,2019-12-13,Giải Nhì,928,0
00102,2019-12-13,Giải Nhì,336,1
00102,2019-12-13,Giải Nhì,714,2
00102,2019-12-13,Giải Nhì,960,3
00102,2019-12-13,Giải Nhì,552,4
00102,2019-12-13,Giải Nhì,854,5
00101,2019-12-11,Giải ba,717,0
00101,2019-12-11,Giải ba,098,1
00101,2019-12-11,Giải ba,195,2
00101,2019-12-11,Giải ba,329,3
00101,2019-12-11,Giải ba,769,4
00101,2019-12-11,Giải ba,975,5
00101,2019-12-11,Giải ba,196,6
00101,2019-12-11,Giải ba,046,7
00101,2019-12-11,Giải Đặc biệt,678,0
00101,2019-12-11,Giải Đặc biệt,492,1
00101,2019-12-11,Giải Nhất,122,0
00101,2019-12-11,Giải Nhất,138,1
00101,2019-12-11,Giải Nhất,094,2
00101,2019-12-11,Giải Nhất,162,3
00101,2019-12-11,Giải Nhì,321,0
00101,2019-12-11,Giải Nhì,501,1
00101,2019-12-11,Giải Nhì,787,2
00101,2019-12-11,Giải Nhì,649,3
00101,2019-12-11,Giải Nhì,626,4
00101,2019-12-11,Giải Nhì,097,5
00100,2019-12-09,Giải ba,996,0
00100,2019-12-09,Giải ba,424,1
00100,2019-12-09,Giải ba,392,2
00100,2019-12-09,Giải ba,556,3
00100,2019-12-09,Giải ba,812,4
00100,2019-12-09,Giải ba,423,5
00100,2019-12-09,Giải ba,821,6
00100,2019-12-09,Giải ba,555,7
00100,2019-12-09,Giải Đặc biệt,804,0
00100,2019-12-09,Giải Đặc biệt,796,1
00100,2019-12-09,Giải Nhất,604,0
00100,2019-12-09,Giải Nhất,039,1
00100,2019-12-09,Giải Nhất,099,2
00100,2019-12-09,Giải Nhất,873,3
00100,2019-12-09,Giải Nhì,643,0
00100,2019-12-09,Giải Nhì,489,1
00100,2019-12-09,Giải Nhì,433,2
00100,2019-12-09,Giải Nhì,459,3
00100,2019-12-09,Giải Nhì,017,4
00100,2019-12-09,Giải Nhì,232,5
00099,2019-12-06,Giải ba,592,0
00099,2019-12-06,Giải ba,531,1
00099,2019-12-06,Giải ba,590,2
00099,2019-12-06,Giải ba,989,3
00099,2019-12-06,Giải ba,453,4
00099,2019-12-06,Giải ba,636,5
00099,2019-12-06,Giải ba,811,6
00099,2019-12-06,Giải ba,454,7
00099,2019-12-06,Giải Đặc biệt,525,0
00099,2019-12-06,Giải Đặc biệt,506,1
00099,2019-12-06,Giải Nhất,064,0
00099,2019-12-06,Giải Nhất,902,1
00099,2019-12-06,Giải Nhất,453,2
00099,2019-12-06,Giải Nhất,949,3
00099,2019-12-06,Giải Nhì,844,0
00099,2019-12-06,Giải Nhì,836,1
00099,2019-12-06,Giải Nhì,277,2
00099,2019-12-06,Giải Nhì,635,3
00099,2019-12-06,Giải Nhì,136,4
00099,2019-12-06,Giải Nhì,034,5
00098,2019-12-04,Giải ba,354,0
00098,2019-12-04,Giải ba,910,1
00098,2019-12-04,Giải ba,513,2
00098,2019-12-04,Giải ba,944,3
00098,2019-12-04,Giải ba,449,4
00098,2019-12-04,Giải ba,857,5
00098,2019-12-04,Giải ba,753,6
00098,2019-12-04,Giải ba,056,7
00098,2019-12-04,Giải Đặc biệt,037,0
00098,2019-12-04,Giải Đặc biệt,667,1
00098,2019-12-04,Giải Nhất,593,0
00098,2019-12-04,Giải Nhất,150,1
00098,2019-12-04,Giải Nhất,204,2
00098,2019-12-04,Giải Nhất,733,3
00098,2019-12-04,Giải Nhì,295,0
00098,2019-12-04,Giải Nhì,492,1
00098,2019-12-04,Giải Nhì,659,2
00098,2019-12-04,Giải Nhì,403,3
00098,2019-12-04,Giải Nhì,804,4
00098,2019-12-04,Giải Nhì,891,5
00097,2019-12-02,Giải ba,232,0
00097,2019-12-02,Giải ba,932,1
00097,2019-12-02,Giải ba,442,2
00097,2019-12-02,Giải ba,898,3
00097,2019-12-02,Giải ba,627,4
00097,2019-12-02,Giải ba,330,5
00097,2019-12-02,Giải ba,200,6
00097,2019-12-02,Giải ba,303,7
00097,2019-12-02,Giải Đặc biệt,230,0
00097,2019-12-02,Giải Đặc biệt,703,1
00097,2019-12-02,Giải Nhất,691,0
00097,2019-12-02,Giải Nhất,465,1
00097,2019-12-02,Giải Nhất,662,2
00097,2019-12-02,Giải Nhất,133,3
00097,2019-12-02,Giải Nhì,607,0
00097,2019-12-02,Giải Nhì,212,1
00097,2019-12-02,Giải Nhì,865,2
00097,2019-12-02,Giải Nhì,099,3
00097,2019-12-02,Giải Nhì,045,4
00097,2019-12-02,Giải Nhì,895,5
00096,2019-11-29,Giải ba,776,0
00096,2019-11-29,Giải ba,301,1
00096,2019-11-29,Giải ba,702,2
00096,2019-11-29,Giải ba,149,3
00096,2019-11-29,Giải ba,414,4
00096,2019-11-29,Giải ba,318,5
00096,2019-11-29,Giải ba,354,6
00096,2019-11-29,Giải ba,810,7
00096,2019-11-29,Giải Đặc biệt,251,0
00096,2019-11-29,Giải Đặc biệt,660,1
00096,2019-11-29,Giải Nhất,337,0
00096,2019-11-29,Giải Nhất,765,1
00096,2019-11-29,Giải Nhất,143,2
00096,2019-11-29,Giải Nhất,964,3
00096,2019-11-29,Giải Nhì,673,0
00096,2019-11-29,Giải Nhì,778,1
00096,2019-11-29,Giải Nhì,108,2
00096,2019-11-29,Giải Nhì,356,3
00096,2019-11-29,Giải Nhì,755,4
00096,2019-11-29,Giải Nhì,576,5
00095,2019-11-27,Giải ba,033,0
00095,2019-11-27,Giải ba,117,1
00095,2019-11-27,Giải ba,489,2
00095,2019-11-27,Giải ba,369,3
00095,2019-11-27,Giải ba,711,4
00095,2019-11-27,Giải ba,970,5
00095,2019-11-27,Giải ba,647,6
00095,2019-11-27,Giải ba,124,7
00095,2019-11-27,Giải Đặc biệt,395,0
00095,2019-11-27,Giải Đặc biệt,596,1
00095,2019-11-27,Giải Nhất,942,0
00095,2019-11-27,Giải Nhất,920,1
00095,2019-11-27,Giải Nhất,833,2
00095,2019-11-27,Giải Nhất,657,3
00095,2019-11-27,Giải Nhì,687,0
00095,2019-11-27,Giải Nhì,396,1
00095,2019-11-27,Giải Nhì,651,2
00095,2019-11-27,Giải Nhì,014,3
00095,2019-11-27,Giải Nhì,415,4
00095,2019-11-27,Giải Nhì,469,5
00094,2019-11-25,Giải ba,121,0
00094,2019-11-25,Giải ba,419,1
00094,2019-11-25,Giải ba,123,2
00094,2019-11-25,Giải ba,547,3
00094,2019-11-25,Giải ba,165,4
00094,2019-11-25,Giải ba,031,5
00094,2019-11-25,Giải ba,235,6
00094,2019-11-25,Giải ba,555,7
00094,2019-11-25,Giải Đặc biệt,766,0
00094,2019-11-25,Giải Đặc biệt,107,1
00094,2019-11-25,Giải Nhất,706,0
00094,2019-11-25,Giải Nhất,430,1
00094,2019-11-25,Giải Nhất,440,2
00094,2019-11-25,Giải Nhất,229,3
00094,2019-11-25,Giải Nhì,963,0
00094,2019-11-25,Giải Nhì,141,1
00094,2019-11-25,Giải Nhì,373,2
00094,2019-11-25,Giải Nhì,593,3
00094,2019-11-25,Giải Nhì,150,4
00094,2019-11-25,Giải Nhì,287,5
00093,2019-11-22,Giải ba,248,0
00093,2019-11-22,Giải ba,021,1
00093,2019-11-22,Giải ba,366,2
00093,2019-11-22,Giải ba,334,3
00093,2019-11-22,Giải ba,995,4
00093,2019-11-22,Giải ba,476,5
00093,2019-11-22,Giải ba,666,6
00093,2019-11-22,Giải ba,949,7
00093,2019-11-22,Giải Đặc biệt,621,0
00093,2019-11-22,Giải Đặc biệt,309,1
00093,2019-11-22,Giải Nhất,027,0
00093,2019-11-22,Giải Nhất,744,1
00093,2019-11-22,Giải Nhất,010,2
00093,2019-11-22,Giải Nhất,961,3
00093,2019-11-22,Giải Nhì,558,0
00093,2019-11-22,Giải Nhì,122,1
00093,2019-11-22,Giải Nhì,030,2
00093,2019-11-22,Giải Nhì,440,3
00093,2019-11-22,Giải Nhì,619,4
00093,2019-11-22,Giải Nhì,112,5
00092,2019-11-20,Giải ba,142,0
00092,2019-11-20,Giải ba,287,1
00092,2019-11-20,Giải ba,576,2
00092,2019-11-20,Giải ba,887,3
00092,2019-11-20,Giải ba,319,4
00092,2019-11-20,Giải ba,978,5
00092,2019-11-20,Giải ba,977,6
00092,2019-11-20,Giải ba,900,7
00092,2019-11-20,Giải Đặc biệt,438,0
00092,2019-11-20,Giải Đặc biệt,646,1
00092,2019-11-20,Giải Nhất,536,0
00092,2019-11-20,Giải Nhất,341,1
00092,2019-11-20,Giải Nhất,039,2
00092,2019-11-20,Giải Nhất,682,3
00092,2019-11-20,Giải Nhì,993,0
00092,2019-11-20,Giải Nhì,244,1
00092,2019-11-20,Giải Nhì,089,2
00092,2019-11-20,Giải Nhì,236,3
00092,2019-11-20,Giải Nhì,806,4
00092,2019-11-20,Giải Nhì,727,5
00091,2019-11-18,Giải ba,841,0
00091,2019-11-18,Giải ba,372,1
00091,2019-11-18,Giải ba,656,2
00091,2019-11-18,Giải ba,168,3
00091,2019-11-18,Giải ba,145,4
00091,2019-11-18,Giải ba,134,5
00091,2019-11-18,Giải ba,911,6
00091,2019-11-18,Giải ba,095,7
00091,2019-11-18,Giải Đặc biệt,389,0
00091,2019-11-18,Giải Đặc biệt,270,1
00091,2019-11-18,Giải Nhất,367,0
00091,2019-11-18,Giải Nhất,391,1
00091,2019-11-18,Giải Nhất,661,2
00091,2019-11-18,Giải Nhất,221,3
00091,2019-11-18,Giải Nhì,285,0
00091,2019-11-18,Giải Nhì,710,1
00091,2019-11-18,Giải Nhì,409,2
00091,2019-11-18,Giải Nhì,469,3
00091,2019-11-18,Giải Nhì,324,4
00091,2019-11-18,Giải Nhì,722,5
00090,2019-11-15,Giải ba,857,0
00090,2019-11-15,Giải ba,873,1
00090,2019-11-15,Giải ba,444,2
00090,2019-11-15,Giải ba,939,3
00090,2019-11-15,Giải ba,695,4
00090,2019-11-15,Giải ba,634,5
00090,2019-11-15,Giải ba,309,6
00090,2019-11-15,Giải ba,210,7
00090,2019-11-15,Giải Đặc biệt,734,0
00090,2019-11-15,Giải Đặc biệt,003,1
00090,2019-11-15,Giải Nhất,849,0
00090,2019-11-15,Giải Nhất,594,1
00090,2019-11-15,Giải Nhất,325,2
00090,2019-11-15,Giải Nhất,910,3
00090,2019-11-15,Giải Nhì,177,0
00090,2019-11-15,Giải Nhì,497,1
00090,2019-11-15,Giải Nhì,720,2
00090,2019-11-15,Giải Nhì,482,3
00090,2019-11-15,Giải Nhì,399,4
00090,2019-11-15,Giải Nhì,157,5
00089,2019-11-13,Giải ba,078,0
00089,2019-11-13,Giải ba,370,1
00089,2019-11-13,Giải ba,525,2
00089,2019-11-13,Giải ba,170,3
00089,2019-11-13,Giải ba,854,4
00089,2019-11-13,Giải ba,845,5
00089,2019-11-13,Giải ba,954,6
00089,2019-11-13,Giải ba,091,7
00089,2019-11-13,Giải Đặc biệt,493,0
00089,2019-11-13,Giải Đặc biệt,927,1
00089,2019-11-13,Giải Nhất,868,0
00089,2019-11-13,Giải Nhất,361,1
00089,2019-11-13,Giải Nhất,213,2
00089,2019-11-13,Giải Nhất,583,3
00089,2019-11-13,Giải Nhì,515,0
00089,2019-11-13,Giải Nhì,427,1
00089,2019-11-13,Giải Nhì,903,2
00089,2019-11-13,Giải Nhì,864,3
00089,2019-11-13,Giải Nhì,789,4
00089,2019-11-13,Giải Nhì,151,5
00088,2019-11-11,Giải ba,597,0
00088,2019-11-11,Giải ba,213,1
00088,2019-11-11,Giải ba,750,2
00088,2019-11-11,Giải ba,644,3
00088,2019-11-11,Giải ba,998,4
00088,2019-11-11,Giải ba,157,5
00088,2019-11-11,Giải ba,703,6
00088,2019-11-11,Giải ba,313,7
00088,2019-11-11,Giải Đặc biệt,554,0
00088,2019-11-11,Giải Đặc biệt,076,1
00088,2019-11-11,Giải Nhất,032,0
00088,2019-11-11,Giải Nhất,905,1
00088,2019-11-11,Giải Nhất,504,2
00088,2019-11-11,Giải Nhất,278,3
00088,2019-11-11,Giải Nhì,293,0
00088,2019-11-11,Giải Nhì,907,1
00088,2019-11-11,Giải Nhì,344,2
00088,2019-11-11,Giải Nhì,354,3
00088,2019-11-11,Giải Nhì,694,4
00088,2019-11-11,Giải Nhì,565,5
00087,2019-11-08,Giải ba,634,0
00087,2019-11-08,Giải ba,703,1
00087,2019-11-08,Giải ba,284,2
00087,2019-11-08,Giải ba,385,3
00087,2019-11-08,Giải ba,882,4
00087,2019-11-08,Giải ba,207,5
00087,2019-11-08,Giải ba,658,6
00087,2019-11-08,Giải ba,018,7
00087,2019-11-08,Giải Đặc biệt,407,0
00087,2019-11-08,Giải Đặc biệt,209,1
00087,2019-11-08,Giải Nhất,075,0
00087,2019-11-08,Giải Nhất,100,1
00087,2019-11-08,Giải Nhất,820,2
00087,2019-11-08,Giải Nhất,102,3
00087,2019-11-08,Giải Nhì,439,0
00087,2019-11-08,Giải Nhì,553,1
00087,2019-11-08,Giải Nhì,059,2
00087,2019-11-08,Giải Nhì,780,3
00087,2019-11-08,Giải Nhì,578,4
00087,2019-11-08,Giải Nhì,815,5
00086,2019-11-06,Giải ba,909,0
00086,2019-11-06,Giải ba,767,1
00086,2019-11-06,Giải ba,488,2
00086,2019-11-06,Giải ba,091,3
00086,2019-11-06,Giải ba,719,4
00086,2019-11-06,Giải ba,433,5
00086,2019-11-06,Giải ba,338,6
00086,2019-11-06,Giải ba,241,7
00086,2019-11-06,Giải Đặc biệt,601,0
00086,2019-11-06,Giải Đặc biệt,741,1
00086,2019-11-06,Giải Nhất,205,0
00086,2019-11-06,Giải Nhất,553,1
00086,2019-11-06,Giải Nhất,359,2
00086,2019-11-06,Giải Nhất,256,3
00086,2019-11-06,Giải Nhì,075,0
00086,2019-11-06,Giải Nhì,496,1
00086,2019-11-06,Giải Nhì,804,2
00086,2019-11-06,Giải Nhì,744,3
00086,2019-11-06,Giải Nhì,039,4
00086,2019-11-06,Giải Nhì,789,5
00085,2019-11-04,Giải ba,655,0
00085,2019-11-04,Giải ba,675,1
00085,2019-11-04,Giải ba,709,2
00085,2019-11-04,Giải ba,117,3
00085,2019-11-04,Giải ba,335,4
00085,2019-11-04,Giải ba,375,5
00085,2019-11-04,Giải ba,561,6
00085,2019-11-04,Giải ba,428,7
00085,2019-11-04,Giải Đặc biệt,102,0
00085,2019-11-04,Giải Đặc biệt,655,1
00085,2019-11-04,Giải Nhất,756,0
00085,2019-11-04,Giải Nhất,867,1
00085,2019-11-04,Giải Nhất,121,2
00085,2019-11-04,Giải Nhất,374,3
00085,2019-11-04,Giải Nhì,148,0
00085,2019-11-04,Giải Nhì,241,1
00085,2019-11-04,Giải Nhì,551,2
00085,2019-11-04,Giải Nhì,530,3
00085,2019-11-04,Giải Nhì,318,4
00085,2019-11-04,Giải Nhì,156,5
00084,2019-11-01,Giải ba,900,0
00084,2019-11-01,Giải ba,026,1
00084,2019-11-01,Giải ba,122,2
00084,2019-11-01,Giải ba,067,3
00084,2019-11-01,Giải ba,773,4
00084,2019-11-01,Giải ba,953,5
00084,2019-11-01,Giải ba,764,6
00084,2019-11-01,Giải ba,982,7
00084,2019-11-01,Giải Đặc biệt,511,0
00084,2019-11-01,Giải Đặc biệt,208,1
00084,2019-11-01,Giải Nhất,265,0
00084,2019-11-01,Giải Nhất,532,1
00084,2019-11-01,Giải Nhất,889,2
00084,2019-11-01,Giải Nhất,035,3
00084,2019-11-01,Giải Nhì,372,0
00084,2019-11-01,Giải Nhì,286,1
00084,2019-11-01,Giải Nhì,797,2
00084,2019-11-01,Giải Nhì,468,3
00084,2019-11-01,Giải Nhì,427,4
00084,2019-11-01,Giải Nhì,418,5
00083,2019-10-30,Giải ba,916,0
00083,2019-10-30,Giải ba,778,1
00083,2019-10-30,Giải ba,961,2
00083,2019-10-30,Giải ba,126,3
00083,2019-10-30,Giải ba,810,4
00083,2019-10-30,Giải ba,830,5
00083,2019-10-30,Giải ba,871,6
00083,2019-10-30,Giải ba,407,7
00083,2019-10-30,Giải Đặc biệt,272,0
00083,2019-10-30,Giải Đặc biệt,302,1
00083,2019-10-30,Giải Nhất,206,0
00083,2019-10-30,Giải Nhất,613,1
00083,2019-10-30,Giải Nhất,038,2
00083,2019-10-30,Giải Nhất,558,3
00083,2019-10-30,Giải Nhì,947,0
00083,2019-10-30,Giải Nhì,508,1
00083,2019-10-30,Giải Nhì,524,2
00083,2019-10-30,Giải Nhì,517,3
00083,2019-10-30,Giải Nhì,248,4
00083,2019-10-30,Giải Nhì,864,5
00082,2019-10-28,Giải ba,055,0
00082,2019-10-28,Giải ba,072,1
00082,2019-10-28,Giải ba,482,2
00082,2019-10-28,Giải ba,763,3
00082,2019-10-28,Giải ba,839,4
00082,2019-10-28,Giải ba,115,5
00082,2019-10-28,Giải ba,652,6
00082,2019-10-28,Giải ba,709,7
00082,2019-10-28,Giải Đặc biệt,729,0
00082,2019-10-28,Giải Đặc biệt,283,1
00082,2019-10-28,Giải Nhất,328,0
00082,2019-10-28,Giải Nhất,859,1
00082,2019-10-28,Giải Nhất,794,2
00082,2019-10-28,Giải Nhất,959,3
00082,2019-10-28,Giải Nhì,954,0
00082,2019-10-28,Giải Nhì,808,1
00082,2019-10-28,Giải Nhì,958,2
00082,2019-10-28,Giải Nhì,403,3
00082,2019-10-28,Giải Nhì,982,4
00082,2019-10-28,Giải Nhì,315,5
00081,2019-10-25,Giải ba,806,0
00081,2019-10-25,Giải ba,575,1
00081,2019-10-25,Giải ba,282,2
00081,2019-10-25,Giải ba,932,3
00081,2019-10-25,Giải ba,134,4
00081,2019-10-25,Giải ba,562,5
00081,2019-10-25,Giải ba,504,6
00081,2019-10-25,Giải ba,450,7
00081,2019-10-25,Giải Đặc biệt,595,0
00081,2019-10-25,Giải Đặc biệt,805,1
00081,2019-10-25,Giải Nhất,896,0
00081,2019-10-25,Giải Nhất,739,1
00081,2019-10-25,Giải Nhất,122,2
00081,2019-10-25,Giải Nhất,309,3
00081,2019-10-25,Giải Nhì,543,0
00081,2019-10-25,Giải Nhì,463,1
00081,2019-10-25,Giải Nhì,524,2
00081,2019-10-25,Giải Nhì,607,3
00081,2019-10-25,Giải Nhì,127,4
00081,2019-10-25,Giải Nhì,906,5
00080,2019-10-23,Giải ba,550,0
00080,2019-10-23,Giải ba,084,1
00080,2019-10-23,Giải ba,305,2
00080,2019-10-23,Giải ba,421,3
00080,2019-10-23,Giải ba,130,4
00080,2019-10-23,Giải ba,738,5
00080,2019-10-23,Giải ba,382,6
00080,2019-10-23,Giải ba,116,7
00080,2019-10-23,Giải Đặc biệt,303,0
00080,2019-10-23,Giải Đặc biệt,188,1
00080,2019-10-23,Giải Nhất,922,0
00080,2019-10-23,Giải Nhất,553,1
00080,2019-10-23,Giải Nhất,971,2
00080,2019-10-23,Giải Nhất,642,3
00080,2019-10-23,Giải Nhì,036,0
00080,2019-10-23,Giải Nhì,229,1
00080,2019-10-23,Giải Nhì,232,2
00080,2019-10-23,Giải Nhì,576,3
00080,2019-10-23,Giải Nhì,151,4
00080,2019-10-23,Giải Nhì,357,5
00079,2019-10-21,Giải ba,359,0
00079,2019-10-21,Giải ba,166,1
00079,2019-10-21,Giải ba,081,2
00079,2019-10-21,Giải ba,619,3
00079,2019-10-21,Giải ba,265,4
00079,2019-10-21,Giải ba,001,5
00079,2019-10-21,Giải ba,163,6
00079,2019-10-21,Giải ba,957,7
00079,2019-10-21,Giải Đặc biệt,764,0
00079,2019-10-21,Giải Đặc biệt,715,1
00079,2019-10-21,Giải Nhất,306,0
00079,2019-10-21,Giải Nhất,192,1
00079,2019-10-21,Giải Nhất,470,2
00079,2019-10-21,Giải Nhất,181,3
00079,2019-10-21,Giải Nhì,714,0
00079,2019-10-21,Giải Nhì,908,1
00079,2019-10-21,Giải Nhì,880,2
00079,2019-10-21,Giải Nhì,711,3
00079,2019-10-21,Giải Nhì,960,4
00079,2019-10-21,Giải Nhì,456,5
00078,2019-10-18,Giải ba,002,0
00078,2019-10-18,Giải ba,852,1
00078,2019-10-18,Giải ba,176,2
00078,2019-10-18,Giải ba,849,3
00078,2019-10-18,Giải ba,773,4
00078,2019-10-18,Giải ba,217,5
00078,2019-10-18,Giải ba,050,6
00078,2019-10-18,Giải ba,087,7
00078,2019-10-18,Giải Đặc biệt,412,0
00078,2019-10-18,Giải Đặc biệt,747,1
00078,2019-10-18,Giải Nhất,046,0
00078,2019-10-18,Giải Nhất,418,1
00078,2019-10-18,Giải Nhất,954,2
00078,2019-10-18,Giải Nhất,999,3
00078,2019-10-18,Giải Nhì,040,0
00078,2019-10-18,Giải Nhì,240,1
00078,2019-10-18,Giải Nhì,877,2
00078,2019-10-18,Giải Nhì,239,3
00078,2019-10-18,Giải Nhì,426,4
00078,2019-10-18,Giải Nhì,233,5
00077,2019-10-16,Giải ba,740,0
00077,2019-10-16,Giải ba,123,1
00077,2019-10-16,Giải ba,706,2
00077,2019-10-16,Giải ba,909,3
00077,2019-10-16,Giải ba,014,4
00077,2019-10-16,Giải ba,077,5
00077,2019-10-16,Giải ba,391,6
00077,2019-10-16,Giải ba,159,7
00077,2019-10-16,Giải Đặc biệt,914,0
00077,2019-10-16,Giải Đặc biệt,331,1
00077,2019-10-16,Giải Nhất,566,0
00077,2019-10-16,Giải Nhất,517,1
00077,2019-10-16,Giải Nhất,555,2
00077,2019-10-16,Giải Nhất,215,3
00077,2019-10-16,Giải Nhì,240,0
00077,2019-10-16,Giải Nhì,939,1
00077,2019-10-16,Giải Nhì,840,2
00077,2019-10-16,Giải Nhì,446,3
00077,2019-10-16,Giải Nhì,038,4
00077,2019-10-16,Giải Nhì,405,5
00076,2019-10-14,Giải ba,945,0
00076,2019-10-14,Giải ba,657,1
00076,2019-10-14,Giải ba,415,2
00076,2019-10-14,Giải ba,252,3
00076,2019-10-14,Giải ba,977,4
00076,2019-10-14,Giải ba,715,5
00076,2019-10-14,Giải ba,855,6
00076,2019-10-14,Giải ba,365,7
00076,2019-10-14,Giải Đặc biệt,000,0
00076,2019-10-14,Giải Đặc biệt,539,1
00076,2019-10-14,Giải Nhất,522,0
00076,2019-10-14,Giải Nhất,178,1
00076,2019-10-14,Giải Nhất,905,2
00076,2019-10-14,Giải Nhất,719,3
00076,2019-10-14,Giải Nhì,728,0
00076,2019-10-14,Giải Nhì,284,1
00076,2019-10-14,Giải Nhì,669,2
00076,2019-10-14,Giải Nhì,470,3
00076,2019-10-14,Giải Nhì,743,4
00076,2019-10-14,Giải Nhì,584,5
00075,2019-10-11,Giải ba,237,0
00075,2019-10-11,Giải ba,660,1
00075,2019-10-11,Giải ba,091,2
00075,2019-10-11,Giải ba,545,3
00075,2019-10-11,Giải ba,038,4
00075,2019-10-11,Giải ba,699,5
00075,2019-10-11,Giải ba,368,6
00075,2019-10-11,Giải ba,415,7
00075,2019-10-11,Giải Đặc biệt,067,0
00075,2019-10-11,Giải Đặc biệt,366,1
00075,2019-10-11,Giải Nhất,546,0
00075,2019-10-11,Giải Nhất,866,1
00075,2019-10-11,Giải Nhất,749,2
00075,2019-10-11,Giải Nhất,266,3
00075,2019-10-11,Giải Nhì,624,0
00075,2019-10-11,Giải Nhì,881,1
00075,2019-10-11,Giải Nhì,768,2
00075,2019-10-11,Giải Nhì,025,3
00075,2019-10-11,Giải Nhì,553,4
00075,2019-10-11,Giải Nhì,561,5
00074,2019-10-09,Giải ba,225,0
00074,2019-10-09,Giải ba,525,1
00074,2019-10-09,Giải ba,672,2
00074,2019-10-09,Giải ba,315,3
00074,2019-10-09,Giải ba,611,4
00074,2019-10-09,Giải ba,482,5
00074,2019-10-09,Giải ba,879,6
00074,2019-10-09,Giải ba,106,7
00074,2019-10-09,Giải Đặc biệt,177,0
00074,2019-10-09,Giải Đặc biệt,355,1
00074,2019-10-09,Giải Nhất,479,0
00074,2019-10-09,Giải Nhất,195,1
00074,2019-10-09,Giải Nhất,050,2
00074,2019-10-09,Giải Nhất,740,3
00074,2019-10-09,Giải Nhì,981,0
00074,2019-10-09,Giải Nhì,214,1
00074,2019-10-09,Giải Nhì,214,2
00074,2019-10-09,Giải Nhì,260,3
00074,2019-10-09,Giải Nhì,523,4
00074,2019-10-09,Giải Nhì,524,5
00073,2019-10-07,Giải ba,598,0
00073,2019-10-07,Giải ba,680,1
00073,2019-10-07,Giải ba,083,2
00073,2019-10-07,Giải ba,655,3
00073,2019-10-07,Giải ba,269,4
00073,2019-10-07,Giải ba,988,5
00073,2019-10-07,Giải ba,918,6
00073,2019-10-07,Giải ba,474,7
00073,2019-10-07,Giải Đặc biệt,998,0
00073,2019-10-07,Giải Đặc biệt,476,1
00073,2019-10-07,Giải Nhất,352,0
00073,2019-10-07,Giải Nhất,259,1
00073,2019-10-07,Giải Nhất,265,2
00073,2019-10-07,Giải Nhất,131,3
00073,2019-10-07,Giải Nhì,954,0
00073,2019-10-07,Giải Nhì,227,1
00073,2019-10-07,Giải Nhì,357,2
00073,2019-10-07,Giải Nhì,838,3
00073,2019-10-07,Giải Nhì,894,4
00073,2019-10-07,Giải Nhì,500,5
00072,2019-10-04,Giải ba,442,0
00072,2019-10-04,Giải ba,990,1
00072,2019-10-04,Giải ba,784,2
00072,2019-10-04,Giải ba,564,3
00072,2019-10-04,Giải ba,836,4
00072,2019-10-04,Giải ba,950,5
00072,2019-10-04,Giải ba,321,6
00072,2019-10-04,Giải ba,457,7
00072,2019-10-04,Giải Đặc biệt,671,0
00072,2019-10-04,Giải Đặc biệt,331,1
00072,2019-10-04,Giải Nhất,684,0
00072,2019-10-04,Giải Nhất,163,1
00072,2019-10-04,Giải Nhất,866,2
00072,2019-10-04,Giải Nhất,829,3
00072,2019-10-04,Giải Nhì,420,0
00072,2019-10-04,Giải Nhì,136,1
00072,2019-10-04,Giải Nhì,037,2
00072,2019-10-04,Giải Nhì,893,3
00072,2019-10-04,Giải Nhì,841,4
00072,2019-10-04,Giải Nhì,706,5
00071,2019-10-02,Giải ba,156,0
00071,2019-10-02,Giải ba,656,1
00071,2019-10-02,Giải ba,422,2
00071,2019-10-02,Giải ba,803,3
00071,2019-10-02,Giải ba,934,4
00071,2019-10-02,Giải ba,602,5
00071,2019-10-02,Giải ba,975,6
00071,2019-10-02,Giải ba,605,7
00071,2019-10-02,Giải Đặc biệt,880,0
00071,2019-10-02,Giải Đặc biệt,954,1
00071,2019-10-02,Giải Nhất,618,0
00071,2019-10-02,Giải Nhất,222,1
00071,2019-10-02,Giải Nhất,045,2
00071,2019-10-02,Giải Nhất,619,3
00071,2019-10-02,Giải Nhì,753,0
00071,2019-10-02,Giải Nhì,878,1
00071,2019-10-02,Giải Nhì,589,2
00071,2019-10-02,Giải Nhì,972,3
00071,2019-10-02,Giải Nhì,076,4
00071,2019-10-02,Giải Nhì,085,5
00070,2019-09-30,Giải ba,343,0
00070,2019-09-30,Giải ba,093,1
00070,2019-09-30,Giải ba,425,2
00070,2019-09-30,Giải ba,165,3
00070,2019-09-30,Giải ba,399,4
00070,2019-09-30,Giải ba,883,5
00070,2019-09-30,Giải ba,667,6
00070,2019-09-30,Giải ba,947,7
00070,2019-09-30,Giải Đặc biệt,824,0
00070,2019-09-30,Giải Đặc biệt,828,1
00070,2019-09-30,Giải Nhất,335,0
00070,2019-09-30,Giải Nhất,094,1
00070,2019-09-30,Giải Nhất,161,2
00070,2019-09-30,Giải Nhất,705,3
00070,2019-09-30,Giải Nhì,287,0
00070,2019-09-30,Giải Nhì,212,1
00070,2019-09-30,Giải Nhì,305,2
00070,2019-09-30,Giải Nhì,225,3
00070,2019-09-30,Giải Nhì,229,4
00070,2019-09-30,Giải Nhì,265,5
00069,2019-09-27,Giải ba,124,0
00069,2019-09-27,Giải ba,922,1
00069,2019-09-27,Giải ba,953,2
00069,2019-09-27,Giải ba,758,3
00069,2019-09-27,Giải ba,841,4
00069,2019-09-27,Giải ba,474,5
00069,2019-09-27,Giải ba,771,6
00069,2019-09-27,Giải ba,832,7
00069,2019-09-27,Giải Đặc biệt,188,0
00069,2019-09-27,Giải Đặc biệt,626,1
00069,2019-09-27,Giải Nhất,538,0
00069,2019-09-27,Giải Nhất,562,1
00069,2019-09-27,Giải Nhất,708,2
00069,2019-09-27,Giải Nhất,020,3
00069,2019-09-27,Giải Nhì,722,0
00069,2019-09-27,Giải Nhì,362,1
00069,2019-09-27,Giải Nhì,697,2
00069,2019-09-27,Giải Nhì,071,3
00069,2019-09-27,Giải Nhì,040,4
00069,2019-09-27,Giải Nhì,433,5
00068,2019-09-25,Giải ba,869,0
00068,2019-09-25,Giải ba,170,1
00068,2019-09-25,Giải ba,513,2
00068,2019-09-25,Giải ba,744,3
00068,2019-09-25,Giải ba,039,4
00068,2019-09-25,Giải ba,743,5
00068,2019-09-25,Giải ba,771,6
00068,2019-09-25,Giải ba,155,7
00068,2019-09-25,Giải Đặc biệt,505,0
00068,2019-09-25,Giải Đặc biệt,184,1
00068,2019-09-25,Giải Nhất,578,0
00068,2019-09-25,Giải Nhất,255,1
00068,2019-09-25,Giải Nhất,224,2
00068,2019-09-25,Giải Nhất,668,3
00068,2019-09-25,Giải Nhì,133,0
00068,2019-09-25,Giải Nhì,305,1
00068,2019-09-25,Giải Nhì,599,2
00068,2019-09-25,Giải Nhì,688,3
00068,2019-09-25,Giải Nhì,622,4
00068,2019-09-25,Giải Nhì,621,5
00067,2019-09-23,Giải ba,549,0
00067,2019-09-23,Giải ba,660,1
00067,2019-09-23,Giải ba,746,2
00067,2019-09-23,Giải ba,826,3
00067,2019-09-23,Giải ba,040,4
00067,2019-09-23,Giải ba,835,5
00067,2019-09-23,Giải ba,659,6
00067,2019-09-23,Giải ba,130,7
00067,2019-09-23,Giải Đặc biệt,782,0
00067,2019-09-23,Giải Đặc biệt,713,1
00067,2019-09-23,Giải Nhất,698,0
00067,2019-09-23,Giải Nhất,707,1
00067,2019-09-23,Giải Nhất,987,2
00067,2019-09-23,Giải Nhất,540,3
00067,2019-09-23,Giải Nhì,186,0
00067,2019-09-23,Giải Nhì,748,1
00067,2019-09-23,Giải Nhì,335,2
00067,2019-09-23,Giải Nhì,430,3
00067,2019-09-23,Giải Nhì,056,4
00067,2019-09-23,Giải Nhì,398,5
00066,2019-09-20,Giải ba,415,0
00066,2019-09-20,Giải ba,350,1
00066,2019-09-20,Giải ba,136,2
00066,2019-09-20,Giải ba,527,3
00066,2019-09-20,Giải ba,255,4
00066,2019-09-20,Giải ba,247,5
00066,2019-09-20,Giải ba,181,6
00066,2019-09-20,Giải ba,562,7
00066,2019-09-20,Giải Đặc biệt,385,0
00066,2019-09-20,Giải Đặc biệt,456,1
00066,2019-09-20,Giải Nhất,649,0
00066,2019-09-20,Giải Nhất,884,1
00066,2019-09-20,Giải Nhất,176,2
00066,2019-09-20,Giải Nhất,885,3
00066,2019-09-20,Giải Nhì,132,0
00066,2019-09-20,Giải Nhì,072,1
00066,2019-09-20,Giải Nhì,001,2
00066,2019-09-20,Giải Nhì,413,3
00066,2019-09-20,Giải Nhì,692,4
00066,2019-09-20,Giải Nhì,268,5
00065,2019-09-18,Giải ba,365,0
00065,2019-09-18,Giải ba,010,1
00065,2019-09-18,Giải ba,210,2
00065,2019-09-18,Giải ba,831,3
00065,2019-09-18,Giải ba,052,4
00065,2019-09-18,Giải ba,958,5
00065,2019-09-18,Giải ba,088,6
00065,2019-09-18,Giải ba,493,7
00065,2019-09-18,Giải Đặc biệt,018,0
00065,2019-09-18,Giải Đặc biệt,833,1
00065,2019-09-18,Giải Nhất,170,0
00065,2019-09-18,Giải Nhất,189,1
00065,2019-09-18,Giải Nhất,094,2
00065,2019-09-18,Giải Nhất,569,3
00065,2019-09-18,Giải Nhì,348,0
00065,2019-09-18,Giải Nhì,788,1
00065,2019-09-18,Giải Nhì,523,2
00065,2019-09-18,Giải Nhì,582,3
00065,2019-09-18,Giải Nhì,061,4
00065,2019-09-18,Giải Nhì,364,5
00064,2019-09-16,Giải ba,022,0
00064,2019-09-16,Giải ba,191,1
00064,2019-09-16,Giải ba,287,2
00064,2019-09-16,Giải ba,464,3
00064,2019-09-16,Giải ba,559,4
00064,2019-09-16,Giải ba,742,5
00064,2019-09-16,Giải ba,850,6
00064,2019-09-16,Giải ba,613,7
00064,2019-09-16,Giải Đặc biệt,381,0
00064,2019-09-16,Giải Đặc biệt,116,1
00064,2019-09-16,Giải Nhất,009,0
00064,2019-09-16,Giải Nhất,131,1
00064,2019-09-16,Giải Nhất,406,2
00064,2019-09-16,Giải Nhất,195,3
00064,2019-09-16,Giải Nhì,397,0
00064,2019-09-16,Giải Nhì,387,1
00064,2019-09-16,Giải Nhì,311,2
00064,2019-09-16,Giải Nhì,991,3
00064,2019-09-16,Giải Nhì,122,4
00064,2019-09-16,Giải Nhì,574,5
00063,2019-09-13,Giải ba,844,0
00063,2019-09-13,Giải ba,945,1
00063,2019-09-13,Giải ba,126,2
00063,2019-09-13,Giải ba,839,3
00063,2019-09-13,Giải ba,362,4
00063,2019-09-13,Giải ba,939,5
00063,2019-09-13,Giải ba,055,6
00063,2019-09-13,Giải ba,797,7
00063,2019-09-13,Giải Đặc biệt,542,0
00063,2019-09-13,Giải Đặc biệt,854,1
00063,2019-09-13,Giải Nhất,533,0
00063,2019-09-13,Giải Nhất,051,1
00063,2019-09-13,Giải Nhất,524,2
00063,2019-09-13,Giải Nhất,662,3
00063,2019-09-13,Giải Nhì,478,0
00063,2019-09-13,Giải Nhì,320,1
00063,2019-09-13,Giải Nhì,704,2
00063,2019-09-13,Giải Nhì,003,3
00063,2019-09-13,Giải Nhì,650,4
00063,2019-09-13,Giải Nhì,046,5
00062,2019-09-11,Giải ba,321,0
00062,2019-09-11,Giải ba,772,1
00062,2019-09-11,Giải ba,870,2
00062,2019-09-11,Giải ba,704,3
00062,2019-09-11,Giải ba,677,4
00062,2019-09-11,Giải ba,409,5
00062,2019-09-11,Giải ba,974,6
00062,2019-09-11,Giải ba,834,7
00062,2019-09-11,Giải Đặc biệt,331,0
00062,2019-09-11,Giải Đặc biệt,824,1
00062,2019-09-11,Giải Nhất,393,0
00062,2019-09-11,Giải Nhất,756,1
00062,2019-09-11,Giải Nhất,582,2
00062,2019-09-11,Giải Nhất,355,3
00062,2019-09-11,Giải Nhì,357,0
00062,2019-09-11,Giải Nhì,106,1
00062,2019-09-11,Giải Nhì,583,2
00062,2019-09-11,Giải Nhì,587,3
00062,2019-09-11,Giải Nhì,433,4
00062,2019-09-11,Giải Nhì,602,5
00061,2019-09-09,Giải ba,641,0
00061,2019-09-09,Giải ba,439,1
00061,2019-09-09,Giải ba,834,2
00061,2019-09-09,Giải ba,459,3
00061,2019-09-09,Giải ba,822,4
00061,2019-09-09,Giải ba,413,5
00061,2019-09-09,Giải ba,350,6
00061,2019-09-09,Giải ba,677,7
00061,2019-09-09,Giải Đặc biệt,056,0
00061,2019-09-09,Giải Đặc biệt,961,1
00061,2019-09-09,Giải Nhất,514,0
00061,2019-09-09,Giải Nhất,338,1
00061,2019-09-09,Giải Nhất,058,2
00061,2019-09-09,Giải Nhất,002,3
00061,2019-09-09,Giải Nhì,063,0
00061,2019-09-09,Giải Nhì,988,1
00061,2019-09-09,Giải Nhì,420,2
00061,2019-09-09,Giải Nhì,204,3
00061,2019-09-09,Giải Nhì,058,4
00061,2019-09-09,Giải Nhì,047,5
00060,2019-09-06,Giải ba,125,0
00060,2019-09-06,Giải ba,924,1
00060,2019-09-06,Giải ba,737,2
00060,2019-09-06,Giải ba,826,3
00060,2019-09-06,Giải ba,125,4
00060,2019-09-06,Giải ba,954,5
00060,2019-09-06,Giải ba,810,6
00060,2019-09-06,Giải ba,802,7
00060,2019-09-06,Giải Đặc biệt,720,0
00060,2019-09-06,Giải Đặc biệt,868,1
00060,2019-09-06,Giải Nhất,725,0
00060,2019-09-06,Giải Nhất,195,1
00060,2019-09-06,Giải Nhất,384,2
00060,2019-09-06,Giải Nhất,204,3
00060,2019-09-06,Giải Nhì,684,0
00060,2019-09-06,Giải Nhì,235,1
00060,2019-09-06,Giải Nhì,915,2
00060,2019-09-06,Giải Nhì,679,3
00060,2019-09-06,Giải Nhì,751,4
00060,2019-09-06,Giải Nhì,721,5
00059,2019-09-04,Giải ba,216,0
00059,2019-09-04,Giải ba,346,1
00059,2019-09-04,Giải ba,052,2
00059,2019-09-04,Giải ba,790,3
00059,2019-09-04,Giải ba,084,4
00059,2019-09-04,Giải ba,397,5
00059,2019-09-04,Giải ba,094,6
00059,2019-09-04,Giải ba,288,7
00059,2019-09-04,Giải Đặc biệt,354,0
00059,2019-09-04,Giải Đặc biệt,633,1
00059,2019-09-04,Giải Nhất,836,0
00059,2019-09-04,Giải Nhất,372,1
00059,2019-09-04,Giải Nhất,916,2
00059,2019-09-04,Giải Nhất,544,3
00059,2019-09-04,Giải Nhì,719,0
00059,2019-09-04,Giải Nhì,346,1
00059,2019-09-04,Giải Nhì,829,2
00059,2019-09-04,Giải Nhì,772,3
00059,2019-09-04,Giải Nhì,599,4
00059,2019-09-04,Giải Nhì,809,5
00058,2019-09-02,Giải ba,447,0
00058,2019-09-02,Giải ba,442,1
00058,2019-09-02,Giải ba,721,2
00058,2019-09-02,Giải ba,647,3
00058,2019-09-02,Giải ba,953,4
00058,2019-09-02,Giải ba,974,5
00058,2019-09-02,Giải ba,476,6
00058,2019-09-02,Giải ba,531,7
00058,2019-09-02,Giải Đặc biệt,715,0
00058,2019-09-02,Giải Đặc biệt,489,1
00058,2019-09-02,Giải Nhất,641,0
00058,2019-09-02,Giải Nhất,866,1
00058,2019-09-02,Giải Nhất,968,2
00058,2019-09-02,Giải Nhất,895,3
00058,2019-09-02,Giải Nhì,673,0
00058,2019-09-02,Giải Nhì,890,1
00058,2019-09-02,Giải Nhì,488,2
00058,2019-09-02,Giải Nhì,506,3
00058,2019-09-02,Giải Nhì,486,4
00058,2019-09-02,Giải Nhì,154,5
00057,2019-08-30,Giải ba,961,0
00057,2019-08-30,Giải ba,064,1
00057,2019-08-30,Giải ba,060,2
00057,2019-08-30,Giải ba,819,3
00057,2019-08-30,Giải ba,145,4
00057,2019-08-30,Giải ba,196,5
00057,2019-08-30,Giải ba,079,6
00057,2019-08-30,Giải ba,639,7
00057,2019-08-30,Giải Đặc biệt,089,0
00057,2019-08-30,Giải Đặc biệt,402,1
00057,2019-08-30,Giải Nhất,528,0
00057,2019-08-30,Giải Nhất,824,1
00057,2019-08-30,Giải Nhất,521,2
00057,2019-08-30,Giải Nhất,741,3
00057,2019-08-30,Giải Nhì,394,0
00057,2019-08-30,Giải Nhì,861,1
00057,2019-08-30,Giải Nhì,484,2
00057,2019-08-30,Giải Nhì,277,3
00057,2019-08-30,Giải Nhì,516,4
00057,2019-08-30,Giải Nhì,850,5
00056,2019-08-28,Giải ba,971,0
00056,2019-08-28,Giải ba,399,1
00056,2019-08-28,Giải ba,033,2
00056,2019-08-28,Giải ba,164,3
00056,2019-08-28,Giải ba,989,4
00056,2019-08-28,Giải ba,880,5
00056,2019-08-28,Giải ba,546,6
00056,2019-08-28,Giải ba,632,7
00056,2019-08-28,Giải Đặc biệt,091,0
00056,2019-08-28,Giải Đặc biệt,771,1
00056,2019-08-28,Giải Nhất,253,0
00056,2019-08-28,Giải Nhất,267,1
00056,2019-08-28,Giải Nhất,129,2
00056,2019-08-28,Giải Nhất,389,3
00056,2019-08-28,Giải Nhì,081,0
00056,2019-08-28,Giải Nhì,838,1
00056,2019-08-28,Giải Nhì,138,2
00056,2019-08-28,Giải Nhì,892,3
00056,2019-08-28,Giải Nhì,270,4
00056,2019-08-28,Giải Nhì,612,5
00055,2019-08-26,Giải ba,189,0
00055,2019-08-26,Giải ba,565,1
00055,2019-08-26,Giải ba,137,2
00055,2019-08-26,Giải ba,530,3
00055,2019-08-26,Giải ba,141,4
00055,2019-08-26,Giải ba,799,5
00055,2019-08-26,Giải ba,350,6
00055,2019-08-26,Giải ba,703,7
00055,2019-08-26,Giải Đặc biệt,063,0
00055,2019-08-26,Giải Đặc biệt,759,1
00055,2019-08-26,Giải Nhất,791,0
00055,2019-08-26,Giải Nhất,133,1
00055,2019-08-26,Giải Nhất,709,2
00055,2019-08-26,Giải Nhất,226,3
00055,2019-08-26,Giải Nhì,303,0
00055,2019-08-26,Giải Nhì,101,1
00055,2019-08-26,Giải Nhì,312,2
00055,2019-08-26,Giải Nhì,864,3
00055,2019-08-26,Giải Nhì,092,4
00055,2019-08-26,Giải Nhì,736,5
00054,2019-08-23,Giải ba,710,0
00054,2019-08-23,Giải ba,982,1
00054,2019-08-23,Giải ba,034,2
00054,2019-08-23,Giải ba,670,3
00054,2019-08-23,Giải ba,525,4
00054,2019-08-23,Giải ba,168,5
00054,2019-08-23,Giải ba,891,6
00054,2019-08-23,Giải ba,543,7
00054,2019-08-23,Giải Đặc biệt,335,0
00054,2019-08-23,Giải Đặc biệt,046,1
00054,2019-08-23,Giải Nhất,009,0
00054,2019-08-23,Giải Nhất,295,1
00054,2019-08-23,Giải Nhất,972,2
00054,2019-08-23,Giải Nhất,633,3
00054,2019-08-23,Giải Nhì,763,0
00054,2019-08-23,Giải Nhì,576,1
00054,2019-08-23,Giải Nhì,154,2
00054,2019-08-23,Giải Nhì,076,3
00054,2019-08-23,Giải Nhì,045,4
00054,2019-08-23,Giải Nhì,968,5
00053,2019-08-21,Giải ba,184,0
00053,2019-08-21,Giải ba,850,1
00053,2019-08-21,Giải ba,873,2
00053,2019-08-21,Giải ba,188,3
00053,2019-08-21,Giải ba,739,4
00053,2019-08-21,Giải ba,669,5
00053,2019-08-21,Giải ba,590,6
00053,2019-08-21,Giải ba,234,7
00053,2019-08-21,Giải Đặc biệt,489,0
00053,2019-08-21,Giải Đặc biệt,700,1
00053,2019-08-21,Giải Nhất,607,0
00053,2019-08-21,Giải Nhất,493,1
00053,2019-08-21,Giải Nhất,982,2
00053,2019-08-21,Giải Nhất,367,3
00053,2019-08-21,Giải Nhì,594,0
00053,2019-08-21,Giải Nhì,837,1
00053,2019-08-21,Giải Nhì,559,2
00053,2019-08-21,Giải Nhì,410,3
00053,2019-08-21,Giải Nhì,116,4
00053,2019-08-21,Giải Nhì,614,5
00052,2019-08-19,Giải ba,781,0
00052,2019-08-19,Giải ba,045,1
00052,2019-08-19,Giải ba,920,2
00052,2019-08-19,Giải ba,724,3
00052,2019-08-19,Giải ba,803,4
00052,2019-08-19,Giải ba,966,5
00052,2019-08-19,Giải ba,971,6
00052,2019-08-19,Giải ba,690,7
00052,2019-08-19,Giải Đặc biệt,065,0
00052,2019-08-19,Giải Đặc biệt,911,1
00052,2019-08-19,Giải Nhất,784,0
00052,2019-08-19,Giải Nhất,558,1
00052,2019-08-19,Giải Nhất,919,2
00052,2019-08-19,Giải Nhất,421,3
00052,2019-08-19,Giải Nhì,425,0
00052,2019-08-19,Giải Nhì,531,1
00052,2019-08-19,Giải Nhì,179,2
00052,2019-08-19,Giải Nhì,652,3
00052,2019-08-19,Giải Nhì,509,4
00052,2019-08-19,Giải Nhì,200,5
00051,2019-08-16,Giải ba,809,0
00051,2019-08-16,Giải ba,277,1
00051,2019-08-16,Giải ba,571,2
00051,2019-08-16,Giải ba,549,3
00051,2019-08-16,Giải ba,132,4
00051,2019-08-16,Giải ba,294,5
00051,2019-08-16,Giải ba,754,6
00051,2019-08-16,Giải ba,083,7
00051,2019-08-16,Giải Đặc biệt,786,0
00051,2019-08-16,Giải Đặc biệt,678,1
00051,2019-08-16,Giải Nhất,450,0
00051,2019-08-16,Giải Nhất,808,1
00051,2019-08-16,Giải Nhất,991,2
00051,2019-08-16,Giải Nhất,021,3
00051,2019-08-16,Giải Nhì,464,0
00051,2019-08-16,Giải Nhì,084,1
00051,2019-08-16,Giải Nhì,146,2
00051,2019-08-16,Giải Nhì,542,3
00051,2019-08-16,Giải Nhì,065,4
00051,2019-08-16,Giải Nhì,327,5
00050,2019-08-14,Giải ba,939,0
00050,2019-08-14,Giải ba,966,1
00050,2019-08-14,Giải ba,342,2
00050,2019-08-14,Giải ba,138,3
00050,2019-08-14,Giải ba,344,4
00050,2019-08-14,Giải ba,229,5
00050,2019-08-14,Giải ba,053,6
00050,2019-08-14,Giải ba,497,7
00050,2019-08-14,Giải Đặc biệt,297,0
00050,2019-08-14,Giải Đặc biệt,697,1
00050,2019-08-14,Giải Nhất,007,0
00050,2019-08-14,Giải Nhất,543,1
00050,2019-08-14,Giải Nhất,604,2
00050,2019-08-14,Giải Nhất,878,3
00050,2019-08-14,Giải Nhì,773,0
00050,2019-08-14,Giải Nhì,460,1
00050,2019-08-14,Giải Nhì,735,2
00050,2019-08-14,Giải Nhì,104,3
00050,2019-08-14,Giải Nhì,126,4
00050,2019-08-14,Giải Nhì,357,5
00049,2019-08-12,Giải ba,721,0
00049,2019-08-12,Giải ba,653,1
00049,2019-08-12,Giải ba,502,2
00049,2019-08-12,Giải ba,087,3
00049,2019-08-12,Giải ba,308,4
00049,2019-08-12,Giải ba,006,5
00049,2019-08-12,Giải ba,853,6
00049,2019-08-12,Giải ba,683,7
00049,2019-08-12,Giải Đặc biệt,583,0
00049,2019-08-12,Giải Đặc biệt,485,1
00049,2019-08-12,Giải Nhất,923,0
00049,2019-08-12,Giải Nhất,068,1
00049,2019-08-12,Giải Nhất,525,2
00049,2019-08-12,Giải Nhất,692,3
00049,2019-08-12,Giải Nhì,837,0
00049,2019-08-12,Giải Nhì,643,1
00049,2019-08-12,Giải Nhì,631,2
00049,2019-08-12,Giải Nhì,321,3
00049,2019-08-12,Giải Nhì,293,4
00049,2019-08-12,Giải Nhì,816,5
00048,2019-08-09,Giải ba,683,0
00048,2019-08-09,Giải ba,227,1
00048,2019-08-09,Giải ba,860,2
00048,2019-08-09,Giải ba,656,3
00048,2019-08-09,Giải ba,060,4
00048,2019-08-09,Giải ba,403,5
00048,2019-08-09,Giải ba,759,6
00048,2019-08-09,Giải ba,010,7
00048,2019-08-09,Giải Đặc biệt,476,0
00048,2019-08-09,Giải Đặc biệt,730,1
00048,2019-08-09,Giải Nhất,251,0
00048,2019-08-09,Giải Nhất,735,1
00048,2019-08-09,Giải Nhất,285,2
00048,2019-08-09,Giải Nhất,878,3
00048,2019-08-09,Giải Nhì,191,0
00048,2019-08-09,Giải Nhì,760,1
00048,2019-08-09,Giải Nhì,167,2
00048,2019-08-09,Giải Nhì,663,3
00048,2019-08-09,Giải Nhì,805,4
00048,2019-08-09,Giải Nhì,881,5
00047,2019-08-07,Giải ba,309,0
00047,2019-08-07,Giải ba,721,1
00047,2019-08-07,Giải ba,304,2
00047,2019-08-07,Giải ba,636,3
00047,2019-08-07,Giải ba,840,4
00047,2019-08-07,Giải ba,314,5
00047,2019-08-07,Giải ba,113,6
00047,2019-08-07,Giải ba,537,7
00047,2019-08-07,Giải Đặc biệt,749,0
00047,2019-08-07,Giải Đặc biệt,333,1
00047,2019-08-07,Giải Nhất,460,0
00047,2019-08-07,Giải Nhất,176,1
00047,2019-08-07,Giải Nhất,299,2
00047,2019-08-07,Giải Nhất,596,3
00047,2019-08-07,Giải Nhì,039,0
00047,2019-08-07,Giải Nhì,875,1
00047,2019-08-07,Giải Nhì,337,2
00047,2019-08-07,Giải Nhì,846,3
00047,2019-08-07,Giải Nhì,149,4
00047,2019-08-07,Giải Nhì,338,5
00046,2019-08-05,Giải ba,291,0
00046,2019-08-05,Giải ba,163,1
00046,2019-08-05,Giải ba,119,2
00046,2019-08-05,Giải ba,944,3
00046,2019-08-05,Giải ba,212,4
00046,2019-08-05,Giải ba,116,5
00046,2019-08-05,Giải ba,756,6
00046,2019-08-05,Giải ba,026,7
00046,2019-08-05,Giải Đặc biệt,983,0
00046,2019-08-05,Giải Đặc biệt,640,1
00046,2019-08-05,Giải Nhất,947,0
00046,2019-08-05,Giải Nhất,281,1
00046,2019-08-05,Giải Nhất,799,2
00046,2019-08-05,Giải Nhất,799,3
00046,2019-08-05,Giải Nhì,104,0
00046,2019-08-05,Giải Nhì,720,1
00046,2019-08-05,Giải Nhì,334,2
00046,2019-08-05,Giải Nhì,189,3
00046,2019-08-05,Giải Nhì,884,4
00046,2019-08-05,Giải Nhì,871,5
00045,2019-08-02,Giải ba,737,0
00045,2019-08-02,Giải ba,084,1
00045,2019-08-02,Giải ba,764,2
00045,2019-08-02,Giải ba,502,3
00045,2019-08-02,Giải ba,736,4
00045,2019-08-02,Giải ba,088,5
00045,2019-08-02,Giải ba,200,6
00045,2019-08-02,Giải ba,697,7
00045,2019-08-02,Giải Đặc biệt,114,0
00045,2019-08-02,Giải Đặc biệt,087,1
00045,2019-08-02,Giải Nhất,016,0
00045,2019-08-02,Giải Nhất,452,1
00045,2019-08-02,Giải Nhất,040,2
00045,2019-08-02,Giải Nhất,579,3
00045,2019-08-02,Giải Nhì,561,0
00045,2019-08-02,Giải Nhì,812,1
00045,2019-08-02,Giải Nhì,316,2
00045,2019-08-02,Giải Nhì,503,3
00045,2019-08-02,Giải Nhì,564,4
00045,2019-08-02,Giải Nhì,997,5
00044,2019-07-31,Giải ba,907,0
00044,2019-07-31,Giải ba,209,1
00044,2019-07-31,Giải ba,953,2
00044,2019-07-31,Giải ba,348,3
00044,2019-07-31,Giải ba,656,4
00044,2019-07-31,Giải ba,162,5
00044,2019-07-31,Giải ba,641,6
00044,2019-07-31,Giải ba,935,7
00044,2019-07-31,Giải Đặc biệt,178,0
00044,2019-07-31,Giải Đặc biệt,975,1
00044,2019-07-31,Giải Nhất,099,0
00044,2019-07-31,Giải Nhất,375,1
00044,2019-07-31,Giải Nhất,680,2
00044,2019-07-31,Giải Nhất,677,3
00044,2019-07-31,Giải Nhì,454,0
00044,2019-07-31,Giải Nhì,820,1
00044,2019-07-31,Giải Nhì,659,2
00044,2019-07-31,Giải Nhì,912,3
00044,2019-07-31,Giải Nhì,751,4
00044,2019-07-31,Giải Nhì,326,5
00043,2019-07-29,Giải ba,465,0
00043,2019-07-29,Giải ba,772,1
00043,2019-07-29,Giải ba,936,2
00043,2019-07-29,Giải ba,447,3
00043,2019-07-29,Giải ba,647,4
00043,2019-07-29,Giải ba,999,5
00043,2019-07-29,Giải ba,672,6
00043,2019-07-29,Giải ba,857,7
00043,2019-07-29,Giải Đặc biệt,028,0
00043,2019-07-29,Giải Đặc biệt,766,1
00043,2019-07-29,Giải Nhất,065,0
00043,2019-07-29,Giải Nhất,547,1
00043,2019-07-29,Giải Nhất,888,2
00043,2019-07-29,Giải Nhất,773,3
00043,2019-07-29,Giải Nhì,647,0
00043,2019-07-29,Giải Nhì,780,1
00043,2019-07-29,Giải Nhì,698,2
00043,2019-07-29,Giải Nhì,313,3
00043,2019-07-29,Giải Nhì,751,4
00043,2019-07-29,Giải Nhì,089,5
00042,2019-07-26,Giải ba,713,0
00042,2019-07-26,Giải ba,824,1
00042,2019-07-26,Giải ba,569,2
00042,2019-07-26,Giải ba,315,3
00042,2019-07-26,Giải ba,611,4
00042,2019-07-26,Giải ba,652,5
00042,2019-07-26,Giải ba,809,6
00042,2019-07-26,Giải ba,421,7
00042,2019-07-26,Giải Đặc biệt,943,0
00042,2019-07-26,Giải Đặc biệt,504,1
00042,2019-07-26,Giải Nhất,924,0
00042,2019-07-26,Giải Nhất,036,1
00042,2019-07-26,Giải Nhất,168,2
00042,2019-07-26,Giải Nhất,173,3
00042,2019-07-26,Giải Nhì,531,0
00042,2019-07-26,Giải Nhì,614,1
00042,2019-07-26,Giải Nhì,509,2
00042,2019-07-26,Giải Nhì,438,3
00042,2019-07-26,Giải Nhì,494,4
00042,2019-07-26,Giải Nhì,589,5
00041,2019-07-24,Giải ba,091,0
00041,2019-07-24,Giải ba,498,1
00041,2019-07-24,Giải ba,449,2
00041,2019-07-24,Giải ba,877,3
00041,2019-07-24,Giải ba,141,4
00041,2019-07-24,Giải ba,441,5
00041,2019-07-24,Giải ba,518,6
00041,2019-07-24,Giải ba,043,7
00041,2019-07-24,Giải Đặc biệt,052,0
00041,2019-07-24,Giải Đặc biệt,619,1
00041,2019-07-24,Giải Nhất,379,0
00041,2019-07-24,Giải Nhất,520,1
00041,2019-07-24,Giải Nhất,255,2
00041,2019-07-24,Giải Nhất,956,3
00041,2019-07-24,Giải Nhì,084,0
00041,2019-07-24,Giải Nhì,567,1
00041,2019-07-24,Giải Nhì,104,2
00041,2019-07-24,Giải Nhì,041,3
00041,2019-07-24,Giải Nhì,427,4
00041,2019-07-24,Giải Nhì,298,5
00040,2019-07-22,Giải ba,344,0
00040,2019-07-22,Giải ba,005,1
00040,2019-07-22,Giải ba,340,2
00040,2019-07-22,Giải ba,889,3
00040,2019-07-22,Giải ba,034,4
00040,2019-07-22,Giải ba,157,5
00040,2019-07-22,Giải ba,253,6
00040,2019-07-22,Giải ba,986,7
00040,2019-07-22,Giải Đặc biệt,648,0
00040,2019-07-22,Giải Đặc biệt,986,1
00040,2019-07-22,Giải Nhất,796,0
00040,2019-07-22,Giải Nhất,015,1
00040,2019-07-22,Giải Nhất,520,2
00040,2019-07-22,Giải Nhất,866,3
00040,2019-07-22,Giải Nhì,203,0
00040,2019-07-22,Giải Nhì,577,1
00040,2019-07-22,Giải Nhì,790,2
00040,2019-07-22,Giải Nhì,388,3
00040,2019-07-22,Giải Nhì,625,4
00040,2019-07-22,Giải Nhì,789,5
00039,2019-07-19,Giải ba,864,0
00039,2019-07-19,Giải ba,485,1
00039,2019-07-19,Giải ba,908,2
00039,2019-07-19,Giải ba,383,3
00039,2019-07-19,Giải ba,862,4
00039,2019-07-19,Giải ba,414,5
00039,2019-07-19,Giải ba,742,6
00039,2019-07-19,Giải ba,205,7
00039,2019-07-19,Giải Đặc biệt,678,0
00039,2019-07-19,Giải Đặc biệt,537,1
00039,2019-07-19,Giải Nhất,797,0
00039,2019-07-19,Giải Nhất,969,1
00039,2019-07-19,Giải Nhất,786,2
00039,2019-07-19,Giải Nhất,005,3
00039,2019-07-19,Giải Nhì,542,0
00039,2019-07-19,Giải Nhì,897,1
00039,2019-07-19,Giải Nhì,629,2
00039,2019-07-19,Giải Nhì,252,3
00039,2019-07-19,Giải Nhì,020,4
00039,2019-07-19,Giải Nhì,615,5
00038,2019-07-17,Giải ba,586,0
00038,2019-07-17,Giải ba,368,1
00038,2019-07-17,Giải ba,471,2
00038,2019-07-17,Giải ba,649,3
00038,2019-07-17,Giải ba,635,4
00038,2019-07-17,Giải ba,876,5
00038,2019-07-17,Giải ba,046,6
00038,2019-07-17,Giải ba,057,7
00038,2019-07-17,Giải Đặc biệt,189,0
00038,2019-07-17,Giải Đặc biệt,082,1
00038,2019-07-17,Giải Nhất,172,0
00038,2019-07-17,Giải Nhất,533,1
00038,2019-07-17,Giải Nhất,625,2
00038,2019-07-17,Giải Nhất,590,3
00038,2019-07-17,Giải Nhì,761,0
00038,2019-07-17,Giải Nhì,610,1
00038,2019-07-17,Giải Nhì,702,2
00038,2019-07-17,Giải Nhì,602,3
00038,2019-07-17,Giải Nhì,977,4
00038,2019-07-17,Giải Nhì,093,5
00037,2019-07-15,Giải ba,751,0
00037,2019-07-15,Giải ba,690,1
00037,2019-07-15,Giải ba,342,2
00037,2019-07-15,Giải ba,685,3
00037,2019-07-15,Giải ba,783,4
00037,2019-07-15,Giải ba,927,5
00037,2019-07-15,Giải ba,856,6
00037,2019-07-15,Giải ba,157,7
00037,2019-07-15,Giải Đặc biệt,818,0
00037,2019-07-15,Giải Đặc biệt,501,1
00037,2019-07-15,Giải Nhất,263,0
00037,2019-07-15,Giải Nhất,917,1
00037,2019-07-15,Giải Nhất,647,2
00037,2019-07-15,Giải Nhất,906,3
00037,2019-07-15,Giải Nhì,560,0
00037,2019-07-15,Giải Nhì,025,1
00037,2019-07-15,Giải Nhì,531,2
00037,2019-07-15,Giải Nhì,208,3
00037,2019-07-15,Giải Nhì,453,4
00037,2019-07-15,Giải Nhì,956,5
00036,2019-07-12,Giải ba,343,0
00036,2019-07-12,Giải ba,258,1
00036,2019-07-12,Giải ba,461,2
00036,2019-07-12,Giải ba,747,3
00036,2019-07-12,Giải ba,070,4
00036,2019-07-12,Giải ba,489,5
00036,2019-07-12,Giải ba,524,6
00036,2019-07-12,Giải ba,660,7
00036,2019-07-12,Giải Đặc biệt,841,0
00036,2019-07-12,Giải Đặc biệt,406,1
00036,2019-07-12,Giải Nhất,546,0
00036,2019-07-12,Giải Nhất,445,1
00036,2019-07-12,Giải Nhất,613,2
00036,2019-07-12,Giải Nhất,005,3
00036,2019-07-12,Giải Nhì,230,0
00036,2019-07-12,Giải Nhì,474,1
00036,2019-07-12,Giải Nhì,384,2
00036,2019-07-12,Giải Nhì,846,3
00036,2019-07-12,Giải Nhì,513,4
00036,2019-07-12,Giải Nhì,593,5
00035,2019-07-10,Giải ba,108,0
00035,2019-07-10,Giải ba,698,1
00035,2019-07-10,Giải ba,119,2
00035,2019-07-10,Giải ba,076,3
00035,2019-07-10,Giải ba,474,4
00035,2019-07-10,Giải ba,754,5
00035,2019-07-10,Giải ba,221,6
00035,2019-07-10,Giải ba,056,7
00035,2019-07-10,Giải Đặc biệt,029,0
00035,2019-07-10,Giải Đặc biệt,181,1
00035,2019-07-10,Giải Nhất,199,0
00035,2019-07-10,Giải Nhất,017,1
00035,2019-07-10,Giải Nhất,571,2
00035,2019-07-10,Giải Nhất,772,3
00035,2019-07-10,Giải Nhì,804,0
00035,2019-07-10,Giải Nhì,984,1
00035,2019-07-10,Giải Nhì,099,2
00035,2019-07-10,Giải Nhì,107,3
00035,2019-07-10,Giải Nhì,137,4
00035,2019-07-10,Giải Nhì,084,5
00034,2019-07-08,Giải ba,351,0
00034,2019-07-08,Giải ba,126,1
00034,2019-07-08,Giải ba,725,2
00034,2019-07-08,Giải ba,639,3
00034,2019-07-08,Giải ba,124,4
00034,2019-07-08,Giải ba,143,5
00034,2019-07-08,Giải ba,583,6
00034,2019-07-08,Giải ba,444,7
00034,2019-07-08,Giải Đặc biệt,381,0
00034,2019-07-08,Giải Đặc biệt,406,1
00034,2019-07-08,Giải Nhất,887,0
00034,2019-07-08,Giải Nhất,269,1
00034,2019-07-08,Giải Nhất,619,2
00034,2019-07-08,Giải Nhất,890,3
00034,2019-07-08,Giải Nhì,337,0
00034,2019-07-08,Giải Nhì,099,1
00034,2019-07-08,Giải Nhì,976,2
00034,2019-07-08,Giải Nhì,991,3
00034,2019-07-08,Giải Nhì,739,4
00034,2019-07-08,Giải Nhì,009,5
00033,2019-07-05,Giải ba,370,0
00033,2019-07-05,Giải ba,132,1
00033,2019-07-05,Giải ba,696,2
00033,2019-07-05,Giải ba,185,3
00033,2019-07-05,Giải ba,985,4
00033,2019-07-05,Giải ba,772,5
00033,2019-07-05,Giải ba,230,6
00033,2019-07-05,Giải ba,420,7
00033,2019-07-05,Giải Đặc biệt,043,0
00033,2019-07-05,Giải Đặc biệt,061,1
00033,2019-07-05,Giải Nhất,445,0
00033,2019-07-05,Giải Nhất,584,1
00033,2019-07-05,Giải Nhất,020,2
00033,2019-07-05,Giải Nhất,125,3
00033,2019-07-05,Giải Nhì,557,0
00033,2019-07-05,Giải Nhì,587,1
00033,2019-07-05,Giải Nhì,906,2
00033,2019-07-05,Giải Nhì,766,3
00033,2019-07-05,Giải Nhì,712,4
00033,2019-07-05,Giải Nhì,809,5
00032,2019-07-03,Giải ba,826,0
00032,2019-07-03,Giải ba,858,1
00032,2019-07-03,Giải ba,960,2
00032,2019-07-03,Giải ba,487,3
00032,2019-07-03,Giải ba,852,4
00032,2019-07-03,Giải ba,398,5
00032,2019-07-03,Giải ba,925,6
00032,2019-07-03,Giải ba,898,7
00032,2019-07-03,Giải Đặc biệt,890,0
00032,2019-07-03,Giải Đặc biệt,513,1
00032,2019-07-03,Giải Nhất,153,0
00032,2019-07-03,Giải Nhất,618,1
00032,2019-07-03,Giải Nhất,744,2
00032,2019-07-03,Giải Nhất,636,3
00032,2019-07-03,Giải Nhì,618,0
00032,2019-07-03,Giải Nhì,665,1
00032,2019-07-03,Giải Nhì,686,2
00032,2019-07-03,Giải Nhì,802,3
00032,2019-07-03,Giải Nhì,708,4
00032,2019-07-03,Giải Nhì,792,5
00031,2019-07-01,Giải ba,942,0
00031,2019-07-01,Giải ba,252,1
00031,2019-07-01,Giải ba,016,2
00031,2019-07-01,Giải ba,574,3
00031,2019-07-01,Giải ba,818,4
00031,2019-07-01,Giải ba,861,5
00031,2019-07-01,Giải ba,953,6
00031,2019-07-01,Giải ba,252,7
00031,2019-07-01,Giải Đặc biệt,133,0
00031,2019-07-01,Giải Đặc biệt,401,1
00031,2019-07-01,Giải Nhất,590,0
00031,2019-07-01,Giải Nhất,029,1
00031,2019-07-01,Giải Nhất,055,2
00031,2019-07-01,Giải Nhất,871,3
00031,2019-07-01,Giải Nhì,931,0
00031,2019-07-01,Giải Nhì,704,1
00031,2019-07-01,Giải Nhì,056,2
00031,2019-07-01,Giải Nhì,190,3
00031,2019-07-01,Giải Nhì,509,4
00031,2019-07-01,Giải Nhì,662,5
00030,2019-06-28,Giải ba,372,0
00030,2019-06-28,Giải ba,381,1
00030,2019-06-28,Giải ba,947,2
00030,2019-06-28,Giải ba,331,3
00030,2019-06-28,Giải ba,012,4
00030,2019-06-28,Giải ba,015,5
00030,2019-06-28,Giải ba,190,6
00030,2019-06-28,Giải ba,885,7
00030,2019-06-28,Giải Đặc biệt,724,0
00030,2019-06-28,Giải Đặc biệt,410,1
00030,2019-06-28,Giải Nhất,279,0
00030,2019-06-28,Giải Nhất,942,1
00030,2019-06-28,Giải Nhất,346,2
00030,2019-06-28,Giải Nhất,176,3
00030,2019-06-28,Giải Nhì,511,0
00030,2019-06-28,Giải Nhì,222,1
00030,2019-06-28,Giải Nhì,831,2
00030,2019-06-28,Giải Nhì,168,3
00030,2019-06-28,Giải Nhì,184,4
00030,2019-06-28,Giải Nhì,938,5
00029,2019-06-26,Giải ba,585,0
00029,2019-06-26,Giải ba,314,1
00029,2019-06-26,Giải ba,195,2
00029,2019-06-26,Giải ba,150,3
00029,2019-06-26,Giải ba,613,4
00029,2019-06-26,Giải ba,610,5
00029,2019-06-26,Giải ba,153,6
00029,2019-06-26,Giải ba,497,7
00029,2019-06-26,Giải Đặc biệt,803,0
00029,2019-06-26,Giải Đặc biệt,579,1
00029,2019-06-26,Giải Nhất,458,0
00029,2019-06-26,Giải Nhất,285,1
00029,2019-06-26,Giải Nhất,674,2
00029,2019-06-26,Giải Nhất,479,3
00029,2019-06-26,Giải Nhì,421,0
00029,2019-06-26,Giải Nhì,289,1
00029,2019-06-26,Giải Nhì,730,2
00029,2019-06-26,Giải Nhì,501,3
00029,2019-06-26,Giải Nhì,204,4
00029,2019-06-26,Giải Nhì,656,5
00028,2019-06-24,Giải ba,689,0
00028,2019-06-24,Giải ba,229,1
00028,2019-06-24,Giải ba,485,2
00028,2019-06-24,Giải ba,969,3
00028,2019-06-24,Giải ba,107,4
00028,2019-06-24,Giải ba,901,5
00028,2019-06-24,Giải ba,613,6
00028,2019-06-24,Giải ba,235,7
00028,2019-06-24,Giải Đặc biệt,617,0
00028,2019-06-24,Giải Đặc biệt,164,1
00028,2019-06-24,Giải Nhất,207,0
00028,2019-06-24,Giải Nhất,603,1
00028,2019-06-24,Giải Nhất,217,2
00028,2019-06-24,Giải Nhất,854,3
00028,2019-06-24,Giải Nhì,538,0
00028,2019-06-24,Giải Nhì,767,1
00028,2019-06-24,Giải Nhì,451,2
00028,2019-06-24,Giải Nhì,770,3
00028,2019-06-24,Giải Nhì,447,4
00028,2019-06-24,Giải Nhì,893,5
00027,2019-06-21,Giải ba,079,0
00027,2019-06-21,Giải ba,050,1
00027,2019-06-21,Giải ba,583,2
00027,2019-06-21,Giải ba,984,3
00027,2019-06-21,Giải ba,634,4
00027,2019-06-21,Giải ba,959,5
00027,2019-06-21,Giải ba,400,6
00027,2019-06-21,Giải ba,782,7
00027,2019-06-21,Giải Đặc biệt,154,0
00027,2019-06-21,Giải Đặc biệt,647,1
00027,2019-06-21,Giải Nhất,979,0
00027,2019-06-21,Giải Nhất,134,1
00027,2019-06-21,Giải Nhất,940,2
00027,2019-06-21,Giải Nhất,348,3
00027,2019-06-21,Giải Nhì,816,0
00027,2019-06-21,Giải Nhì,617,1
00027,2019-06-21,Giải Nhì,831,2
00027,2019-06-21,Giải Nhì,815,3
00027,2019-06-21,Giải Nhì,880,4
00027,2019-06-21,Giải Nhì,533,5
00026,2019-06-19,Giải ba,801,0
00026,2019-06-19,Giải ba,063,1
00026,2019-06-19,Giải ba,764,2
00026,2019-06-19,Giải ba,830,3
00026,2019-06-19,Giải ba,189,4
00026,2019-06-19,Giải ba,219,5
00026,2019-06-19,Giải ba,384,6
00026,2019-06-19,Giải ba,640,7
00026,2019-06-19,Giải Đặc biệt,105,0
00026,2019-06-19,Giải Đặc biệt,648,1
00026,2019-06-19,Giải Nhất,971,0
00026,2019-06-19,Giải Nhất,858,1
00026,2019-06-19,Giải Nhất,855,2
00026,2019-06-19,Giải Nhất,508,3
00026,2019-06-19,Giải Nhì,795,0
00026,2019-06-19,Giải Nhì,254,1
00026,2019-06-19,Giải Nhì,014,2
00026,2019-06-19,Giải Nhì,736,3
00026,2019-06-19,Giải Nhì,957,4
00026,2019-06-19,Giải Nhì,570,5
00025,2019-06-17,Giải ba,362,0
00025,2019-06-17,Giải ba,679,1
00025,2019-06-17,Giải ba,117,2
00025,2019-06-17,Giải ba,002,3
00025,2019-06-17,Giải ba,549,4
00025,2019-06-17,Giải ba,680,5
00025,2019-06-17,Giải ba,560,6
00025,2019-06-17,Giải ba,437,7
00025,2019-06-17,Giải Đặc biệt,760,0
00025,2019-06-17,Giải Đặc biệt,613,1
00025,2019-06-17,Giải Nhất,750,0
00025,2019-06-17,Giải Nhất,516,1
00025,2019-06-17,Giải Nhất,580,2
00025,2019-06-17,Giải Nhất,272,3
00025,2019-06-17,Giải Nhì,601,0
00025,2019-06-17,Giải Nhì,709,1
00025,2019-06-17,Giải Nhì,522,2
00025,2019-06-17,Giải Nhì,889,3
00025,2019-06-17,Giải Nhì,837,4
00025,2019-06-17,Giải Nhì,218,5
00024,2019-06-14,Giải ba,165,0
00024,2019-06-14,Giải ba,373,1
00024,2019-06-14,Giải ba,319,2
00024,2019-06-14,Giải ba,496,3
00024,2019-06-14,Giải ba,295,4
00024,2019-06-14,Giải ba,671,5
00024,2019-06-14,Giải ba,293,6
00024,2019-06-14,Giải ba,241,7
00024,2019-06-14,Giải Đặc biệt,692,0
00024,2019-06-14,Giải Đặc biệt,768,1
00024,2019-06-14,Giải Nhất,978,0
00024,2019-06-14,Giải Nhất,595,1
00024,2019-06-14,Giải Nhất,745,2
00024,2019-06-14,Giải Nhất,411,3
00024,2019-06-14,Giải Nhì,466,0
00024,2019-06-14,Giải Nhì,153,1
00024,2019-06-14,Giải Nhì,141,2
00024,2019-06-14,Giải Nhì,753,3
00024,2019-06-14,Giải Nhì,065,4
00024,2019-06-14,Giải Nhì,864,5
00023,2019-06-12,Giải ba,989,0
00023,2019-06-12,Giải ba,867,1
00023,2019-06-12,Giải ba,067,2
00023,2019-06-12,Giải ba,748,3
00023,2019-06-12,Giải ba,588,4
00023,2019-06-12,Giải ba,298,5
00023,2019-06-12,Giải ba,028,6
00023,2019-06-12,Giải ba,396,7
00023,2019-06-12,Giải Đặc biệt,813,0
00023,2019-06-12,Giải Đặc biệt,400,1
00023,2019-06-12,Giải Nhất,672,0
00023,2019-06-12,Giải Nhất,507,1
00023,2019-06-12,Giải Nhất,158,2
00023,2019-06-12,Giải Nhất,053,3
00023,2019-06-12,Giải Nhì,249,0
00023,2019-06-12,Giải Nhì,469,1
00023,2019-06-12,Giải Nhì,646,2
00023,2019-06-12,Giải Nhì,494,3
00023,2019-06-12,Giải Nhì,888,4
00023,2019-06-12,Giải Nhì,311,5
00022,2019-06-10,Giải ba,384,0
00022,2019-06-10,Giải ba,660,1
00022,2019-06-10,Giải ba,683,2
00022,2019-06-10,Giải ba,400,3
00022,2019-06-10,Giải ba,772,4
00022,2019-06-10,Giải ba,192,5
00022,2019-06-10,Giải ba,624,6
00022,2019-06-10,Giải ba,888,7
00022,2019-06-10,Giải Đặc biệt,484,0
00022,2019-06-10,Giải Đặc biệt,139,1
00022,2019-06-10,Giải Nhất,670,0
00022,2019-06-10,Giải Nhất,617,1
00022,2019-06-10,Giải Nhất,285,2
00022,2019-06-10,Giải Nhất,013,3
00022,2019-06-10,Giải Nhì,213,0
00022,2019-06-10,Giải Nhì,012,1
00022,2019-06-10,Giải Nhì,457,2
00022,2019-06-10,Giải Nhì,778,3
00022,2019-06-10,Giải Nhì,218,4
00022,2019-06-10,Giải Nhì,269,5
00021,2019-06-07,Giải ba,603,0
00021,2019-06-07,Giải ba,639,1
00021,2019-06-07,Giải ba,007,2
00021,2019-06-07,Giải ba,937,3
00021,2019-06-07,Giải ba,740,4
00021,2019-06-07,Giải ba,222,5
00021,2019-06-07,Giải ba,836,6
00021,2019-06-07,Giải ba,123,7
00021,2019-06-07,Giải Đặc biệt,355,0
00021,2019-06-07,Giải Đặc biệt,191,1
00021,2019-06-07,Giải Nhất,623,0
00021,2019-06-07,Giải Nhất,114,1
00021,2019-06-07,Giải Nhất,540,2
00021,2019-06-07,Giải Nhất,545,3
00021,2019-06-07,Giải Nhì,222,0
00021,2019-06-07,Giải Nhì,482,1
00021,2019-06-07,Giải Nhì,843,2
00021,2019-06-07,Giải Nhì,289,3
00021,2019-06-07,Giải Nhì,327,4
00021,2019-06-07,Giải Nhì,588,5
00020,2019-06-05,Giải ba,309,0
00020,2019-06-05,Giải ba,480,1
00020,2019-06-05,Giải ba,243,2
00020,2019-06-05,Giải ba,655,3
00020,2019-06-05,Giải ba,966,4
00020,2019-06-05,Giải ba,607,5
00020,2019-06-05,Giải ba,005,6
00020,2019-06-05,Giải ba,222,7
00020,2019-06-05,Giải Đặc biệt,110,0
00020,2019-06-05,Giải Đặc biệt,152,1
00020,2019-06-05,Giải Nhất,503,0
00020,2019-06-05,Giải Nhất,292,1
00020,2019-06-05,Giải Nhất,540,2
00020,2019-06-05,Giải Nhất,249,3
00020,2019-06-05,Giải Nhì,922,0
00020,2019-06-05,Giải Nhì,139,1
00020,2019-06-05,Giải Nhì,331,2
00020,2019-06-05,Giải Nhì,606,3
00020,2019-06-05,Giải Nhì,145,4
00020,2019-06-05,Giải Nhì,207,5
00019,2019-06-03,Giải ba,946,0
00019,2019-06-03,Giải ba,879,1
00019,2019-06-03,Giải ba,156,2
00019,2019-06-03,Giải ba,181,3
00019,2019-06-03,Giải ba,905,4
00019,2019-06-03,Giải ba,747,5
00019,2019-06-03,Giải ba,802,6
00019,2019-06-03,Giải ba,095,7
00019,2019-06-03,Giải Đặc biệt,447,0
00019,2019-06-03,Giải Đặc biệt,179,1
00019,2019-06-03,Giải Nhất,671,0
00019,2019-06-03,Giải Nhất,249,1
00019,2019-06-03,Giải Nhất,073,2
00019,2019-06-03,Giải Nhất,217,3
00019,2019-06-03,Giải Nhì,560,0
00019,2019-06-03,Giải Nhì,428,1
00019,2019-06-03,Giải Nhì,908,2
00019,2019-06-03,Giải Nhì,146,3
00019,2019-06-03,Giải Nhì,012,4
00019,2019-06-03,Giải Nhì,640,5
00018,2019-05-31,Giải ba,236,0
00018,2019-05-31,Giải ba,256,1
00018,2019-05-31,Giải ba,060,2
00018,2019-05-31,Giải ba,578,3
00018,2019-05-31,Giải ba,389,4
00018,2019-05-31,Giải ba,976,5
00018,2019-05-31,Giải ba,457,6
00018,2019-05-31,Giải ba,792,7
00018,2019-05-31,Giải Đặc biệt,901,0
00018,2019-05-31,Giải Đặc biệt,951,1
00018,2019-05-31,Giải Nhất,841,0
00018,2019-05-31,Giải Nhất,324,1
00018,2019-05-31,Giải Nhất,204,2
00018,2019-05-31,Giải Nhất,769,3
00018,2019-05-31,Giải Nhì,855,0
00018,2019-05-31,Giải Nhì,410,1
00018,2019-05-31,Giải Nhì,093,2
00018,2019-05-31,Giải Nhì,219,3
00018,2019-05-31,Giải Nhì,667,4
00018,2019-05-31,Giải Nhì,116,5
00017,2019-05-29,Giải ba,350,0
00017,2019-05-29,Giải ba,439,1
00017,2019-05-29,Giải ba,402,2
00017,2019-05-29,Giải ba,723,3
00017,2019-05-29,Giải ba,603,4
00017,2019-05-29,Giải ba,264,5
00017,2019-05-29,Giải ba,352,6
00017,2019-05-29,Giải ba,913,7
00017,2019-05-29,Giải Đặc biệt,936,0
00017,2019-05-29,Giải Đặc biệt,784,1
00017,2019-05-29,Giải Nhất,575,0
00017,2019-05-29,Giải Nhất,463,1
00017,2019-05-29,Giải Nhất,403,2
00017,2019-05-29,Giải Nhất,532,3
00017,2019-05-29,Giải Nhì,948,0
00017,2019-05-29,Giải Nhì,068,1
00017,2019-05-29,Giải Nhì,866,2
00017,2019-05-29,Giải Nhì,411,3
00017,2019-05-29,Giải Nhì,132,4
00017,2019-05-29,Giải Nhì,720,5
00016,2019-05-27,Giải ba,023,0
00016,2019-05-27,Giải ba,691,1
00016,2019-05-27,Giải ba,214,2
00016,2019-05-27,Giải ba,380,3
00016,2019-05-27,Giải ba,835,4
00016,2019-05-27,Giải ba,806,5
00016,2019-05-27,Giải ba,196,6
00016,2019-05-27,Giải ba,708,7
00016,2019-05-27,Giải Đặc biệt,525,0
00016,2019-05-27,Giải Đặc biệt,052,1
00016,2019-05-27,Giải Nhất,922,0
00016,2019-05-27,Giải Nhất,441,1
00016,2019-05-27,Giải Nhất,358,2
00016,2019-05-27,Giải Nhất,211,3
00016,2019-05-27,Giải Nhì,433,0
00016,2019-05-27,Giải Nhì,103,1
00016,2019-05-27,Giải Nhì,586,2
00016,2019-05-27,Giải Nhì,643,3
00016,2019-05-27,Giải Nhì,759,4
00016,2019-05-27,Giải Nhì,006,5
00015,2019-05-24,Giải ba,784,0
00015,2019-05-24,Giải ba,103,1
00015,2019-05-24,Giải ba,593,2
00015,2019-05-24,Giải ba,040,3
00015,2019-05-24,Giải ba,622,4
00015,2019-05-24,Giải ba,277,5
00015,2019-05-24,Giải ba,935,6
00015,2019-05-24,Giải ba,655,7
00015,2019-05-24,Giải Đặc biệt,408,0
00015,2019-05-24,Giải Đặc biệt,771,1
00015,2019-05-24,Giải Nhất,788,0
00015,2019-05-24,Giải Nhất,327,1
00015,2019-05-24,Giải Nhất,384,2
00015,2019-05-24,Giải Nhất,314,3
00015,2019-05-24,Giải Nhì,334,0
00015,2019-05-24,Giải Nhì,371,1
00015,2019-05-24,Giải Nhì,919,2
00015,2019-05-24,Giải Nhì,273,3
00015,2019-05-24,Giải Nhì,927,4
00015,2019-05-24,Giải Nhì,969,5
00014,2019-05-22,Giải ba,429,0
00014,2019-05-22,Giải ba,439,1
00014,2019-05-22,Giải ba,003,2
00014,2019-05-22,Giải ba,742,3
00014,2019-05-22,Giải ba,751,4
00014,2019-05-22,Giải ba,022,5
00014,2019-05-22,Giải ba,414,6
00014,2019-05-22,Giải ba,872,7
00014,2019-05-22,Giải Đặc biệt,548,0
00014,2019-05-22,Giải Đặc biệt,068,1
00014,2019-05-22,Giải Nhất,528,0
00014,2019-05-22,Giải Nhất,924,1
00014,2019-05-22,Giải Nhất,103,2
00014,2019-05-22,Giải Nhất,384,3
00014,2019-05-22,Giải Nhì,344,0
00014,2019-05-22,Giải Nhì,700,1
00014,2019-05-22,Giải Nhì,035,2
00014,2019-05-22,Giải Nhì,988,3
00014,2019-05-22,Giải Nhì,375,4
00014,2019-05-22,Giải Nhì,441,5
00013,2019-05-20,Giải ba,626,0
00013,2019-05-20,Giải ba,881,1
00013,2019-05-20,Giải ba,025,2
00013,2019-05-20,Giải ba,066,3
00013,2019-05-20,Giải ba,896,4
00013,2019-05-20,Giải ba,263,5
00013,2019-05-20,Giải ba,548,6
00013,2019-05-20,Giải ba,251,7
00013,2019-05-20,Giải Đặc biệt,300,0
00013,2019-05-20,Giải Đặc biệt,111,1
00013,2019-05-20,Giải Nhất,913,0
00013,2019-05-20,Giải Nhất,695,1
00013,2019-05-20,Giải Nhất,037,2
00013,2019-05-20,Giải Nhất,059,3
00013,2019-05-20,Giải Nhì,910,0
00013,2019-05-20,Giải Nhì,284,1
00013,2019-05-20,Giải Nhì,112,2
00013,2019-05-20,Giải Nhì,294,3
00013,2019-05-20,Giải Nhì,272,4
00013,2019-05-20,Giải Nhì,887,5
00012,2019-05-17,Giải ba,462,0
00012,2019-05-17,Giải ba,603,1
00012,2019-05-17,Giải ba,248,2
00012,2019-05-17,Giải ba,667,3
00012,2019-05-17,Giải ba,733,4
00012,2019-05-17,Giải ba,183,5
00012,2019-05-17,Giải ba,342,6
00012,2019-05-17,Giải ba,566,7
00012,2019-05-17,Giải Đặc biệt,023,0
00012,2019-05-17,Giải Đặc biệt,769,1
00012,2019-05-17,Giải Nhất,668,0
00012,2019-05-17,Giải Nhất,327,1
00012,2019-05-17,Giải Nhất,671,2
00012,2019-05-17,Giải Nhất,187,3
00012,2019-05-17,Giải Nhì,851,0
00012,2019-05-17,Giải Nhì,452,1
00012,2019-05-17,Giải Nhì,307,2
00012,2019-05-17,Giải Nhì,068,3
00012,2019-05-17,Giải Nhì,725,4
00012,2019-05-17,Giải Nhì,423,5
00011,2019-05-15,Giải ba,684,0
00011,2019-05-15,Giải ba,510,1
00011,2019-05-15,Giải ba,751,2
00011,2019-05-15,Giải ba,093,3
00011,2019-05-15,Giải ba,215,4
00011,2019-05-15,Giải ba,260,5
00011,2019-05-15,Giải ba,545,6
00011,2019-05-15,Giải ba,474,7
00011,2019-05-15,Giải Đặc biệt,219,0
00011,2019-05-15,Giải Đặc biệt,211,1
00011,2019-05-15,Giải Nhất,746,0
00011,2019-05-15,Giải Nhất,004,1
00011,2019-05-15,Giải Nhất,589,2
00011,2019-05-15,Giải Nhất,811,3
00011,2019-05-15,Giải Nhì,377,0
00011,2019-05-15,Giải Nhì,470,1
00011,2019-05-15,Giải Nhì,369,2
00011,2019-05-15,Giải Nhì,036,3
00011,2019-05-15,Giải Nhì,455,4
00011,2019-05-15,Giải Nhì,798,5
00010,2019-05-13,Giải ba,190,0
00010,2019-05-13,Giải ba,024,1
00010,2019-05-13,Giải ba,899,2
00010,2019-05-13,Giải ba,289,3
00010,2019-05-13,Giải ba,110,4
00010,2019-05-13,Giải ba,721,5
00010,2019-05-13,Giải ba,881,6
00010,2019-05-13,Giải ba,174,7
00010,2019-05-13,Giải Đặc biệt,725,0
00010,2019-05-13,Giải Đặc biệt,013,1
00010,2019-05-13,Giải Nhất,148,0
00010,2019-05-13,Giải Nhất,553,1
00010,2019-05-13,Giải Nhất,664,2
00010,2019-05-13,Giải Nhất,376,3
00010,2019-05-13,Giải Nhì,922,0
00010,2019-05-13,Giải Nhì,866,1
00010,2019-05-13,Giải Nhì,259,2
00010,2019-05-13,Giải Nhì,353,3
00010,2019-05-13,Giải Nhì,436,4
00010,2019-05-13,Giải Nhì,918,5
00009,2019-05-10,Giải ba,725,0
00009,2019-05-10,Giải ba,756,1
00009,2019-05-10,Giải ba,894,2
00009,2019-05-10,Giải ba,424,3
00009,2019-05-10,Giải ba,426,4
00009,2019-05-10,Giải ba,209,5
00009,2019-05-10,Giải ba,085,6
00009,2019-05-10,Giải ba,635,7
00009,2019-05-10,Giải Đặc biệt,656,0
00009,2019-05-10,Giải Đặc biệt,843,1
00009,2019-05-10,Giải Nhất,042,0
00009,2019-05-10,Giải Nhất,466,1
00009,2019-05-10,Giải Nhất,498,2
00009,2019-05-10,Giải Nhất,631,3
00009,2019-05-10,Giải Nhì,309,0
00009,2019-05-10,Giải Nhì,898,1
00009,2019-05-10,Giải Nhì,019,2
00009,2019-05-10,Giải Nhì,729,3
00009,2019-05-10,Giải Nhì,115,4
00009,2019-05-10,Giải Nhì,696,5
00008,2019-05-08,Giải ba,979,0
00008,2019-05-08,Giải ba,409,1
00008,2019-05-08,Giải ba,609,2
00008,2019-05-08,Giải ba,606,3
00008,2019-05-08,Giải ba,661,4
00008,2019-05-08,Giải ba,192,5
00008,2019-05-08,Giải ba,439,6
00008,2019-05-08,Giải ba,122,7
00008,2019-05-08,Giải Đặc biệt,864,0
00008,2019-05-08,Giải Đặc biệt,188,1
00008,2019-05-08,Giải Nhất,589,0
00008,2019-05-08,Giải Nhất,765,1
00008,2019-05-08,Giải Nhất,332,2
00008,2019-05-08,Giải Nhất,126,3
00008,2019-05-08,Giải Nhì,004,0
00008,2019-05-08,Giải Nhì,658,1
00008,2019-05-08,Giải Nhì,298,2
00008,2019-05-08,Giải Nhì,897,3
00008,2019-05-08,Giải Nhì,812,4
00008,2019-05-08,Giải Nhì,149,5
00007,2019-05-06,Giải ba,477,0
00007,2019-05-06,Giải ba,662,1
00007,2019-05-06,Giải ba,210,2
00007,2019-05-06,Giải ba,349,3
00007,2019-05-06,Giải ba,105,4
00007,2019-05-06,Giải ba,494,5
00007,2019-05-06,Giải ba,063,6
00007,2019-05-06,Giải ba,212,7
00007,2019-05-06,Giải Đặc biệt,516,0
00007,2019-05-06,Giải Đặc biệt,143,1
00007,2019-05-06,Giải Nhất,182,0
00007,2019-05-06,Giải Nhất,748,1
00007,2019-05-06,Giải Nhất,370,2
00007,2019-05-06,Giải Nhất,160,3
00007,2019-05-06,Giải Nhì,459,0
00007,2019-05-06,Giải Nhì,572,1
00007,2019-05-06,Giải Nhì,334,2
00007,2019-05-06,Giải Nhì,472,3
00007,2019-05-06,Giải Nhì,714,4
00007,2019-05-06,Giải Nhì,365,5
00006,2019-05-03,Giải ba,111,0
00006,2019-05-03,Giải ba,870,1
00006,2019-05-03,Giải ba,834,2
00006,2019-05-03,Giải ba,085,3
00006,2019-05-03,Giải ba,437,4
00006,2019-05-03,Giải ba,238,5
00006,2019-05-03,Giải ba,232,6
00006,2019-05-03,Giải ba,083,7
00006,2019-05-03,Giải Đặc biệt,572,0
00006,2019-05-03,Giải Đặc biệt,133,1
00006,2019-05-03,Giải Nhất,642,0
00006,2019-05-03,Giải Nhất,469,1
00006,2019-05-03,Giải Nhất,512,2
00006,2019-05-03,Giải Nhất,415,3
00006,2019-05-03,Giải Nhì,228,0
00006,2019-05-03,Giải Nhì,127,1
00006,2019-05-03,Giải Nhì,348,2
00006,2019-05-03,Giải Nhì,638,3
00006,2019-05-03,Giải Nhì,488,4
00006,2019-05-03,Giải Nhì,145,5
00005,2019-05-01,Giải ba,782,0
00005,2019-05-01,Giải ba,847,1
00005,2019-05-01,Giải ba,350,2
00005,2019-05-01,Giải ba,078,3
00005,2019-05-01,Giải ba,174,4
00005,2019-05-01,Giải ba,651,5
00005,2019-05-01,Giải ba,658,6
00005,2019-05-01,Giải ba,469,7
00005,2019-05-01,Giải Đặc biệt,702,0
00005,2019-05-01,Giải Đặc biệt,081,1
00005,2019-05-01,Giải Nhất,294,0
00005,2019-05-01,Giải Nhất,847,1
00005,2019-05-01,Giải Nhất,766,2
00005,2019-05-01,Giải Nhất,617,3
00005,2019-05-01,Giải Nhì,501,0
00005,2019-05-01,Giải Nhì,037,1
00005,2019-05-01,Giải Nhì,145,2
00005,2019-05-01,Giải Nhì,148,3
00005,2019-05-01,Giải Nhì,725,4
00005,2019-05-01,Giải Nhì,384,5
00004,2019-04-29,Giải ba,803,0
00004,2019-04-29,Giải ba,617,1
00004,2019-04-29,Giải ba,958,2
00004,2019-04-29,Giải ba,125,3
00004,2019-04-29,Giải ba,008,4
00004,2019-04-29,Giải ba,393,5
00004,2019-04-29,Giải ba,003,6
00004,2019-04-29,Giải ba,102,7
00004,2019-04-29,Giải Đặc biệt,668,0
00004,2019-04-29,Giải Đặc biệt,878,1
00004,2019-04-29,Giải Nhất,798,0
00004,2019-04-29,Giải Nhất,683,1
00004,2019-04-29,Giải Nhất,954,2
00004,2019-04-29,Giải Nhất,222,3
00004,2019-04-29,Giải Nhì,463,0
00004,2019-04-29,Giải Nhì,754,1
00004,2019-04-29,Giải Nhì,971,2
00004,2019-04-29,Giải Nhì,300,3
00004,2019-04-29,Giải Nhì,553,4
00004,2019-04-29,Giải Nhì,179,5
00003,2019-04-26,Giải ba,428,0
00003,2019-04-26,Giải ba,982,1
00003,2019-04-26,Giải ba,057,2
00003,2019-04-26,Giải ba,331,3
00003,2019-04-26,Giải ba,545,4
00003,2019-04-26,Giải ba,111,5
00003,2019-04-26,Giải ba,873,6
00003,2019-04-26,Giải ba,039,7
00003,2019-04-26,Giải Đặc biệt,428,0
00003,2019-04-26,Giải Đặc biệt,336,1
00003,2019-04-26,Giải Nhất,479,0
00003,2019-04-26,Giải Nhất,232,1
00003,2019-04-26,Giải Nhất,435,2
00003,2019-04-26,Giải Nhất,033,3
00003,2019-04-26,Giải Nhì,071,0
00003,2019-04-26,Giải Nhì,986,1
00003,2019-04-26,Giải Nhì,348,2
00003,2019-04-26,Giải Nhì,539,3
00003,2019-04-26,Giải Nhì,464,4
00003,2019-04-26,Giải Nhì,731,5
00002,2019-04-24,Giải ba,722,0
00002,2019-04-24,Giải ba,401,1
00002,2019-04-24,Giải ba,873,2
00002,2019-04-24,Giải ba,296,3
00002,2019-04-24,Giải ba,292,4
00002,2019-04-24,Giải ba,054,5
00002,2019-04-24,Giải ba,243,6
00002,2019-04-24,Giải ba,882,7
00002,2019-04-24,Giải Đặc biệt,817,0
00002,2019-04-24,Giải Đặc biệt,156,1
00002,2019-04-24,Giải Nhất,007,0
00002,2019-04-24,Giải Nhất,038,1
00002,2019-04-24,Giải Nhất,125,2
00002,2019-04-24,Giải Nhất,667,3
00002,2019-04-24,Giải Nhì,355,0
00002,2019-04-24,Giải Nhì,787,1
00002,2019-04-24,Giải Nhì,838,2
00002,2019-04-24,Giải Nhì,558,3
00002,2019-04-24,Giải Nhì,762,4
00002,2019-04-24,Giải Nhì,488,5
00001,2019-04-22,Giải ba,634,0
00001,2019-04-22,Giải ba,573,1
00001,2019-04-22,Giải ba,539,2
00001,2019-04-22,Giải ba,048,3
00001,2019-04-22,Giải ba,967,4
00001,2019-04-22,Giải ba,262,5
00001,2019-04-22,Giải ba,523,6
00001,2019-04-22,Giải ba,185,7
00001,2019-04-22,Giải Đặc biệt,015,0
00001,2019-04-22,Giải Đặc biệt,517,1
00001,2019-04-22,Giải Nhất,334,0
00001,2019-04-22,Giải Nhất,279,1
00001,2019-04-22,Giải Nhất,576,2
00001,2019-04-22,Giải Nhất,060,3
00001,2019-04-22,Giải Nhì,043,0
00001,2019-04-22,Giải Nhì,900,1
00001,2019-04-22,Giải Nhì,132,2
00001,2019-04-22,Giải Nhì,916,3
00001,2019-04-22,Giải Nhì,370,4
00001,2019-04-22,Giải Nhì,766,5
