draw_id,date,prize,number,slot
00764,2026-08-11,Giải ba,073,0
00764,2026-08-11,Giải ba,678,1
00764,2026-08-11,Giải ba,877,2
00764,2026-08-11,Giải ba,788,3
00764,2026-08-11,Giải ba,796,4
00764,2026-08-11,Giải ba,597,5
00764,2026-08-11,Giải ba,340,6
00764,2026-08-11,Giải ba,340,7
00764,2026-08-11,Giải Đặc biệt,712,0
00764,2026-08-11,Giải Đặc biệt,106,1
00764,2026-08-11,Giải nhất,430,0
00764,2026-08-11,Giải nhất,059,1
00764,2026-08-11,Giải nhất,771,2
00764,2026-08-11,Giải nhất,643,3
00764,2026-08-11,Giải nhì,544,0
00764,2026-08-11,Giải nhì,454,1
00764,2026-08-11,Giải nhì,046,2
00764,2026-08-11,Giải nhì,263,3
00764,2026-08-11,Giải nhì,501,4
00764,2026-08-11,Giải nhì,352,5
00763,2026-08-08,Giải ba,236,0
00763,2026-08-08,Giải ba,683,1
00763,2026-08-08,Giải ba,465,2
00763,2026-08-08,Giải ba,015,3
00763,2026-08-08,Giải ba,734,4
00763,2026-08-08,Giải ba,729,5
00763,2026-08-08,Giải ba,159,6
00763,2026-08-08,Giải ba,953,7
00763,2026-08-08,Giải Đặc biệt,700,0
00763,2026-08-08,Giải Đặc biệt,499,1
00763,2026-08-08,Giải nhất,700,0
00763,2026-08-08,Giải nhất,340,1
00763,2026-08-08,Giải nhất,279,2
00763,2026-08-08,Giải nhất,041,3
00763,2026-08-08,Giải nhì,960,0
00763,2026-08-08,Giải nhì,925,1
00763,2026-08-08,Giải nhì,595,2
00763,2026-08-08,Giải nhì,057,3
00763,2026-08-08,Giải nhì,332,4
00763,2026-08-08,Giải nhì,985,5
00762,2026-08-06,Giải ba,547,0
00762,2026-08-06,Giải ba,484,1
00762,2026-08-06,Giải ba,573,2
00762,2026-08-06,Giải ba,856,3
00762,2026-08-06,Giải ba,922,4
00762,2026-08-06,Giải ba,754,5
00762,2026-08-06,Giải ba,296,6
00762,2026-08-06,Giải ba,624,7
00762,2026-08-06,Giải Đặc biệt,058,0
00762,2026-08-06,Giải Đặc biệt,032,1
00762,2026-08-06,Giải nhất,087,0
00762,2026-08-06,Giải nhất,294,1
00762,2026-08-06,Giải nhất,562,2
00762,2026-08-06,Giải nhất,191,3
00762,2026-08-06,Giải nhì,619,0
00762,2026-08-06,Giải nhì,295,1
00762,2026-08-06,Giải nhì,611,2
00762,2026-08-06,Giải nhì,032,3
00762,2026-08-06,Giải nhì,835,4
00762,2026-08-06,Giải nhì,166,5
00761,2026-08-04,Giải ba,021,0
00761,2026-08-04,Giải ba,941,1
00761,2026-08-04,Giải ba,854,2
00761,2026-08-04,Giải ba,515,3
00761,2026-08-04,Giải ba,600,4
00761,2026-08-04,Giải ba,591,5
00761,2026-08-04,Giải ba,901,6
00761,2026-08-04,Giải ba,598,7
00761,2026-08-04,Giải Đặc biệt,010,0
00761,2026-08-04,Giải Đặc biệt,510,1
00761,2026-08-04,Giải nhất,698,0
00761,2026-08-04,Giải nhất,840,1
00761,2026-08-04,Giải nhất,185,2
00761,2026-08-04,Giải nhất,647,3
00761,2026-08-04,Giải nhì,284,0
00761,2026-08-04,Giải nhì,714,1
00761,2026-08-04,Giải nhì,339,2
00761,2026-08-04,Giải nhì,166,3
00761,2026-08-04,Giải nhì,214,4
00761,2026-08-04,Giải nhì,182,5
00760,2026-08-01,Giải ba,571,0
00760,2026-08-01,Giải ba,794,1
00760,2026-08-01,Giải ba,881,2
00760,2026-08-01,Giải ba,129,3
00760,2026-08-01,Giải ba,804,4
00760,2026-08-01,Giải ba,686,5
00760,2026-08-01,Giải ba,941,6
00760,2026-08-01,Giải ba,374,7
00760,2026-08-01,Giải Đặc biệt,452,0
00760,2026-08-01,Giải Đặc biệt,600,1
00760,2026-08-01,Giải nhất,484,0
00760,2026-08-01,Giải nhất,745,1
00760,2026-08-01,Giải nhất,243,2
00760,2026-08-01,Giải nhất,256,3
00760,2026-08-01,Giải nhì,580,0
00760,2026-08-01,Giải nhì,006,1
00760,2026-08-01,Giải nhì,849,2
00760,2026-08-01,Giải nhì,538,3
00760,2026-08-01,Giải nhì,564,4
00760,2026-08-01,Giải nhì,451,5
00759,2026-07-30,Giải ba,625,0
00759,2026-07-30,Giải ba,224,1
00759,2026-07-30,Giải ba,316,2
00759,2026-07-30,Giải ba,089,3
00759,2026-07-30,Giải ba,339,4
00759,2026-07-30,Giải ba,606,5
00759,2026-07-30,Giải ba,287,6
00759,2026-07-30,Giải ba,262,7
00759,2026-07-30,Giải Đặc biệt,218,0
00759,2026-07-30,Giải Đặc biệt,463,1
00759,2026-07-30,Giải nhất,180,0
00759,2026-07-30,Giải nhất,340,1
00759,2026-07-30,Giải nhất,498,2
00759,2026-07-30,Giải nhất,482,3
00759,2026-07-30,Giải nhì,668,0
00759,2026-07-30,Giải nhì,842,1
00759,2026-07-30,Giải nhì,184,2
00759,2026-07-30,Giải nhì,284,3
00759,2026-07-30,Giải nhì,328,4
00759,2026-07-30,Giải nhì,437,5
00758,2026-07-28,Giải ba,578,0
00758,2026-07-28,Giải ba,035,1
00758,2026-07-28,Giải ba,812,2
00758,2026-07-28,Giải ba,301,3
00758,2026-07-28,Giải ba,856,4
00758,2026-07-28,Giải ba,841,5
00758,2026-07-28,Giải ba,932,6
00758,2026-07-28,Giải ba,362,7
00758,2026-07-28,Giải Đặc biệt,153,0
00758,2026-07-28,Giải Đặc biệt,238,1
00758,2026-07-28,Giải nhất,492,0
00758,2026-07-28,Giải nhất,155,1
00758,2026-07-28,Giải nhất,046,2
00758,2026-07-28,Giải nhất,838,3
00758,2026-07-28,Giải nhì,147,0
00758,2026-07-28,Giải nhì,016,1
00758,2026-07-28,Giải nhì,604,2
00758,2026-07-28,Giải nhì,027,3
00758,2026-07-28,Giải nhì,080,4
00758,2026-07-28,Giải nhì,674,5
00757,2026-07-25,Giải ba,825,0
00757,2026-07-25,Giải ba,161,1
00757,2026-07-25,Giải ba,939,2
00757,2026-07-25,Giải ba,035,3
00757,2026-07-25,Giải ba,217,4
00757,2026-07-25,Giải ba,890,5
00757,2026-07-25,Giải ba,199,6
00757,2026-07-25,Giải ba,294,7
00757,2026-07-25,Giải Đặc biệt,461,0
00757,2026-07-25,Giải Đặc biệt,587,1
00757,2026-07-25,Giải nhất,617,0
00757,2026-07-25,Giải nhất,677,1
00757,2026-07-25,Giải nhất,281,2
00757,2026-07-25,Giải nhất,974,3
00757,2026-07-25,Giải nhì,711,0
00757,2026-07-25,Giải nhì,207,1
00757,2026-07-25,Giải nhì,788,2
00757,2026-07-25,Giải nhì,306,3
00757,2026-07-25,Giải nhì,534,4
00757,2026-07-25,Giải nhì,229,5
00756,2026-07-23,Giải ba,658,0
00756,2026-07-23,Giải ba,317,1
00756,2026-07-23,Giải ba,102,2
00756,2026-07-23,Giải ba,787,3
00756,2026-07-23,Giải ba,978,4
00756,2026-07-23,Giải ba,070,5
00756,2026-07-23,Giải ba,495,6
00756,2026-07-23,Giải ba,121,7
00756,2026-07-23,Giải Đặc biệt,097,0
00756,2026-07-23,Giải Đặc biệt,939,1
00756,2026-07-23,Giải nhất,524,0
00756,2026-07-23,Giải nhất,948,1
00756,2026-07-23,Giải nhất,741,2
00756,2026-07-23,Giải nhất,401,3
00756,2026-07-23,Giải nhì,962,0
00756,2026-07-23,Giải nhì,572,1
00756,2026-07-23,Giải nhì,922,2
00756,2026-07-23,Giải nhì,862,3
00756,2026-07-23,Giải nhì,903,4
00756,2026-07-23,Giải nhì,088,5
00755,2026-07-21,Giải ba,879,0
00755,2026-07-21,Giải ba,300,1
00755,2026-07-21,Giải ba,213,2
00755,2026-07-21,Giải ba,274,3
00755,2026-07-21,Giải ba,664,4
00755,2026-07-21,Giải ba,424,5
00755,2026-07-21,Giải ba,703,6
00755,2026-07-21,Giải ba,497,7
00755,2026-07-21,Giải Đặc biệt,398,0
00755,2026-07-21,Giải Đặc biệt,723,1
00755,2026-07-21,Giải nhất,704,0
00755,2026-07-21,Giải nhất,848,1
00755,2026-07-21,Giải nhất,486,2
00755,2026-07-21,Giải nhất,961,3
00755,2026-07-21,Giải nhì,979,0
00755,2026-07-21,Giải nhì,324,1
00755,2026-07-21,Giải nhì,952,2
00755,2026-07-21,Giải nhì,443,3
00755,2026-07-21,Giải nhì,353,4
00755,2026-07-21,Giải nhì,719,5
00754,2026-07-18,Giải ba,334,0
00754,2026-07-18,Giải ba,238,1
00754,2026-07-18,Giải ba,603,2
00754,2026-07-18,Giải ba,621,3
00754,2026-07-18,Giải ba,240,4
00754,2026-07-18,Giải ba,117,5
00754,2026-07-18,Giải ba,672,6
00754,2026-07-18,Giải ba,736,7
00754,2026-07-18,Giải Đặc biệt,356,0
00754,2026-07-18,Giải Đặc biệt,163,1
00754,2026-07-18,Giải nhất,749,0
00754,2026-07-18,Giải nhất,183,1
00754,2026-07-18,Giải nhất,620,2
00754,2026-07-18,Giải nhất,039,3
00754,2026-07-18,Giải nhì,630,0
00754,2026-07-18,Giải nhì,110,1
00754,2026-07-18,Giải nhì,364,2
00754,2026-07-18,Giải nhì,206,3
00754,2026-07-18,Giải nhì,411,4
00754,2026-07-18,Giải nhì,853,5
00753,2026-07-16,Giải ba,431,0
00753,2026-07-16,Giải ba,292,1
00753,2026-07-16,Giải ba,369,2
00753,2026-07-16,Giải ba,833,3
00753,2026-07-16,Giải ba,835,4
00753,2026-07-16,Giải ba,166,5
00753,2026-07-16,Giải ba,366,6
00753,2026-07-16,Giải ba,125,7
00753,2026-07-16,Giải Đặc biệt,982,0
00753,2026-07-16,Giải Đặc biệt,396,1
00753,2026-07-16,Giải nhất,706,0
00753,2026-07-16,Giải nhất,588,1
00753,2026-07-16,Giải nhất,626,2
00753,2026-07-16,Giải nhất,655,3
00753,2026-07-16,Giải nhì,312,0
00753,2026-07-16,Giải nhì,031,1
00753,2026-07-16,Giải nhì,674,2
00753,2026-07-16,Giải nhì,860,3
00753,2026-07-16,Giải nhì,431,4
00753,2026-07-16,Giải nhì,640,5
00752,2026-07-14,Giải ba,722,0
00752,2026-07-14,Giải ba,655,1
00752,2026-07-14,Giải ba,240,2
00752,2026-07-14,Giải ba,305,3
00752,2026-07-14,Giải ba,597,4
00752,2026-07-14,Giải ba,549,5
00752,2026-07-14,Giải ba,753,6
00752,2026-07-14,Giải ba,511,7
00752,2026-07-14,Giải Đặc biệt,370,0
00752,2026-07-14,Giải Đặc biệt,261,1
00752,2026-07-14,Giải nhất,696,0
00752,2026-07-14,Giải nhất,940,1
00752,2026-07-14,Giải nhất,119,2
00752,2026-07-14,Giải nhất,137,3
00752,2026-07-14,Giải nhì,412,0
00752,2026-07-14,Giải nhì,380,1
00752,2026-07-14,Giải nhì,919,2
00752,2026-07-14,Giải nhì,439,3
00752,2026-07-14,Giải nhì,851,4
00752,2026-07-14,Giải nhì,934,5
00751,2026-07-11,Giải ba,335,0
00751,2026-07-11,Giải ba,417,1
00751,2026-07-11,Giải ba,444,2
00751,2026-07-11,Giải ba,286,3
00751,2026-07-11,Giải ba,714,4
00751,2026-07-11,Giải ba,992,5
00751,2026-07-11,Giải ba,886,6
00751,2026-07-11,Giải ba,805,7
00751,2026-07-11,Giải Đặc biệt,035,0
00751,2026-07-11,Giải Đặc biệt,737,1
00751,2026-07-11,Giải nhất,007,0
00751,2026-07-11,Giải nhất,541,1
00751,2026-07-11,Giải nhất,637,2
00751,2026-07-11,Giải nhất,046,3
00751,2026-07-11,Giải nhì,748,0
00751,2026-07-11,Giải nhì,727,1
00751,2026-07-11,Giải nhì,946,2
00751,2026-07-11,Giải nhì,754,3
00751,2026-07-11,Giải nhì,719,4
00751,2026-07-11,Giải nhì,627,5
00750,2026-07-09,Giải ba,331,0
00750,2026-07-09,Giải ba,354,1
00750,2026-07-09,Giải ba,956,2
00750,2026-07-09,Giải ba,810,3
00750,2026-07-09,Giải ba,212,4
00750,2026-07-09,Giải ba,898,5
00750,2026-07-09,Giải ba,414,6
00750,2026-07-09,Giải ba,875,7
00750,2026-07-09,Giải Đặc biệt,908,0
00750,2026-07-09,Giải Đặc biệt,789,1
00750,2026-07-09,Giải nhất,494,0
00750,2026-07-09,Giải nhất,340,1
00750,2026-07-09,Giải nhất,898,2
00750,2026-07-09,Giải nhất,288,3
00750,2026-07-09,Giải nhì,064,0
00750,2026-07-09,Giải nhì,952,1
00750,2026-07-09,Giải nhì,169,2
00750,2026-07-09,Giải nhì,259,3
00750,2026-07-09,Giải nhì,023,4
00750,2026-07-09,Giải nhì,547,5
00749,2026-07-07,Giải ba,907,0
00749,2026-07-07,Giải ba,104,1
00749,2026-07-07,Giải ba,411,2
00749,2026-07-07,Giải ba,165,3
00749,2026-07-07,Giải ba,492,4
00749,2026-07-07,Giải ba,151,5
00749,2026-07-07,Giải ba,011,6
00749,2026-07-07,Giải ba,179,7
00749,2026-07-07,Giải Đặc biệt,986,0
00749,2026-07-07,Giải Đặc biệt,021,1
00749,2026-07-07,Giải nhất,460,0
00749,2026-07-07,Giải nhất,603,1
00749,2026-07-07,Giải nhất,588,2
00749,2026-07-07,Giải nhất,337,3
00749,2026-07-07,Giải nhì,228,0
00749,2026-07-07,Giải nhì,538,1
00749,2026-07-07,Giải nhì,497,2
00749,2026-07-07,Giải nhì,916,3
00749,2026-07-07,Giải nhì,181,4
00749,2026-07-07,Giải nhì,323,5
00748,2026-07-04,Giải ba,943,0
00748,2026-07-04,Giải ba,735,1
00748,2026-07-04,Giải ba,882,2
00748,2026-07-04,Giải ba,534,3
00748,2026-07-04,Giải ba,616,4
00748,2026-07-04,Giải ba,950,5
00748,2026-07-04,Giải ba,787,6
00748,2026-07-04,Giải ba,742,7
00748,2026-07-04,Giải Đặc biệt,711,0
00748,2026-07-04,Giải Đặc biệt,017,1
00748,2026-07-04,Giải nhất,567,0
00748,2026-07-04,Giải nhất,596,1
00748,2026-07-04,Giải nhất,042,2
00748,2026-07-04,Giải nhất,398,3
00748,2026-07-04,Giải nhì,313,0
00748,2026-07-04,Giải nhì,361,1
00748,2026-07-04,Giải nhì,635,2
00748,2026-07-04,Giải nhì,104,3
00748,2026-07-04,Giải nhì,060,4
00748,2026-07-04,Giải nhì,678,5
00747,2026-07-02,Giải ba,485,0
00747,2026-07-02,Giải ba,756,1
00747,2026-07-02,Giải ba,818,2
00747,2026-07-02,Giải ba,338,3
00747,2026-07-02,Giải ba,156,4
00747,2026-07-02,Giải ba,952,5
00747,2026-07-02,Giải ba,569,6
00747,2026-07-02,Giải ba,543,7
00747,2026-07-02,Giải Đặc biệt,830,0
00747,2026-07-02,Giải Đặc biệt,824,1
00747,2026-07-02,Giải nhất,504,0
00747,2026-07-02,Giải nhất,293,1
00747,2026-07-02,Giải nhất,833,2
00747,2026-07-02,Giải nhất,270,3
00747,2026-07-02,Giải nhì,491,0
00747,2026-07-02,Giải nhì,665,1
00747,2026-07-02,Giải nhì,796,2
00747,2026-07-02,Giải nhì,133,3
00747,2026-07-02,Giải nhì,598,4
00747,2026-07-02,Giải nhì,347,5
00746,2026-06-30,Giải ba,553,0
00746,2026-06-30,Giải ba,196,1
00746,2026-06-30,Giải ba,304,2
00746,2026-06-30,Giải ba,911,3
00746,2026-06-30,Giải ba,330,4
00746,2026-06-30,Giải ba,814,5
00746,2026-06-30,Giải ba,737,6
00746,2026-06-30,Giải ba,340,7
00746,2026-06-30,Giải Đặc biệt,003,0
00746,2026-06-30,Giải Đặc biệt,737,1
00746,2026-06-30,Giải nhất,609,0
00746,2026-06-30,Giải nhất,886,1
00746,2026-06-30,Giải nhất,534,2
00746,2026-06-30,Giải nhất,656,3
00746,2026-06-30,Giải nhì,179,0
00746,2026-06-30,Giải nhì,489,1
00746,2026-06-30,Giải nhì,148,2
00746,2026-06-30,Giải nhì,129,3
00746,2026-06-30,Giải nhì,116,4
00746,2026-06-30,Giải nhì,731,5
00745,2026-06-27,Giải ba,090,0
00745,2026-06-27,Giải ba,700,1
00745,2026-06-27,Giải ba,375,2
00745,2026-06-27,Giải ba,141,3
00745,2026-06-27,Giải ba,694,4
00745,2026-06-27,Giải ba,612,5
00745,2026-06-27,Giải ba,402,6
00745,2026-06-27,Giải ba,956,7
00745,2026-06-27,Giải Đặc biệt,730,0
00745,2026-06-27,Giải Đặc biệt,793,1
00745,2026-06-27,Giải nhất,532,0
00745,2026-06-27,Giải nhất,189,1
00745,2026-06-27,Giải nhất,723,2
00745,2026-06-27,Giải nhất,922,3
00745,2026-06-27,Giải nhì,787,0
00745,2026-06-27,Giải nhì,416,1
00745,2026-06-27,Giải nhì,466,2
00745,2026-06-27,Giải nhì,792,3
00745,2026-06-27,Giải nhì,323,4
00745,2026-06-27,Giải nhì,306,5
00744,2026-06-25,Giải ba,964,0
00744,2026-06-25,Giải ba,933,1
00744,2026-06-25,Giải ba,171,2
00744,2026-06-25,Giải ba,729,3
00744,2026-06-25,Giải ba,617,4
00744,2026-06-25,Giải ba,762,5
00744,2026-06-25,Giải ba,633,6
00744,2026-06-25,Giải ba,947,7
00744,2026-06-25,Giải Đặc biệt,894,0
00744,2026-06-25,Giải Đặc biệt,697,1
00744,2026-06-25,Giải nhất,470,0
00744,2026-06-25,Giải nhất,727,1
00744,2026-06-25,Giải nhất,598,2
00744,2026-06-25,Giải nhất,809,3
00744,2026-06-25,Giải nhì,857,0
00744,2026-06-25,Giải nhì,187,1
00744,2026-06-25,Giải nhì,045,2
00744,2026-06-25,Giải nhì,994,3
00744,2026-06-25,Giải nhì,353,4
00744,2026-06-25,Giải nhì,466,5
00743,2026-06-23,Giải ba,593,0
00743,2026-06-23,Giải ba,427,1
00743,2026-06-23,Giải ba,973,2
00743,2026-06-23,Giải ba,390,3
00743,2026-06-23,Giải ba,241,4
00743,2026-06-23,Giải ba,156,5
00743,2026-06-23,Giải ba,916,6
00743,2026-06-23,Giải ba,288,7
00743,2026-06-23,Giải Đặc biệt,827,0
00743,2026-06-23,Giải Đặc biệt,356,1
00743,2026-06-23,Giải nhất,216,0
00743,2026-06-23,Giải nhất,007,1
00743,2026-06-23,Giải nhất,278,2
00743,2026-06-23,Giải nhất,840,3
00743,2026-06-23,Giải nhì,899,0
00743,2026-06-23,Giải nhì,294,1
00743,2026-06-23,Giải nhì,630,2
00743,2026-06-23,Giải nhì,960,3
00743,2026-06-23,Giải nhì,430,4
00743,2026-06-23,Giải nhì,022,5
00742,2026-06-20,Giải ba,685,0
00742,2026-06-20,Giải ba,413,1
00742,2026-06-20,Giải ba,956,2
00742,2026-06-20,Giải ba,132,3
00742,2026-06-20,Giải ba,722,4
00742,2026-06-20,Giải ba,918,5
00742,2026-06-20,Giải ba,053,6
00742,2026-06-20,Giải ba,660,7
00742,2026-06-20,Giải Đặc biệt,705,0
00742,2026-06-20,Giải Đặc biệt,285,1
00742,2026-06-20,Giải nhất,432,0
00742,2026-06-20,Giải nhất,043,1
00742,2026-06-20,Giải nhất,515,2
00742,2026-06-20,Giải nhất,162,3
00742,2026-06-20,Giải nhì,918,0
00742,2026-06-20,Giải nhì,400,1
00742,2026-06-20,Giải nhì,073,2
00742,2026-06-20,Giải nhì,022,3
00742,2026-06-20,Giải nhì,044,4
00742,2026-06-20,Giải nhì,532,5
00741,2026-06-18,Giải ba,236,0
00741,2026-06-18,Giải ba,337,1
00741,2026-06-18,Giải ba,660,2
00741,2026-06-18,Giải ba,882,3
00741,2026-06-18,Giải ba,234,4
00741,2026-06-18,Giải ba,990,5
00741,2026-06-18,Giải ba,932,6
00741,2026-06-18,Giải ba,512,7
00741,2026-06-18,Giải Đặc biệt,483,0
00741,2026-06-18,Giải Đặc biệt,025,1
00741,2026-06-18,Giải nhất,305,0
00741,2026-06-18,Giải nhất,954,1
00741,2026-06-18,Giải nhất,862,2
00741,2026-06-18,Giải nhất,717,3
00741,2026-06-18,Giải nhì,524,0
00741,2026-06-18,Giải nhì,770,1
00741,2026-06-18,Giải nhì,291,2
00741,2026-06-18,Giải nhì,177,3
00741,2026-06-18,Giải nhì,670,4
00741,2026-06-18,Giải nhì,258,5
00740,2026-06-16,Giải ba,849,0
00740,2026-06-16,Giải ba,207,1
00740,2026-06-16,Giải ba,137,2
00740,2026-06-16,Giải ba,038,3
00740,2026-06-16,Giải ba,017,4
00740,2026-06-16,Giải ba,198,5
00740,2026-06-16,Giải ba,436,6
00740,2026-06-16,Giải ba,401,7
00740,2026-06-16,Giải Đặc biệt,307,0
00740,2026-06-16,Giải Đặc biệt,449,1
00740,2026-06-16,Giải nhất,312,0
00740,2026-06-16,Giải nhất,097,1
00740,2026-06-16,Giải nhất,756,2
00740,2026-06-16,Giải nhất,585,3
00740,2026-06-16,Giải nhì,958,0
00740,2026-06-16,Giải nhì,008,1
00740,2026-06-16,Giải nhì,795,2
00740,2026-06-16,Giải nhì,713,3
00740,2026-06-16,Giải nhì,998,4
00740,2026-06-16,Giải nhì,953,5
00739,2026-06-13,Giải ba,436,0
00739,2026-06-13,Giải ba,941,1
00739,2026-06-13,Giải ba,768,2
00739,2026-06-13,Giải ba,051,3
00739,2026-06-13,Giải ba,598,4
00739,2026-06-13,Giải ba,502,5
00739,2026-06-13,Giải ba,862,6
00739,2026-06-13,Giải ba,382,7
00739,2026-06-13,Giải Đặc biệt,615,0
00739,2026-06-13,Giải Đặc biệt,771,1
00739,2026-06-13,Giải nhất,283,0
00739,2026-06-13,Giải nhất,920,1
00739,2026-06-13,Giải nhất,609,2
00739,2026-06-13,Giải nhất,721,3
00739,2026-06-13,Giải nhì,072,0
00739,2026-06-13,Giải nhì,112,1
00739,2026-06-13,Giải nhì,568,2
00739,2026-06-13,Giải nhì,418,3
00739,2026-06-13,Giải nhì,907,4
00739,2026-06-13,Giải nhì,134,5
00738,2026-06-11,Giải ba,167,0
00738,2026-06-11,Giải ba,440,1
00738,2026-06-11,Giải ba,022,2
00738,2026-06-11,Giải ba,541,3
00738,2026-06-11,Giải ba,868,4
00738,2026-06-11,Giải ba,621,5
00738,2026-06-11,Giải ba,917,6
00738,2026-06-11,Giải ba,570,7
00738,2026-06-11,Giải Đặc biệt,781,0
00738,2026-06-11,Giải Đặc biệt,873,1
00738,2026-06-11,Giải nhất,365,0
00738,2026-06-11,Giải nhất,615,1
00738,2026-06-11,Giải nhất,279,2
00738,2026-06-11,Giải nhất,858,3
00738,2026-06-11,Giải nhì,412,0
00738,2026-06-11,Giải nhì,970,1
00738,2026-06-11,Giải nhì,250,2
00738,2026-06-11,Giải nhì,295,3
00738,2026-06-11,Giải nhì,053,4
00738,2026-06-11,Giải nhì,420,5
00737,2026-06-09,Giải ba,888,0
00737,2026-06-09,Giải ba,788,1
00737,2026-06-09,Giải ba,062,2
00737,2026-06-09,Giải ba,163,3
00737,2026-06-09,Giải ba,425,4
00737,2026-06-09,Giải ba,549,5
00737,2026-06-09,Giải ba,876,6
00737,2026-06-09,Giải ba,959,7
00737,2026-06-09,Giải Đặc biệt,945,0
00737,2026-06-09,Giải Đặc biệt,360,1
00737,2026-06-09,Giải nhất,111,0
00737,2026-06-09,Giải nhất,544,1
00737,2026-06-09,Giải nhất,437,2
00737,2026-06-09,Giải nhất,080,3
00737,2026-06-09,Giải nhì,315,0
00737,2026-06-09,Giải nhì,020,1
00737,2026-06-09,Giải nhì,894,2
00737,2026-06-09,Giải nhì,423,3
00737,2026-06-09,Giải nhì,485,4
00737,2026-06-09,Giải nhì,428,5
00736,2026-06-06,Giải ba,376,0
00736,2026-06-06,Giải ba,157,1
00736,2026-06-06,Giải ba,215,2
00736,2026-06-06,Giải ba,689,3
00736,2026-06-06,Giải ba,803,4
00736,2026-06-06,Giải ba,491,5
00736,2026-06-06,Giải ba,228,6
00736,2026-06-06,Giải ba,391,7
00736,2026-06-06,Giải Đặc biệt,614,0
00736,2026-06-06,Giải Đặc biệt,072,1
00736,2026-06-06,Giải nhất,724,0
00736,2026-06-06,Giải nhất,505,1
00736,2026-06-06,Giải nhất,117,2
00736,2026-06-06,Giải nhất,410,3
00736,2026-06-06,Giải nhì,951,0
00736,2026-06-06,Giải nhì,628,1
00736,2026-06-06,Giải nhì,328,2
00736,2026-06-06,Giải nhì,588,3
00736,2026-06-06,Giải nhì,017,4
00736,2026-06-06,Giải nhì,948,5
00735,2026-06-04,Giải ba,182,0
00735,2026-06-04,Giải ba,316,1
00735,2026-06-04,Giải ba,825,2
00735,2026-06-04,Giải ba,099,3
00735,2026-06-04,Giải ba,973,4
00735,2026-06-04,Giải ba,374,5
00735,2026-06-04,Giải ba,137,6
00735,2026-06-04,Giải ba,910,7
00735,2026-06-04,Giải Đặc biệt,681,0
00735,2026-06-04,Giải Đặc biệt,166,1
00735,2026-06-04,Giải nhất,811,0
00735,2026-06-04,Giải nhất,110,1
00735,2026-06-04,Giải nhất,833,2
00735,2026-06-04,Giải nhất,374,3
00735,2026-06-04,Giải nhì,124,0
00735,2026-06-04,Giải nhì,300,1
00735,2026-06-04,Giải nhì,407,2
00735,2026-06-04,Giải nhì,572,3
00735,2026-06-04,Giải nhì,377,4
00735,2026-06-04,Giải nhì,562,5
00734,2026-06-02,Giải ba,313,0
00734,2026-06-02,Giải ba,015,1
00734,2026-06-02,Giải ba,001,2
00734,2026-06-02,Giải ba,373,3
00734,2026-06-02,Giải ba,791,4
00734,2026-06-02,Giải ba,118,5
00734,2026-06-02,Giải ba,856,6
00734,2026-06-02,Giải ba,360,7
00734,2026-06-02,Giải Đặc biệt,984,0
00734,2026-06-02,Giải Đặc biệt,223,1
00734,2026-06-02,Giải nhất,255,0
00734,2026-06-02,Giải nhất,563,1
00734,2026-06-02,Giải nhất,245,2
00734,2026-06-02,Giải nhất,142,3
00734,2026-06-02,Giải nhì,184,0
00734,2026-06-02,Giải nhì,200,1
00734,2026-06-02,Giải nhì,577,2
00734,2026-06-02,Giải nhì,695,3
00734,2026-06-02,Giải nhì,267,4
00734,2026-06-02,Giải nhì,366,5
00733,2026-05-30,Giải ba,276,0
00733,2026-05-30,Giải ba,611,1
00733,2026-05-30,Giải ba,076,2
00733,2026-05-30,Giải ba,474,3
00733,2026-05-30,Giải ba,530,4
00733,2026-05-30,Giải ba,201,5
00733,2026-05-30,Giải ba,817,6
00733,2026-05-30,Giải ba,370,7
00733,2026-05-30,Giải Đặc biệt,417,0
00733,2026-05-30,Giải Đặc biệt,572,1
00733,2026-05-30,Giải nhất,428,0
00733,2026-05-30,Giải nhất,512,1
00733,2026-05-30,Giải nhất,878,2
00733,2026-05-30,Giải nhất,991,3
00733,2026-05-30,Giải nhì,618,0
00733,2026-05-30,Giải nhì,999,1
00733,2026-05-30,Giải nhì,399,2
00733,2026-05-30,Giải nhì,376,3
00733,2026-05-30,Giải nhì,922,4
00733,2026-05-30,Giải nhì,364,5
00732,2026-05-28,Giải ba,508,0
00732,2026-05-28,Giải ba,637,1
00732,2026-05-28,Giải ba,446,2
00732,2026-05-28,Giải ba,367,3
00732,2026-05-28,Giải ba,638,4
00732,2026-05-28,Giải ba,716,5
00732,2026-05-28,Giải ba,127,6
00732,2026-05-28,Giải ba,226,7
00732,2026-05-28,Giải Đặc biệt,785,0
00732,2026-05-28,Giải Đặc biệt,839,1
00732,2026-05-28,Giải nhất,250,0
00732,2026-05-28,Giải nhất,917,1
00732,2026-05-28,Giải nhất,350,2
00732,2026-05-28,Giải nhất,559,3
00732,2026-05-28,Giải nhì,684,0
00732,2026-05-28,Giải nhì,599,1
00732,2026-05-28,Giải nhì,268,2
00732,2026-05-28,Giải nhì,552,3
00732,2026-05-28,Giải nhì,467,4
00732,2026-05-28,Giải nhì,770,5
00731,2026-05-26,Giải ba,357,0
00731,2026-05-26,Giải ba,577,1
00731,2026-05-26,Giải ba,739,2
00731,2026-05-26,Giải ba,163,3
00731,2026-05-26,Giải ba,737,4
00731,2026-05-26,Giải ba,061,5
00731,2026-05-26,Giải ba,284,6
00731,2026-05-26,Giải ba,786,7
00731,2026-05-26,Giải Đặc biệt,249,0
00731,2026-05-26,Giải Đặc biệt,782,1
00731,2026-05-26,Giải nhất,554,0
00731,2026-05-26,Giải nhất,570,1
00731,2026-05-26,Giải nhất,633,2
00731,2026-05-26,Giải nhất,623,3
00731,2026-05-26,Giải nhì,763,0
00731,2026-05-26,Giải nhì,981,1
00731,2026-05-26,Giải nhì,500,2
00731,2026-05-26,Giải nhì,095,3
00731,2026-05-26,Giải nhì,583,4
00731,2026-05-26,Giải nhì,268,5
00730,2026-05-23,Giải ba,040,0
00730,2026-05-23,Giải ba,543,1
00730,2026-05-23,Giải ba,004,2
00730,2026-05-23,Giải ba,823,3
00730,2026-05-23,Giải ba,876,4
00730,2026-05-23,Giải ba,046,5
00730,2026-05-23,Giải ba,189,6
00730,2026-05-23,Giải ba,249,7
00730,2026-05-23,Giải Đặc biệt,048,0
00730,2026-05-23,Giải Đặc biệt,895,1
00730,2026-05-23,Giải nhất,197,0
00730,2026-05-23,Giải nhất,270,1
00730,2026-05-23,Giải nhất,202,2
00730,2026-05-23,Giải nhất,259,3
00730,2026-05-23,Giải nhì,393,0
00730,2026-05-23,Giải nhì,340,1
00730,2026-05-23,Giải nhì,800,2
00730,2026-05-23,Giải nhì,098,3
00730,2026-05-23,Giải nhì,816,4
00730,2026-05-23,Giải nhì,410,5
00729,2026-05-21,Giải ba,825,0
00729,2026-05-21,Giải ba,472,1
00729,2026-05-21,Giải ba,326,2
00729,2026-05-21,Giải ba,511,3
00729,2026-05-21,Giải ba,798,4
00729,2026-05-21,Giải ba,804,5
00729,2026-05-21,Giải ba,408,6
00729,2026-05-21,Giải ba,794,7
00729,2026-05-21,Giải Đặc biệt,535,0
00729,2026-05-21,Giải Đặc biệt,053,1
00729,2026-05-21,Giải nhất,125,0
00729,2026-05-21,Giải nhất,420,1
00729,2026-05-21,Giải nhất,068,2
00729,2026-05-21,Giải nhất,392,3
00729,2026-05-21,Giải nhì,264,0
00729,2026-05-21,Giải nhì,779,1
00729,2026-05-21,Giải nhì,608,2
00729,2026-05-21,Giải nhì,125,3
00729,2026-05-21,Giải nhì,295,4
00729,2026-05-21,Giải nhì,582,5
00728,2026-05-19,Giải ba,368,0
00728,2026-05-19,Giải ba,659,1
00728,2026-05-19,Giải ba,480,2
00728,2026-05-19,Giải ba,764,3
00728,2026-05-19,Giải ba,688,4
00728,2026-05-19,Giải ba,350,5
00728,2026-05-19,Giải ba,885,6
00728,2026-05-19,Giải ba,843,7
00728,2026-05-19,Giải Đặc biệt,167,0
00728,2026-05-19,Giải Đặc biệt,016,1
00728,2026-05-19,Giải nhất,803,0
00728,2026-05-19,Giải nhất,005,1
00728,2026-05-19,Giải nhất,927,2
00728,2026-05-19,Giải nhất,093,3
00728,2026-05-19,Giải nhì,357,0
00728,2026-05-19,Giải nhì,081,1
00728,2026-05-19,Giải nhì,228,2
00728,2026-05-19,Giải nhì,816,3
00728,2026-05-19,Giải nhì,252,4
00728,2026-05-19,Giải nhì,732,5
00727,2026-05-16,Giải ba,060,0
00727,2026-05-16,Giải ba,553,1
00727,2026-05-16,Giải ba,213,2
00727,2026-05-16,Giải ba,420,3
00727,2026-05-16,Giải ba,215,4
00727,2026-05-16,Giải ba,753,5
00727,2026-05-16,Giải ba,262,6
00727,2026-05-16,Giải ba,517,7
00727,2026-05-16,Giải Đặc biệt,239,0
00727,2026-05-16,Giải Đặc biệt,270,1
00727,2026-05-16,Giải nhất,079,0
00727,2026-05-16,Giải nhất,398,1
00727,2026-05-16,Giải nhất,504,2
00727,2026-05-16,Giải nhất,257,3
00727,2026-05-16,Giải nhì,472,0
00727,2026-05-16,Giải nhì,004,1
00727,2026-05-16,Giải nhì,172,2
00727,2026-05-16,Giải nhì,505,3
00727,2026-05-16,Giải nhì,615,4
00727,2026-05-16,Giải nhì,169,5
00726,2026-05-14,Giải ba,079,0
00726,2026-05-14,Giải ba,520,1
00726,2026-05-14,Giải ba,161,2
00726,2026-05-14,Giải ba,870,3
00726,2026-05-14,Giải ba,813,4
00726,2026-05-14,Giải ba,536,5
00726,2026-05-14,Giải ba,813,6
00726,2026-05-14,Giải ba,040,7
00726,2026-05-14,Giải Đặc biệt,670,0
00726,2026-05-14,Giải Đặc biệt,304,1
00726,2026-05-14,Giải nhất,522,0
00726,2026-05-14,Giải nhất,502,1
00726,2026-05-14,Giải nhất,863,2
00726,2026-05-14,Giải nhất,261,3
00726,2026-05-14,Giải nhì,626,0
00726,2026-05-14,Giải nhì,082,1
00726,2026-05-14,Giải nhì,284,2
00726,2026-05-14,Giải nhì,927,3
00726,2026-05-14,Giải nhì,522,4
00726,2026-05-14,Giải nhì,926,5
00725,2026-05-12,Giải ba,617,0
00725,2026-05-12,Giải ba,030,1
00725,2026-05-12,Giải ba,092,2
00725,2026-05-12,Giải ba,624,3
00725,2026-05-12,Giải ba,732,4
00725,2026-05-12,Giải ba,463,5
00725,2026-05-12,Giải ba,956,6
00725,2026-05-12,Giải ba,329,7
00725,2026-05-12,Giải Đặc biệt,742,0
00725,2026-05-12,Giải Đặc biệt,697,1
00725,2026-05-12,Giải nhất,337,0
00725,2026-05-12,Giải nhất,546,1
00725,2026-05-12,Giải nhất,282,2
00725,2026-05-12,Giải nhất,410,3
00725,2026-05-12,Giải nhì,934,0
00725,2026-05-12,Giải nhì,740,1
00725,2026-05-12,Giải nhì,041,2
00725,2026-05-12,Giải nhì,464,3
00725,2026-05-12,Giải nhì,973,4
00725,2026-05-12,Giải nhì,703,5
00724,2026-05-09,Giải ba,337,0
00724,2026-05-09,Giải ba,937,1
00724,2026-05-09,Giải ba,566,2
00724,2026-05-09,Giải ba,293,3
00724,2026-05-09,Giải ba,427,4
00724,2026-05-09,Giải ba,419,5
00724,2026-05-09,Giải ba,048,6
00724,2026-05-09,Giải ba,625,7
00724,2026-05-09,Giải Đặc biệt,431,0
00724,2026-05-09,Giải Đặc biệt,495,1
00724,2026-05-09,Giải nhất,748,0
00724,2026-05-09,Giải nhất,979,1
00724,2026-05-09,Giải nhất,024,2
00724,2026-05-09,Giải nhất,761,3
00724,2026-05-09,Giải nhì,372,0
00724,2026-05-09,Giải nhì,039,1
00724,2026-05-09,Giải nhì,872,2
00724,2026-05-09,Giải nhì,519,3
00724,2026-05-09,Giải nhì,975,4
00724,2026-05-09,Giải nhì,988,5
00723,2026-05-07,Giải ba,128,0
00723,2026-05-07,Giải ba,965,1
00723,2026-05-07,Giải ba,829,2
00723,2026-05-07,Giải ba,763,3
00723,2026-05-07,Giải ba,082,4
00723,2026-05-07,Giải ba,340,5
00723,2026-05-07,Giải ba,523,6
00723,2026-05-07,Giải ba,537,7
00723,2026-05-07,Giải Đặc biệt,277,0
00723,2026-05-07,Giải Đặc biệt,594,1
00723,2026-05-07,Giải nhất,079,0
00723,2026-05-07,Giải nhất,038,1
00723,2026-05-07,Giải nhất,799,2
00723,2026-05-07,Giải nhất,174,3
00723,2026-05-07,Giải nhì,121,0
00723,2026-05-07,Giải nhì,482,1
00723,2026-05-07,Giải nhì,593,2
00723,2026-05-07,Giải nhì,379,3
00723,2026-05-07,Giải nhì,764,4
00723,2026-05-07,Giải nhì,670,5
00722,2026-05-05,Giải ba,030,0
00722,2026-05-05,Giải ba,873,1
00722,2026-05-05,Giải ba,504,2
00722,2026-05-05,Giải ba,073,3
00722,2026-05-05,Giải ba,025,4
00722,2026-05-05,Giải ba,202,5
00722,2026-05-05,Giải ba,867,6
00722,2026-05-05,Giải ba,975,7
00722,2026-05-05,Giải Đặc biệt,840,0
00722,2026-05-05,Giải Đặc biệt,896,1
00722,2026-05-05,Giải nhất,864,0
00722,2026-05-05,Giải nhất,445,1
00722,2026-05-05,Giải nhất,606,2
00722,2026-05-05,Giải nhất,331,3
00722,2026-05-05,Giải nhì,576,0
00722,2026-05-05,Giải nhì,663,1
00722,2026-05-05,Giải nhì,962,2
00722,2026-05-05,Giải nhì,588,3
00722,2026-05-05,Giải nhì,473,4
00722,2026-05-05,Giải nhì,171,5
00721,2026-05-02,Giải ba,357,0
00721,2026-05-02,Giải ba,571,1
00721,2026-05-02,Giải ba,266,2
00721,2026-05-02,Giải ba,471,3
00721,2026-05-02,Giải ba,430,4
00721,2026-05-02,Giải ba,443,5
00721,2026-05-02,Giải ba,264,6
00721,2026-05-02,Giải ba,974,7
00721,2026-05-02,Giải Đặc biệt,824,0
00721,2026-05-02,Giải Đặc biệt,306,1
00721,2026-05-02,Giải nhất,911,0
00721,2026-05-02,Giải nhất,131,1
00721,2026-05-02,Giải nhất,125,2
00721,2026-05-02,Giải nhất,814,3
00721,2026-05-02,Giải nhì,364,0
00721,2026-05-02,Giải nhì,281,1
00721,2026-05-02,Giải nhì,291,2
00721,2026-05-02,Giải nhì,011,3
00721,2026-05-02,Giải nhì,835,4
00721,2026-05-02,Giải nhì,218,5
00720,2026-04-30,Giải ba,472,0
00720,2026-04-30,Giải ba,291,1
00720,2026-04-30,Giải ba,951,2
00720,2026-04-30,Giải ba,024,3
00720,2026-04-30,Giải ba,956,4
00720,2026-04-30,Giải ba,522,5
00720,2026-04-30,Giải ba,356,6
00720,2026-04-30,Giải ba,188,7
00720,2026-04-30,Giải Đặc biệt,937,0
00720,2026-04-30,Giải Đặc biệt,896,1
00720,2026-04-30,Giải nhất,518,0
00720,2026-04-30,Giải nhất,832,1
00720,2026-04-30,Giải nhất,996,2
00720,2026-04-30,Giải nhất,437,3
00720,2026-04-30,Giải nhì,461,0
00720,2026-04-30,Giải nhì,808,1
00720,2026-04-30,Giải nhì,050,2
00720,2026-04-30,Giải nhì,344,3
00720,2026-04-30,Giải nhì,660,4
00720,2026-04-30,Giải nhì,071,5
00719,2026-04-28,Giải ba,274,0
00719,2026-04-28,Giải ba,615,1
00719,2026-04-28,Giải ba,054,2
00719,2026-04-28,Giải ba,895,3
00719,2026-04-28,Giải ba,375,4
00719,2026-04-28,Giải ba,092,5
00719,2026-04-28,Giải ba,967,6
00719,2026-04-28,Giải ba,033,7
00719,2026-04-28,Giải Đặc biệt,045,0
00719,2026-04-28,Giải Đặc biệt,534,1
00719,2026-04-28,Giải nhất,148,0
00719,2026-04-28,Giải nhất,616,1
00719,2026-04-28,Giải nhất,487,2
00719,2026-04-28,Giải nhất,786,3
00719,2026-04-28,Giải nhì,072,0
00719,2026-04-28,Giải nhì,851,1
00719,2026-04-28,Giải nhì,746,2
00719,2026-04-28,Giải nhì,088,3
00719,2026-04-28,Giải nhì,998,4
00719,2026-04-28,Giải nhì,497,5
00718,2026-04-25,Giải ba,215,0
00718,2026-04-25,Giải ba,335,1
00718,2026-04-25,Giải ba,152,2
00718,2026-04-25,Giải ba,977,3
00718,2026-04-25,Giải ba,425,4
00718,2026-04-25,Giải ba,474,5
00718,2026-04-25,Giải ba,340,6
00718,2026-04-25,Giải ba,049,7
00718,2026-04-25,Giải Đặc biệt,691,0
00718,2026-04-25,Giải Đặc biệt,259,1
00718,2026-04-25,Giải nhất,605,0
00718,2026-04-25,Giải nhất,227,1
00718,2026-04-25,Giải nhất,895,2
00718,2026-04-25,Giải nhất,757,3
00718,2026-04-25,Giải nhì,838,0
00718,2026-04-25,Giải nhì,192,1
00718,2026-04-25,Giải nhì,740,2
00718,2026-04-25,Giải nhì,486,3
00718,2026-04-25,Giải nhì,742,4
00718,2026-04-25,Giải nhì,542,5
00717,2026-04-23,Giải ba,674,0
00717,2026-04-23,Giải ba,077,1
00717,2026-04-23,Giải ba,935,2
00717,2026-04-23,Giải ba,066,3
00717,2026-04-23,Giải ba,243,4
00717,2026-04-23,Giải ba,579,5
00717,2026-04-23,Giải ba,031,6
00717,2026-04-23,Giải ba,427,7
00717,2026-04-23,Giải Đặc biệt,237,0
00717,2026-04-23,Giải Đặc biệt,056,1
00717,2026-04-23,Giải nhất,454,0
00717,2026-04-23,Giải nhất,703,1
00717,2026-04-23,Giải nhất,844,2
00717,2026-04-23,Giải nhất,424,3
00717,2026-04-23,Giải nhì,193,0
00717,2026-04-23,Giải nhì,889,1
00717,2026-04-23,Giải nhì,810,2
00717,2026-04-23,Giải nhì,715,3
00717,2026-04-23,Giải nhì,184,4
00717,2026-04-23,Giải nhì,050,5
00716,2026-04-21,Giải ba,032,0
00716,2026-04-21,Giải ba,736,1
00716,2026-04-21,Giải ba,182,2
00716,2026-04-21,Giải ba,965,3
00716,2026-04-21,Giải ba,535,4
00716,2026-04-21,Giải ba,174,5
00716,2026-04-21,Giải ba,181,6
00716,2026-04-21,Giải ba,672,7
00716,2026-04-21,Giải Đặc biệt,333,0
00716,2026-04-21,Giải Đặc biệt,696,1
00716,2026-04-21,Giải nhất,521,0
00716,2026-04-21,Giải nhất,013,1
00716,2026-04-21,Giải nhất,628,2
00716,2026-04-21,Giải nhất,247,3
00716,2026-04-21,Giải nhì,747,0
00716,2026-04-21,Giải nhì,250,1
00716,2026-04-21,Giải nhì,834,2
00716,2026-04-21,Giải nhì,017,3
00716,2026-04-21,Giải nhì,653,4
00716,2026-04-21,Giải nhì,126,5
00715,2026-04-18,Giải ba,322,0
00715,2026-04-18,Giải ba,428,1
00715,2026-04-18,Giải ba,069,2
00715,2026-04-18,Giải ba,749,3
00715,2026-04-18,Giải ba,561,4
00715,2026-04-18,Giải ba,407,5
00715,2026-04-18,Giải ba,551,6
00715,2026-04-18,Giải ba,643,7
00715,2026-04-18,Giải Đặc biệt,844,0
00715,2026-04-18,Giải Đặc biệt,103,1
00715,2026-04-18,Giải nhất,325,0
00715,2026-04-18,Giải nhất,016,1
00715,2026-04-18,Giải nhất,058,2
00715,2026-04-18,Giải nhất,518,3
00715,2026-04-18,Giải nhì,903,0
00715,2026-04-18,Giải nhì,709,1
00715,2026-04-18,Giải nhì,335,2
00715,2026-04-18,Giải nhì,132,3
00715,2026-04-18,Giải nhì,181,4
00715,2026-04-18,Giải nhì,038,5
00714,2026-04-16,Giải ba,276,0
00714,2026-04-16,Giải ba,067,1
00714,2026-04-16,Giải ba,515,2
00714,2026-04-16,Giải ba,357,3
00714,2026-04-16,Giải ba,919,4
00714,2026-04-16,Giải ba,632,5
00714,2026-04-16,Giải ba,564,6
00714,2026-04-16,Giải ba,464,7
00714,2026-04-16,Giải Đặc biệt,780,0
00714,2026-04-16,Giải Đặc biệt,807,1
00714,2026-04-16,Giải nhất,798,0
00714,2026-04-16,Giải nhất,282,1
00714,2026-04-16,Giải nhất,562,2
00714,2026-04-16,Giải nhất,488,3
00714,2026-04-16,Giải nhì,229,0
00714,2026-04-16,Giải nhì,972,1
00714,2026-04-16,Giải nhì,669,2
00714,2026-04-16,Giải nhì,895,3
00714,2026-04-16,Giải nhì,938,4
00714,2026-04-16,Giải nhì,340,5
00713,2026-04-14,Giải ba,233,0
00713,2026-04-14,Giải ba,413,1
00713,2026-04-14,Giải ba,455,2
00713,2026-04-14,Giải ba,210,3
00713,2026-04-14,Giải ba,533,4
00713,2026-04-14,Giải ba,301,5
00713,2026-04-14,Giải ba,181,6
00713,2026-04-14,Giải ba,598,7
00713,2026-04-14,Giải Đặc biệt,030,0
00713,2026-04-14,Giải Đặc biệt,582,1
00713,2026-04-14,Giải nhất,152,0
00713,2026-04-14,Giải nhất,151,1
00713,2026-04-14,Giải nhất,949,2
00713,2026-04-14,Giải nhất,722,3
00713,2026-04-14,Giải nhì,361,0
00713,2026-04-14,Giải nhì,805,1
00713,2026-04-14,Giải nhì,407,2
00713,2026-04-14,Giải nhì,066,3
00713,2026-04-14,Giải nhì,085,4
00713,2026-04-14,Giải nhì,194,5
00712,2026-04-11,Giải ba,366,0
00712,2026-04-11,Giải ba,923,1
00712,2026-04-11,Giải ba,867,2
00712,2026-04-11,Giải ba,045,3
00712,2026-04-11,Giải ba,605,4
00712,2026-04-11,Giải ba,246,5
00712,2026-04-11,Giải ba,405,6
00712,2026-04-11,Giải ba,170,7
00712,2026-04-11,Giải Đặc biệt,047,0
00712,2026-04-11,Giải Đặc biệt,771,1
00712,2026-04-11,Giải nhất,751,0
00712,2026-04-11,Giải nhất,067,1
00712,2026-04-11,Giải nhất,010,2
00712,2026-04-11,Giải nhất,001,3
00712,2026-04-11,Giải nhì,457,0
00712,2026-04-11,Giải nhì,673,1
00712,2026-04-11,Giải nhì,181,2
00712,2026-04-11,Giải nhì,971,3
00712,2026-04-11,Giải nhì,540,4
00712,2026-04-11,Giải nhì,900,5
00711,2026-04-09,Giải ba,526,0
00711,2026-04-09,Giải ba,143,1
00711,2026-04-09,Giải ba,841,2
00711,2026-04-09,Giải ba,851,3
00711,2026-04-09,Giải ba,154,4
00711,2026-04-09,Giải ba,316,5
00711,2026-04-09,Giải ba,201,6
00711,2026-04-09,Giải ba,490,7
00711,2026-04-09,Giải Đặc biệt,277,0
00711,2026-04-09,Giải Đặc biệt,865,1
00711,2026-04-09,Giải nhất,805,0
00711,2026-04-09,Giải nhất,004,1
00711,2026-04-09,Giải nhất,383,2
00711,2026-04-09,Giải nhất,562,3
00711,2026-04-09,Giải nhì,758,0
00711,2026-04-09,Giải nhì,343,1
00711,2026-04-09,Giải nhì,379,2
00711,2026-04-09,Giải nhì,040,3
00711,2026-04-09,Giải nhì,821,4
00711,2026-04-09,Giải nhì,842,5
00710,2026-04-07,Giải ba,282,0
00710,2026-04-07,Giải ba,376,1
00710,2026-04-07,Giải ba,380,2
00710,2026-04-07,Giải ba,792,3
00710,2026-04-07,Giải ba,221,4
00710,2026-04-07,Giải ba,232,5
00710,2026-04-07,Giải ba,328,6
00710,2026-04-07,Giải ba,621,7
00710,2026-04-07,Giải Đặc biệt,913,0
00710,2026-04-07,Giải Đặc biệt,525,1
00710,2026-04-07,Giải nhất,266,0
00710,2026-04-07,Giải nhất,613,1
00710,2026-04-07,Giải nhất,432,2
00710,2026-04-07,Giải nhất,398,3
00710,2026-04-07,Giải nhì,544,0
00710,2026-04-07,Giải nhì,778,1
00710,2026-04-07,Giải nhì,048,2
00710,2026-04-07,Giải nhì,658,3
00710,2026-04-07,Giải nhì,111,4
00710,2026-04-07,Giải nhì,898,5
00709,2026-04-04,Giải ba,094,0
00709,2026-04-04,Giải ba,579,1
00709,2026-04-04,Giải ba,062,2
00709,2026-04-04,Giải ba,053,3
00709,2026-04-04,Giải ba,769,4
00709,2026-04-04,Giải ba,493,5
00709,2026-04-04,Giải ba,566,6
00709,2026-04-04,Giải ba,038,7
00709,2026-04-04,Giải Đặc biệt,847,0
00709,2026-04-04,Giải Đặc biệt,801,1
00709,2026-04-04,Giải nhất,492,0
00709,2026-04-04,Giải nhất,452,1
00709,2026-04-04,Giải nhất,923,2
00709,2026-04-04,Giải nhất,070,3
00709,2026-04-04,Giải nhì,754,0
00709,2026-04-04,Giải nhì,794,1
00709,2026-04-04,Giải nhì,100,2
00709,2026-04-04,Giải nhì,909,3
00709,2026-04-04,Giải nhì,727,4
00709,2026-04-04,Giải nhì,696,5
00708,2026-04-02,Giải ba,146,0
00708,2026-04-02,Giải ba,936,1
00708,2026-04-02,Giải ba,532,2
00708,2026-04-02,Giải ba,340,3
00708,2026-04-02,Giải ba,937,4
00708,2026-04-02,Giải ba,430,5
00708,2026-04-02,Giải ba,308,6
00708,2026-04-02,Giải ba,114,7
00708,2026-04-02,Giải Đặc biệt,594,0
00708,2026-04-02,Giải Đặc biệt,747,1
00708,2026-04-02,Giải nhất,969,0
00708,2026-04-02,Giải nhất,085,1
00708,2026-04-02,Giải nhất,412,2
00708,2026-04-02,Giải nhất,919,3
00708,2026-04-02,Giải nhì,463,0
00708,2026-04-02,Giải nhì,885,1
00708,2026-04-02,Giải nhì,115,2
00708,2026-04-02,Giải nhì,200,3
00708,2026-04-02,Giải nhì,115,4
00708,2026-04-02,Giải nhì,217,5
00707,2026-03-31,Giải ba,644,0
00707,2026-03-31,Giải ba,215,1
00707,2026-03-31,Giải ba,656,2
00707,2026-03-31,Giải ba,046,3
00707,2026-03-31,Giải ba,231,4
00707,2026-03-31,Giải ba,858,5
00707,2026-03-31,Giải ba,611,6
00707,2026-03-31,Giải ba,525,7
00707,2026-03-31,Giải Đặc biệt,987,0
00707,2026-03-31,Giải Đặc biệt,537,1
00707,2026-03-31,Giải nhất,940,0
00707,2026-03-31,Giải nhất,336,1
00707,2026-03-31,Giải nhất,996,2
00707,2026-03-31,Giải nhất,212,3
00707,2026-03-31,Giải nhì,168,0
00707,2026-03-31,Giải nhì,925,1
00707,2026-03-31,Giải nhì,124,2
00707,2026-03-31,Giải nhì,882,3
00707,2026-03-31,Giải nhì,408,4
00707,2026-03-31,Giải nhì,241,5
00706,2026-03-28,Giải ba,625,0
00706,2026-03-28,Giải ba,166,1
00706,2026-03-28,Giải ba,173,2
00706,2026-03-28,Giải ba,461,3
00706,2026-03-28,Giải ba,902,4
00706,2026-03-28,Giải ba,915,5
00706,2026-03-28,Giải ba,423,6
00706,2026-03-28,Giải ba,093,7
00706,2026-03-28,Giải Đặc biệt,096,0
00706,2026-03-28,Giải Đặc biệt,219,1
00706,2026-03-28,Giải nhất,407,0
00706,2026-03-28,Giải nhất,019,1
00706,2026-03-28,Giải nhất,592,2
00706,2026-03-28,Giải nhất,090,3
00706,2026-03-28,Giải nhì,598,0
00706,2026-03-28,Giải nhì,810,1
00706,2026-03-28,Giải nhì,667,2
00706,2026-03-28,Giải nhì,628,3
00706,2026-03-28,Giải nhì,817,4
00706,2026-03-28,Giải nhì,002,5
00705,2026-03-26,Giải ba,399,0
00705,2026-03-26,Giải ba,867,1
00705,2026-03-26,Giải ba,197,2
00705,2026-03-26,Giải ba,546,3
00705,2026-03-26,Giải ba,054,4
00705,2026-03-26,Giải ba,305,5
00705,2026-03-26,Giải ba,621,6
00705,2026-03-26,Giải ba,008,7
00705,2026-03-26,Giải Đặc biệt,466,0
00705,2026-03-26,Giải Đặc biệt,417,1
00705,2026-03-26,Giải nhất,578,0
00705,2026-03-26,Giải nhất,290,1
00705,2026-03-26,Giải nhất,267,2
00705,2026-03-26,Giải nhất,169,3
00705,2026-03-26,Giải nhì,178,0
00705,2026-03-26,Giải nhì,215,1
00705,2026-03-26,Giải nhì,559,2
00705,2026-03-26,Giải nhì,960,3
00705,2026-03-26,Giải nhì,533,4
00705,2026-03-26,Giải nhì,619,5
00704,2026-03-24,Giải ba,666,0
00704,2026-03-24,Giải ba,078,1
00704,2026-03-24,Giải ba,352,2
00704,2026-03-24,Giải ba,971,3
00704,2026-03-24,Giải ba,503,4
00704,2026-03-24,Giải ba,873,5
00704,2026-03-24,Giải ba,865,6
00704,2026-03-24,Giải ba,406,7
00704,2026-03-24,Giải Đặc biệt,917,0
00704,2026-03-24,Giải Đặc biệt,186,1
00704,2026-03-24,Giải nhất,439,0
00704,2026-03-24,Giải nhất,315,1
00704,2026-03-24,Giải nhất,414,2
00704,2026-03-24,Giải nhất,093,3
00704,2026-03-24,Giải nhì,164,0
00704,2026-03-24,Giải nhì,471,1
00704,2026-03-24,Giải nhì,721,2
00704,2026-03-24,Giải nhì,780,3
00704,2026-03-24,Giải nhì,910,4
00704,2026-03-24,Giải nhì,096,5
00703,2026-03-21,Giải ba,725,0
00703,2026-03-21,Giải ba,711,1
00703,2026-03-21,Giải ba,860,2
00703,2026-03-21,Giải ba,026,3
00703,2026-03-21,Giải ba,609,4
00703,2026-03-21,Giải ba,925,5
00703,2026-03-21,Giải ba,561,6
00703,2026-03-21,Giải ba,909,7
00703,2026-03-21,Giải Đặc biệt,178,0
00703,2026-03-21,Giải Đặc biệt,794,1
00703,2026-03-21,Giải nhất,535,0
00703,2026-03-21,Giải nhất,246,1
00703,2026-03-21,Giải nhất,483,2
00703,2026-03-21,Giải nhất,954,3
00703,2026-03-21,Giải nhì,994,0
00703,2026-03-21,Giải nhì,667,1
00703,2026-03-21,Giải nhì,209,2
00703,2026-03-21,Giải nhì,797,3
00703,2026-03-21,Giải nhì,743,4
00703,2026-03-21,Giải nhì,759,5
00702,2026-03-19,Giải ba,958,0
00702,2026-03-19,Giải ba,011,1
00702,2026-03-19,Giải ba,686,2
00702,2026-03-19,Giải ba,793,3
00702,2026-03-19,Giải ba,916,4
00702,2026-03-19,Giải ba,290,5
00702,2026-03-19,Giải ba,045,6
00702,2026-03-19,Giải ba,911,7
00702,2026-03-19,Giải Đặc biệt,474,0
00702,2026-03-19,Giải Đặc biệt,877,1
00702,2026-03-19,Giải nhất,542,0
00702,2026-03-19,Giải nhất,357,1
00702,2026-03-19,Giải nhất,726,2
00702,2026-03-19,Giải nhất,992,3
00702,2026-03-19,Giải nhì,704,0
00702,2026-03-19,Giải nhì,334,1
00702,2026-03-19,Giải nhì,598,2
00702,2026-03-19,Giải nhì,993,3
00702,2026-03-19,Giải nhì,431,4
00702,2026-03-19,Giải nhì,347,5
00701,2026-03-17,Giải ba,363,0
00701,2026-03-17,Giải ba,736,1
00701,2026-03-17,Giải ba,330,2
00701,2026-03-17,Giải ba,977,3
00701,2026-03-17,Giải ba,592,4
00701,2026-03-17,Giải ba,558,5
00701,2026-03-17,Giải ba,090,6
00701,2026-03-17,Giải ba,986,7
00701,2026-03-17,Giải Đặc biệt,990,0
00701,2026-03-17,Giải Đặc biệt,993,1
00701,2026-03-17,Giải nhất,934,0
00701,2026-03-17,Giải nhất,708,1
00701,2026-03-17,Giải nhất,073,2
00701,2026-03-17,Giải nhất,779,3
00701,2026-03-17,Giải nhì,930,0
00701,2026-03-17,Giải nhì,678,1
00701,2026-03-17,Giải nhì,653,2
00701,2026-03-17,Giải nhì,644,3
00701,2026-03-17,Giải nhì,118,4
00701,2026-03-17,Giải nhì,794,5
00700,2026-03-14,Giải ba,630,0
00700,2026-03-14,Giải ba,136,1
00700,2026-03-14,Giải ba,084,2
00700,2026-03-14,Giải ba,694,3
00700,2026-03-14,Giải ba,682,4
00700,2026-03-14,Giải ba,823,5
00700,2026-03-14,Giải ba,895,6
00700,2026-03-14,Giải ba,099,7
00700,2026-03-14,Giải Đặc biệt,325,0
00700,2026-03-14,Giải Đặc biệt,356,1
00700,2026-03-14,Giải nhất,746,0
00700,2026-03-14,Giải nhất,795,1
00700,2026-03-14,Giải nhất,535,2
00700,2026-03-14,Giải nhất,512,3
00700,2026-03-14,Giải nhì,851,0
00700,2026-03-14,Giải nhì,807,1
00700,2026-03-14,Giải nhì,346,2
00700,2026-03-14,Giải nhì,884,3
00700,2026-03-14,Giải nhì,828,4
00700,2026-03-14,Giải nhì,502,5
00699,2026-03-12,Giải ba,307,0
00699,2026-03-12,Giải ba,436,1
00699,2026-03-12,Giải ba,726,2
00699,2026-03-12,Giải ba,223,3
00699,2026-03-12,Giải ba,087,4
00699,2026-03-12,Giải ba,513,5
00699,2026-03-12,Giải ba,666,6
00699,2026-03-12,Giải ba,517,7
00699,2026-03-12,Giải Đặc biệt,367,0
00699,2026-03-12,Giải Đặc biệt,138,1
00699,2026-03-12,Giải nhất,207,0
00699,2026-03-12,Giải nhất,468,1
00699,2026-03-12,Giải nhất,135,2
00699,2026-03-12,Giải nhất,215,3
00699,2026-03-12,Giải nhì,855,0
00699,2026-03-12,Giải nhì,549,1
00699,2026-03-12,Giải nhì,253,2
00699,2026-03-12,Giải nhì,440,3
00699,2026-03-12,Giải nhì,374,4
00699,2026-03-12,Giải nhì,448,5
00698,2026-03-10,Giải ba,496,0
00698,2026-03-10,Giải ba,879,1
00698,2026-03-10,Giải ba,543,2
00698,2026-03-10,Giải ba,950,3
00698,2026-03-10,Giải ba,790,4
00698,2026-03-10,Giải ba,737,5
00698,2026-03-10,Giải ba,493,6
00698,2026-03-10,Giải ba,217,7
00698,2026-03-10,Giải Đặc biệt,776,0
00698,2026-03-10,Giải Đặc biệt,308,1
00698,2026-03-10,Giải nhất,299,0
00698,2026-03-10,Giải nhất,600,1
00698,2026-03-10,Giải nhất,808,2
00698,2026-03-10,Giải nhất,865,3
00698,2026-03-10,Giải nhì,851,0
00698,2026-03-10,Giải nhì,914,1
00698,2026-03-10,Giải nhì,857,2
00698,2026-03-10,Giải nhì,039,3
00698,2026-03-10,Giải nhì,368,4
00698,2026-03-10,Giải nhì,161,5
00697,2026-03-07,Giải ba,801,0
00697,2026-03-07,Giải ba,842,1
00697,2026-03-07,Giải ba,223,2
00697,2026-03-07,Giải ba,545,3
00697,2026-03-07,Giải ba,883,4
00697,2026-03-07,Giải ba,715,5
00697,2026-03-07,Giải ba,119,6
00697,2026-03-07,Giải ba,530,7
00697,2026-03-07,Giải Đặc biệt,259,0
00697,2026-03-07,Giải Đặc biệt,226,1
00697,2026-03-07,Giải nhất,653,0
00697,2026-03-07,Giải nhất,043,1
00697,2026-03-07,Giải nhất,978,2
00697,2026-03-07,Giải nhất,002,3
00697,2026-03-07,Giải nhì,912,0
00697,2026-03-07,Giải nhì,347,1
00697,2026-03-07,Giải nhì,720,2
00697,2026-03-07,Giải nhì,904,3
00697,2026-03-07,Giải nhì,408,4
00697,2026-03-07,Giải nhì,871,5
00696,2026-03-05,Giải ba,464,0
00696,2026-03-05,Giải ba,824,1
00696,2026-03-05,Giải ba,062,2
00696,2026-03-05,Giải ba,750,3
00696,2026-03-05,Giải ba,282,4
00696,2026-03-05,Giải ba,385,5
00696,2026-03-05,Giải ba,212,6
00696,2026-03-05,Giải ba,249,7
00696,2026-03-05,Giải Đặc biệt,945,0
00696,2026-03-05,Giải Đặc biệt,123,1
00696,2026-03-05,Giải nhất,458,0
00696,2026-03-05,Giải nhất,644,1
00696,2026-03-05,Giải nhất,743,2
00696,2026-03-05,Giải nhất,636,3
00696,2026-03-05,Giải nhì,648,0
00696,2026-03-05,Giải nhì,296,1
00696,2026-03-05,Giải nhì,006,2
00696,2026-03-05,Giải nhì,709,3
00696,2026-03-05,Giải nhì,677,4
00696,2026-03-05,Giải nhì,553,5
00695,2026-03-03,Giải ba,908,0
00695,2026-03-03,Giải ba,613,1
00695,2026-03-03,Giải ba,401,2
00695,2026-03-03,Giải ba,734,3
00695,2026-03-03,Giải ba,834,4
00695,2026-03-03,Giải ba,296,5
00695,2026-03-03,Giải ba,246,6
00695,2026-03-03,Giải ba,998,7
00695,2026-03-03,Giải Đặc biệt,600,0
00695,2026-03-03,Giải Đặc biệt,907,1
00695,2026-03-03,Giải nhất,832,0
00695,2026-03-03,Giải nhất,814,1
00695,2026-03-03,Giải nhất,061,2
00695,2026-03-03,Giải nhất,173,3
00695,2026-03-03,Giải nhì,729,0
00695,2026-03-03,Giải nhì,545,1
00695,2026-03-03,Giải nhì,899,2
00695,2026-03-03,Giải nhì,073,3
00695,2026-03-03,Giải nhì,998,4
00695,2026-03-03,Giải nhì,785,5
00694,2026-02-28,Giải ba,428,0
00694,2026-02-28,Giải ba,798,1
00694,2026-02-28,Giải ba,154,2
00694,2026-02-28,Giải ba,089,3
00694,2026-02-28,Giải ba,849,4
00694,2026-02-28,Giải ba,198,5
00694,2026-02-28,Giải ba,555,6
00694,2026-02-28,Giải ba,963,7
00694,2026-02-28,Giải Đặc biệt,734,0
00694,2026-02-28,Giải Đặc biệt,446,1
00694,2026-02-28,Giải nhất,439,0
00694,2026-02-28,Giải nhất,391,1
00694,2026-02-28,Giải nhất,624,2
00694,2026-02-28,Giải nhất,192,3
00694,2026-02-28,Giải nhì,621,0
00694,2026-02-28,Giải nhì,923,1
00694,2026-02-28,Giải nhì,713,2
00694,2026-02-28,Giải nhì,115,3
00694,2026-02-28,Giải nhì,766,4
00694,2026-02-28,Giải nhì,599,5
00693,2026-02-26,Giải ba,146,0
00693,2026-02-26,Giải ba,603,1
00693,2026-02-26,Giải ba,222,2
00693,2026-02-26,Giải ba,307,3
00693,2026-02-26,Giải ba,295,4
00693,2026-02-26,Giải ba,328,5
00693,2026-02-26,Giải ba,599,6
00693,2026-02-26,Giải ba,741,7
00693,2026-02-26,Giải Đặc biệt,535,0
00693,2026-02-26,Giải Đặc biệt,693,1
00693,2026-02-26,Giải nhất,874,0
00693,2026-02-26,Giải nhất,365,1
00693,2026-02-26,Giải nhất,316,2
00693,2026-02-26,Giải nhất,851,3
00693,2026-02-26,Giải nhì,924,0
00693,2026-02-26,Giải nhì,428,1
00693,2026-02-26,Giải nhì,285,2
00693,2026-02-26,Giải nhì,238,3
00693,2026-02-26,Giải nhì,780,4
00693,2026-02-26,Giải nhì,955,5
00692,2026-02-24,Giải ba,738,0
00692,2026-02-24,Giải ba,037,1
00692,2026-02-24,Giải ba,681,2
00692,2026-02-24,Giải ba,131,3
00692,2026-02-24,Giải ba,157,4
00692,2026-02-24,Giải ba,102,5
00692,2026-02-24,Giải ba,743,6
00692,2026-02-24,Giải ba,724,7
00692,2026-02-24,Giải Đặc biệt,577,0
00692,2026-02-24,Giải Đặc biệt,323,1
00692,2026-02-24,Giải nhất,086,0
00692,2026-02-24,Giải nhất,187,1
00692,2026-02-24,Giải nhất,212,2
00692,2026-02-24,Giải nhất,031,3
00692,2026-02-24,Giải nhì,550,0
00692,2026-02-24,Giải nhì,491,1
00692,2026-02-24,Giải nhì,888,2
00692,2026-02-24,Giải nhì,845,3
00692,2026-02-24,Giải nhì,109,4
00692,2026-02-24,Giải nhì,725,5
00691,2026-02-21,Giải ba,684,0
00691,2026-02-21,Giải ba,480,1
00691,2026-02-21,Giải ba,499,2
00691,2026-02-21,Giải ba,358,3
00691,2026-02-21,Giải ba,048,4
00691,2026-02-21,Giải ba,037,5
00691,2026-02-21,Giải ba,641,6
00691,2026-02-21,Giải ba,105,7
00691,2026-02-21,Giải Đặc biệt,995,0
00691,2026-02-21,Giải Đặc biệt,287,1
00691,2026-02-21,Giải nhất,615,0
00691,2026-02-21,Giải nhất,412,1
00691,2026-02-21,Giải nhất,166,2
00691,2026-02-21,Giải nhất,798,3
00691,2026-02-21,Giải nhì,667,0
00691,2026-02-21,Giải nhì,215,1
00691,2026-02-21,Giải nhì,814,2
00691,2026-02-21,Giải nhì,781,3
00691,2026-02-21,Giải nhì,173,4
00691,2026-02-21,Giải nhì,537,5
00690,2026-02-19,Giải ba,418,0
00690,2026-02-19,Giải ba,659,1
00690,2026-02-19,Giải ba,840,2
00690,2026-02-19,Giải ba,462,3
00690,2026-02-19,Giải ba,630,4
00690,2026-02-19,Giải ba,507,5
00690,2026-02-19,Giải ba,829,6
00690,2026-02-19,Giải ba,808,7
00690,2026-02-19,Giải Đặc biệt,909,0
00690,2026-02-19,Giải Đặc biệt,185,1
00690,2026-02-19,Giải nhất,186,0
00690,2026-02-19,Giải nhất,315,1
00690,2026-02-19,Giải nhất,766,2
00690,2026-02-19,Giải nhất,180,3
00690,2026-02-19,Giải nhì,541,0
00690,2026-02-19,Giải nhì,634,1
00690,2026-02-19,Giải nhì,125,2
00690,2026-02-19,Giải nhì,266,3
00690,2026-02-19,Giải nhì,970,4
00690,2026-02-19,Giải nhì,187,5
00689,2026-02-14,Giải ba,005,0
00689,2026-02-14,Giải ba,963,1
00689,2026-02-14,Giải ba,898,2
00689,2026-02-14,Giải ba,369,3
00689,2026-02-14,Giải ba,600,4
00689,2026-02-14,Giải ba,012,5
00689,2026-02-14,Giải ba,207,6
00689,2026-02-14,Giải ba,318,7
00689,2026-02-14,Giải Đặc biệt,555,0
00689,2026-02-14,Giải Đặc biệt,461,1
00689,2026-02-14,Giải nhất,101,0
00689,2026-02-14,Giải nhất,240,1
00689,2026-02-14,Giải nhất,634,2
00689,2026-02-14,Giải nhất,963,3
00689,2026-02-14,Giải nhì,250,0
00689,2026-02-14,Giải nhì,444,1
00689,2026-02-14,Giải nhì,050,2
00689,2026-02-14,Giải nhì,152,3
00689,2026-02-14,Giải nhì,156,4
00689,2026-02-14,Giải nhì,702,5
00688,2026-02-12,Giải ba,670,0
00688,2026-02-12,Giải ba,558,1
00688,2026-02-12,Giải ba,833,2
00688,2026-02-12,Giải ba,939,3
00688,2026-02-12,Giải ba,460,4
00688,2026-02-12,Giải ba,334,5
00688,2026-02-12,Giải ba,116,6
00688,2026-02-12,Giải ba,725,7
00688,2026-02-12,Giải Đặc biệt,335,0
00688,2026-02-12,Giải Đặc biệt,852,1
00688,2026-02-12,Giải nhất,022,0
00688,2026-02-12,Giải nhất,154,1
00688,2026-02-12,Giải nhất,789,2
00688,2026-02-12,Giải nhất,597,3
00688,2026-02-12,Giải nhì,230,0
00688,2026-02-12,Giải nhì,326,1
00688,2026-02-12,Giải nhì,786,2
00688,2026-02-12,Giải nhì,337,3
00688,2026-02-12,Giải nhì,352,4
00688,2026-02-12,Giải nhì,056,5
00687,2026-02-10,Giải ba,035,0
00687,2026-02-10,Giải ba,495,1
00687,2026-02-10,Giải ba,119,2
00687,2026-02-10,Giải ba,107,3
00687,2026-02-10,Giải ba,886,4
00687,2026-02-10,Giải ba,796,5
00687,2026-02-10,Giải ba,751,6
00687,2026-02-10,Giải ba,371,7
00687,2026-02-10,Giải Đặc biệt,813,0
00687,2026-02-10,Giải Đặc biệt,247,1
00687,2026-02-10,Giải nhất,742,0
00687,2026-02-10,Giải nhất,592,1
00687,2026-02-10,Giải nhất,400,2
00687,2026-02-10,Giải nhất,687,3
00687,2026-02-10,Giải nhì,041,0
00687,2026-02-10,Giải nhì,601,1
00687,2026-02-10,Giải nhì,132,2
00687,2026-02-10,Giải nhì,734,3
00687,2026-02-10,Giải nhì,796,4
00687,2026-02-10,Giải nhì,571,5
00686,2026-02-07,Giải ba,863,0
00686,2026-02-07,Giải ba,842,1
00686,2026-02-07,Giải ba,139,2
00686,2026-02-07,Giải ba,552,3
00686,2026-02-07,Giải ba,458,4
00686,2026-02-07,Giải ba,655,5
00686,2026-02-07,Giải ba,441,6
00686,2026-02-07,Giải ba,699,7
00686,2026-02-07,Giải Đặc biệt,161,0
00686,2026-02-07,Giải Đặc biệt,855,1
00686,2026-02-07,Giải nhất,435,0
00686,2026-02-07,Giải nhất,764,1
00686,2026-02-07,Giải nhất,214,2
00686,2026-02-07,Giải nhất,039,3
00686,2026-02-07,Giải nhì,907,0
00686,2026-02-07,Giải nhì,746,1
00686,2026-02-07,Giải nhì,060,2
00686,2026-02-07,Giải nhì,697,3
00686,2026-02-07,Giải nhì,297,4
00686,2026-02-07,Giải nhì,784,5
00685,2026-02-05,Giải ba,162,0
00685,2026-02-05,Giải ba,637,1
00685,2026-02-05,Giải ba,206,2
00685,2026-02-05,Giải ba,260,3
00685,2026-02-05,Giải ba,431,4
00685,2026-02-05,Giải ba,653,5
00685,2026-02-05,Giải ba,474,6
00685,2026-02-05,Giải ba,969,7
00685,2026-02-05,Giải Đặc biệt,157,0
00685,2026-02-05,Giải Đặc biệt,958,1
00685,2026-02-05,Giải nhất,096,0
00685,2026-02-05,Giải nhất,739,1
00685,2026-02-05,Giải nhất,316,2
00685,2026-02-05,Giải nhất,868,3
00685,2026-02-05,Giải nhì,788,0
00685,2026-02-05,Giải nhì,962,1
00685,2026-02-05,Giải nhì,623,2
00685,2026-02-05,Giải nhì,113,3
00685,2026-02-05,Giải nhì,712,4
00685,2026-02-05,Giải nhì,201,5
00684,2026-02-03,Giải ba,747,0
00684,2026-02-03,Giải ba,363,1
00684,2026-02-03,Giải ba,435,2
00684,2026-02-03,Giải ba,435,3
00684,2026-02-03,Giải ba,768,4
00684,2026-02-03,Giải ba,658,5
00684,2026-02-03,Giải ba,869,6
00684,2026-02-03,Giải ba,211,7
00684,2026-02-03,Giải Đặc biệt,735,0
00684,2026-02-03,Giải Đặc biệt,401,1
00684,2026-02-03,Giải nhất,581,0
00684,2026-02-03,Giải nhất,776,1
00684,2026-02-03,Giải nhất,314,2
00684,2026-02-03,Giải nhất,534,3
00684,2026-02-03,Giải nhì,242,0
00684,2026-02-03,Giải nhì,161,1
00684,2026-02-03,Giải nhì,597,2
00684,2026-02-03,Giải nhì,716,3
00684,2026-02-03,Giải nhì,292,4
00684,2026-02-03,Giải nhì,826,5
00683,2026-01-31,Giải ba,281,0
00683,2026-01-31,Giải ba,743,1
00683,2026-01-31,Giải ba,993,2
00683,2026-01-31,Giải ba,724,3
00683,2026-01-31,Giải ba,063,4
00683,2026-01-31,Giải ba,896,5
00683,2026-01-31,Giải ba,111,6
00683,2026-01-31,Giải ba,065,7
00683,2026-01-31,Giải Đặc biệt,901,0
00683,2026-01-31,Giải Đặc biệt,590,1
00683,2026-01-31,Giải nhất,926,0
00683,2026-01-31,Giải nhất,213,1
00683,2026-01-31,Giải nhất,838,2
00683,2026-01-31,Giải nhất,219,3
00683,2026-01-31,Giải nhì,937,0
00683,2026-01-31,Giải nhì,744,1
00683,2026-01-31,Giải nhì,062,2
00683,2026-01-31,Giải nhì,375,3
00683,2026-01-31,Giải nhì,718,4
00683,2026-01-31,Giải nhì,651,5
00682,2026-01-29,Giải ba,450,0
00682,2026-01-29,Giải ba,489,1
00682,2026-01-29,Giải ba,321,2
00682,2026-01-29,Giải ba,125,3
00682,2026-01-29,Giải ba,423,4
00682,2026-01-29,Giải ba,568,5
00682,2026-01-29,Giải ba,124,6
00682,2026-01-29,Giải ba,804,7
00682,2026-01-29,Giải Đặc biệt,720,0
00682,2026-01-29,Giải Đặc biệt,469,1
00682,2026-01-29,Giải nhất,083,0
00682,2026-01-29,Giải nhất,799,1
00682,2026-01-29,Giải nhất,700,2
00682,2026-01-29,Giải nhất,498,3
00682,2026-01-29,Giải nhì,787,0
00682,2026-01-29,Giải nhì,849,1
00682,2026-01-29,Giải nhì,122,2
00682,2026-01-29,Giải nhì,458,3
00682,2026-01-29,Giải nhì,211,4
00682,2026-01-29,Giải nhì,328,5
00681,2026-01-27,Giải ba,057,0
00681,2026-01-27,Giải ba,217,1
00681,2026-01-27,Giải ba,454,2
00681,2026-01-27,Giải ba,146,3
00681,2026-01-27,Giải ba,315,4
00681,2026-01-27,Giải ba,187,5
00681,2026-01-27,Giải ba,037,6
00681,2026-01-27,Giải ba,826,7
00681,2026-01-27,Giải Đặc biệt,476,0
00681,2026-01-27,Giải Đặc biệt,095,1
00681,2026-01-27,Giải nhất,381,0
00681,2026-01-27,Giải nhất,140,1
00681,2026-01-27,Giải nhất,583,2
00681,2026-01-27,Giải nhất,403,3
00681,2026-01-27,Giải nhì,142,0
00681,2026-01-27,Giải nhì,016,1
00681,2026-01-27,Giải nhì,246,2
00681,2026-01-27,Giải nhì,072,3
00681,2026-01-27,Giải nhì,223,4
00681,2026-01-27,Giải nhì,370,5
00680,2026-01-24,Giải ba,699,0
00680,2026-01-24,Giải ba,033,1
00680,2026-01-24,Giải ba,191,2
00680,2026-01-24,Giải ba,564,3
00680,2026-01-24,Giải ba,233,4
00680,2026-01-24,Giải ba,005,5
00680,2026-01-24,Giải ba,643,6
00680,2026-01-24,Giải ba,751,7
00680,2026-01-24,Giải Đặc biệt,746,0
00680,2026-01-24,Giải Đặc biệt,888,1
00680,2026-01-24,Giải nhất,209,0
00680,2026-01-24,Giải nhất,104,1
00680,2026-01-24,Giải nhất,313,2
00680,2026-01-24,Giải nhất,142,3
00680,2026-01-24,Giải nhì,440,0
00680,2026-01-24,Giải nhì,551,1
00680,2026-01-24,Giải nhì,347,2
00680,2026-01-24,Giải nhì,726,3
00680,2026-01-24,Giải nhì,220,4
00680,2026-01-24,Giải nhì,289,5
00679,2026-01-22,Giải ba,868,0
00679,2026-01-22,Giải ba,060,1
00679,2026-01-22,Giải ba,011,2
00679,2026-01-22,Giải ba,385,3
00679,2026-01-22,Giải ba,174,4
00679,2026-01-22,Giải ba,275,5
00679,2026-01-22,Giải ba,865,6
00679,2026-01-22,Giải ba,302,7
00679,2026-01-22,Giải Đặc biệt,973,0
00679,2026-01-22,Giải Đặc biệt,168,1
00679,2026-01-22,Giải nhất,533,0
00679,2026-01-22,Giải nhất,763,1
00679,2026-01-22,Giải nhất,839,2
00679,2026-01-22,Giải nhất,577,3
00679,2026-01-22,Giải nhì,339,0
00679,2026-01-22,Giải nhì,010,1
00679,2026-01-22,Giải nhì,755,2
00679,2026-01-22,Giải nhì,382,3
00679,2026-01-22,Giải nhì,502,4
00679,2026-01-22,Giải nhì,413,5
00678,2026-01-20,Giải ba,369,0
00678,2026-01-20,Giải ba,327,1
00678,2026-01-20,Giải ba,671,2
00678,2026-01-20,Giải ba,081,3
00678,2026-01-20,Giải ba,084,4
00678,2026-01-20,Giải ba,828,5
00678,2026-01-20,Giải ba,523,6
00678,2026-01-20,Giải ba,704,7
00678,2026-01-20,Giải Đặc biệt,488,0
00678,2026-01-20,Giải Đặc biệt,601,1
00678,2026-01-20,Giải nhất,740,0
00678,2026-01-20,Giải nhất,289,1
00678,2026-01-20,Giải nhất,503,2
00678,2026-01-20,Giải nhất,913,3
00678,2026-01-20,Giải nhì,273,0
00678,2026-01-20,Giải nhì,426,1
00678,2026-01-20,Giải nhì,194,2
00678,2026-01-20,Giải nhì,253,3
00678,2026-01-20,Giải nhì,040,4
00678,2026-01-20,Giải nhì,725,5
00677,2026-01-17,Giải ba,300,0
00677,2026-01-17,Giải ba,897,1
00677,2026-01-17,Giải ba,032,2
00677,2026-01-17,Giải ba,279,3
00677,2026-01-17,Giải ba,115,4
00677,2026-01-17,Giải ba,871,5
00677,2026-01-17,Giải ba,981,6
00677,2026-01-17,Giải ba,769,7
00677,2026-01-17,Giải Đặc biệt,235,0
00677,2026-01-17,Giải Đặc biệt,479,1
00677,2026-01-17,Giải nhất,761,0
00677,2026-01-17,Giải nhất,467,1
00677,2026-01-17,Giải nhất,138,2
00677,2026-01-17,Giải nhất,079,3
00677,2026-01-17,Giải nhì,762,0
00677,2026-01-17,Giải nhì,734,1
00677,2026-01-17,Giải nhì,446,2
00677,2026-01-17,Giải nhì,404,3
00677,2026-01-17,Giải nhì,234,4
00677,2026-01-17,Giải nhì,192,5
00676,2026-01-15,Giải ba,500,0
00676,2026-01-15,Giải ba,021,1
00676,2026-01-15,Giải ba,667,2
00676,2026-01-15,Giải ba,849,3
00676,2026-01-15,Giải ba,813,4
00676,2026-01-15,Giải ba,382,5
00676,2026-01-15,Giải ba,775,6
00676,2026-01-15,Giải ba,846,7
00676,2026-01-15,Giải Đặc biệt,388,0
00676,2026-01-15,Giải Đặc biệt,370,1
00676,2026-01-15,Giải nhất,052,0
00676,2026-01-15,Giải nhất,992,1
00676,2026-01-15,Giải nhất,685,2
00676,2026-01-15,Giải nhất,586,3
00676,2026-01-15,Giải nhì,045,0
00676,2026-01-15,Giải nhì,570,1
00676,2026-01-15,Giải nhì,855,2
00676,2026-01-15,Giải nhì,618,3
00676,2026-01-15,Giải nhì,181,4
00676,2026-01-15,Giải nhì,236,5
00675,2026-01-13,Giải ba,550,0
00675,2026-01-13,Giải ba,617,1
00675,2026-01-13,Giải ba,031,2
00675,2026-01-13,Giải ba,990,3
00675,2026-01-13,Giải ba,417,4
00675,2026-01-13,Giải ba,434,5
00675,2026-01-13,Giải ba,216,6
00675,2026-01-13,Giải ba,314,7
00675,2026-01-13,Giải Đặc biệt,269,0
00675,2026-01-13,Giải Đặc biệt,976,1
00675,2026-01-13,Giải nhất,212,0
00675,2026-01-13,Giải nhất,045,1
00675,2026-01-13,Giải nhất,166,2
00675,2026-01-13,Giải nhất,886,3
00675,2026-01-13,Giải nhì,175,0
00675,2026-01-13,Giải nhì,251,1
00675,2026-01-13,Giải nhì,054,2
00675,2026-01-13,Giải nhì,167,3
00675,2026-01-13,Giải nhì,511,4
00675,2026-01-13,Giải nhì,656,5
00674,2026-01-10,Giải ba,674,0
00674,2026-01-10,Giải ba,795,1
00674,2026-01-10,Giải ba,548,2
00674,2026-01-10,Giải ba,117,3
00674,2026-01-10,Giải ba,506,4
00674,2026-01-10,Giải ba,517,5
00674,2026-01-10,Giải ba,562,6
00674,2026-01-10,Giải ba,835,7
00674,2026-01-10,Giải Đặc biệt,700,0
00674,2026-01-10,Giải Đặc biệt,992,1
00674,2026-01-10,Giải nhất,979,0
00674,2026-01-10,Giải nhất,945,1
00674,2026-01-10,Giải nhất,716,2
00674,2026-01-10,Giải nhất,026,3
00674,2026-01-10,Giải nhì,833,0
00674,2026-01-10,Giải nhì,938,1
00674,2026-01-10,Giải nhì,133,2
00674,2026-01-10,Giải nhì,237,3
00674,2026-01-10,Giải nhì,377,4
00674,2026-01-10,Giải nhì,863,5
00673,2026-01-08,Giải ba,401,0
00673,2026-01-08,Giải ba,776,1
00673,2026-01-08,Giải ba,689,2
00673,2026-01-08,Giải ba,713,3
00673,2026-01-08,Giải ba,405,4
00673,2026-01-08,Giải ba,245,5
00673,2026-01-08,Giải ba,370,6
00673,2026-01-08,Giải ba,111,7
00673,2026-01-08,Giải Đặc biệt,770,0
00673,2026-01-08,Giải Đặc biệt,703,1
00673,2026-01-08,Giải nhất,262,0
00673,2026-01-08,Giải nhất,546,1
00673,2026-01-08,Giải nhất,240,2
00673,2026-01-08,Giải nhất,781,3
00673,2026-01-08,Giải nhì,638,0
00673,2026-01-08,Giải nhì,115,1
00673,2026-01-08,Giải nhì,515,2
00673,2026-01-08,Giải nhì,173,3
00673,2026-01-08,Giải nhì,468,4
00673,2026-01-08,Giải nhì,449,5
00672,2026-01-06,Giải ba,924,0
00672,2026-01-06,Giải ba,282,1
00672,2026-01-06,Giải ba,356,2
00672,2026-01-06,Giải ba,166,3
00672,2026-01-06,Giải ba,711,4
00672,2026-01-06,Giải ba,479,5
00672,2026-01-06,Giải ba,936,6
00672,2026-01-06,Giải ba,458,7
00672,2026-01-06,Giải Đặc biệt,059,0
00672,2026-01-06,Giải Đặc biệt,919,1
00672,2026-01-06,Giải nhất,866,0
00672,2026-01-06,Giải nhất,314,1
00672,2026-01-06,Giải nhất,088,2
00672,2026-01-06,Giải nhất,357,3
00672,2026-01-06,Giải nhì,807,0
00672,2026-01-06,Giải nhì,268,1
00672,2026-01-06,Giải nhì,201,2
00672,2026-01-06,Giải nhì,344,3
00672,2026-01-06,Giải nhì,006,4
00672,2026-01-06,Giải nhì,217,5
00671,2026-01-03,Giải ba,186,0
00671,2026-01-03,Giải ba,647,1
00671,2026-01-03,Giải ba,726,2
00671,2026-01-03,Giải ba,579,3
00671,2026-01-03,Giải ba,198,4
00671,2026-01-03,Giải ba,594,5
00671,2026-01-03,Giải ba,874,6
00671,2026-01-03,Giải ba,045,7
00671,2026-01-03,Giải Đặc biệt,271,0
00671,2026-01-03,Giải Đặc biệt,150,1
00671,2026-01-03,Giải nhất,194,0
00671,2026-01-03,Giải nhất,564,1
00671,2026-01-03,Giải nhất,023,2
00671,2026-01-03,Giải nhất,654,3
00671,2026-01-03,Giải nhì,807,0
00671,2026-01-03,Giải nhì,240,1
00671,2026-01-03,Giải nhì,873,2
00671,2026-01-03,Giải nhì,075,3
00671,2026-01-03,Giải nhì,824,4
00671,2026-01-03,Giải nhì,517,5
00670,2026-01-01,Giải ba,411,0
00670,2026-01-01,Giải ba,385,1
00670,2026-01-01,Giải ba,766,2
00670,2026-01-01,Giải ba,407,3
00670,2026-01-01,Giải ba,076,4
00670,2026-01-01,Giải ba,420,5
00670,2026-01-01,Giải ba,206,6
00670,2026-01-01,Giải ba,639,7
00670,2026-01-01,Giải Đặc biệt,218,0
00670,2026-01-01,Giải Đặc biệt,552,1
00670,2026-01-01,Giải nhất,686,0
00670,2026-01-01,Giải nhất,334,1
00670,2026-01-01,Giải nhất,453,2
00670,2026-01-01,Giải nhất,090,3
00670,2026-01-01,Giải nhì,704,0
00670,2026-01-01,Giải nhì,874,1
00670,2026-01-01,Giải nhì,436,2
00670,2026-01-01,Giải nhì,499,3
00670,2026-01-01,Giải nhì,086,4
00670,2026-01-01,Giải nhì,766,5
00669,2025-12-30,Giải ba,296,0
00669,2025-12-30,Giải ba,333,1
00669,2025-12-30,Giải ba,150,2
00669,2025-12-30,Giải ba,960,3
00669,2025-12-30,Giải ba,891,4
00669,2025-12-30,Giải ba,664,5
00669,2025-12-30,Giải ba,527,6
00669,2025-12-30,Giải ba,879,7
00669,2025-12-30,Giải Đặc biệt,481,0
00669,2025-12-30,Giải Đặc biệt,246,1
00669,2025-12-30,Giải nhất,298,0
00669,2025-12-30,Giải nhất,176,1
00669,2025-12-30,Giải nhất,025,2
00669,2025-12-30,Giải nhất,143,3
00669,2025-12-30,Giải nhì,929,0
00669,2025-12-30,Giải nhì,253,1
00669,2025-12-30,Giải nhì,672,2
00669,2025-12-30,Giải nhì,015,3
00669,2025-12-30,Giải nhì,227,4
00669,2025-12-30,Giải nhì,278,5
00668,2025-12-27,Giải ba,232,0
00668,2025-12-27,Giải ba,205,1
00668,2025-12-27,Giải ba,830,2
00668,2025-12-27,Giải ba,654,3
00668,2025-12-27,Giải ba,130,4
00668,2025-12-27,Giải ba,459,5
00668,2025-12-27,Giải ba,198,6
00668,2025-12-27,Giải ba,796,7
00668,2025-12-27,Giải Đặc biệt,245,0
00668,2025-12-27,Giải Đặc biệt,086,1
00668,2025-12-27,Giải nhất,973,0
00668,2025-12-27,Giải nhất,069,1
00668,2025-12-27,Giải nhất,495,2
00668,2025-12-27,Giải nhất,916,3
00668,2025-12-27,Giải nhì,343,0
00668,2025-12-27,Giải nhì,457,1
00668,2025-12-27,Giải nhì,358,2
00668,2025-12-27,Giải nhì,735,3
00668,2025-12-27,Giải nhì,442,4
00668,2025-12-27,Giải nhì,661,5
00667,2025-12-25,Giải ba,108,0
00667,2025-12-25,Giải ba,517,1
00667,2025-12-25,Giải ba,504,2
00667,2025-12-25,Giải ba,674,3
00667,2025-12-25,Giải ba,041,4
00667,2025-12-25,Giải ba,240,5
00667,2025-12-25,Giải ba,273,6
00667,2025-12-25,Giải ba,599,7
00667,2025-12-25,Giải Đặc biệt,860,0
00667,2025-12-25,Giải Đặc biệt,573,1
00667,2025-12-25,Giải nhất,776,0
00667,2025-12-25,Giải nhất,536,1
00667,2025-12-25,Giải nhất,968,2
00667,2025-12-25,Giải nhất,156,3
00667,2025-12-25,Giải nhì,852,0
00667,2025-12-25,Giải nhì,281,1
00667,2025-12-25,Giải nhì,079,2
00667,2025-12-25,Giải nhì,355,3
00667,2025-12-25,Giải nhì,916,4
00667,2025-12-25,Giải nhì,332,5
00666,2025-12-23,Giải ba,412,0
00666,2025-12-23,Giải ba,423,1
00666,2025-12-23,Giải ba,833,2
00666,2025-12-23,Giải ba,387,3
00666,2025-12-23,Giải ba,102,4
00666,2025-12-23,Giải ba,984,5
00666,2025-12-23,Giải ba,679,6
00666,2025-12-23,Giải ba,292,7
00666,2025-12-23,Giải Đặc biệt,108,0
00666,2025-12-23,Giải Đặc biệt,555,1
00666,2025-12-23,Giải nhất,235,0
00666,2025-12-23,Giải nhất,798,1
00666,2025-12-23,Giải nhất,113,2
00666,2025-12-23,Giải nhất,684,3
00666,2025-12-23,Giải nhì,315,0
00666,2025-12-23,Giải nhì,951,1
00666,2025-12-23,Giải nhì,355,2
00666,2025-12-23,Giải nhì,647,3
00666,2025-12-23,Giải nhì,970,4
00666,2025-12-23,Giải nhì,601,5
00665,2025-12-20,Giải ba,370,0
00665,2025-12-20,Giải ba,238,1
00665,2025-12-20,Giải ba,670,2
00665,2025-12-20,Giải ba,638,3
00665,2025-12-20,Giải ba,937,4
00665,2025-12-20,Giải ba,267,5
00665,2025-12-20,Giải ba,732,6
00665,2025-12-20,Giải ba,365,7
00665,2025-12-20,Giải Đặc biệt,038,0
00665,2025-12-20,Giải Đặc biệt,097,1
00665,2025-12-20,Giải nhất,279,0
00665,2025-12-20,Giải nhất,615,1
00665,2025-12-20,Giải nhất,188,2
00665,2025-12-20,Giải nhất,169,3
00665,2025-12-20,Giải nhì,926,0
00665,2025-12-20,Giải nhì,624,1
00665,2025-12-20,Giải nhì,934,2
00665,2025-12-20,Giải nhì,623,3
00665,2025-12-20,Giải nhì,804,4
00665,2025-12-20,Giải nhì,214,5
00664,2025-12-18,Giải ba,067,0
00664,2025-12-18,Giải ba,390,1
00664,2025-12-18,Giải ba,026,2
00664,2025-12-18,Giải ba,617,3
00664,2025-12-18,Giải ba,597,4
00664,2025-12-18,Giải ba,578,5
00664,2025-12-18,Giải ba,905,6
00664,2025-12-18,Giải ba,816,7
00664,2025-12-18,Giải Đặc biệt,254,0
00664,2025-12-18,Giải Đặc biệt,481,1
00664,2025-12-18,Giải nhất,317,0
00664,2025-12-18,Giải nhất,068,1
00664,2025-12-18,Giải nhất,948,2
00664,2025-12-18,Giải nhất,674,3
00664,2025-12-18,Giải nhì,093,0
00664,2025-12-18,Giải nhì,366,1
00664,2025-12-18,Giải nhì,984,2
00664,2025-12-18,Giải nhì,687,3
00664,2025-12-18,Giải nhì,353,4
00664,2025-12-18,Giải nhì,980,5
00663,2025-12-16,Giải ba,073,0
00663,2025-12-16,Giải ba,932,1
00663,2025-12-16,Giải ba,759,2
00663,2025-12-16,Giải ba,068,3
00663,2025-12-16,Giải ba,459,4
00663,2025-12-16,Giải ba,790,5
00663,2025-12-16,Giải ba,112,6
00663,2025-12-16,Giải ba,934,7
00663,2025-12-16,Giải Đặc biệt,894,0
00663,2025-12-16,Giải Đặc biệt,912,1
00663,2025-12-16,Giải nhất,630,0
00663,2025-12-16,Giải nhất,257,1
00663,2025-12-16,Giải nhất,428,2
00663,2025-12-16,Giải nhất,743,3
00663,2025-12-16,Giải nhì,908,0
00663,2025-12-16,Giải nhì,993,1
00663,2025-12-16,Giải nhì,149,2
00663,2025-12-16,Giải nhì,925,3
00663,2025-12-16,Giải nhì,130,4
00663,2025-12-16,Giải nhì,170,5
00662,2025-12-13,Giải ba,668,0
00662,2025-12-13,Giải ba,560,1
00662,2025-12-13,Giải ba,401,2
00662,2025-12-13,Giải ba,167,3
00662,2025-12-13,Giải ba,811,4
00662,2025-12-13,Giải ba,989,5
00662,2025-12-13,Giải ba,765,6
00662,2025-12-13,Giải ba,068,7
00662,2025-12-13,Giải Đặc biệt,226,0
00662,2025-12-13,Giải Đặc biệt,173,1
00662,2025-12-13,Giải nhất,005,0
00662,2025-12-13,Giải nhất,922,1
00662,2025-12-13,Giải nhất,613,2
00662,2025-12-13,Giải nhất,821,3
00662,2025-12-13,Giải nhì,186,0
00662,2025-12-13,Giải nhì,420,1
00662,2025-12-13,Giải nhì,341,2
00662,2025-12-13,Giải nhì,912,3
00662,2025-12-13,Giải nhì,753,4
00662,2025-12-13,Giải nhì,847,5
00661,2025-12-11,Giải ba,158,0
00661,2025-12-11,Giải ba,650,1
00661,2025-12-11,Giải ba,366,2
00661,2025-12-11,Giải ba,420,3
00661,2025-12-11,Giải ba,597,4
00661,2025-12-11,Giải ba,595,5
00661,2025-12-11,Giải ba,263,6
00661,2025-12-11,Giải ba,539,7
00661,2025-12-11,Giải Đặc biệt,637,0
00661,2025-12-11,Giải Đặc biệt,377,1
00661,2025-12-11,Giải nhất,159,0
00661,2025-12-11,Giải nhất,247,1
00661,2025-12-11,Giải nhất,462,2
00661,2025-12-11,Giải nhất,701,3
00661,2025-12-11,Giải nhì,587,0
00661,2025-12-11,Giải nhì,262,1
00661,2025-12-11,Giải nhì,795,2
00661,2025-12-11,Giải nhì,642,3
00661,2025-12-11,Giải nhì,949,4
00661,2025-12-11,Giải nhì,271,5
00660,2025-12-09,Giải ba,801,0
00660,2025-12-09,Giải ba,346,1
00660,2025-12-09,Giải ba,710,2
00660,2025-12-09,Giải ba,376,3
00660,2025-12-09,Giải ba,579,4
00660,2025-12-09,Giải ba,732,5
00660,2025-12-09,Giải ba,098,6
00660,2025-12-09,Giải ba,000,7
00660,2025-12-09,Giải Đặc biệt,823,0
00660,2025-12-09,Giải Đặc biệt,071,1
00660,2025-12-09,Giải nhất,935,0
00660,2025-12-09,Giải nhất,943,1
00660,2025-12-09,Giải nhất,508,2
00660,2025-12-09,Giải nhất,824,3
00660,2025-12-09,Giải nhì,217,0
00660,2025-12-09,Giải nhì,194,1
00660,2025-12-09,Giải nhì,392,2
00660,2025-12-09,Giải nhì,386,3
00660,2025-12-09,Giải nhì,868,4
00660,2025-12-09,Giải nhì,637,5
00659,2025-12-06,Giải ba,721,0
00659,2025-12-06,Giải ba,609,1
00659,2025-12-06,Giải ba,331,2
00659,2025-12-06,Giải ba,749,3
00659,2025-12-06,Giải ba,654,4
00659,2025-12-06,Giải ba,138,5
00659,2025-12-06,Giải ba,018,6
00659,2025-12-06,Giải ba,671,7
00659,2025-12-06,Giải Đặc biệt,249,0
00659,2025-12-06,Giải Đặc biệt,225,1
00659,2025-12-06,Giải nhất,080,0
00659,2025-12-06,Giải nhất,217,1
00659,2025-12-06,Giải nhất,572,2
00659,2025-12-06,Giải nhất,691,3
00659,2025-12-06,Giải nhì,176,0
00659,2025-12-06,Giải nhì,830,1
00659,2025-12-06,Giải nhì,539,2
00659,2025-12-06,Giải nhì,381,3
00659,2025-12-06,Giải nhì,269,4
00659,2025-12-06,Giải nhì,688,5
00658,2025-12-04,Giải ba,814,0
00658,2025-12-04,Giải ba,299,1
00658,2025-12-04,Giải ba,726,2
00658,2025-12-04,Giải ba,839,3
00658,2025-12-04,Giải ba,192,4
00658,2025-12-04,Giải ba,788,5
00658,2025-12-04,Giải ba,920,6
00658,2025-12-04,Giải ba,862,7
00658,2025-12-04,Giải Đặc biệt,535,0
00658,2025-12-04,Giải Đặc biệt,134,1
00658,2025-12-04,Giải nhất,911,0
00658,2025-12-04,Giải nhất,435,1
00658,2025-12-04,Giải nhất,000,2
00658,2025-12-04,Giải nhất,768,3
00658,2025-12-04,Giải nhì,361,0
00658,2025-12-04,Giải nhì,708,1
00658,2025-12-04,Giải nhì,712,2
00658,2025-12-04,Giải nhì,240,3
00658,2025-12-04,Giải nhì,373,4
00658,2025-12-04,Giải nhì,332,5
00657,2025-12-02,Giải ba,264,0
00657,2025-12-02,Giải ba,533,1
00657,2025-12-02,Giải ba,126,2
00657,2025-12-02,Giải ba,891,3
00657,2025-12-02,Giải ba,776,4
00657,2025-12-02,Giải ba,356,5
00657,2025-12-02,Giải ba,451,6
00657,2025-12-02,Giải ba,629,7
00657,2025-12-02,Giải Đặc biệt,687,0
00657,2025-12-02,Giải Đặc biệt,644,1
00657,2025-12-02,Giải nhất,440,0
00657,2025-12-02,Giải nhất,518,1
00657,2025-12-02,Giải nhất,488,2
00657,2025-12-02,Giải nhất,314,3
00657,2025-12-02,Giải nhì,320,0
00657,2025-12-02,Giải nhì,448,1
00657,2025-12-02,Giải nhì,575,2
00657,2025-12-02,Giải nhì,962,3
00657,2025-12-02,Giải nhì,195,4
00657,2025-12-02,Giải nhì,712,5
00656,2025-11-29,Giải ba,794,0
00656,2025-11-29,Giải ba,691,1
00656,2025-11-29,Giải ba,348,2
00656,2025-11-29,Giải ba,813,3
00656,2025-11-29,Giải ba,917,4
00656,2025-11-29,Giải ba,466,5
00656,2025-11-29,Giải ba,216,6
00656,2025-11-29,Giải ba,344,7
00656,2025-11-29,Giải Đặc biệt,512,0
00656,2025-11-29,Giải Đặc biệt,848,1
00656,2025-11-29,Giải nhất,911,0
00656,2025-11-29,Giải nhất,333,1
00656,2025-11-29,Giải nhất,959,2
00656,2025-11-29,Giải nhất,288,3
00656,2025-11-29,Giải nhì,438,0
00656,2025-11-29,Giải nhì,212,1
00656,2025-11-29,Giải nhì,603,2
00656,2025-11-29,Giải nhì,605,3
00656,2025-11-29,Giải nhì,120,4
00656,2025-11-29,Giải nhì,724,5
00655,2025-11-27,Giải ba,138,0
00655,2025-11-27,Giải ba,618,1
00655,2025-11-27,Giải ba,053,2
00655,2025-11-27,Giải ba,917,3
00655,2025-11-27,Giải ba,744,4
00655,2025-11-27,Giải ba,934,5
00655,2025-11-27,Giải ba,291,6
00655,2025-11-27,Giải ba,766,7
00655,2025-11-27,Giải Đặc biệt,345,0
00655,2025-11-27,Giải Đặc biệt,390,1
00655,2025-11-27,Giải nhất,530,0
00655,2025-11-27,Giải nhất,899,1
00655,2025-11-27,Giải nhất,629,2
00655,2025-11-27,Giải nhất,381,3
00655,2025-11-27,Giải nhì,808,0
00655,2025-11-27,Giải nhì,481,1
00655,2025-11-27,Giải nhì,113,2
00655,2025-11-27,Giải nhì,328,3
00655,2025-11-27,Giải nhì,716,4
00655,2025-11-27,Giải nhì,982,5
00654,2025-11-25,Giải ba,544,0
00654,2025-11-25,Giải ba,066,1
00654,2025-11-25,Giải ba,281,2
00654,2025-11-25,Giải ba,548,3
00654,2025-11-25,Giải ba,175,4
00654,2025-11-25,Giải ba,376,5
00654,2025-11-25,Giải ba,278,6
00654,2025-11-25,Giải ba,087,7
00654,2025-11-25,Giải Đặc biệt,333,0
00654,2025-11-25,Giải Đặc biệt,083,1
00654,2025-11-25,Giải nhất,239,0
00654,2025-11-25,Giải nhất,151,1
00654,2025-11-25,Giải nhất,545,2
00654,2025-11-25,Giải nhất,196,3
00654,2025-11-25,Giải nhì,834,0
00654,2025-11-25,Giải nhì,406,1
00654,2025-11-25,Giải nhì,487,2
00654,2025-11-25,Giải nhì,427,3
00654,2025-11-25,Giải nhì,326,4
00654,2025-11-25,Giải nhì,689,5
00653,2025-11-22,Giải ba,851,0
00653,2025-11-22,Giải ba,069,1
00653,2025-11-22,Giải ba,741,2
00653,2025-11-22,Giải ba,459,3
00653,2025-11-22,Giải ba,721,4
00653,2025-11-22,Giải ba,914,5
00653,2025-11-22,Giải ba,610,6
00653,2025-11-22,Giải ba,446,7
00653,2025-11-22,Giải Đặc biệt,523,0
00653,2025-11-22,Giải Đặc biệt,561,1
00653,2025-11-22,Giải nhất,648,0
00653,2025-11-22,Giải nhất,670,1
00653,2025-11-22,Giải nhất,247,2
00653,2025-11-22,Giải nhất,246,3
00653,2025-11-22,Giải nhì,378,0
00653,2025-11-22,Giải nhì,967,1
00653,2025-11-22,Giải nhì,850,2
00653,2025-11-22,Giải nhì,696,3
00653,2025-11-22,Giải nhì,520,4
00653,2025-11-22,Giải nhì,570,5
00652,2025-11-20,Giải ba,673,0
00652,2025-11-20,Giải ba,871,1
00652,2025-11-20,Giải ba,007,2
00652,2025-11-20,Giải ba,507,3
00652,2025-11-20,Giải ba,523,4
00652,2025-11-20,Giải ba,277,5
00652,2025-11-20,Giải ba,675,6
00652,2025-11-20,Giải ba,325,7
00652,2025-11-20,Giải Đặc biệt,669,0
00652,2025-11-20,Giải Đặc biệt,101,1
00652,2025-11-20,Giải nhất,059,0
00652,2025-11-20,Giải nhất,448,1
00652,2025-11-20,Giải nhất,772,2
00652,2025-11-20,Giải nhất,073,3
00652,2025-11-20,Giải nhì,466,0
00652,2025-11-20,Giải nhì,456,1
00652,2025-11-20,Giải nhì,303,2
00652,2025-11-20,Giải nhì,977,3
00652,2025-11-20,Giải nhì,112,4
00652,2025-11-20,Giải nhì,192,5
00651,2025-11-18,Giải ba,672,0
00651,2025-11-18,Giải ba,411,1
00651,2025-11-18,Giải ba,891,2
00651,2025-11-18,Giải ba,121,3
00651,2025-11-18,Giải ba,619,4
00651,2025-11-18,Giải ba,934,5
00651,2025-11-18,Giải ba,016,6
00651,2025-11-18,Giải ba,831,7
00651,2025-11-18,Giải Đặc biệt,661,0
00651,2025-11-18,Giải Đặc biệt,459,1
00651,2025-11-18,Giải nhất,836,0
00651,2025-11-18,Giải nhất,322,1
00651,2025-11-18,Giải nhất,203,2
00651,2025-11-18,Giải nhất,119,3
00651,2025-11-18,Giải nhì,762,0
00651,2025-11-18,Giải nhì,558,1
00651,2025-11-18,Giải nhì,272,2
00651,2025-11-18,Giải nhì,719,3
00651,2025-11-18,Giải nhì,902,4
00651,2025-11-18,Giải nhì,923,5
00650,2025-11-15,Giải ba,561,0
00650,2025-11-15,Giải ba,912,1
00650,2025-11-15,Giải ba,004,2
00650,2025-11-15,Giải ba,769,3
00650,2025-11-15,Giải ba,358,4
00650,2025-11-15,Giải ba,547,5
00650,2025-11-15,Giải ba,467,6
00650,2025-11-15,Giải ba,754,7
00650,2025-11-15,Giải Đặc biệt,939,0
00650,2025-11-15,Giải Đặc biệt,975,1
00650,2025-11-15,Giải nhất,383,0
00650,2025-11-15,Giải nhất,694,1
00650,2025-11-15,Giải nhất,818,2
00650,2025-11-15,Giải nhất,157,3
00650,2025-11-15,Giải nhì,752,0
00650,2025-11-15,Giải nhì,319,1
00650,2025-11-15,Giải nhì,439,2
00650,2025-11-15,Giải nhì,190,3
00650,2025-11-15,Giải nhì,145,4
00650,2025-11-15,Giải nhì,631,5
00649,2025-11-13,Giải ba,795,0
00649,2025-11-13,Giải ba,381,1
00649,2025-11-13,Giải ba,087,2
00649,2025-11-13,Giải ba,102,3
00649,2025-11-13,Giải ba,313,4
00649,2025-11-13,Giải ba,837,5
00649,2025-11-13,Giải ba,226,6
00649,2025-11-13,Giải ba,538,7
00649,2025-11-13,Giải Đặc biệt,476,0
00649,2025-11-13,Giải Đặc biệt,754,1
00649,2025-11-13,Giải nhất,207,0
00649,2025-11-13,Giải nhất,430,1
00649,2025-11-13,Giải nhất,699,2
00649,2025-11-13,Giải nhất,206,3
00649,2025-11-13,Giải nhì,973,0
00649,2025-11-13,Giải nhì,136,1
00649,2025-11-13,Giải nhì,982,2
00649,2025-11-13,Giải nhì,759,3
00649,2025-11-13,Giải nhì,710,4
00649,2025-11-13,Giải nhì,923,5
00648,2025-11-11,Giải ba,271,0
00648,2025-11-11,Giải ba,671,1
00648,2025-11-11,Giải ba,865,2
00648,2025-11-11,Giải ba,854,3
00648,2025-11-11,Giải ba,436,4
00648,2025-11-11,Giải ba,056,5
00648,2025-11-11,Giải ba,991,6
00648,2025-11-11,Giải ba,850,7
00648,2025-11-11,Giải Đặc biệt,500,0
00648,2025-11-11,Giải Đặc biệt,707,1
00648,2025-11-11,Giải nhất,223,0
00648,2025-11-11,Giải nhất,585,1
00648,2025-11-11,Giải nhất,984,2
00648,2025-11-11,Giải nhất,126,3
00648,2025-11-11,Giải nhì,678,0
00648,2025-11-11,Giải nhì,391,1
00648,2025-11-11,Giải nhì,290,2
00648,2025-11-11,Giải nhì,816,3
00648,2025-11-11,Giải nhì,787,4
00648,2025-11-11,Giải nhì,480,5
00647,2025-11-08,Giải ba,121,0
00647,2025-11-08,Giải ba,785,1
00647,2025-11-08,Giải ba,744,2
00647,2025-11-08,Giải ba,415,3
00647,2025-11-08,Giải ba,442,4
00647,2025-11-08,Giải ba,697,5
00647,2025-11-08,Giải ba,696,6
00647,2025-11-08,Giải ba,218,7
00647,2025-11-08,Giải Đặc biệt,417,0
00647,2025-11-08,Giải Đặc biệt,859,1
00647,2025-11-08,Giải nhất,332,0
00647,2025-11-08,Giải nhất,165,1
00647,2025-11-08,Giải nhất,308,2
00647,2025-11-08,Giải nhất,556,3
00647,2025-11-08,Giải nhì,805,0
00647,2025-11-08,Giải nhì,674,1
00647,2025-11-08,Giải nhì,019,2
00647,2025-11-08,Giải nhì,142,3
00647,2025-11-08,Giải nhì,356,4
00647,2025-11-08,Giải nhì,817,5
00646,2025-11-06,Giải ba,026,0
00646,2025-11-06,Giải ba,248,1
00646,2025-11-06,Giải ba,284,2
00646,2025-11-06,Giải ba,528,3
00646,2025-11-06,Giải ba,680,4
00646,2025-11-06,Giải ba,794,5
00646,2025-11-06,Giải ba,856,6
00646,2025-11-06,Giải ba,011,7
00646,2025-11-06,Giải Đặc biệt,597,0
00646,2025-11-06,Giải Đặc biệt,426,1
00646,2025-11-06,Giải nhất,470,0
00646,2025-11-06,Giải nhất,488,1
00646,2025-11-06,Giải nhất,673,2
00646,2025-11-06,Giải nhất,131,3
00646,2025-11-06,Giải nhì,317,0
00646,2025-11-06,Giải nhì,875,1
00646,2025-11-06,Giải nhì,829,2
00646,2025-11-06,Giải nhì,100,3
00646,2025-11-06,Giải nhì,221,4
00646,2025-11-06,Giải nhì,881,5
00645,2025-11-04,Giải ba,069,0
00645,2025-11-04,Giải ba,574,1
00645,2025-11-04,Giải ba,853,2
00645,2025-11-04,Giải ba,964,3
00645,2025-11-04,Giải ba,101,4
00645,2025-11-04,Giải ba,152,5
00645,2025-11-04,Giải ba,250,6
00645,2025-11-04,Giải ba,768,7
00645,2025-11-04,Giải Đặc biệt,876,0
00645,2025-11-04,Giải Đặc biệt,393,1
00645,2025-11-04,Giải nhất,011,0
00645,2025-11-04,Giải nhất,217,1
00645,2025-11-04,Giải nhất,243,2
00645,2025-11-04,Giải nhất,168,3
00645,2025-11-04,Giải nhì,388,0
00645,2025-11-04,Giải nhì,557,1
00645,2025-11-04,Giải nhì,438,2
00645,2025-11-04,Giải nhì,391,3
00645,2025-11-04,Giải nhì,905,4
00645,2025-11-04,Giải nhì,117,5
00644,2025-11-01,Giải ba,016,0
00644,2025-11-01,Giải ba,921,1
00644,2025-11-01,Giải ba,729,2
00644,2025-11-01,Giải ba,609,3
00644,2025-11-01,Giải ba,607,4
00644,2025-11-01,Giải ba,722,5
00644,2025-11-01,Giải ba,180,6
00644,2025-11-01,Giải ba,363,7
00644,2025-11-01,Giải Đặc biệt,634,0
00644,2025-11-01,Giải Đặc biệt,985,1
00644,2025-11-01,Giải nhất,496,0
00644,2025-11-01,Giải nhất,621,1
00644,2025-11-01,Giải nhất,387,2
00644,2025-11-01,Giải nhất,399,3
00644,2025-11-01,Giải nhì,492,0
00644,2025-11-01,Giải nhì,249,1
00644,2025-11-01,Giải nhì,256,2
00644,2025-11-01,Giải nhì,069,3
00644,2025-11-01,Giải nhì,819,4
00644,2025-11-01,Giải nhì,462,5
00643,2025-10-30,Giải ba,589,0
00643,2025-10-30,Giải ba,748,1
00643,2025-10-30,Giải ba,798,2
00643,2025-10-30,Giải ba,557,3
00643,2025-10-30,Giải ba,966,4
00643,2025-10-30,Giải ba,604,5
00643,2025-10-30,Giải ba,935,6
00643,2025-10-30,Giải ba,825,7
00643,2025-10-30,Giải Đặc biệt,970,0
00643,2025-10-30,Giải Đặc biệt,845,1
00643,2025-10-30,Giải nhất,704,0
00643,2025-10-30,Giải nhất,738,1
00643,2025-10-30,Giải nhất,377,2
00643,2025-10-30,Giải nhất,792,3
00643,2025-10-30,Giải nhì,799,0
00643,2025-10-30,Giải nhì,410,1
00643,2025-10-30,Giải nhì,730,2
00643,2025-10-30,Giải nhì,840,3
00643,2025-10-30,Giải nhì,316,4
00643,2025-10-30,Giải nhì,228,5
00642,2025-10-28,Giải ba,189,0
00642,2025-10-28,Giải ba,071,1
00642,2025-10-28,Giải ba,954,2
00642,2025-10-28,Giải ba,807,3
00642,2025-10-28,Giải ba,998,4
00642,2025-10-28,Giải ba,062,5
00642,2025-10-28,Giải ba,869,6
00642,2025-10-28,Giải ba,294,7
00642,2025-10-28,Giải Đặc biệt,236,0
00642,2025-10-28,Giải Đặc biệt,407,1
00642,2025-10-28,Giải nhất,523,0
00642,2025-10-28,Giải nhất,972,1
00642,2025-10-28,Giải nhất,396,2
00642,2025-10-28,Giải nhất,093,3
00642,2025-10-28,Giải nhì,471,0
00642,2025-10-28,Giải nhì,399,1
00642,2025-10-28,Giải nhì,247,2
00642,2025-10-28,Giải nhì,489,3
00642,2025-10-28,Giải nhì,987,4
00642,2025-10-28,Giải nhì,249,5
00641,2025-10-25,Giải ba,486,0
00641,2025-10-25,Giải ba,445,1
00641,2025-10-25,Giải ba,758,2
00641,2025-10-25,Giải ba,346,3
00641,2025-10-25,Giải ba,250,4
00641,2025-10-25,Giải ba,581,5
00641,2025-10-25,Giải ba,705,6
00641,2025-10-25,Giải ba,692,7
00641,2025-10-25,Giải Đặc biệt,189,0
00641,2025-10-25,Giải Đặc biệt,697,1
00641,2025-10-25,Giải nhất,804,0
00641,2025-10-25,Giải nhất,846,1
00641,2025-10-25,Giải nhất,071,2
00641,2025-10-25,Giải nhất,607,3
00641,2025-10-25,Giải nhì,880,0
00641,2025-10-25,Giải nhì,045,1
00641,2025-10-25,Giải nhì,372,2
00641,2025-10-25,Giải nhì,720,3
00641,2025-10-25,Giải nhì,081,4
00641,2025-10-25,Giải nhì,273,5
00640,2025-10-23,Giải ba,484,0
00640,2025-10-23,Giải ba,272,1
00640,2025-10-23,Giải ba,304,2
00640,2025-10-23,Giải ba,784,3
00640,2025-10-23,Giải ba,631,4
00640,2025-10-23,Giải ba,474,5
00640,2025-10-23,Giải ba,544,6
00640,2025-10-23,Giải ba,494,7
00640,2025-10-23,Giải Đặc biệt,762,0
00640,2025-10-23,Giải Đặc biệt,364,1
00640,2025-10-23,Giải nhất,932,0
00640,2025-10-23,Giải nhất,740,1
00640,2025-10-23,Giải nhất,896,2
00640,2025-10-23,Giải nhất,394,3
00640,2025-10-23,Giải nhì,804,0
00640,2025-10-23,Giải nhì,077,1
00640,2025-10-23,Giải nhì,262,2
00640,2025-10-23,Giải nhì,690,3
00640,2025-10-23,Giải nhì,538,4
00640,2025-10-23,Giải nhì,965,5
00639,2025-10-21,Giải ba,456,0
00639,2025-10-21,Giải ba,847,1
00639,2025-10-21,Giải ba,262,2
00639,2025-10-21,Giải ba,776,3
00639,2025-10-21,Giải ba,720,4
00639,2025-10-21,Giải ba,585,5
00639,2025-10-21,Giải ba,985,6
00639,2025-10-21,Giải ba,969,7
00639,2025-10-21,Giải Đặc biệt,631,0
00639,2025-10-21,Giải Đặc biệt,009,1
00639,2025-10-21,Giải nhất,674,0
00639,2025-10-21,Giải nhất,261,1
00639,2025-10-21,Giải nhất,360,2
00639,2025-10-21,Giải nhất,968,3
00639,2025-10-21,Giải nhì,678,0
00639,2025-10-21,Giải nhì,548,1
00639,2025-10-21,Giải nhì,264,2
00639,2025-10-21,Giải nhì,876,3
00639,2025-10-21,Giải nhì,310,4
00639,2025-10-21,Giải nhì,538,5
00638,2025-10-18,Giải ba,081,0
00638,2025-10-18,Giải ba,217,1
00638,2025-10-18,Giải ba,915,2
00638,2025-10-18,Giải ba,518,3
00638,2025-10-18,Giải ba,895,4
00638,2025-10-18,Giải ba,184,5
00638,2025-10-18,Giải ba,802,6
00638,2025-10-18,Giải ba,956,7
00638,2025-10-18,Giải Đặc biệt,063,0
00638,2025-10-18,Giải Đặc biệt,615,1
00638,2025-10-18,Giải nhất,255,0
00638,2025-10-18,Giải nhất,181,1
00638,2025-10-18,Giải nhất,364,2
00638,2025-10-18,Giải nhất,408,3
00638,2025-10-18,Giải nhì,772,0
00638,2025-10-18,Giải nhì,578,1
00638,2025-10-18,Giải nhì,353,2
00638,2025-10-18,Giải nhì,710,3
00638,2025-10-18,Giải nhì,796,4
00638,2025-10-18,Giải nhì,618,5
00637,2025-10-16,Giải ba,886,0
00637,2025-10-16,Giải ba,160,1
00637,2025-10-16,Giải ba,849,2
00637,2025-10-16,Giải ba,736,3
00637,2025-10-16,Giải ba,478,4
00637,2025-10-16,Giải ba,007,5
00637,2025-10-16,Giải ba,511,6
00637,2025-10-16,Giải ba,731,7
00637,2025-10-16,Giải Đặc biệt,207,0
00637,2025-10-16,Giải Đặc biệt,504,1
00637,2025-10-16,Giải nhất,352,0
00637,2025-10-16,Giải nhất,991,1
00637,2025-10-16,Giải nhất,918,2
00637,2025-10-16,Giải nhất,176,3
00637,2025-10-16,Giải nhì,952,0
00637,2025-10-16,Giải nhì,504,1
00637,2025-10-16,Giải nhì,805,2
00637,2025-10-16,Giải nhì,120,3
00637,2025-10-16,Giải nhì,045,4
00637,2025-10-16,Giải nhì,866,5
00636,2025-10-14,Giải ba,205,0
00636,2025-10-14,Giải ba,666,1
00636,2025-10-14,Giải ba,872,2
00636,2025-10-14,Giải ba,115,3
00636,2025-10-14,Giải ba,170,4
00636,2025-10-14,Giải ba,391,5
00636,2025-10-14,Giải ba,818,6
00636,2025-10-14,Giải ba,719,7
00636,2025-10-14,Giải Đặc biệt,834,0
00636,2025-10-14,Giải Đặc biệt,491,1
00636,2025-10-14,Giải nhất,103,0
00636,2025-10-14,Giải nhất,331,1
00636,2025-10-14,Giải nhất,493,2
00636,2025-10-14,Giải nhất,008,3
00636,2025-10-14,Giải nhì,002,0
00636,2025-10-14,Giải nhì,786,1
00636,2025-10-14,Giải nhì,556,2
00636,2025-10-14,Giải nhì,166,3
00636,2025-10-14,Giải nhì,152,4
00636,2025-10-14,Giải nhì,939,5
00635,2025-10-11,Giải ba,064,0
00635,2025-10-11,Giải ba,422,1
00635,2025-10-11,Giải ba,532,2
00635,2025-10-11,Giải ba,442,3
00635,2025-10-11,Giải ba,386,4
00635,2025-10-11,Giải ba,763,5
00635,2025-10-11,Giải ba,894,6
00635,2025-10-11,Giải ba,149,7
00635,2025-10-11,Giải Đặc biệt,730,0
00635,2025-10-11,Giải Đặc biệt,471,1
00635,2025-10-11,Giải nhất,118,0
00635,2025-10-11,Giải nhất,371,1
00635,2025-10-11,Giải nhất,759,2
00635,2025-10-11,Giải nhất,936,3
00635,2025-10-11,Giải nhì,932,0
00635,2025-10-11,Giải nhì,855,1
00635,2025-10-11,Giải nhì,400,2
00635,2025-10-11,Giải nhì,738,3
00635,2025-10-11,Giải nhì,636,4
00635,2025-10-11,Giải nhì,024,5
00634,2025-10-09,Giải ba,981,0
00634,2025-10-09,Giải ba,795,1
00634,2025-10-09,Giải ba,024,2
00634,2025-10-09,Giải ba,712,3
00634,2025-10-09,Giải ba,904,4
00634,2025-10-09,Giải ba,248,5
00634,2025-10-09,Giải ba,981,6
00634,2025-10-09,Giải ba,502,7
00634,2025-10-09,Giải Đặc biệt,017,0
00634,2025-10-09,Giải Đặc biệt,566,1
00634,2025-10-09,Giải nhất,180,0
00634,2025-10-09,Giải nhất,993,1
00634,2025-10-09,Giải nhất,281,2
00634,2025-10-09,Giải nhất,279,3
00634,2025-10-09,Giải nhì,281,0
00634,2025-10-09,Giải nhì,104,1
00634,2025-10-09,Giải nhì,879,2
00634,2025-10-09,Giải nhì,532,3
00634,2025-10-09,Giải nhì,737,4
00634,2025-10-09,Giải nhì,381,5
00633,2025-10-07,Giải ba,314,0
00633,2025-10-07,Giải ba,375,1
00633,2025-10-07,Giải ba,513,2
00633,2025-10-07,Giải ba,386,3
00633,2025-10-07,Giải ba,416,4
00633,2025-10-07,Giải ba,867,5
00633,2025-10-07,Giải ba,072,6
00633,2025-10-07,Giải ba,307,7
00633,2025-10-07,Giải Đặc biệt,408,0
00633,2025-10-07,Giải Đặc biệt,452,1
00633,2025-10-07,Giải nhất,462,0
00633,2025-10-07,Giải nhất,949,1
00633,2025-10-07,Giải nhất,134,2
00633,2025-10-07,Giải nhất,421,3
00633,2025-10-07,Giải nhì,269,0
00633,2025-10-07,Giải nhì,916,1
00633,2025-10-07,Giải nhì,577,2
00633,2025-10-07,Giải nhì,427,3
00633,2025-10-07,Giải nhì,686,4
00633,2025-10-07,Giải nhì,301,5
00632,2025-10-04,Giải ba,581,0
00632,2025-10-04,Giải ba,395,1
00632,2025-10-04,Giải ba,881,2
00632,2025-10-04,Giải ba,370,3
00632,2025-10-04,Giải ba,270,4
00632,2025-10-04,Giải ba,371,5
00632,2025-10-04,Giải ba,745,6
00632,2025-10-04,Giải ba,993,7
00632,2025-10-04,Giải Đặc biệt,025,0
00632,2025-10-04,Giải Đặc biệt,802,1
00632,2025-10-04,Giải nhất,966,0
00632,2025-10-04,Giải nhất,665,1
00632,2025-10-04,Giải nhất,911,2
00632,2025-10-04,Giải nhất,167,3
00632,2025-10-04,Giải nhì,511,0
00632,2025-10-04,Giải nhì,136,1
00632,2025-10-04,Giải nhì,365,2
00632,2025-10-04,Giải nhì,591,3
00632,2025-10-04,Giải nhì,149,4
00632,2025-10-04,Giải nhì,374,5
00631,2025-10-02,Giải ba,578,0
00631,2025-10-02,Giải ba,089,1
00631,2025-10-02,Giải ba,766,2
00631,2025-10-02,Giải ba,639,3
00631,2025-10-02,Giải ba,507,4
00631,2025-10-02,Giải ba,804,5
00631,2025-10-02,Giải ba,990,6
00631,2025-10-02,Giải ba,042,7
00631,2025-10-02,Giải Đặc biệt,342,0
00631,2025-10-02,Giải Đặc biệt,341,1
00631,2025-10-02,Giải nhất,672,0
00631,2025-10-02,Giải nhất,120,1
00631,2025-10-02,Giải nhất,242,2
00631,2025-10-02,Giải nhất,122,3
00631,2025-10-02,Giải nhì,256,0
00631,2025-10-02,Giải nhì,896,1
00631,2025-10-02,Giải nhì,180,2
00631,2025-10-02,Giải nhì,686,3
00631,2025-10-02,Giải nhì,542,4
00631,2025-10-02,Giải nhì,536,5
00630,2025-09-30,Giải ba,859,0
00630,2025-09-30,Giải ba,183,1
00630,2025-09-30,Giải ba,018,2
00630,2025-09-30,Giải ba,246,3
00630,2025-09-30,Giải ba,403,4
00630,2025-09-30,Giải ba,346,5
00630,2025-09-30,Giải ba,588,6
00630,2025-09-30,Giải ba,628,7
00630,2025-09-30,Giải Đặc biệt,714,0
00630,2025-09-30,Giải Đặc biệt,339,1
00630,2025-09-30,Giải nhất,109,0
00630,2025-09-30,Giải nhất,934,1
00630,2025-09-30,Giải nhất,451,2
00630,2025-09-30,Giải nhất,476,3
00630,2025-09-30,Giải nhì,440,0
00630,2025-09-30,Giải nhì,651,1
00630,2025-09-30,Giải nhì,045,2
00630,2025-09-30,Giải nhì,221,3
00630,2025-09-30,Giải nhì,081,4
00630,2025-09-30,Giải nhì,163,5
00629,2025-09-27,Giải ba,220,0
00629,2025-09-27,Giải ba,070,1
00629,2025-09-27,Giải ba,221,2
00629,2025-09-27,Giải ba,354,3
00629,2025-09-27,Giải ba,083,4
00629,2025-09-27,Giải ba,766,5
00629,2025-09-27,Giải ba,238,6
00629,2025-09-27,Giải ba,093,7
00629,2025-09-27,Giải Đặc biệt,168,0
00629,2025-09-27,Giải Đặc biệt,325,1
00629,2025-09-27,Giải nhất,008,0
00629,2025-09-27,Giải nhất,454,1
00629,2025-09-27,Giải nhất,501,2
00629,2025-09-27,Giải nhất,023,3
00629,2025-09-27,Giải nhì,885,0
00629,2025-09-27,Giải nhì,299,1
00629,2025-09-27,Giải nhì,509,2
00629,2025-09-27,Giải nhì,920,3
00629,2025-09-27,Giải nhì,397,4
00629,2025-09-27,Giải nhì,573,5
00628,2025-09-25,Giải ba,824,0
00628,2025-09-25,Giải ba,318,1
00628,2025-09-25,Giải ba,932,2
00628,2025-09-25,Giải ba,960,3
00628,2025-09-25,Giải ba,008,4
00628,2025-09-25,Giải ba,546,5
00628,2025-09-25,Giải ba,485,6
00628,2025-09-25,Giải ba,527,7
00628,2025-09-25,Giải Đặc biệt,921,0
00628,2025-09-25,Giải Đặc biệt,906,1
00628,2025-09-25,Giải nhất,150,0
00628,2025-09-25,Giải nhất,344,1
00628,2025-09-25,Giải nhất,250,2
00628,2025-09-25,Giải nhất,984,3
00628,2025-09-25,Giải nhì,684,0
00628,2025-09-25,Giải nhì,637,1
00628,2025-09-25,Giải nhì,745,2
00628,2025-09-25,Giải nhì,140,3
00628,2025-09-25,Giải nhì,055,4
00628,2025-09-25,Giải nhì,419,5
00627,2025-09-23,Giải ba,547,0
00627,2025-09-23,Giải ba,734,1
00627,2025-09-23,Giải ba,568,2
00627,2025-09-23,Giải ba,636,3
00627,2025-09-23,Giải ba,067,4
00627,2025-09-23,Giải ba,544,5
00627,2025-09-23,Giải ba,005,6
00627,2025-09-23,Giải ba,859,7
00627,2025-09-23,Giải Đặc biệt,508,0
00627,2025-09-23,Giải Đặc biệt,486,1
00627,2025-09-23,Giải nhất,009,0
00627,2025-09-23,Giải nhất,037,1
00627,2025-09-23,Giải nhất,573,2
00627,2025-09-23,Giải nhất,639,3
00627,2025-09-23,Giải nhì,914,0
00627,2025-09-23,Giải nhì,029,1
00627,2025-09-23,Giải nhì,529,2
00627,2025-09-23,Giải nhì,361,3
00627,2025-09-23,Giải nhì,291,4
00627,2025-09-23,Giải nhì,660,5
00626,2025-09-20,Giải ba,838,0
00626,2025-09-20,Giải ba,980,1
00626,2025-09-20,Giải ba,716,2
00626,2025-09-20,Giải ba,154,3
00626,2025-09-20,Giải ba,429,4
00626,2025-09-20,Giải ba,869,5
00626,2025-09-20,Giải ba,481,6
00626,2025-09-20,Giải ba,170,7
00626,2025-09-20,Giải Đặc biệt,451,0
00626,2025-09-20,Giải Đặc biệt,219,1
00626,2025-09-20,Giải nhất,338,0
00626,2025-09-20,Giải nhất,400,1
00626,2025-09-20,Giải nhất,295,2
00626,2025-09-20,Giải nhất,444,3
00626,2025-09-20,Giải nhì,112,0
00626,2025-09-20,Giải nhì,510,1
00626,2025-09-20,Giải nhì,353,2
00626,2025-09-20,Giải nhì,196,3
00626,2025-09-20,Giải nhì,140,4
00626,2025-09-20,Giải nhì,531,5
00625,2025-09-18,Giải ba,526,0
00625,2025-09-18,Giải ba,521,1
00625,2025-09-18,Giải ba,881,2
00625,2025-09-18,Giải ba,771,3
00625,2025-09-18,Giải ba,480,4
00625,2025-09-18,Giải ba,159,5
00625,2025-09-18,Giải ba,060,6
00625,2025-09-18,Giải ba,325,7
00625,2025-09-18,Giải Đặc biệt,644,0
00625,2025-09-18,Giải Đặc biệt,242,1
00625,2025-09-18,Giải nhất,699,0
00625,2025-09-18,Giải nhất,058,1
00625,2025-09-18,Giải nhất,447,2
00625,2025-09-18,Giải nhất,864,3
00625,2025-09-18,Giải nhì,305,0
00625,2025-09-18,Giải nhì,268,1
00625,2025-09-18,Giải nhì,428,2
00625,2025-09-18,Giải nhì,102,3
00625,2025-09-18,Giải nhì,605,4
00625,2025-09-18,Giải nhì,010,5
00624,2025-09-16,Giải ba,735,0
00624,2025-09-16,Giải ba,236,1
00624,2025-09-16,Giải ba,632,2
00624,2025-09-16,Giải ba,758,3
00624,2025-09-16,Giải ba,529,4
00624,2025-09-16,Giải ba,761,5
00624,2025-09-16,Giải ba,363,6
00624,2025-09-16,Giải ba,452,7
00624,2025-09-16,Giải Đặc biệt,765,0
00624,2025-09-16,Giải Đặc biệt,178,1
00624,2025-09-16,Giải nhất,257,0
00624,2025-09-16,Giải nhất,776,1
00624,2025-09-16,Giải nhất,251,2
00624,2025-09-16,Giải nhất,486,3
00624,2025-09-16,Giải nhì,592,0
00624,2025-09-16,Giải nhì,183,1
00624,2025-09-16,Giải nhì,215,2
00624,2025-09-16,Giải nhì,350,3
00624,2025-09-16,Giải nhì,435,4
00624,2025-09-16,Giải nhì,535,5
00623,2025-09-13,Giải ba,372,0
00623,2025-09-13,Giải ba,084,1
00623,2025-09-13,Giải ba,843,2
00623,2025-09-13,Giải ba,816,3
00623,2025-09-13,Giải ba,798,4
00623,2025-09-13,Giải ba,526,5
00623,2025-09-13,Giải ba,489,6
00623,2025-09-13,Giải ba,598,7
00623,2025-09-13,Giải Đặc biệt,331,0
00623,2025-09-13,Giải Đặc biệt,297,1
00623,2025-09-13,Giải nhất,468,0
00623,2025-09-13,Giải nhất,950,1
00623,2025-09-13,Giải nhất,721,2
00623,2025-09-13,Giải nhất,854,3
00623,2025-09-13,Giải nhì,856,0
00623,2025-09-13,Giải nhì,694,1
00623,2025-09-13,Giải nhì,797,2
00623,2025-09-13,Giải nhì,873,3
00623,2025-09-13,Giải nhì,197,4
00623,2025-09-13,Giải nhì,078,5
00622,2025-09-11,Giải ba,232,0
00622,2025-09-11,Giải ba,886,1
00622,2025-09-11,Giải ba,848,2
00622,2025-09-11,Giải ba,965,3
00622,2025-09-11,Giải ba,128,4
00622,2025-09-11,Giải ba,759,5
00622,2025-09-11,Giải ba,726,6
00622,2025-09-11,Giải ba,353,7
00622,2025-09-11,Giải Đặc biệt,945,0
00622,2025-09-11,Giải Đặc biệt,121,1
00622,2025-09-11,Giải nhất,497,0
00622,2025-09-11,Giải nhất,305,1
00622,2025-09-11,Giải nhất,142,2
00622,2025-09-11,Giải nhất,287,3
00622,2025-09-11,Giải nhì,755,0
00622,2025-09-11,Giải nhì,033,1
00622,2025-09-11,Giải nhì,840,2
00622,2025-09-11,Giải nhì,932,3
00622,2025-09-11,Giải nhì,567,4
00622,2025-09-11,Giải nhì,570,5
00621,2025-09-09,Giải ba,874,0
00621,2025-09-09,Giải ba,616,1
00621,2025-09-09,Giải ba,639,2
00621,2025-09-09,Giải ba,252,3
00621,2025-09-09,Giải ba,980,4
00621,2025-09-09,Giải ba,447,5
00621,2025-09-09,Giải ba,417,6
00621,2025-09-09,Giải ba,256,7
00621,2025-09-09,Giải Đặc biệt,606,0
00621,2025-09-09,Giải Đặc biệt,424,1
00621,2025-09-09,Giải nhất,618,0
00621,2025-09-09,Giải nhất,536,1
00621,2025-09-09,Giải nhất,242,2
00621,2025-09-09,Giải nhất,925,3
00621,2025-09-09,Giải nhì,552,0
00621,2025-09-09,Giải nhì,175,1
00621,2025-09-09,Giải nhì,765,2
00621,2025-09-09,Giải nhì,671,3
00621,2025-09-09,Giải nhì,182,4
00621,2025-09-09,Giải nhì,883,5
00620,2025-09-06,Giải ba,702,0
00620,2025-09-06,Giải ba,756,1
00620,2025-09-06,Giải ba,402,2
00620,2025-09-06,Giải ba,009,3
00620,2025-09-06,Giải ba,229,4
00620,2025-09-06,Giải ba,195,5
00620,2025-09-06,Giải ba,264,6
00620,2025-09-06,Giải ba,398,7
00620,2025-09-06,Giải Đặc biệt,392,0
00620,2025-09-06,Giải Đặc biệt,498,1
00620,2025-09-06,Giải nhất,743,0
00620,2025-09-06,Giải nhất,477,1
00620,2025-09-06,Giải nhất,392,2
00620,2025-09-06,Giải nhất,366,3
00620,2025-09-06,Giải nhì,040,0
00620,2025-09-06,Giải nhì,112,1
00620,2025-09-06,Giải nhì,751,2
00620,2025-09-06,Giải nhì,964,3
00620,2025-09-06,Giải nhì,602,4
00620,2025-09-06,Giải nhì,857,5
00619,2025-09-04,Giải ba,856,0
00619,2025-09-04,Giải ba,326,1
00619,2025-09-04,Giải ba,469,2
00619,2025-09-04,Giải ba,079,3
00619,2025-09-04,Giải ba,965,4
00619,2025-09-04,Giải ba,705,5
00619,2025-09-04,Giải ba,206,6
00619,2025-09-04,Giải ba,198,7
00619,2025-09-04,Giải Đặc biệt,950,0
00619,2025-09-04,Giải Đặc biệt,430,1
00619,2025-09-04,Giải nhất,138,0
00619,2025-09-04,Giải nhất,873,1
00619,2025-09-04,Giải nhất,773,2
00619,2025-09-04,Giải nhất,637,3
00619,2025-09-04,Giải nhì,919,0
00619,2025-09-04,Giải nhì,012,1
00619,2025-09-04,Giải nhì,958,2
00619,2025-09-04,Giải nhì,784,3
00619,2025-09-04,Giải nhì,437,4
00619,2025-09-04,Giải nhì,068,5
00618,2025-09-02,Giải ba,239,0
00618,2025-09-02,Giải ba,392,1
00618,2025-09-02,Giải ba,320,2
00618,2025-09-02,Giải ba,634,3
00618,2025-09-02,Giải ba,717,4
00618,2025-09-02,Giải ba,024,5
00618,2025-09-02,Giải ba,489,6
00618,2025-09-02,Giải ba,619,7
00618,2025-09-02,Giải Đặc biệt,512,0
00618,2025-09-02,Giải Đặc biệt,831,1
00618,2025-09-02,Giải nhất,748,0
00618,2025-09-02,Giải nhất,922,1
00618,2025-09-02,Giải nhất,464,2
00618,2025-09-02,Giải nhất,173,3
00618,2025-09-02,Giải nhì,884,0
00618,2025-09-02,Giải nhì,251,1
00618,2025-09-02,Giải nhì,544,2
00618,2025-09-02,Giải nhì,848,3
00618,2025-09-02,Giải nhì,944,4
00618,2025-09-02,Giải nhì,186,5
00617,2025-08-30,Giải ba,294,0
00617,2025-08-30,Giải ba,066,1
00617,2025-08-30,Giải ba,338,2
00617,2025-08-30,Giải ba,397,3
00617,2025-08-30,Giải ba,343,4
00617,2025-08-30,Giải ba,322,5
00617,2025-08-30,Giải ba,904,6
00617,2025-08-30,Giải ba,575,7
00617,2025-08-30,Giải Đặc biệt,254,0
00617,2025-08-30,Giải Đặc biệt,866,1
00617,2025-08-30,Giải nhất,018,0
00617,2025-08-30,Giải nhất,306,1
00617,2025-08-30,Giải nhất,925,2
00617,2025-08-30,Giải nhất,201,3
00617,2025-08-30,Giải nhì,717,0
00617,2025-08-30,Giải nhì,664,1
00617,2025-08-30,Giải nhì,910,2
00617,2025-08-30,Giải nhì,680,3
00617,2025-08-30,Giải nhì,972,4
00617,2025-08-30,Giải nhì,817,5
00616,2025-08-28,Giải ba,568,0
00616,2025-08-28,Giải ba,198,1
00616,2025-08-28,Giải ba,705,2
00616,2025-08-28,Giải ba,666,3
00616,2025-08-28,Giải ba,581,4
00616,2025-08-28,Giải ba,010,5
00616,2025-08-28,Giải ba,953,6
00616,2025-08-28,Giải ba,426,7
00616,2025-08-28,Giải Đặc biệt,052,0
00616,2025-08-28,Giải Đặc biệt,761,1
00616,2025-08-28,Giải nhất,221,0
00616,2025-08-28,Giải nhất,545,1
00616,2025-08-28,Giải nhất,495,2
00616,2025-08-28,Giải nhất,576,3
00616,2025-08-28,Giải nhì,918,0
00616,2025-08-28,Giải nhì,415,1
00616,2025-08-28,Giải nhì,979,2
00616,2025-08-28,Giải nhì,602,3
00616,2025-08-28,Giải nhì,110,4
00616,2025-08-28,Giải nhì,188,5
00615,2025-08-26,Giải ba,485,0
00615,2025-08-26,Giải ba,816,1
00615,2025-08-26,Giải ba,172,2
00615,2025-08-26,Giải ba,249,3
00615,2025-08-26,Giải ba,908,4
00615,2025-08-26,Giải ba,795,5
00615,2025-08-26,Giải ba,081,6
00615,2025-08-26,Giải ba,239,7
00615,2025-08-26,Giải Đặc biệt,048,0
00615,2025-08-26,Giải Đặc biệt,319,1
00615,2025-08-26,Giải nhất,554,0
00615,2025-08-26,Giải nhất,254,1
00615,2025-08-26,Giải nhất,553,2
00615,2025-08-26,Giải nhất,809,3
00615,2025-08-26,Giải nhì,166,0
00615,2025-08-26,Giải nhì,004,1
00615,2025-08-26,Giải nhì,561,2
00615,2025-08-26,Giải nhì,499,3
00615,2025-08-26,Giải nhì,832,4
00615,2025-08-26,Giải nhì,520,5
00614,2025-08-23,Giải ba,860,0
00614,2025-08-23,Giải ba,277,1
00614,2025-08-23,Giải ba,382,2
00614,2025-08-23,Giải ba,830,3
00614,2025-08-23,Giải ba,533,4
00614,2025-08-23,Giải ba,069,5
00614,2025-08-23,Giải ba,321,6
00614,2025-08-23,Giải ba,460,7
00614,2025-08-23,Giải Đặc biệt,789,0
00614,2025-08-23,Giải Đặc biệt,037,1
00614,2025-08-23,Giải nhất,560,0
00614,2025-08-23,Giải nhất,651,1
00614,2025-08-23,Giải nhất,551,2
00614,2025-08-23,Giải nhất,925,3
00614,2025-08-23,Giải nhì,095,0
00614,2025-08-23,Giải nhì,838,1
00614,2025-08-23,Giải nhì,078,2
00614,2025-08-23,Giải nhì,118,3
00614,2025-08-23,Giải nhì,807,4
00614,2025-08-23,Giải nhì,213,5
00613,2025-08-21,Giải ba,760,0
00613,2025-08-21,Giải ba,508,1
00613,2025-08-21,Giải ba,463,2
00613,2025-08-21,Giải ba,350,3
00613,2025-08-21,Giải ba,361,4
00613,2025-08-21,Giải ba,581,5
00613,2025-08-21,Giải ba,861,6
00613,2025-08-21,Giải ba,313,7
00613,2025-08-21,Giải Đặc biệt,538,0
00613,2025-08-21,Giải Đặc biệt,850,1
00613,2025-08-21,Giải nhất,728,0
00613,2025-08-21,Giải nhất,946,1
00613,2025-08-21,Giải nhất,292,2
00613,2025-08-21,Giải nhất,170,3
00613,2025-08-21,Giải nhì,502,0
00613,2025-08-21,Giải nhì,274,1
00613,2025-08-21,Giải nhì,266,2
00613,2025-08-21,Giải nhì,174,3
00613,2025-08-21,Giải nhì,177,4
00613,2025-08-21,Giải nhì,205,5
00612,2025-08-19,Giải ba,933,0
00612,2025-08-19,Giải ba,309,1
00612,2025-08-19,Giải ba,790,2
00612,2025-08-19,Giải ba,235,3
00612,2025-08-19,Giải ba,022,4
00612,2025-08-19,Giải ba,580,5
00612,2025-08-19,Giải ba,404,6
00612,2025-08-19,Giải ba,032,7
00612,2025-08-19,Giải Đặc biệt,116,0
00612,2025-08-19,Giải Đặc biệt,209,1
00612,2025-08-19,Giải nhất,977,0
00612,2025-08-19,Giải nhất,398,1
00612,2025-08-19,Giải nhất,336,2
00612,2025-08-19,Giải nhất,525,3
00612,2025-08-19,Giải nhì,786,0
00612,2025-08-19,Giải nhì,474,1
00612,2025-08-19,Giải nhì,055,2
00612,2025-08-19,Giải nhì,135,3
00612,2025-08-19,Giải nhì,425,4
00612,2025-08-19,Giải nhì,812,5
00611,2025-08-16,Giải ba,364,0
00611,2025-08-16,Giải ba,414,1
00611,2025-08-16,Giải ba,146,2
00611,2025-08-16,Giải ba,103,3
00611,2025-08-16,Giải ba,309,4
00611,2025-08-16,Giải ba,513,5
00611,2025-08-16,Giải ba,406,6
00611,2025-08-16,Giải ba,801,7
00611,2025-08-16,Giải Đặc biệt,680,0
00611,2025-08-16,Giải Đặc biệt,339,1
00611,2025-08-16,Giải nhất,622,0
00611,2025-08-16,Giải nhất,006,1
00611,2025-08-16,Giải nhất,908,2
00611,2025-08-16,Giải nhất,093,3
00611,2025-08-16,Giải nhì,555,0
00611,2025-08-16,Giải nhì,377,1
00611,2025-08-16,Giải nhì,668,2
00611,2025-08-16,Giải nhì,838,3
00611,2025-08-16,Giải nhì,345,4
00611,2025-08-16,Giải nhì,302,5
00610,2025-08-14,Giải ba,315,0
00610,2025-08-14,Giải ba,012,1
00610,2025-08-14,Giải ba,047,2
00610,2025-08-14,Giải ba,969,3
00610,2025-08-14,Giải ba,208,4
00610,2025-08-14,Giải ba,433,5
00610,2025-08-14,Giải ba,379,6
00610,2025-08-14,Giải ba,554,7
00610,2025-08-14,Giải Đặc biệt,213,0
00610,2025-08-14,Giải Đặc biệt,673,1
00610,2025-08-14,Giải nhất,809,0
00610,2025-08-14,Giải nhất,701,1
00610,2025-08-14,Giải nhất,487,2
00610,2025-08-14,Giải nhất,476,3
00610,2025-08-14,Giải nhì,396,0
00610,2025-08-14,Giải nhì,794,1
00610,2025-08-14,Giải nhì,614,2
00610,2025-08-14,Giải nhì,841,3
00610,2025-08-14,Giải nhì,587,4
00610,2025-08-14,Giải nhì,210,5
00609,2025-08-12,Giải ba,866,0
00609,2025-08-12,Giải ba,318,1
00609,2025-08-12,Giải ba,685,2
00609,2025-08-12,Giải ba,817,3
00609,2025-08-12,Giải ba,959,4
00609,2025-08-12,Giải ba,128,5
00609,2025-08-12,Giải ba,823,6
00609,2025-08-12,Giải ba,668,7
00609,2025-08-12,Giải Đặc biệt,107,0
00609,2025-08-12,Giải Đặc biệt,466,1
00609,2025-08-12,Giải nhất,975,0
00609,2025-08-12,Giải nhất,332,1
00609,2025-08-12,Giải nhất,825,2
00609,2025-08-12,Giải nhất,602,3
00609,2025-08-12,Giải nhì,035,0
00609,2025-08-12,Giải nhì,358,1
00609,2025-08-12,Giải nhì,896,2
00609,2025-08-12,Giải nhì,082,3
00609,2025-08-12,Giải nhì,726,4
00609,2025-08-12,Giải nhì,662,5
00608,2025-08-09,Giải ba,087,0
00608,2025-08-09,Giải ba,708,1
00608,2025-08-09,Giải ba,136,2
00608,2025-08-09,Giải ba,730,3
00608,2025-08-09,Giải ba,746,4
00608,2025-08-09,Giải ba,311,5
00608,2025-08-09,Giải ba,177,6
00608,2025-08-09,Giải ba,054,7
00608,2025-08-09,Giải Đặc biệt,057,0
00608,2025-08-09,Giải Đặc biệt,855,1
00608,2025-08-09,Giải nhất,787,0
00608,2025-08-09,Giải nhất,396,1
00608,2025-08-09,Giải nhất,131,2
00608,2025-08-09,Giải nhất,816,3
00608,2025-08-09,Giải nhì,696,0
00608,2025-08-09,Giải nhì,744,1
00608,2025-08-09,Giải nhì,136,2
00608,2025-08-09,Giải nhì,990,3
00608,2025-08-09,Giải nhì,317,4
00608,2025-08-09,Giải nhì,681,5
00607,2025-08-07,Giải ba,455,0
00607,2025-08-07,Giải ba,994,1
00607,2025-08-07,Giải ba,690,2
00607,2025-08-07,Giải ba,097,3
00607,2025-08-07,Giải ba,392,4
00607,2025-08-07,Giải ba,308,5
00607,2025-08-07,Giải ba,122,6
00607,2025-08-07,Giải ba,635,7
00607,2025-08-07,Giải Đặc biệt,128,0
00607,2025-08-07,Giải Đặc biệt,114,1
00607,2025-08-07,Giải nhất,029,0
00607,2025-08-07,Giải nhất,129,1
00607,2025-08-07,Giải nhất,951,2
00607,2025-08-07,Giải nhất,988,3
00607,2025-08-07,Giải nhì,713,0
00607,2025-08-07,Giải nhì,664,1
00607,2025-08-07,Giải nhì,856,2
00607,2025-08-07,Giải nhì,845,3
00607,2025-08-07,Giải nhì,035,4
00607,2025-08-07,Giải nhì,516,5
00606,2025-08-05,Giải ba,016,0
00606,2025-08-05,Giải ba,321,1
00606,2025-08-05,Giải ba,707,2
00606,2025-08-05,Giải ba,040,3
00606,2025-08-05,Giải ba,143,4
00606,2025-08-05,Giải ba,334,5
00606,2025-08-05,Giải ba,503,6
00606,2025-08-05,Giải ba,275,7
00606,2025-08-05,Giải Đặc biệt,590,0
00606,2025-08-05,Giải Đặc biệt,843,1
00606,2025-08-05,Giải nhất,152,0
00606,2025-08-05,Giải nhất,003,1
00606,2025-08-05,Giải nhất,703,2
00606,2025-08-05,Giải nhất,504,3
00606,2025-08-05,Giải nhì,040,0
00606,2025-08-05,Giải nhì,341,1
00606,2025-08-05,Giải nhì,230,2
00606,2025-08-05,Giải nhì,000,3
00606,2025-08-05,Giải nhì,550,4
00606,2025-08-05,Giải nhì,105,5
00605,2025-08-02,Giải ba,363,0
00605,2025-08-02,Giải ba,830,1
00605,2025-08-02,Giải ba,162,2
00605,2025-08-02,Giải ba,859,3
00605,2025-08-02,Giải ba,464,4
00605,2025-08-02,Giải ba,191,5
00605,2025-08-02,Giải ba,180,6
00605,2025-08-02,Giải ba,857,7
00605,2025-08-02,Giải Đặc biệt,859,0
00605,2025-08-02,Giải Đặc biệt,457,1
00605,2025-08-02,Giải nhất,425,0
00605,2025-08-02,Giải nhất,342,1
00605,2025-08-02,Giải nhất,622,2
00605,2025-08-02,Giải nhất,795,3
00605,2025-08-02,Giải nhì,603,0
00605,2025-08-02,Giải nhì,614,1
00605,2025-08-02,Giải nhì,417,2
00605,2025-08-02,Giải nhì,391,3
00605,2025-08-02,Giải nhì,744,4
00605,2025-08-02,Giải nhì,190,5
00604,2025-07-31,Giải ba,008,0
00604,2025-07-31,Giải ba,149,1
00604,2025-07-31,Giải ba,929,2
00604,2025-07-31,Giải ba,608,3
00604,2025-07-31,Giải ba,520,4
00604,2025-07-31,Giải ba,735,5
00604,2025-07-31,Giải ba,287,6
00604,2025-07-31,Giải ba,297,7
00604,2025-07-31,Giải Đặc biệt,349,0
00604,2025-07-31,Giải Đặc biệt,546,1
00604,2025-07-31,Giải nhất,148,0
00604,2025-07-31,Giải nhất,700,1
00604,2025-07-31,Giải nhất,911,2
00604,2025-07-31,Giải nhất,379,3
00604,2025-07-31,Giải nhì,179,0
00604,2025-07-31,Giải nhì,883,1
00604,2025-07-31,Giải nhì,315,2
00604,2025-07-31,Giải nhì,023,3
00604,2025-07-31,Giải nhì,090,4
00604,2025-07-31,Giải nhì,993,5
00603,2025-07-29,Giải ba,866,0
00603,2025-07-29,Giải ba,875,1
00603,2025-07-29,Giải ba,829,2
00603,2025-07-29,Giải ba,206,3
00603,2025-07-29,Giải ba,895,4
00603,2025-07-29,Giải ba,528,5
00603,2025-07-29,Giải ba,899,6
00603,2025-07-29,Giải ba,214,7
00603,2025-07-29,Giải Đặc biệt,789,0
00603,2025-07-29,Giải Đặc biệt,780,1
00603,2025-07-29,Giải nhất,180,0
00603,2025-07-29,Giải nhất,841,1
00603,2025-07-29,Giải nhất,276,2
00603,2025-07-29,Giải nhất,358,3
00603,2025-07-29,Giải nhì,339,0
00603,2025-07-29,Giải nhì,951,1
00603,2025-07-29,Giải nhì,863,2
00603,2025-07-29,Giải nhì,850,3
00603,2025-07-29,Giải nhì,143,4
00603,2025-07-29,Giải nhì,236,5
00602,2025-07-26,Giải ba,141,0
00602,2025-07-26,Giải ba,956,1
00602,2025-07-26,Giải ba,098,2
00602,2025-07-26,Giải ba,615,3
00602,2025-07-26,Giải ba,661,4
00602,2025-07-26,Giải ba,395,5
00602,2025-07-26,Giải ba,547,6
00602,2025-07-26,Giải ba,550,7
00602,2025-07-26,Giải Đặc biệt,215,0
00602,2025-07-26,Giải Đặc biệt,657,1
00602,2025-07-26,Giải nhất,983,0
00602,2025-07-26,Giải nhất,907,1
00602,2025-07-26,Giải nhất,262,2
00602,2025-07-26,Giải nhất,155,3
00602,2025-07-26,Giải nhì,304,0
00602,2025-07-26,Giải nhì,710,1
00602,2025-07-26,Giải nhì,642,2
00602,2025-07-26,Giải nhì,346,3
00602,2025-07-26,Giải nhì,476,4
00602,2025-07-26,Giải nhì,430,5
00601,2025-07-24,Giải ba,208,0
00601,2025-07-24,Giải ba,219,1
00601,2025-07-24,Giải ba,332,2
00601,2025-07-24,Giải ba,154,3
00601,2025-07-24,Giải ba,593,4
00601,2025-07-24,Giải ba,168,5
00601,2025-07-24,Giải ba,619,6
00601,2025-07-24,Giải ba,937,7
00601,2025-07-24,Giải Đặc biệt,426,0
00601,2025-07-24,Giải Đặc biệt,413,1
00601,2025-07-24,Giải nhất,763,0
00601,2025-07-24,Giải nhất,553,1
00601,2025-07-24,Giải nhất,826,2
00601,2025-07-24,Giải nhất,714,3
00601,2025-07-24,Giải nhì,239,0
00601,2025-07-24,Giải nhì,426,1
00601,2025-07-24,Giải nhì,164,2
00601,2025-07-24,Giải nhì,506,3
00601,2025-07-24,Giải nhì,721,4
00601,2025-07-24,Giải nhì,002,5
00600,2025-07-22,Giải ba,982,0
00600,2025-07-22,Giải ba,022,1
00600,2025-07-22,Giải ba,015,2
00600,2025-07-22,Giải ba,106,3
00600,2025-07-22,Giải ba,197,4
00600,2025-07-22,Giải ba,300,5
00600,2025-07-22,Giải ba,194,6
00600,2025-07-22,Giải ba,060,7
00600,2025-07-22,Giải Đặc biệt,891,0
00600,2025-07-22,Giải Đặc biệt,400,1
00600,2025-07-22,Giải nhất,324,0
00600,2025-07-22,Giải nhất,380,1
00600,2025-07-22,Giải nhất,622,2
00600,2025-07-22,Giải nhất,395,3
00600,2025-07-22,Giải nhì,957,0
00600,2025-07-22,Giải nhì,207,1
00600,2025-07-22,Giải nhì,528,2
00600,2025-07-22,Giải nhì,893,3
00600,2025-07-22,Giải nhì,456,4
00600,2025-07-22,Giải nhì,525,5
00599,2025-07-19,Giải ba,097,0
00599,2025-07-19,Giải ba,983,1
00599,2025-07-19,Giải ba,312,2
00599,2025-07-19,Giải ba,334,3
00599,2025-07-19,Giải ba,764,4
00599,2025-07-19,Giải ba,155,5
00599,2025-07-19,Giải ba,390,6
00599,2025-07-19,Giải ba,578,7
00599,2025-07-19,Giải Đặc biệt,535,0
00599,2025-07-19,Giải Đặc biệt,998,1
00599,2025-07-19,Giải nhất,473,0
00599,2025-07-19,Giải nhất,538,1
00599,2025-07-19,Giải nhất,384,2
00599,2025-07-19,Giải nhất,788,3
00599,2025-07-19,Giải nhì,020,0
00599,2025-07-19,Giải nhì,999,1
00599,2025-07-19,Giải nhì,599,2
00599,2025-07-19,Giải nhì,460,3
00599,2025-07-19,Giải nhì,900,4
00599,2025-07-19,Giải nhì,583,5
00598,2025-07-17,Giải ba,649,0
00598,2025-07-17,Giải ba,439,1
00598,2025-07-17,Giải ba,480,2
00598,2025-07-17,Giải ba,071,3
00598,2025-07-17,Giải ba,495,4
00598,2025-07-17,Giải ba,716,5
00598,2025-07-17,Giải ba,089,6
00598,2025-07-17,Giải ba,161,7
00598,2025-07-17,Giải Đặc biệt,268,0
00598,2025-07-17,Giải Đặc biệt,309,1
00598,2025-07-17,Giải nhất,385,0
00598,2025-07-17,Giải nhất,809,1
00598,2025-07-17,Giải nhất,381,2
00598,2025-07-17,Giải nhất,206,3
00598,2025-07-17,Giải nhì,422,0
00598,2025-07-17,Giải nhì,746,1
00598,2025-07-17,Giải nhì,123,2
00598,2025-07-17,Giải nhì,375,3
00598,2025-07-17,Giải nhì,896,4
00598,2025-07-17,Giải nhì,282,5
00597,2025-07-15,Giải ba,776,0
00597,2025-07-15,Giải ba,926,1
00597,2025-07-15,Giải ba,687,2
00597,2025-07-15,Giải ba,694,3
00597,2025-07-15,Giải ba,263,4
00597,2025-07-15,Giải ba,614,5
00597,2025-07-15,Giải ba,186,6
00597,2025-07-15,Giải ba,825,7
00597,2025-07-15,Giải Đặc biệt,137,0
00597,2025-07-15,Giải Đặc biệt,293,1
00597,2025-07-15,Giải nhất,753,0
00597,2025-07-15,Giải nhất,064,1
00597,2025-07-15,Giải nhất,333,2
00597,2025-07-15,Giải nhất,432,3
00597,2025-07-15,Giải nhì,305,0
00597,2025-07-15,Giải nhì,411,1
00597,2025-07-15,Giải nhì,682,2
00597,2025-07-15,Giải nhì,480,3
00597,2025-07-15,Giải nhì,710,4
00597,2025-07-15,Giải nhì,050,5
00596,2025-07-12,Giải ba,950,0
00596,2025-07-12,Giải ba,619,1
00596,2025-07-12,Giải ba,476,2
00596,2025-07-12,Giải ba,209,3
00596,2025-07-12,Giải ba,086,4
00596,2025-07-12,Giải ba,115,5
00596,2025-07-12,Giải ba,673,6
00596,2025-07-12,Giải ba,709,7
00596,2025-07-12,Giải Đặc biệt,809,0
00596,2025-07-12,Giải Đặc biệt,639,1
00596,2025-07-12,Giải nhất,568,0
00596,2025-07-12,Giải nhất,321,1
00596,2025-07-12,Giải nhất,412,2
00596,2025-07-12,Giải nhất,020,3
00596,2025-07-12,Giải nhì,846,0
00596,2025-07-12,Giải nhì,049,1
00596,2025-07-12,Giải nhì,307,2
00596,2025-07-12,Giải nhì,457,3
00596,2025-07-12,Giải nhì,962,4
00596,2025-07-12,Giải nhì,022,5
00595,2025-07-10,Giải ba,249,0
00595,2025-07-10,Giải ba,284,1
00595,2025-07-10,Giải ba,393,2
00595,2025-07-10,Giải ba,654,3
00595,2025-07-10,Giải ba,105,4
00595,2025-07-10,Giải ba,001,5
00595,2025-07-10,Giải ba,369,6
00595,2025-07-10,Giải ba,755,7
00595,2025-07-10,Giải Đặc biệt,300,0
00595,2025-07-10,Giải Đặc biệt,572,1
00595,2025-07-10,Giải nhất,905,0
00595,2025-07-10,Giải nhất,918,1
00595,2025-07-10,Giải nhất,250,2
00595,2025-07-10,Giải nhất,827,3
00595,2025-07-10,Giải nhì,002,0
00595,2025-07-10,Giải nhì,707,1
00595,2025-07-10,Giải nhì,367,2
00595,2025-07-10,Giải nhì,525,3
00595,2025-07-10,Giải nhì,373,4
00595,2025-07-10,Giải nhì,730,5
00594,2025-07-08,Giải ba,589,0
00594,2025-07-08,Giải ba,726,1
00594,2025-07-08,Giải ba,195,2
00594,2025-07-08,Giải ba,827,3
00594,2025-07-08,Giải ba,256,4
00594,2025-07-08,Giải ba,750,5
00594,2025-07-08,Giải ba,525,6
00594,2025-07-08,Giải ba,564,7
00594,2025-07-08,Giải Đặc biệt,978,0
00594,2025-07-08,Giải Đặc biệt,160,1
00594,2025-07-08,Giải nhất,679,0
00594,2025-07-08,Giải nhất,691,1
00594,2025-07-08,Giải nhất,792,2
00594,2025-07-08,Giải nhất,140,3
00594,2025-07-08,Giải nhì,760,0
00594,2025-07-08,Giải nhì,593,1
00594,2025-07-08,Giải nhì,199,2
00594,2025-07-08,Giải nhì,764,3
00594,2025-07-08,Giải nhì,160,4
00594,2025-07-08,Giải nhì,352,5
00593,2025-07-05,Giải ba,426,0
00593,2025-07-05,Giải ba,491,1
00593,2025-07-05,Giải ba,757,2
00593,2025-07-05,Giải ba,130,3
00593,2025-07-05,Giải ba,872,4
00593,2025-07-05,Giải ba,686,5
00593,2025-07-05,Giải ba,710,6
00593,2025-07-05,Giải ba,471,7
00593,2025-07-05,Giải Đặc biệt,325,0
00593,2025-07-05,Giải Đặc biệt,779,1
00593,2025-07-05,Giải nhất,406,0
00593,2025-07-05,Giải nhất,758,1
00593,2025-07-05,Giải nhất,107,2
00593,2025-07-05,Giải nhất,360,3
00593,2025-07-05,Giải nhì,405,0
00593,2025-07-05,Giải nhì,151,1
00593,2025-07-05,Giải nhì,595,2
00593,2025-07-05,Giải nhì,161,3
00593,2025-07-05,Giải nhì,430,4
00593,2025-07-05,Giải nhì,848,5
00592,2025-07-03,Giải ba,896,0
00592,2025-07-03,Giải ba,816,1
00592,2025-07-03,Giải ba,385,2
00592,2025-07-03,Giải ba,377,3
00592,2025-07-03,Giải ba,608,4
00592,2025-07-03,Giải ba,541,5
00592,2025-07-03,Giải ba,582,6
00592,2025-07-03,Giải ba,790,7
00592,2025-07-03,Giải Đặc biệt,060,0
00592,2025-07-03,Giải Đặc biệt,524,1
00592,2025-07-03,Giải nhất,657,0
00592,2025-07-03,Giải nhất,864,1
00592,2025-07-03,Giải nhất,495,2
00592,2025-07-03,Giải nhất,448,3
00592,2025-07-03,Giải nhì,561,0
00592,2025-07-03,Giải nhì,172,1
00592,2025-07-03,Giải nhì,820,2
00592,2025-07-03,Giải nhì,771,3
00592,2025-07-03,Giải nhì,122,4
00592,2025-07-03,Giải nhì,397,5
00591,2025-07-01,Giải ba,194,0
00591,2025-07-01,Giải ba,928,1
00591,2025-07-01,Giải ba,037,2
00591,2025-07-01,Giải ba,483,3
00591,2025-07-01,Giải ba,687,4
00591,2025-07-01,Giải ba,115,5
00591,2025-07-01,Giải ba,959,6
00591,2025-07-01,Giải ba,768,7
00591,2025-07-01,Giải Đặc biệt,402,0
00591,2025-07-01,Giải Đặc biệt,429,1
00591,2025-07-01,Giải nhất,238,0
00591,2025-07-01,Giải nhất,609,1
00591,2025-07-01,Giải nhất,089,2
00591,2025-07-01,Giải nhất,445,3
00591,2025-07-01,Giải nhì,097,0
00591,2025-07-01,Giải nhì,869,1
00591,2025-07-01,Giải nhì,633,2
00591,2025-07-01,Giải nhì,689,3
00591,2025-07-01,Giải nhì,901,4
00591,2025-07-01,Giải nhì,004,5
00590,2025-06-28,Giải ba,506,0
00590,2025-06-28,Giải ba,766,1
00590,2025-06-28,Giải ba,834,2
00590,2025-06-28,Giải ba,509,3
00590,2025-06-28,Giải ba,829,4
00590,2025-06-28,Giải ba,164,5
00590,2025-06-28,Giải ba,902,6
00590,2025-06-28,Giải ba,041,7
00590,2025-06-28,Giải Đặc biệt,568,0
00590,2025-06-28,Giải Đặc biệt,347,1
00590,2025-06-28,Giải nhất,462,0
00590,2025-06-28,Giải nhất,403,1
00590,2025-06-28,Giải nhất,352,2
00590,2025-06-28,Giải nhất,367,3
00590,2025-06-28,Giải nhì,841,0
00590,2025-06-28,Giải nhì,378,1
00590,2025-06-28,Giải nhì,123,2
00590,2025-06-28,Giải nhì,429,3
00590,2025-06-28,Giải nhì,370,4
00590,2025-06-28,Giải nhì,304,5
00589,2025-06-26,Giải ba,814,0
00589,2025-06-26,Giải ba,453,1
00589,2025-06-26,Giải ba,668,2
00589,2025-06-26,Giải ba,016,3
00589,2025-06-26,Giải ba,566,4
00589,2025-06-26,Giải ba,905,5
00589,2025-06-26,Giải ba,975,6
00589,2025-06-26,Giải ba,690,7
00589,2025-06-26,Giải Đặc biệt,698,0
00589,2025-06-26,Giải Đặc biệt,544,1
00589,2025-06-26,Giải nhất,414,0
00589,2025-06-26,Giải nhất,455,1
00589,2025-06-26,Giải nhất,496,2
00589,2025-06-26,Giải nhất,835,3
00589,2025-06-26,Giải nhì,068,0
00589,2025-06-26,Giải nhì,604,1
00589,2025-06-26,Giải nhì,299,2
00589,2025-06-26,Giải nhì,995,3
00589,2025-06-26,Giải nhì,426,4
00589,2025-06-26,Giải nhì,853,5
00588,2025-06-24,Giải ba,490,0
00588,2025-06-24,Giải ba,662,1
00588,2025-06-24,Giải ba,940,2
00588,2025-06-24,Giải ba,341,3
00588,2025-06-24,Giải ba,555,4
00588,2025-06-24,Giải ba,619,5
00588,2025-06-24,Giải ba,688,6
00588,2025-06-24,Giải ba,008,7
00588,2025-06-24,Giải Đặc biệt,320,0
00588,2025-06-24,Giải Đặc biệt,207,1
00588,2025-06-24,Giải nhất,826,0
00588,2025-06-24,Giải nhất,354,1
00588,2025-06-24,Giải nhất,675,2
00588,2025-06-24,Giải nhất,410,3
00588,2025-06-24,Giải nhì,150,0
00588,2025-06-24,Giải nhì,259,1
00588,2025-06-24,Giải nhì,128,2
00588,2025-06-24,Giải nhì,098,3
00588,2025-06-24,Giải nhì,412,4
00588,2025-06-24,Giải nhì,396,5
00587,2025-06-21,Giải ba,264,0
00587,2025-06-21,Giải ba,773,1
00587,2025-06-21,Giải ba,094,2
00587,2025-06-21,Giải ba,774,3
00587,2025-06-21,Giải ba,148,4
00587,2025-06-21,Giải ba,725,5
00587,2025-06-21,Giải ba,544,6
00587,2025-06-21,Giải ba,536,7
00587,2025-06-21,Giải Đặc biệt,783,0
00587,2025-06-21,Giải Đặc biệt,792,1
00587,2025-06-21,Giải nhất,931,0
00587,2025-06-21,Giải nhất,177,1
00587,2025-06-21,Giải nhất,755,2
00587,2025-06-21,Giải nhất,792,3
00587,2025-06-21,Giải nhì,445,0
00587,2025-06-21,Giải nhì,047,1
00587,2025-06-21,Giải nhì,367,2
00587,2025-06-21,Giải nhì,894,3
00587,2025-06-21,Giải nhì,111,4
00587,2025-06-21,Giải nhì,951,5
00586,2025-06-19,Giải ba,447,0
00586,2025-06-19,Giải ba,931,1
00586,2025-06-19,Giải ba,325,2
00586,2025-06-19,Giải ba,914,3
00586,2025-06-19,Giải ba,820,4
00586,2025-06-19,Giải ba,498,5
00586,2025-06-19,Giải ba,229,6
00586,2025-06-19,Giải ba,693,7
00586,2025-06-19,Giải Đặc biệt,941,0
00586,2025-06-19,Giải Đặc biệt,500,1
00586,2025-06-19,Giải nhất,946,0
00586,2025-06-19,Giải nhất,492,1
00586,2025-06-19,Giải nhất,621,2
00586,2025-06-19,Giải nhất,082,3
00586,2025-06-19,Giải nhì,966,0
00586,2025-06-19,Giải nhì,096,1
00586,2025-06-19,Giải nhì,605,2
00586,2025-06-19,Giải nhì,369,3
00586,2025-06-19,Giải nhì,167,4
00586,2025-06-19,Giải nhì,661,5
00585,2025-06-17,Giải ba,882,0
00585,2025-06-17,Giải ba,573,1
00585,2025-06-17,Giải ba,125,2
00585,2025-06-17,Giải ba,115,3
00585,2025-06-17,Giải ba,879,4
00585,2025-06-17,Giải ba,811,5
00585,2025-06-17,Giải ba,596,6
00585,2025-06-17,Giải ba,667,7
00585,2025-06-17,Giải Đặc biệt,589,0
00585,2025-06-17,Giải Đặc biệt,424,1
00585,2025-06-17,Giải nhất,368,0
00585,2025-06-17,Giải nhất,148,1
00585,2025-06-17,Giải nhất,517,2
00585,2025-06-17,Giải nhất,025,3
00585,2025-06-17,Giải nhì,065,0
00585,2025-06-17,Giải nhì,756,1
00585,2025-06-17,Giải nhì,868,2
00585,2025-06-17,Giải nhì,070,3
00585,2025-06-17,Giải nhì,314,4
00585,2025-06-17,Giải nhì,780,5
00584,2025-06-14,Giải ba,002,0
00584,2025-06-14,Giải ba,212,1
00584,2025-06-14,Giải ba,178,2
00584,2025-06-14,Giải ba,443,3
00584,2025-06-14,Giải ba,125,4
00584,2025-06-14,Giải ba,431,5
00584,2025-06-14,Giải ba,821,6
00584,2025-06-14,Giải ba,749,7
00584,2025-06-14,Giải Đặc biệt,839,0
00584,2025-06-14,Giải Đặc biệt,461,1
00584,2025-06-14,Giải nhất,071,0
00584,2025-06-14,Giải nhất,246,1
00584,2025-06-14,Giải nhất,719,2
00584,2025-06-14,Giải nhất,053,3
00584,2025-06-14,Giải nhì,373,0
00584,2025-06-14,Giải nhì,572,1
00584,2025-06-14,Giải nhì,255,2
00584,2025-06-14,Giải nhì,011,3
00584,2025-06-14,Giải nhì,731,4
00584,2025-06-14,Giải nhì,723,5
00583,2025-06-12,Giải ba,701,0
00583,2025-06-12,Giải ba,291,1
00583,2025-06-12,Giải ba,612,2
00583,2025-06-12,Giải ba,158,3
00583,2025-06-12,Giải ba,652,4
00583,2025-06-12,Giải ba,677,5
00583,2025-06-12,Giải ba,337,6
00583,2025-06-12,Giải ba,918,7
00583,2025-06-12,Giải Đặc biệt,808,0
00583,2025-06-12,Giải Đặc biệt,581,1
00583,2025-06-12,Giải nhất,052,0
00583,2025-06-12,Giải nhất,142,1
00583,2025-06-12,Giải nhất,577,2
00583,2025-06-12,Giải nhất,883,3
00583,2025-06-12,Giải nhì,847,0
00583,2025-06-12,Giải nhì,913,1
00583,2025-06-12,Giải nhì,192,2
00583,2025-06-12,Giải nhì,065,3
00583,2025-06-12,Giải nhì,987,4
00583,2025-06-12,Giải nhì,447,5
00582,2025-06-10,Giải ba,374,0
00582,2025-06-10,Giải ba,989,1
00582,2025-06-10,Giải ba,998,2
00582,2025-06-10,Giải ba,116,3
00582,2025-06-10,Giải ba,880,4
00582,2025-06-10,Giải ba,315,5
00582,2025-06-10,Giải ba,217,6
00582,2025-06-10,Giải ba,046,7
00582,2025-06-10,Giải Đặc biệt,544,0
00582,2025-06-10,Giải Đặc biệt,121,1
00582,2025-06-10,Giải nhất,960,0
00582,2025-06-10,Giải nhất,090,1
00582,2025-06-10,Giải nhất,274,2
00582,2025-06-10,Giải nhất,398,3
00582,2025-06-10,Giải nhì,888,0
00582,2025-06-10,Giải nhì,371,1
00582,2025-06-10,Giải nhì,029,2
00582,2025-06-10,Giải nhì,593,3
00582,2025-06-10,Giải nhì,790,4
00582,2025-06-10,Giải nhì,892,5
00581,2025-06-07,Giải ba,584,0
00581,2025-06-07,Giải ba,042,1
00581,2025-06-07,Giải ba,797,2
00581,2025-06-07,Giải ba,388,3
00581,2025-06-07,Giải ba,215,4
00581,2025-06-07,Giải ba,128,5
00581,2025-06-07,Giải ba,999,6
00581,2025-06-07,Giải ba,305,7
00581,2025-06-07,Giải Đặc biệt,933,0
00581,2025-06-07,Giải Đặc biệt,899,1
00581,2025-06-07,Giải nhất,764,0
00581,2025-06-07,Giải nhất,492,1
00581,2025-06-07,Giải nhất,218,2
00581,2025-06-07,Giải nhất,685,3
00581,2025-06-07,Giải nhì,748,0
00581,2025-06-07,Giải nhì,034,1
00581,2025-06-07,Giải nhì,490,2
00581,2025-06-07,Giải nhì,706,3
00581,2025-06-07,Giải nhì,255,4
00581,2025-06-07,Giải nhì,260,5
00580,2025-06-05,Giải ba,110,0
00580,2025-06-05,Giải ba,953,1
00580,2025-06-05,Giải ba,387,2
00580,2025-06-05,Giải ba,004,3
00580,2025-06-05,Giải ba,868,4
00580,2025-06-05,Giải ba,513,5
00580,2025-06-05,Giải ba,851,6
00580,2025-06-05,Giải ba,321,7
00580,2025-06-05,Giải Đặc biệt,314,0
00580,2025-06-05,Giải Đặc biệt,331,1
00580,2025-06-05,Giải nhất,919,0
00580,2025-06-05,Giải nhất,377,1
00580,2025-06-05,Giải nhất,122,2
00580,2025-06-05,Giải nhất,623,3
00580,2025-06-05,Giải nhì,480,0
00580,2025-06-05,Giải nhì,443,1
00580,2025-06-05,Giải nhì,652,2
00580,2025-06-05,Giải nhì,092,3
00580,2025-06-05,Giải nhì,003,4
00580,2025-06-05,Giải nhì,499,5
00579,2025-06-03,Giải ba,844,0
00579,2025-06-03,Giải ba,581,1
00579,2025-06-03,Giải ba,213,2
00579,2025-06-03,Giải ba,554,3
00579,2025-06-03,Giải ba,188,4
00579,2025-06-03,Giải ba,646,5
00579,2025-06-03,Giải ba,486,6
00579,2025-06-03,Giải ba,045,7
00579,2025-06-03,Giải Đặc biệt,575,0
00579,2025-06-03,Giải Đặc biệt,140,1
00579,2025-06-03,Giải nhất,952,0
00579,2025-06-03,Giải nhất,923,1
00579,2025-06-03,Giải nhất,691,2
00579,2025-06-03,Giải nhất,924,3
00579,2025-06-03,Giải nhì,300,0
00579,2025-06-03,Giải nhì,932,1
00579,2025-06-03,Giải nhì,259,2
00579,2025-06-03,Giải nhì,777,3
00579,2025-06-03,Giải nhì,758,4
00579,2025-06-03,Giải nhì,452,5
00578,2025-05-31,Giải ba,171,0
00578,2025-05-31,Giải ba,607,1
00578,2025-05-31,Giải ba,242,2
00578,2025-05-31,Giải ba,108,3
00578,2025-05-31,Giải ba,335,4
00578,2025-05-31,Giải ba,280,5
00578,2025-05-31,Giải ba,014,6
00578,2025-05-31,Giải ba,698,7
00578,2025-05-31,Giải Đặc biệt,196,0
00578,2025-05-31,Giải Đặc biệt,591,1
00578,2025-05-31,Giải nhất,420,0
00578,2025-05-31,Giải nhất,342,1
00578,2025-05-31,Giải nhất,636,2
00578,2025-05-31,Giải nhất,888,3
00578,2025-05-31,Giải nhì,382,0
00578,2025-05-31,Giải nhì,040,1
00578,2025-05-31,Giải nhì,838,2
00578,2025-05-31,Giải nhì,434,3
00578,2025-05-31,Giải nhì,632,4
00578,2025-05-31,Giải nhì,865,5
00577,2025-05-29,Giải ba,370,0
00577,2025-05-29,Giải ba,737,1
00577,2025-05-29,Giải ba,301,2
00577,2025-05-29,Giải ba,444,3
00577,2025-05-29,Giải ba,152,4
00577,2025-05-29,Giải ba,449,5
00577,2025-05-29,Giải ba,100,6
00577,2025-05-29,Giải ba,728,7
00577,2025-05-29,Giải Đặc biệt,564,0
00577,2025-05-29,Giải Đặc biệt,479,1
00577,2025-05-29,Giải nhất,105,0
00577,2025-05-29,Giải nhất,503,1
00577,2025-05-29,Giải nhất,464,2
00577,2025-05-29,Giải nhất,031,3
00577,2025-05-29,Giải nhì,855,0
00577,2025-05-29,Giải nhì,701,1
00577,2025-05-29,Giải nhì,135,2
00577,2025-05-29,Giải nhì,160,3
00577,2025-05-29,Giải nhì,554,4
00577,2025-05-29,Giải nhì,966,5
00576,2025-05-27,Giải ba,565,0
00576,2025-05-27,Giải ba,748,1
00576,2025-05-27,Giải ba,692,2
00576,2025-05-27,Giải ba,699,3
00576,2025-05-27,Giải ba,653,4
00576,2025-05-27,Giải ba,224,5
00576,2025-05-27,Giải ba,295,6
00576,2025-05-27,Giải ba,317,7
00576,2025-05-27,Giải Đặc biệt,283,0
00576,2025-05-27,Giải Đặc biệt,664,1
00576,2025-05-27,Giải nhất,087,0
00576,2025-05-27,Giải nhất,215,1
00576,2025-05-27,Giải nhất,745,2
00576,2025-05-27,Giải nhất,463,3
00576,2025-05-27,Giải nhì,085,0
00576,2025-05-27,Giải nhì,584,1
00576,2025-05-27,Giải nhì,089,2
00576,2025-05-27,Giải nhì,729,3
00576,2025-05-27,Giải nhì,959,4
00576,2025-05-27,Giải nhì,354,5
00575,2025-05-24,Giải ba,052,0
00575,2025-05-24,Giải ba,026,1
00575,2025-05-24,Giải ba,341,2
00575,2025-05-24,Giải ba,546,3
00575,2025-05-24,Giải ba,913,4
00575,2025-05-24,Giải ba,600,5
00575,2025-05-24,Giải ba,828,6
00575,2025-05-24,Giải ba,911,7
00575,2025-05-24,Giải Đặc biệt,466,0
00575,2025-05-24,Giải Đặc biệt,666,1
00575,2025-05-24,Giải nhất,336,0
00575,2025-05-24,Giải nhất,840,1
00575,2025-05-24,Giải nhất,743,2
00575,2025-05-24,Giải nhất,673,3
00575,2025-05-24,Giải nhì,591,0
00575,2025-05-24,Giải nhì,597,1
00575,2025-05-24,Giải nhì,350,2
00575,2025-05-24,Giải nhì,170,3
00575,2025-05-24,Giải nhì,513,4
00575,2025-05-24,Giải nhì,522,5
00574,2025-05-22,Giải ba,464,0
00574,2025-05-22,Giải ba,307,1
00574,2025-05-22,Giải ba,052,2
00574,2025-05-22,Giải ba,267,3
00574,2025-05-22,Giải ba,409,4
00574,2025-05-22,Giải ba,577,5
00574,2025-05-22,Giải ba,304,6
00574,2025-05-22,Giải ba,870,7
00574,2025-05-22,Giải Đặc biệt,610,0
00574,2025-05-22,Giải Đặc biệt,336,1
00574,2025-05-22,Giải nhất,984,0
00574,2025-05-22,Giải nhất,059,1
00574,2025-05-22,Giải nhất,219,2
00574,2025-05-22,Giải nhất,629,3
00574,2025-05-22,Giải nhì,379,0
00574,2025-05-22,Giải nhì,316,1
00574,2025-05-22,Giải nhì,613,2
00574,2025-05-22,Giải nhì,006,3
00574,2025-05-22,Giải nhì,996,4
00574,2025-05-22,Giải nhì,517,5
00573,2025-05-20,Giải ba,112,0
00573,2025-05-20,Giải ba,283,1
00573,2025-05-20,Giải ba,931,2
00573,2025-05-20,Giải ba,181,3
00573,2025-05-20,Giải ba,212,4
00573,2025-05-20,Giải ba,882,5
00573,2025-05-20,Giải ba,356,6
00573,2025-05-20,Giải ba,507,7
00573,2025-05-20,Giải Đặc biệt,751,0
00573,2025-05-20,Giải Đặc biệt,630,1
00573,2025-05-20,Giải nhất,882,0
00573,2025-05-20,Giải nhất,563,1
00573,2025-05-20,Giải nhất,410,2
00573,2025-05-20,Giải nhất,342,3
00573,2025-05-20,Giải nhì,520,0
00573,2025-05-20,Giải nhì,657,1
00573,2025-05-20,Giải nhì,699,2
00573,2025-05-20,Giải nhì,791,3
00573,2025-05-20,Giải nhì,753,4
00573,2025-05-20,Giải nhì,808,5
00572,2025-05-17,Giải ba,850,0
00572,2025-05-17,Giải ba,124,1
00572,2025-05-17,Giải ba,879,2
00572,2025-05-17,Giải ba,618,3
00572,2025-05-17,Giải ba,610,4
00572,2025-05-17,Giải ba,942,5
00572,2025-05-17,Giải ba,413,6
00572,2025-05-17,Giải ba,826,7
00572,2025-05-17,Giải Đặc biệt,070,0
00572,2025-05-17,Giải Đặc biệt,360,1
00572,2025-05-17,Giải nhất,603,0
00572,2025-05-17,Giải nhất,679,1
00572,2025-05-17,Giải nhất,663,2
00572,2025-05-17,Giải nhất,140,3
00572,2025-05-17,Giải nhì,283,0
00572,2025-05-17,Giải nhì,956,1
00572,2025-05-17,Giải nhì,409,2
00572,2025-05-17,Giải nhì,129,3
00572,2025-05-17,Giải nhì,881,4
00572,2025-05-17,Giải nhì,022,5
00571,2025-05-15,Giải ba,838,0
00571,2025-05-15,Giải ba,593,1
00571,2025-05-15,Giải ba,306,2
00571,2025-05-15,Giải ba,115,3
00571,2025-05-15,Giải ba,337,4
00571,2025-05-15,Giải ba,741,5
00571,2025-05-15,Giải ba,603,6
00571,2025-05-15,Giải ba,011,7
00571,2025-05-15,Giải Đặc biệt,029,0
00571,2025-05-15,Giải Đặc biệt,827,1
00571,2025-05-15,Giải nhất,518,0
00571,2025-05-15,Giải nhất,185,1
00571,2025-05-15,Giải nhất,172,2
00571,2025-05-15,Giải nhất,185,3
00571,2025-05-15,Giải nhì,943,0
00571,2025-05-15,Giải nhì,804,1
00571,2025-05-15,Giải nhì,774,2
00571,2025-05-15,Giải nhì,792,3
00571,2025-05-15,Giải nhì,939,4
00571,2025-05-15,Giải nhì,623,5
00570,2025-05-13,Giải ba,960,0
00570,2025-05-13,Giải ba,992,1
00570,2025-05-13,Giải ba,373,2
00570,2025-05-13,Giải ba,001,3
00570,2025-05-13,Giải ba,134,4
00570,2025-05-13,Giải ba,777,5
00570,2025-05-13,Giải ba,848,6
00570,2025-05-13,Giải ba,156,7
00570,2025-05-13,Giải Đặc biệt,631,0
00570,2025-05-13,Giải Đặc biệt,952,1
00570,2025-05-13,Giải nhất,480,0
00570,2025-05-13,Giải nhất,506,1
00570,2025-05-13,Giải nhất,548,2
00570,2025-05-13,Giải nhất,004,3
00570,2025-05-13,Giải nhì,682,0
00570,2025-05-13,Giải nhì,421,1
00570,2025-05-13,Giải nhì,447,2
00570,2025-05-13,Giải nhì,005,3
00570,2025-05-13,Giải nhì,529,4
00570,2025-05-13,Giải nhì,150,5
00569,2025-05-10,Giải ba,891,0
00569,2025-05-10,Giải ba,910,1
00569,2025-05-10,Giải ba,363,2
00569,2025-05-10,Giải ba,732,3
00569,2025-05-10,Giải ba,732,4
00569,2025-05-10,Giải ba,773,5
00569,2025-05-10,Giải ba,736,6
00569,2025-05-10,Giải ba,114,7
00569,2025-05-10,Giải Đặc biệt,679,0
00569,2025-05-10,Giải Đặc biệt,308,1
00569,2025-05-10,Giải nhất,555,0
00569,2025-05-10,Giải nhất,936,1
00569,2025-05-10,Giải nhất,190,2
00569,2025-05-10,Giải nhất,321,3
00569,2025-05-10,Giải nhì,063,0
00569,2025-05-10,Giải nhì,688,1
00569,2025-05-10,Giải nhì,724,2
00569,2025-05-10,Giải nhì,058,3
00569,2025-05-10,Giải nhì,720,4
00569,2025-05-10,Giải nhì,592,5
00568,2025-05-08,Giải ba,012,0
00568,2025-05-08,Giải ba,909,1
00568,2025-05-08,Giải ba,201,2
00568,2025-05-08,Giải ba,253,3
00568,2025-05-08,Giải ba,574,4
00568,2025-05-08,Giải ba,331,5
00568,2025-05-08,Giải ba,665,6
00568,2025-05-08,Giải ba,201,7
00568,2025-05-08,Giải Đặc biệt,806,0
00568,2025-05-08,Giải Đặc biệt,333,1
00568,2025-05-08,Giải nhất,767,0
00568,2025-05-08,Giải nhất,372,1
00568,2025-05-08,Giải nhất,072,2
00568,2025-05-08,Giải nhất,411,3
00568,2025-05-08,Giải nhì,781,0
00568,2025-05-08,Giải nhì,199,1
00568,2025-05-08,Giải nhì,319,2
00568,2025-05-08,Giải nhì,705,3
00568,2025-05-08,Giải nhì,275,4
00568,2025-05-08,Giải nhì,125,5
00567,2025-05-06,Giải ba,008,0
00567,2025-05-06,Giải ba,554,1
00567,2025-05-06,Giải ba,474,2
00567,2025-05-06,Giải ba,143,3
00567,2025-05-06,Giải ba,169,4
00567,2025-05-06,Giải ba,078,5
00567,2025-05-06,Giải ba,622,6
00567,2025-05-06,Giải ba,650,7
00567,2025-05-06,Giải Đặc biệt,399,0
00567,2025-05-06,Giải Đặc biệt,687,1
00567,2025-05-06,Giải nhất,149,0
00567,2025-05-06,Giải nhất,265,1
00567,2025-05-06,Giải nhất,792,2
00567,2025-05-06,Giải nhất,208,3
00567,2025-05-06,Giải nhì,961,0
00567,2025-05-06,Giải nhì,281,1
00567,2025-05-06,Giải nhì,271,2
00567,2025-05-06,Giải nhì,722,3
00567,2025-05-06,Giải nhì,792,4
00567,2025-05-06,Giải nhì,167,5
00566,2025-05-03,Giải ba,114,0
00566,2025-05-03,Giải ba,717,1
00566,2025-05-03,Giải ba,096,2
00566,2025-05-03,Giải ba,608,3
00566,2025-05-03,Giải ba,616,4
00566,2025-05-03,Giải ba,290,5
00566,2025-05-03,Giải ba,209,6
00566,2025-05-03,Giải ba,908,7
00566,2025-05-03,Giải Đặc biệt,992,0
00566,2025-05-03,Giải Đặc biệt,357,1
00566,2025-05-03,Giải nhất,551,0
00566,2025-05-03,Giải nhất,628,1
00566,2025-05-03,Giải nhất,963,2
00566,2025-05-03,Giải nhất,204,3
00566,2025-05-03,Giải nhì,424,0
00566,2025-05-03,Giải nhì,719,1
00566,2025-05-03,Giải nhì,764,2
00566,2025-05-03,Giải nhì,486,3
00566,2025-05-03,Giải nhì,358,4
00566,2025-05-03,Giải nhì,294,5
00565,2025-05-01,Giải ba,503,0
00565,2025-05-01,Giải ba,472,1
00565,2025-05-01,Giải ba,514,2
00565,2025-05-01,Giải ba,065,3
00565,2025-05-01,Giải ba,159,4
00565,2025-05-01,Giải ba,083,5
00565,2025-05-01,Giải ba,907,6
00565,2025-05-01,Giải ba,303,7
00565,2025-05-01,Giải Đặc biệt,353,0
00565,2025-05-01,Giải Đặc biệt,518,1
00565,2025-05-01,Giải nhất,631,0
00565,2025-05-01,Giải nhất,881,1
00565,2025-05-01,Giải nhất,910,2
00565,2025-05-01,Giải nhất,810,3
00565,2025-05-01,Giải nhì,311,0
00565,2025-05-01,Giải nhì,015,1
00565,2025-05-01,Giải nhì,220,2
00565,2025-05-01,Giải nhì,057,3
00565,2025-05-01,Giải nhì,168,4
00565,2025-05-01,Giải nhì,494,5
00564,2025-04-29,Giải ba,912,0
00564,2025-04-29,Giải ba,904,1
00564,2025-04-29,Giải ba,381,2
00564,2025-04-29,Giải ba,092,3
00564,2025-04-29,Giải ba,744,4
00564,2025-04-29,Giải ba,787,5
00564,2025-04-29,Giải ba,847,6
00564,2025-04-29,Giải ba,794,7
00564,2025-04-29,Giải Đặc biệt,104,0
00564,2025-04-29,Giải Đặc biệt,912,1
00564,2025-04-29,Giải nhất,365,0
00564,2025-04-29,Giải nhất,982,1
00564,2025-04-29,Giải nhất,422,2
00564,2025-04-29,Giải nhất,401,3
00564,2025-04-29,Giải nhì,636,0
00564,2025-04-29,Giải nhì,813,1
00564,2025-04-29,Giải nhì,322,2
00564,2025-04-29,Giải nhì,761,3
00564,2025-04-29,Giải nhì,395,4
00564,2025-04-29,Giải nhì,069,5
00563,2025-04-26,Giải ba,863,0
00563,2025-04-26,Giải ba,881,1
00563,2025-04-26,Giải ba,656,2
00563,2025-04-26,Giải ba,633,3
00563,2025-04-26,Giải ba,952,4
00563,2025-04-26,Giải ba,607,5
00563,2025-04-26,Giải ba,001,6
00563,2025-04-26,Giải ba,035,7
00563,2025-04-26,Giải Đặc biệt,864,0
00563,2025-04-26,Giải Đặc biệt,803,1
00563,2025-04-26,Giải nhất,467,0
00563,2025-04-26,Giải nhất,629,1
00563,2025-04-26,Giải nhất,186,2
00563,2025-04-26,Giải nhất,592,3
00563,2025-04-26,Giải nhì,068,0
00563,2025-04-26,Giải nhì,868,1
00563,2025-04-26,Giải nhì,307,2
00563,2025-04-26,Giải nhì,703,3
00563,2025-04-26,Giải nhì,459,4
00563,2025-04-26,Giải nhì,160,5
00562,2025-04-24,Giải ba,853,0
00562,2025-04-24,Giải ba,200,1
00562,2025-04-24,Giải ba,617,2
00562,2025-04-24,Giải ba,144,3
00562,2025-04-24,Giải ba,929,4
00562,2025-04-24,Giải ba,079,5
00562,2025-04-24,Giải ba,019,6
00562,2025-04-24,Giải ba,449,7
00562,2025-04-24,Giải Đặc biệt,385,0
00562,2025-04-24,Giải Đặc biệt,892,1
00562,2025-04-24,Giải nhất,240,0
00562,2025-04-24,Giải nhất,929,1
00562,2025-04-24,Giải nhất,230,2
00562,2025-04-24,Giải nhất,775,3
00562,2025-04-24,Giải nhì,442,0
00562,2025-04-24,Giải nhì,438,1
00562,2025-04-24,Giải nhì,122,2
00562,2025-04-24,Giải nhì,510,3
00562,2025-04-24,Giải nhì,243,4
00562,2025-04-24,Giải nhì,239,5
00561,2025-04-22,Giải ba,820,0
00561,2025-04-22,Giải ba,536,1
00561,2025-04-22,Giải ba,082,2
00561,2025-04-22,Giải ba,608,3
00561,2025-04-22,Giải ba,010,4
00561,2025-04-22,Giải ba,065,5
00561,2025-04-22,Giải ba,487,6
00561,2025-04-22,Giải ba,568,7
00561,2025-04-22,Giải Đặc biệt,933,0
00561,2025-04-22,Giải Đặc biệt,940,1
00561,2025-04-22,Giải nhất,349,0
00561,2025-04-22,Giải nhất,332,1
00561,2025-04-22,Giải nhất,475,2
00561,2025-04-22,Giải nhất,074,3
00561,2025-04-22,Giải nhì,805,0
00561,2025-04-22,Giải nhì,210,1
00561,2025-04-22,Giải nhì,858,2
00561,2025-04-22,Giải nhì,488,3
00561,2025-04-22,Giải nhì,218,4
00561,2025-04-22,Giải nhì,721,5
00560,2025-04-19,Giải ba,996,0
00560,2025-04-19,Giải ba,308,1
00560,2025-04-19,Giải ba,283,2
00560,2025-04-19,Giải ba,811,3
00560,2025-04-19,Giải ba,584,4
00560,2025-04-19,Giải ba,328,5
00560,2025-04-19,Giải ba,297,6
00560,2025-04-19,Giải ba,810,7
00560,2025-04-19,Giải Đặc biệt,388,0
00560,2025-04-19,Giải Đặc biệt,943,1
00560,2025-04-19,Giải nhất,055,0
00560,2025-04-19,Giải nhất,223,1
00560,2025-04-19,Giải nhất,268,2
00560,2025-04-19,Giải nhất,792,3
00560,2025-04-19,Giải nhì,928,0
00560,2025-04-19,Giải nhì,306,1
00560,2025-04-19,Giải nhì,689,2
00560,2025-04-19,Giải nhì,955,3
00560,2025-04-19,Giải nhì,958,4
00560,2025-04-19,Giải nhì,419,5
00559,2025-04-17,Giải ba,990,0
00559,2025-04-17,Giải ba,319,1
00559,2025-04-17,Giải ba,169,2
00559,2025-04-17,Giải ba,380,3
00559,2025-04-17,Giải ba,648,4
00559,2025-04-17,Giải ba,394,5
00559,2025-04-17,Giải ba,396,6
00559,2025-04-17,Giải ba,146,7
00559,2025-04-17,Giải Đặc biệt,502,0
00559,2025-04-17,Giải Đặc biệt,420,1
00559,2025-04-17,Giải nhất,873,0
00559,2025-04-17,Giải nhất,722,1
00559,2025-04-17,Giải nhất,864,2
00559,2025-04-17,Giải nhất,269,3
00559,2025-04-17,Giải nhì,543,0
00559,2025-04-17,Giải nhì,766,1
00559,2025-04-17,Giải nhì,309,2
00559,2025-04-17,Giải nhì,938,3
00559,2025-04-17,Giải nhì,515,4
00559,2025-04-17,Giải nhì,801,5
00558,2025-04-15,Giải ba,842,0
00558,2025-04-15,Giải ba,235,1
00558,2025-04-15,Giải ba,219,2
00558,2025-04-15,Giải ba,291,3
00558,2025-04-15,Giải ba,751,4
00558,2025-04-15,Giải ba,455,5
00558,2025-04-15,Giải ba,444,6
00558,2025-04-15,Giải ba,202,7
00558,2025-04-15,Giải Đặc biệt,147,0
00558,2025-04-15,Giải Đặc biệt,971,1
00558,2025-04-15,Giải nhất,109,0
00558,2025-04-15,Giải nhất,250,1
00558,2025-04-15,Giải nhất,185,2
00558,2025-04-15,Giải nhất,707,3
00558,2025-04-15,Giải nhì,609,0
00558,2025-04-15,Giải nhì,131,1
00558,2025-04-15,Giải nhì,063,2
00558,2025-04-15,Giải nhì,422,3
00558,2025-04-15,Giải nhì,416,4
00558,2025-04-15,Giải nhì,729,5
00557,2025-04-12,Giải ba,957,0
00557,2025-04-12,Giải ba,216,1
00557,2025-04-12,Giải ba,866,2
00557,2025-04-12,Giải ba,937,3
00557,2025-04-12,Giải ba,197,4
00557,2025-04-12,Giải ba,021,5
00557,2025-04-12,Giải ba,593,6
00557,2025-04-12,Giải ba,896,7
00557,2025-04-12,Giải Đặc biệt,763,0
00557,2025-04-12,Giải Đặc biệt,891,1
00557,2025-04-12,Giải nhất,322,0
00557,2025-04-12,Giải nhất,245,1
00557,2025-04-12,Giải nhất,880,2
00557,2025-04-12,Giải nhất,107,3
00557,2025-04-12,Giải nhì,552,0
00557,2025-04-12,Giải nhì,160,1
00557,2025-04-12,Giải nhì,702,2
00557,2025-04-12,Giải nhì,164,3
00557,2025-04-12,Giải nhì,173,4
00557,2025-04-12,Giải nhì,027,5
00556,2025-04-10,Giải ba,989,0
00556,2025-04-10,Giải ba,873,1
00556,2025-04-10,Giải ba,900,2
00556,2025-04-10,Giải ba,441,3
00556,2025-04-10,Giải ba,156,4
00556,2025-04-10,Giải ba,685,5
00556,2025-04-10,Giải ba,520,6
00556,2025-04-10,Giải ba,658,7
00556,2025-04-10,Giải Đặc biệt,523,0
00556,2025-04-10,Giải Đặc biệt,567,1
00556,2025-04-10,Giải nhất,944,0
00556,2025-04-10,Giải nhất,812,1
00556,2025-04-10,Giải nhất,600,2
00556,2025-04-10,Giải nhất,388,3
00556,2025-04-10,Giải nhì,524,0
00556,2025-04-10,Giải nhì,881,1
00556,2025-04-10,Giải nhì,140,2
00556,2025-04-10,Giải nhì,983,3
00556,2025-04-10,Giải nhì,201,4
00556,2025-04-10,Giải nhì,418,5
00555,2025-04-08,Giải ba,976,0
00555,2025-04-08,Giải ba,728,1
00555,2025-04-08,Giải ba,622,2
00555,2025-04-08,Giải ba,113,3
00555,2025-04-08,Giải ba,212,4
00555,2025-04-08,Giải ba,950,5
00555,2025-04-08,Giải ba,511,6
00555,2025-04-08,Giải ba,987,7
00555,2025-04-08,Giải Đặc biệt,784,0
00555,2025-04-08,Giải Đặc biệt,978,1
00555,2025-04-08,Giải nhất,573,0
00555,2025-04-08,Giải nhất,189,1
00555,2025-04-08,Giải nhất,262,2
00555,2025-04-08,Giải nhất,752,3
00555,2025-04-08,Giải nhì,459,0
00555,2025-04-08,Giải nhì,681,1
00555,2025-04-08,Giải nhì,341,2
00555,2025-04-08,Giải nhì,653,3
00555,2025-04-08,Giải nhì,908,4
00555,2025-04-08,Giải nhì,158,5
00554,2025-04-05,Giải ba,784,0
00554,2025-04-05,Giải ba,213,1
00554,2025-04-05,Giải ba,768,2
00554,2025-04-05,Giải ba,259,3
00554,2025-04-05,Giải ba,674,4
00554,2025-04-05,Giải ba,761,5
00554,2025-04-05,Giải ba,769,6
00554,2025-04-05,Giải ba,696,7
00554,2025-04-05,Giải Đặc biệt,889,0
00554,2025-04-05,Giải Đặc biệt,734,1
00554,2025-04-05,Giải nhất,104,0
00554,2025-04-05,Giải nhất,045,1
00554,2025-04-05,Giải nhất,515,2
00554,2025-04-05,Giải nhất,526,3
00554,2025-04-05,Giải nhì,047,0
00554,2025-04-05,Giải nhì,790,1
00554,2025-04-05,Giải nhì,332,2
00554,2025-04-05,Giải nhì,559,3
00554,2025-04-05,Giải nhì,895,4
00554,2025-04-05,Giải nhì,975,5
00553,2025-04-03,Giải ba,147,0
00553,2025-04-03,Giải ba,161,1
00553,2025-04-03,Giải ba,813,2
00553,2025-04-03,Giải ba,103,3
00553,2025-04-03,Giải ba,257,4
00553,2025-04-03,Giải ba,292,5
00553,2025-04-03,Giải ba,031,6
00553,2025-04-03,Giải ba,266,7
00553,2025-04-03,Giải Đặc biệt,328,0
00553,2025-04-03,Giải Đặc biệt,125,1
00553,2025-04-03,Giải nhất,575,0
00553,2025-04-03,Giải nhất,155,1
00553,2025-04-03,Giải nhất,072,2
00553,2025-04-03,Giải nhất,549,3
00553,2025-04-03,Giải nhì,711,0
00553,2025-04-03,Giải nhì,622,1
00553,2025-04-03,Giải nhì,081,2
00553,2025-04-03,Giải nhì,914,3
00553,2025-04-03,Giải nhì,602,4
00553,2025-04-03,Giải nhì,697,5
00552,2025-04-01,Giải ba,066,0
00552,2025-04-01,Giải ba,617,1
00552,2025-04-01,Giải ba,228,2
00552,2025-04-01,Giải ba,641,3
00552,2025-04-01,Giải ba,131,4
00552,2025-04-01,Giải ba,986,5
00552,2025-04-01,Giải ba,945,6
00552,2025-04-01,Giải ba,012,7
00552,2025-04-01,Giải Đặc biệt,658,0
00552,2025-04-01,Giải Đặc biệt,163,1
00552,2025-04-01,Giải nhất,292,0
00552,2025-04-01,Giải nhất,438,1
00552,2025-04-01,Giải nhất,035,2
00552,2025-04-01,Giải nhất,420,3
00552,2025-04-01,Giải nhì,594,0
00552,2025-04-01,Giải nhì,455,1
00552,2025-04-01,Giải nhì,179,2
00552,2025-04-01,Giải nhì,238,3
00552,2025-04-01,Giải nhì,465,4
00552,2025-04-01,Giải nhì,184,5
00551,2025-03-29,Giải ba,096,0
00551,2025-03-29,Giải ba,824,1
00551,2025-03-29,Giải ba,901,2
00551,2025-03-29,Giải ba,979,3
00551,2025-03-29,Giải ba,523,4
00551,2025-03-29,Giải ba,866,5
00551,2025-03-29,Giải ba,350,6
00551,2025-03-29,Giải ba,672,7
00551,2025-03-29,Giải Đặc biệt,623,0
00551,2025-03-29,Giải Đặc biệt,795,1
00551,2025-03-29,Giải nhất,820,0
00551,2025-03-29,Giải nhất,863,1
00551,2025-03-29,Giải nhất,830,2
00551,2025-03-29,Giải nhất,887,3
00551,2025-03-29,Giải nhì,888,0
00551,2025-03-29,Giải nhì,993,1
00551,2025-03-29,Giải nhì,006,2
00551,2025-03-29,Giải nhì,280,3
00551,2025-03-29,Giải nhì,487,4
00551,2025-03-29,Giải nhì,582,5
00550,2025-03-27,Giải ba,969,0
00550,2025-03-27,Giải ba,837,1
00550,2025-03-27,Giải ba,439,2
00550,2025-03-27,Giải ba,264,3
00550,2025-03-27,Giải ba,363,4
00550,2025-03-27,Giải ba,821,5
00550,2025-03-27,Giải ba,160,6
00550,2025-03-27,Giải ba,013,7
00550,2025-03-27,Giải Đặc biệt,478,0
00550,2025-03-27,Giải Đặc biệt,290,1
00550,2025-03-27,Giải nhất,104,0
00550,2025-03-27,Giải nhất,475,1
00550,2025-03-27,Giải nhất,755,2
00550,2025-03-27,Giải nhất,639,3
00550,2025-03-27,Giải nhì,012,0
00550,2025-03-27,Giải nhì,252,1
00550,2025-03-27,Giải nhì,162,2
00550,2025-03-27,Giải nhì,338,3
00550,2025-03-27,Giải nhì,518,4
00550,2025-03-27,Giải nhì,409,5
00549,2025-03-25,Giải ba,983,0
00549,2025-03-25,Giải ba,559,1
00549,2025-03-25,Giải ba,777,2
00549,2025-03-25,Giải ba,876,3
00549,2025-03-25,Giải ba,497,4
00549,2025-03-25,Giải ba,517,5
00549,2025-03-25,Giải ba,701,6
00549,2025-03-25,Giải ba,760,7
00549,2025-03-25,Giải Đặc biệt,368,0
00549,2025-03-25,Giải Đặc biệt,953,1
00549,2025-03-25,Giải nhất,274,0
00549,2025-03-25,Giải nhất,994,1
00549,2025-03-25,Giải nhất,346,2
00549,2025-03-25,Giải nhất,538,3
00549,2025-03-25,Giải nhì,756,0
00549,2025-03-25,Giải nhì,213,1
00549,2025-03-25,Giải nhì,870,2
00549,2025-03-25,Giải nhì,142,3
00549,2025-03-25,Giải nhì,778,4
00549,2025-03-25,Giải nhì,336,5
00548,2025-03-22,Giải ba,074,0
00548,2025-03-22,Giải ba,723,1
00548,2025-03-22,Giải ba,541,2
00548,2025-03-22,Giải ba,595,3
00548,2025-03-22,Giải ba,624,4
00548,2025-03-22,Giải ba,079,5
00548,2025-03-22,Giải ba,453,6
00548,2025-03-22,Giải ba,190,7
00548,2025-03-22,Giải Đặc biệt,317,0
00548,2025-03-22,Giải Đặc biệt,299,1
00548,2025-03-22,Giải nhất,375,0
00548,2025-03-22,Giải nhất,484,1
00548,2025-03-22,Giải nhất,109,2
00548,2025-03-22,Giải nhất,385,3
00548,2025-03-22,Giải nhì,195,0
00548,2025-03-22,Giải nhì,237,1
00548,2025-03-22,Giải nhì,905,2
00548,2025-03-22,Giải nhì,978,3
00548,2025-03-22,Giải nhì,545,4
00548,2025-03-22,Giải nhì,184,5
00547,2025-03-20,Giải ba,098,0
00547,2025-03-20,Giải ba,566,1
00547,2025-03-20,Giải ba,652,2
00547,2025-03-20,Giải ba,458,3
00547,2025-03-20,Giải ba,629,4
00547,2025-03-20,Giải ba,529,5
00547,2025-03-20,Giải ba,047,6
00547,2025-03-20,Giải ba,248,7
00547,2025-03-20,Giải Đặc biệt,905,0
00547,2025-03-20,Giải Đặc biệt,199,1
00547,2025-03-20,Giải nhất,848,0
00547,2025-03-20,Giải nhất,972,1
00547,2025-03-20,Giải nhất,563,2
00547,2025-03-20,Giải nhất,764,3
00547,2025-03-20,Giải nhì,932,0
00547,2025-03-20,Giải nhì,192,1
00547,2025-03-20,Giải nhì,946,2
00547,2025-03-20,Giải nhì,461,3
00547,2025-03-20,Giải nhì,445,4
00547,2025-03-20,Giải nhì,249,5
00546,2025-03-18,Giải ba,833,0
00546,2025-03-18,Giải ba,366,1
00546,2025-03-18,Giải ba,627,2
00546,2025-03-18,Giải ba,556,3
00546,2025-03-18,Giải ba,051,4
00546,2025-03-18,Giải ba,767,5
00546,2025-03-18,Giải ba,392,6
00546,2025-03-18,Giải ba,286,7
00546,2025-03-18,Giải Đặc biệt,381,0
00546,2025-03-18,Giải Đặc biệt,351,1
00546,2025-03-18,Giải nhất,914,0
00546,2025-03-18,Giải nhất,726,1
00546,2025-03-18,Giải nhất,946,2
00546,2025-03-18,Giải nhất,722,3
00546,2025-03-18,Giải nhì,181,0
00546,2025-03-18,Giải nhì,605,1
00546,2025-03-18,Giải nhì,775,2
00546,2025-03-18,Giải nhì,435,3
00546,2025-03-18,Giải nhì,431,4
00546,2025-03-18,Giải nhì,569,5
00545,2025-03-15,Giải ba,675,0
00545,2025-03-15,Giải ba,721,1
00545,2025-03-15,Giải ba,207,2
00545,2025-03-15,Giải ba,409,3
00545,2025-03-15,Giải ba,181,4
00545,2025-03-15,Giải ba,561,5
00545,2025-03-15,Giải ba,622,6
00545,2025-03-15,Giải ba,703,7
00545,2025-03-15,Giải Đặc biệt,713,0
00545,2025-03-15,Giải Đặc biệt,199,1
00545,2025-03-15,Giải nhất,249,0
00545,2025-03-15,Giải nhất,881,1
00545,2025-03-15,Giải nhất,149,2
00545,2025-03-15,Giải nhất,538,3
00545,2025-03-15,Giải nhì,671,0
00545,2025-03-15,Giải nhì,056,1
00545,2025-03-15,Giải nhì,948,2
00545,2025-03-15,Giải nhì,607,3
00545,2025-03-15,Giải nhì,064,4
00545,2025-03-15,Giải nhì,838,5
00544,2025-03-13,Giải ba,910,0
00544,2025-03-13,Giải ba,690,1
00544,2025-03-13,Giải ba,823,2
00544,2025-03-13,Giải ba,720,3
00544,2025-03-13,Giải ba,633,4
00544,2025-03-13,Giải ba,384,5
00544,2025-03-13,Giải ba,309,6
00544,2025-03-13,Giải ba,696,7
00544,2025-03-13,Giải Đặc biệt,767,0
00544,2025-03-13,Giải Đặc biệt,273,1
00544,2025-03-13,Giải nhất,376,0
00544,2025-03-13,Giải nhất,961,1
00544,2025-03-13,Giải nhất,951,2
00544,2025-03-13,Giải nhất,069,3
00544,2025-03-13,Giải nhì,840,0
00544,2025-03-13,Giải nhì,048,1
00544,2025-03-13,Giải nhì,661,2
00544,2025-03-13,Giải nhì,820,3
00544,2025-03-13,Giải nhì,894,4
00544,2025-03-13,Giải nhì,143,5
00543,2025-03-11,Giải ba,702,0
00543,2025-03-11,Giải ba,471,1
00543,2025-03-11,Giải ba,015,2
00543,2025-03-11,Giải ba,961,3
00543,2025-03-11,Giải ba,768,4
00543,2025-03-11,Giải ba,065,5
00543,2025-03-11,Giải ba,409,6
00543,2025-03-11,Giải ba,820,7
00543,2025-03-11,Giải Đặc biệt,616,0
00543,2025-03-11,Giải Đặc biệt,760,1
00543,2025-03-11,Giải nhất,149,0
00543,2025-03-11,Giải nhất,337,1
00543,2025-03-11,Giải nhất,237,2
00543,2025-03-11,Giải nhất,885,3
00543,2025-03-11,Giải nhì,785,0
00543,2025-03-11,Giải nhì,286,1
00543,2025-03-11,Giải nhì,568,2
00543,2025-03-11,Giải nhì,211,3
00543,2025-03-11,Giải nhì,186,4
00543,2025-03-11,Giải nhì,911,5
00542,2025-03-08,Giải ba,018,0
00542,2025-03-08,Giải ba,393,1
00542,2025-03-08,Giải ba,765,2
00542,2025-03-08,Giải ba,298,3
00542,2025-03-08,Giải ba,723,4
00542,2025-03-08,Giải ba,875,5
00542,2025-03-08,Giải ba,165,6
00542,2025-03-08,Giải ba,552,7
00542,2025-03-08,Giải Đặc biệt,734,0
00542,2025-03-08,Giải Đặc biệt,374,1
00542,2025-03-08,Giải nhất,086,0
00542,2025-03-08,Giải nhất,626,1
00542,2025-03-08,Giải nhất,429,2
00542,2025-03-08,Giải nhất,092,3
00542,2025-03-08,Giải nhì,013,0
00542,2025-03-08,Giải nhì,704,1
00542,2025-03-08,Giải nhì,845,2
00542,2025-03-08,Giải nhì,029,3
00542,2025-03-08,Giải nhì,995,4
00542,2025-03-08,Giải nhì,816,5
00541,2025-03-06,Giải ba,775,0
00541,2025-03-06,Giải ba,215,1
00541,2025-03-06,Giải ba,968,2
00541,2025-03-06,Giải ba,297,3
00541,2025-03-06,Giải ba,786,4
00541,2025-03-06,Giải ba,185,5
00541,2025-03-06,Giải ba,550,6
00541,2025-03-06,Giải ba,427,7
00541,2025-03-06,Giải Đặc biệt,857,0
00541,2025-03-06,Giải Đặc biệt,909,1
00541,2025-03-06,Giải nhất,952,0
00541,2025-03-06,Giải nhất,547,1
00541,2025-03-06,Giải nhất,997,2
00541,2025-03-06,Giải nhất,656,3
00541,2025-03-06,Giải nhì,520,0
00541,2025-03-06,Giải nhì,659,1
00541,2025-03-06,Giải nhì,569,2
00541,2025-03-06,Giải nhì,086,3
00541,2025-03-06,Giải nhì,369,4
00541,2025-03-06,Giải nhì,541,5
00540,2025-03-04,Giải ba,841,0
00540,2025-03-04,Giải ba,386,1
00540,2025-03-04,Giải ba,877,2
00540,2025-03-04,Giải ba,299,3
00540,2025-03-04,Giải ba,140,4
00540,2025-03-04,Giải ba,873,5
00540,2025-03-04,Giải ba,865,6
00540,2025-03-04,Giải ba,523,7
00540,2025-03-04,Giải Đặc biệt,587,0
00540,2025-03-04,Giải Đặc biệt,463,1
00540,2025-03-04,Giải nhất,017,0
00540,2025-03-04,Giải nhất,951,1
00540,2025-03-04,Giải nhất,397,2
00540,2025-03-04,Giải nhất,016,3
00540,2025-03-04,Giải nhì,250,0
00540,2025-03-04,Giải nhì,256,1
00540,2025-03-04,Giải nhì,107,2
00540,2025-03-04,Giải nhì,604,3
00540,2025-03-04,Giải nhì,131,4
00540,2025-03-04,Giải nhì,425,5
00539,2025-03-01,Giải ba,029,0
00539,2025-03-01,Giải ba,787,1
00539,2025-03-01,Giải ba,854,2
00539,2025-03-01,Giải ba,566,3
00539,2025-03-01,Giải ba,486,4
00539,2025-03-01,Giải ba,537,5
00539,2025-03-01,Giải ba,156,6
00539,2025-03-01,Giải ba,162,7
00539,2025-03-01,Giải Đặc biệt,533,0
00539,2025-03-01,Giải Đặc biệt,021,1
00539,2025-03-01,Giải nhất,185,0
00539,2025-03-01,Giải nhất,867,1
00539,2025-03-01,Giải nhất,222,2
00539,2025-03-01,Giải nhất,407,3
00539,2025-03-01,Giải nhì,260,0
00539,2025-03-01,Giải nhì,002,1
00539,2025-03-01,Giải nhì,178,2
00539,2025-03-01,Giải nhì,378,3
00539,2025-03-01,Giải nhì,685,4
00539,2025-03-01,Giải nhì,807,5
00538,2025-02-27,Giải ba,766,0
00538,2025-02-27,Giải ba,661,1
00538,2025-02-27,Giải ba,843,2
00538,2025-02-27,Giải ba,692,3
00538,2025-02-27,Giải ba,904,4
00538,2025-02-27,Giải ba,046,5
00538,2025-02-27,Giải ba,485,6
00538,2025-02-27,Giải ba,217,7
00538,2025-02-27,Giải Đặc biệt,411,0
00538,2025-02-27,Giải Đặc biệt,097,1
00538,2025-02-27,Giải nhất,945,0
00538,2025-02-27,Giải nhất,634,1
00538,2025-02-27,Giải nhất,635,2
00538,2025-02-27,Giải nhất,041,3
00538,2025-02-27,Giải nhì,500,0
00538,2025-02-27,Giải nhì,499,1
00538,2025-02-27,Giải nhì,135,2
00538,2025-02-27,Giải nhì,397,3
00538,2025-02-27,Giải nhì,184,4
00538,2025-02-27,Giải nhì,691,5
00537,2025-02-25,Giải ba,718,0
00537,2025-02-25,Giải ba,553,1
00537,2025-02-25,Giải ba,066,2
00537,2025-02-25,Giải ba,716,3
00537,2025-02-25,Giải ba,625,4
00537,2025-02-25,Giải ba,479,5
00537,2025-02-25,Giải ba,371,6
00537,2025-02-25,Giải ba,978,7
00537,2025-02-25,Giải Đặc biệt,095,0
00537,2025-02-25,Giải Đặc biệt,644,1
00537,2025-02-25,Giải nhất,138,0
00537,2025-02-25,Giải nhất,657,1
00537,2025-02-25,Giải nhất,600,2
00537,2025-02-25,Giải nhất,903,3
00537,2025-02-25,Giải nhì,192,0
00537,2025-02-25,Giải nhì,347,1
00537,2025-02-25,Giải nhì,279,2
00537,2025-02-25,Giải nhì,320,3
00537,2025-02-25,Giải nhì,431,4
00537,2025-02-25,Giải nhì,380,5
00536,2025-02-22,Giải ba,748,0
00536,2025-02-22,Giải ba,133,1
00536,2025-02-22,Giải ba,880,2
00536,2025-02-22,Giải ba,550,3
00536,2025-02-22,Giải ba,873,4
00536,2025-02-22,Giải ba,961,5
00536,2025-02-22,Giải ba,035,6
00536,2025-02-22,Giải ba,719,7
00536,2025-02-22,Giải Đặc biệt,419,0
00536,2025-02-22,Giải Đặc biệt,598,1
00536,2025-02-22,Giải nhất,207,0
00536,2025-02-22,Giải nhất,517,1
00536,2025-02-22,Giải nhất,630,2
00536,2025-02-22,Giải nhất,264,3
00536,2025-02-22,Giải nhì,271,0
00536,2025-02-22,Giải nhì,039,1
00536,2025-02-22,Giải nhì,995,2
00536,2025-02-22,Giải nhì,241,3
00536,2025-02-22,Giải nhì,888,4
00536,2025-02-22,Giải nhì,084,5
00535,2025-02-20,Giải ba,127,0
00535,2025-02-20,Giải ba,171,1
00535,2025-02-20,Giải ba,819,2
00535,2025-02-20,Giải ba,468,3
00535,2025-02-20,Giải ba,368,4
00535,2025-02-20,Giải ba,817,5
00535,2025-02-20,Giải ba,645,6
00535,2025-02-20,Giải ba,078,7
00535,2025-02-20,Giải Đặc biệt,521,0
00535,2025-02-20,Giải Đặc biệt,911,1
00535,2025-02-20,Giải nhất,968,0
00535,2025-02-20,Giải nhất,299,1
00535,2025-02-20,Giải nhất,219,2
00535,2025-02-20,Giải nhất,540,3
00535,2025-02-20,Giải nhì,760,0
00535,2025-02-20,Giải nhì,463,1
00535,2025-02-20,Giải nhì,401,2
00535,2025-02-20,Giải nhì,482,3
00535,2025-02-20,Giải nhì,915,4
00535,2025-02-20,Giải nhì,246,5
00534,2025-02-18,Giải ba,556,0
00534,2025-02-18,Giải ba,667,1
00534,2025-02-18,Giải ba,902,2
00534,2025-02-18,Giải ba,105,3
00534,2025-02-18,Giải ba,143,4
00534,2025-02-18,Giải ba,327,5
00534,2025-02-18,Giải ba,897,6
00534,2025-02-18,Giải ba,727,7
00534,2025-02-18,Giải Đặc biệt,525,0
00534,2025-02-18,Giải Đặc biệt,578,1
00534,2025-02-18,Giải nhất,592,0
00534,2025-02-18,Giải nhất,183,1
00534,2025-02-18,Giải nhất,507,2
00534,2025-02-18,Giải nhất,925,3
00534,2025-02-18,Giải nhì,300,0
00534,2025-02-18,Giải nhì,279,1
00534,2025-02-18,Giải nhì,023,2
00534,2025-02-18,Giải nhì,992,3
00534,2025-02-18,Giải nhì,940,4
00534,2025-02-18,Giải nhì,961,5
00533,2025-02-15,Giải ba,032,0
00533,2025-02-15,Giải ba,373,1
00533,2025-02-15,Giải ba,820,2
00533,2025-02-15,Giải ba,555,3
00533,2025-02-15,Giải ba,491,4
00533,2025-02-15,Giải ba,128,5
00533,2025-02-15,Giải ba,092,6
00533,2025-02-15,Giải ba,539,7
00533,2025-02-15,Giải Đặc biệt,193,0
00533,2025-02-15,Giải Đặc biệt,390,1
00533,2025-02-15,Giải nhất,490,0
00533,2025-02-15,Giải nhất,560,1
00533,2025-02-15,Giải nhất,835,2
00533,2025-02-15,Giải nhất,001,3
00533,2025-02-15,Giải nhì,088,0
00533,2025-02-15,Giải nhì,883,1
00533,2025-02-15,Giải nhì,291,2
00533,2025-02-15,Giải nhì,068,3
00533,2025-02-15,Giải nhì,258,4
00533,2025-02-15,Giải nhì,655,5
00532,2025-02-13,Giải ba,765,0
00532,2025-02-13,Giải ba,163,1
00532,2025-02-13,Giải ba,035,2
00532,2025-02-13,Giải ba,196,3
00532,2025-02-13,Giải ba,739,4
00532,2025-02-13,Giải ba,199,5
00532,2025-02-13,Giải ba,809,6
00532,2025-02-13,Giải ba,553,7
00532,2025-02-13,Giải Đặc biệt,710,0
00532,2025-02-13,Giải Đặc biệt,862,1
00532,2025-02-13,Giải nhất,869,0
00532,2025-02-13,Giải nhất,295,1
00532,2025-02-13,Giải nhất,138,2
00532,2025-02-13,Giải nhất,967,3
00532,2025-02-13,Giải nhì,558,0
00532,2025-02-13,Giải nhì,958,1
00532,2025-02-13,Giải nhì,779,2
00532,2025-02-13,Giải nhì,655,3
00532,2025-02-13,Giải nhì,436,4
00532,2025-02-13,Giải nhì,351,5
00531,2025-02-11,Giải ba,004,0
00531,2025-02-11,Giải ba,955,1
00531,2025-02-11,Giải ba,340,2
00531,2025-02-11,Giải ba,016,3
00531,2025-02-11,Giải ba,134,4
00531,2025-02-11,Giải ba,739,5
00531,2025-02-11,Giải ba,031,6
00531,2025-02-11,Giải ba,644,7
00531,2025-02-11,Giải Đặc biệt,212,0
00531,2025-02-11,Giải Đặc biệt,098,1
00531,2025-02-11,Giải nhất,976,0
00531,2025-02-11,Giải nhất,516,1
00531,2025-02-11,Giải nhất,483,2
00531,2025-02-11,Giải nhất,961,3
00531,2025-02-11,Giải nhì,995,0
00531,2025-02-11,Giải nhì,841,1
00531,2025-02-11,Giải nhì,282,2
00531,2025-02-11,Giải nhì,362,3
00531,2025-02-11,Giải nhì,328,4
00531,2025-02-11,Giải nhì,810,5
00530,2025-02-08,Giải ba,760,0
00530,2025-02-08,Giải ba,953,1
00530,2025-02-08,Giải ba,701,2
00530,2025-02-08,Giải ba,682,3
00530,2025-02-08,Giải ba,539,4
00530,2025-02-08,Giải ba,707,5
00530,2025-02-08,Giải ba,924,6
00530,2025-02-08,Giải ba,972,7
00530,2025-02-08,Giải Đặc biệt,834,0
00530,2025-02-08,Giải Đặc biệt,294,1
00530,2025-02-08,Giải nhất,286,0
00530,2025-02-08,Giải nhất,444,1
00530,2025-02-08,Giải nhất,140,2
00530,2025-02-08,Giải nhất,057,3
00530,2025-02-08,Giải nhì,484,0
00530,2025-02-08,Giải nhì,921,1
00530,2025-02-08,Giải nhì,893,2
00530,2025-02-08,Giải nhì,301,3
00530,2025-02-08,Giải nhì,905,4
00530,2025-02-08,Giải nhì,438,5
00529,2025-02-06,Giải ba,989,0
00529,2025-02-06,Giải ba,810,1
00529,2025-02-06,Giải ba,948,2
00529,2025-02-06,Giải ba,029,3
00529,2025-02-06,Giải ba,321,4
00529,2025-02-06,Giải ba,833,5
00529,2025-02-06,Giải ba,166,6
00529,2025-02-06,Giải ba,089,7
00529,2025-02-06,Giải Đặc biệt,908,0
00529,2025-02-06,Giải Đặc biệt,757,1
00529,2025-02-06,Giải nhất,164,0
00529,2025-02-06,Giải nhất,422,1
00529,2025-02-06,Giải nhất,087,2
00529,2025-02-06,Giải nhất,465,3
00529,2025-02-06,Giải nhì,915,0
00529,2025-02-06,Giải nhì,659,1
00529,2025-02-06,Giải nhì,184,2
00529,2025-02-06,Giải nhì,659,3
00529,2025-02-06,Giải nhì,284,4
00529,2025-02-06,Giải nhì,219,5
00528,2025-02-04,Giải ba,785,0
00528,2025-02-04,Giải ba,422,1
00528,2025-02-04,Giải ba,120,2
00528,2025-02-04,Giải ba,915,3
00528,2025-02-04,Giải ba,415,4
00528,2025-02-04,Giải ba,673,5
00528,2025-02-04,Giải ba,506,6
00528,2025-02-04,Giải ba,546,7
00528,2025-02-04,Giải Đặc biệt,116,0
00528,2025-02-04,Giải Đặc biệt,201,1
00528,2025-02-04,Giải nhất,690,0
00528,2025-02-04,Giải nhất,824,1
00528,2025-02-04,Giải nhất,004,2
00528,2025-02-04,Giải nhất,663,3
00528,2025-02-04,Giải nhì,654,0
00528,2025-02-04,Giải nhì,860,1
00528,2025-02-04,Giải nhì,107,2
00528,2025-02-04,Giải nhì,875,3
00528,2025-02-04,Giải nhì,947,4
00528,2025-02-04,Giải nhì,292,5
00527,2025-02-01,Giải ba,739,0
00527,2025-02-01,Giải ba,162,1
00527,2025-02-01,Giải ba,264,2
00527,2025-02-01,Giải ba,528,3
00527,2025-02-01,Giải ba,075,4
00527,2025-02-01,Giải ba,837,5
00527,2025-02-01,Giải ba,029,6
00527,2025-02-01,Giải ba,234,7
00527,2025-02-01,Giải Đặc biệt,818,0
00527,2025-02-01,Giải Đặc biệt,035,1
00527,2025-02-01,Giải nhất,712,0
00527,2025-02-01,Giải nhất,280,1
00527,2025-02-01,Giải nhất,041,2
00527,2025-02-01,Giải nhất,758,3
00527,2025-02-01,Giải nhì,714,0
00527,2025-02-01,Giải nhì,547,1
00527,2025-02-01,Giải nhì,846,2
00527,2025-02-01,Giải nhì,958,3
00527,2025-02-01,Giải nhì,646,4
00527,2025-02-01,Giải nhì,784,5
00526,2025-01-30,Giải ba,273,0
00526,2025-01-30,Giải ba,333,1
00526,2025-01-30,Giải ba,903,2
00526,2025-01-30,Giải ba,942,3
00526,2025-01-30,Giải ba,709,4
00526,2025-01-30,Giải ba,092,5
00526,2025-01-30,Giải ba,593,6
00526,2025-01-30,Giải ba,533,7
00526,2025-01-30,Giải Đặc biệt,327,0
00526,2025-01-30,Giải Đặc biệt,950,1
00526,2025-01-30,Giải nhất,339,0
00526,2025-01-30,Giải nhất,580,1
00526,2025-01-30,Giải nhất,217,2
00526,2025-01-30,Giải nhất,572,3
00526,2025-01-30,Giải nhì,969,0
00526,2025-01-30,Giải nhì,983,1
00526,2025-01-30,Giải nhì,334,2
00526,2025-01-30,Giải nhì,748,3
00526,2025-01-30,Giải nhì,830,4
00526,2025-01-30,Giải nhì,260,5
00525,2025-01-25,Giải ba,987,0
00525,2025-01-25,Giải ba,672,1
00525,2025-01-25,Giải ba,605,2
00525,2025-01-25,Giải ba,905,3
00525,2025-01-25,Giải ba,590,4
00525,2025-01-25,Giải ba,824,5
00525,2025-01-25,Giải ba,343,6
00525,2025-01-25,Giải ba,575,7
00525,2025-01-25,Giải Đặc biệt,270,0
00525,2025-01-25,Giải Đặc biệt,728,1
00525,2025-01-25,Giải nhất,752,0
00525,2025-01-25,Giải nhất,934,1
00525,2025-01-25,Giải nhất,736,2
00525,2025-01-25,Giải nhất,899,3
00525,2025-01-25,Giải nhì,589,0
00525,2025-01-25,Giải nhì,043,1
00525,2025-01-25,Giải nhì,080,2
00525,2025-01-25,Giải nhì,296,3
00525,2025-01-25,Giải nhì,652,4
00525,2025-01-25,Giải nhì,509,5
00524,2025-01-23,Giải ba,071,0
00524,2025-01-23,Giải ba,872,1
00524,2025-01-23,Giải ba,716,2
00524,2025-01-23,Giải ba,264,3
00524,2025-01-23,Giải ba,577,4
00524,2025-01-23,Giải ba,701,5
00524,2025-01-23,Giải ba,139,6
00524,2025-01-23,Giải ba,641,7
00524,2025-01-23,Giải Đặc biệt,645,0
00524,2025-01-23,Giải Đặc biệt,148,1
00524,2025-01-23,Giải nhất,746,0
00524,2025-01-23,Giải nhất,483,1
00524,2025-01-23,Giải nhất,107,2
00524,2025-01-23,Giải nhất,107,3
00524,2025-01-23,Giải nhì,339,0
00524,2025-01-23,Giải nhì,526,1
00524,2025-01-23,Giải nhì,442,2
00524,2025-01-23,Giải nhì,345,3
00524,2025-01-23,Giải nhì,364,4
00524,2025-01-23,Giải nhì,416,5
00523,2025-01-21,Giải ba,065,0
00523,2025-01-21,Giải ba,387,1
00523,2025-01-21,Giải ba,336,2
00523,2025-01-21,Giải ba,396,3
00523,2025-01-21,Giải ba,443,4
00523,2025-01-21,Giải ba,424,5
00523,2025-01-21,Giải ba,102,6
00523,2025-01-21,Giải ba,086,7
00523,2025-01-21,Giải Đặc biệt,516,0
00523,2025-01-21,Giải Đặc biệt,099,1
00523,2025-01-21,Giải nhất,251,0
00523,2025-01-21,Giải nhất,464,1
00523,2025-01-21,Giải nhất,707,2
00523,2025-01-21,Giải nhất,746,3
00523,2025-01-21,Giải nhì,225,0
00523,2025-01-21,Giải nhì,346,1
00523,2025-01-21,Giải nhì,986,2
00523,2025-01-21,Giải nhì,370,3
00523,2025-01-21,Giải nhì,680,4
00523,2025-01-21,Giải nhì,257,5
00522,2025-01-18,Giải ba,074,0
00522,2025-01-18,Giải ba,333,1
00522,2025-01-18,Giải ba,091,2
00522,2025-01-18,Giải ba,421,3
00522,2025-01-18,Giải ba,620,4
00522,2025-01-18,Giải ba,382,5
00522,2025-01-18,Giải ba,751,6
00522,2025-01-18,Giải ba,595,7
00522,2025-01-18,Giải Đặc biệt,076,0
00522,2025-01-18,Giải Đặc biệt,334,1
00522,2025-01-18,Giải nhất,353,0
00522,2025-01-18,Giải nhất,298,1
00522,2025-01-18,Giải nhất,847,2
00522,2025-01-18,Giải nhất,398,3
00522,2025-01-18,Giải nhì,224,0
00522,2025-01-18,Giải nhì,753,1
00522,2025-01-18,Giải nhì,140,2
00522,2025-01-18,Giải nhì,084,3
00522,2025-01-18,Giải nhì,024,4
00522,2025-01-18,Giải nhì,512,5
00521,2025-01-16,Giải ba,045,0
00521,2025-01-16,Giải ba,389,1
00521,2025-01-16,Giải ba,614,2
00521,2025-01-16,Giải ba,155,3
00521,2025-01-16,Giải ba,676,4
00521,2025-01-16,Giải ba,006,5
00521,2025-01-16,Giải ba,564,6
00521,2025-01-16,Giải ba,922,7
00521,2025-01-16,Giải Đặc biệt,840,0
00521,2025-01-16,Giải Đặc biệt,936,1
00521,2025-01-16,Giải nhất,226,0
00521,2025-01-16,Giải nhất,849,1
00521,2025-01-16,Giải nhất,057,2
00521,2025-01-16,Giải nhất,413,3
00521,2025-01-16,Giải nhì,521,0
00521,2025-01-16,Giải nhì,511,1
00521,2025-01-16,Giải nhì,540,2
00521,2025-01-16,Giải nhì,706,3
00521,2025-01-16,Giải nhì,220,4
00521,2025-01-16,Giải nhì,819,5
00520,2025-01-14,Giải ba,693,0
00520,2025-01-14,Giải ba,943,1
00520,2025-01-14,Giải ba,601,2
00520,2025-01-14,Giải ba,045,3
00520,2025-01-14,Giải ba,096,4
00520,2025-01-14,Giải ba,297,5
00520,2025-01-14,Giải ba,516,6
00520,2025-01-14,Giải ba,484,7
00520,2025-01-14,Giải Đặc biệt,907,0
00520,2025-01-14,Giải Đặc biệt,230,1
00520,2025-01-14,Giải nhất,634,0
00520,2025-01-14,Giải nhất,903,1
00520,2025-01-14,Giải nhất,046,2
00520,2025-01-14,Giải nhất,925,3
00520,2025-01-14,Giải nhì,733,0
00520,2025-01-14,Giải nhì,692,1
00520,2025-01-14,Giải nhì,806,2
00520,2025-01-14,Giải nhì,539,3
00520,2025-01-14,Giải nhì,513,4
00520,2025-01-14,Giải nhì,629,5
00519,2025-01-11,Giải ba,791,0
00519,2025-01-11,Giải ba,665,1
00519,2025-01-11,Giải ba,132,2
00519,2025-01-11,Giải ba,650,3
00519,2025-01-11,Giải ba,175,4
00519,2025-01-11,Giải ba,608,5
00519,2025-01-11,Giải ba,907,6
00519,2025-01-11,Giải ba,643,7
00519,2025-01-11,Giải Đặc biệt,542,0
00519,2025-01-11,Giải Đặc biệt,402,1
00519,2025-01-11,Giải nhất,287,0
00519,2025-01-11,Giải nhất,907,1
00519,2025-01-11,Giải nhất,179,2
00519,2025-01-11,Giải nhất,046,3
00519,2025-01-11,Giải nhì,727,0
00519,2025-01-11,Giải nhì,052,1
00519,2025-01-11,Giải nhì,980,2
00519,2025-01-11,Giải nhì,235,3
00519,2025-01-11,Giải nhì,815,4
00519,2025-01-11,Giải nhì,126,5
00518,2025-01-09,Giải ba,520,0
00518,2025-01-09,Giải ba,910,1
00518,2025-01-09,Giải ba,364,2
00518,2025-01-09,Giải ba,401,3
00518,2025-01-09,Giải ba,470,4
00518,2025-01-09,Giải ba,351,5
00518,2025-01-09,Giải ba,718,6
00518,2025-01-09,Giải ba,437,7
00518,2025-01-09,Giải Đặc biệt,302,0
00518,2025-01-09,Giải Đặc biệt,976,1
00518,2025-01-09,Giải nhất,535,0
00518,2025-01-09,Giải nhất,253,1
00518,2025-01-09,Giải nhất,219,2
00518,2025-01-09,Giải nhất,697,3
00518,2025-01-09,Giải nhì,869,0
00518,2025-01-09,Giải nhì,056,1
00518,2025-01-09,Giải nhì,748,2
00518,2025-01-09,Giải nhì,083,3
00518,2025-01-09,Giải nhì,263,4
00518,2025-01-09,Giải nhì,505,5
00517,2025-01-07,Giải ba,669,0
00517,2025-01-07,Giải ba,836,1
00517,2025-01-07,Giải ba,102,2
00517,2025-01-07,Giải ba,461,3
00517,2025-01-07,Giải ba,782,4
00517,2025-01-07,Giải ba,625,5
00517,2025-01-07,Giải ba,687,6
00517,2025-01-07,Giải ba,390,7
00517,2025-01-07,Giải Đặc biệt,859,0
00517,2025-01-07,Giải Đặc biệt,210,1
00517,2025-01-07,Giải nhất,923,0
00517,2025-01-07,Giải nhất,109,1
00517,2025-01-07,Giải nhất,190,2
00517,2025-01-07,Giải nhất,130,3
00517,2025-01-07,Giải nhì,814,0
00517,2025-01-07,Giải nhì,544,1
00517,2025-01-07,Giải nhì,063,2
00517,2025-01-07,Giải nhì,599,3
00517,2025-01-07,Giải nhì,455,4
00517,2025-01-07,Giải nhì,195,5
00516,2025-01-04,Giải ba,471,0
00516,2025-01-04,Giải ba,236,1
00516,2025-01-04,Giải ba,802,2
00516,2025-01-04,Giải ba,457,3
00516,2025-01-04,Giải ba,507,4
00516,2025-01-04,Giải ba,160,5
00516,2025-01-04,Giải ba,539,6
00516,2025-01-04,Giải ba,220,7
00516,2025-01-04,Giải Đặc biệt,134,0
00516,2025-01-04,Giải Đặc biệt,281,1
00516,2025-01-04,Giải nhất,415,0
00516,2025-01-04,Giải nhất,036,1
00516,2025-01-04,Giải nhất,235,2
00516,2025-01-04,Giải nhất,797,3
00516,2025-01-04,Giải nhì,027,0
00516,2025-01-04,Giải nhì,590,1
00516,2025-01-04,Giải nhì,806,2
00516,2025-01-04,Giải nhì,638,3
00516,2025-01-04,Giải nhì,382,4
00516,2025-01-04,Giải nhì,804,5
00515,2025-01-02,Giải ba,728,0
00515,2025-01-02,Giải ba,927,1
00515,2025-01-02,Giải ba,424,2
00515,2025-01-02,Giải ba,297,3
00515,2025-01-02,Giải ba,680,4
00515,2025-01-02,Giải ba,422,5
00515,2025-01-02,Giải ba,654,6
00515,2025-01-02,Giải ba,531,7
00515,2025-01-02,Giải Đặc biệt,706,0
00515,2025-01-02,Giải Đặc biệt,007,1
00515,2025-01-02,Giải nhất,392,0
00515,2025-01-02,Giải nhất,768,1
00515,2025-01-02,Giải nhất,359,2
00515,2025-01-02,Giải nhất,746,3
00515,2025-01-02,Giải nhì,959,0
00515,2025-01-02,Giải nhì,988,1
00515,2025-01-02,Giải nhì,100,2
00515,2025-01-02,Giải nhì,826,3
00515,2025-01-02,Giải nhì,676,4
00515,2025-01-02,Giải nhì,031,5
00514,2024-12-31,Giải ba,523,0
00514,2024-12-31,Giải ba,193,1
00514,2024-12-31,Giải ba,400,2
00514,2024-12-31,Giải ba,103,3
00514,2024-12-31,Giải ba,631,4
00514,2024-12-31,Giải ba,276,5
00514,2024-12-31,Giải ba,472,6
00514,2024-12-31,Giải ba,838,7
00514,2024-12-31,Giải Đặc biệt,195,0
00514,2024-12-31,Giải Đặc biệt,590,1
00514,2024-12-31,Giải nhất,325,0
00514,2024-12-31,Giải nhất,511,1
00514,2024-12-31,Giải nhất,295,2
00514,2024-12-31,Giải nhất,014,3
00514,2024-12-31,Giải nhì,630,0
00514,2024-12-31,Giải nhì,056,1
00514,2024-12-31,Giải nhì,183,2
00514,2024-12-31,Giải nhì,858,3
00514,2024-12-31,Giải nhì,337,4
00514,2024-12-31,Giải nhì,983,5
00513,2024-12-28,Giải ba,872,0
00513,2024-12-28,Giải ba,183,1
00513,2024-12-28,Giải ba,025,2
00513,2024-12-28,Giải ba,291,3
00513,2024-12-28,Giải ba,629,4
00513,2024-12-28,Giải ba,987,5
00513,2024-12-28,Giải ba,615,6
00513,2024-12-28,Giải ba,700,7
00513,2024-12-28,Giải Đặc biệt,391,0
00513,2024-12-28,Giải Đặc biệt,372,1
00513,2024-12-28,Giải nhất,217,0
00513,2024-12-28,Giải nhất,584,1
00513,2024-12-28,Giải nhất,610,2
00513,2024-12-28,Giải nhất,530,3
00513,2024-12-28,Giải nhì,585,0
00513,2024-12-28,Giải nhì,909,1
00513,2024-12-28,Giải nhì,619,2
00513,2024-12-28,Giải nhì,855,3
00513,2024-12-28,Giải nhì,072,4
00513,2024-12-28,Giải nhì,653,5
00512,2024-12-26,Giải ba,408,0
00512,2024-12-26,Giải ba,991,1
00512,2024-12-26,Giải ba,100,2
00512,2024-12-26,Giải ba,790,3
00512,2024-12-26,Giải ba,511,4
00512,2024-12-26,Giải ba,746,5
00512,2024-12-26,Giải ba,172,6
00512,2024-12-26,Giải ba,656,7
00512,2024-12-26,Giải Đặc biệt,516,0
00512,2024-12-26,Giải Đặc biệt,813,1
00512,2024-12-26,Giải nhất,545,0
00512,2024-12-26,Giải nhất,082,1
00512,2024-12-26,Giải nhất,259,2
00512,2024-12-26,Giải nhất,087,3
00512,2024-12-26,Giải nhì,973,0
00512,2024-12-26,Giải nhì,571,1
00512,2024-12-26,Giải nhì,884,2
00512,2024-12-26,Giải nhì,663,3
00512,2024-12-26,Giải nhì,624,4
00512,2024-12-26,Giải nhì,105,5
00511,2024-12-24,Giải ba,561,0
00511,2024-12-24,Giải ba,530,1
00511,2024-12-24,Giải ba,065,2
00511,2024-12-24,Giải ba,463,3
00511,2024-12-24,Giải ba,619,4
00511,2024-12-24,Giải ba,013,5
00511,2024-12-24,Giải ba,497,6
00511,2024-12-24,Giải ba,427,7
00511,2024-12-24,Giải Đặc biệt,026,0
00511,2024-12-24,Giải Đặc biệt,664,1
00511,2024-12-24,Giải nhất,347,0
00511,2024-12-24,Giải nhất,291,1
00511,2024-12-24,Giải nhất,397,2
00511,2024-12-24,Giải nhất,308,3
00511,2024-12-24,Giải nhì,805,0
00511,2024-12-24,Giải nhì,121,1
00511,2024-12-24,Giải nhì,762,2
00511,2024-12-24,Giải nhì,043,3
00511,2024-12-24,Giải nhì,902,4
00511,2024-12-24,Giải nhì,382,5
00510,2024-12-21,Giải ba,448,0
00510,2024-12-21,Giải ba,326,1
00510,2024-12-21,Giải ba,482,2
00510,2024-12-21,Giải ba,136,3
00510,2024-12-21,Giải ba,113,4
00510,2024-12-21,Giải ba,913,5
00510,2024-12-21,Giải ba,880,6
00510,2024-12-21,Giải ba,680,7
00510,2024-12-21,Giải Đặc biệt,710,0
00510,2024-12-21,Giải Đặc biệt,664,1
00510,2024-12-21,Giải nhất,794,0
00510,2024-12-21,Giải nhất,797,1
00510,2024-12-21,Giải nhất,317,2
00510,2024-12-21,Giải nhất,848,3
00510,2024-12-21,Giải nhì,303,0
00510,2024-12-21,Giải nhì,211,1
00510,2024-12-21,Giải nhì,805,2
00510,2024-12-21,Giải nhì,518,3
00510,2024-12-21,Giải nhì,755,4
00510,2024-12-21,Giải nhì,802,5
00509,2024-12-19,Giải ba,869,0
00509,2024-12-19,Giải ba,074,1
00509,2024-12-19,Giải ba,976,2
00509,2024-12-19,Giải ba,567,3
00509,2024-12-19,Giải ba,460,4
00509,2024-12-19,Giải ba,600,5
00509,2024-12-19,Giải ba,541,6
00509,2024-12-19,Giải ba,065,7
00509,2024-12-19,Giải Đặc biệt,595,0
00509,2024-12-19,Giải Đặc biệt,648,1
00509,2024-12-19,Giải nhất,502,0
00509,2024-12-19,Giải nhất,355,1
00509,2024-12-19,Giải nhất,611,2
00509,2024-12-19,Giải nhất,591,3
00509,2024-12-19,Giải nhì,965,0
00509,2024-12-19,Giải nhì,760,1
00509,2024-12-19,Giải nhì,220,2
00509,2024-12-19,Giải nhì,746,3
00509,2024-12-19,Giải nhì,071,4
00509,2024-12-19,Giải nhì,567,5
00508,2024-12-17,Giải ba,339,0
00508,2024-12-17,Giải ba,367,1
00508,2024-12-17,Giải ba,780,2
00508,2024-12-17,Giải ba,221,3
00508,2024-12-17,Giải ba,213,4
00508,2024-12-17,Giải ba,138,5
00508,2024-12-17,Giải ba,444,6
00508,2024-12-17,Giải ba,172,7
00508,2024-12-17,Giải Đặc biệt,126,0
00508,2024-12-17,Giải Đặc biệt,300,1
00508,2024-12-17,Giải nhất,301,0
00508,2024-12-17,Giải nhất,183,1
00508,2024-12-17,Giải nhất,653,2
00508,2024-12-17,Giải nhất,092,3
00508,2024-12-17,Giải nhì,988,0
00508,2024-12-17,Giải nhì,822,1
00508,2024-12-17,Giải nhì,227,2
00508,2024-12-17,Giải nhì,119,3
00508,2024-12-17,Giải nhì,509,4
00508,2024-12-17,Giải nhì,053,5
00507,2024-12-14,Giải ba,953,0
00507,2024-12-14,Giải ba,777,1
00507,2024-12-14,Giải ba,795,2
00507,2024-12-14,Giải ba,561,3
00507,2024-12-14,Giải ba,292,4
00507,2024-12-14,Giải ba,614,5
00507,2024-12-14,Giải ba,355,6
00507,2024-12-14,Giải ba,310,7
00507,2024-12-14,Giải Đặc biệt,569,0
00507,2024-12-14,Giải Đặc biệt,247,1
00507,2024-12-14,Giải nhất,651,0
00507,2024-12-14,Giải nhất,376,1
00507,2024-12-14,Giải nhất,110,2
00507,2024-12-14,Giải nhất,782,3
00507,2024-12-14,Giải nhì,236,0
00507,2024-12-14,Giải nhì,361,1
00507,2024-12-14,Giải nhì,254,2
00507,2024-12-14,Giải nhì,362,3
00507,2024-12-14,Giải nhì,872,4
00507,2024-12-14,Giải nhì,047,5
00506,2024-12-12,Giải ba,784,0
00506,2024-12-12,Giải ba,980,1
00506,2024-12-12,Giải ba,279,2
00506,2024-12-12,Giải ba,895,3
00506,2024-12-12,Giải ba,815,4
00506,2024-12-12,Giải ba,586,5
00506,2024-12-12,Giải ba,768,6
00506,2024-12-12,Giải ba,300,7
00506,2024-12-12,Giải Đặc biệt,751,0
00506,2024-12-12,Giải Đặc biệt,998,1
00506,2024-12-12,Giải nhất,721,0
00506,2024-12-12,Giải nhất,709,1
00506,2024-12-12,Giải nhất,309,2
00506,2024-12-12,Giải nhất,630,3
00506,2024-12-12,Giải nhì,754,0
00506,2024-12-12,Giải nhì,943,1
00506,2024-12-12,Giải nhì,369,2
00506,2024-12-12,Giải nhì,320,3
00506,2024-12-12,Giải nhì,228,4
00506,2024-12-12,Giải nhì,609,5
00505,2024-12-10,Giải ba,891,0
00505,2024-12-10,Giải ba,003,1
00505,2024-12-10,Giải ba,688,2
00505,2024-12-10,Giải ba,266,3
00505,2024-12-10,Giải ba,800,4
00505,2024-12-10,Giải ba,391,5
00505,2024-12-10,Giải ba,373,6
00505,2024-12-10,Giải ba,762,7
00505,2024-12-10,Giải Đặc biệt,392,0
00505,2024-12-10,Giải Đặc biệt,182,1
00505,2024-12-10,Giải nhất,505,0
00505,2024-12-10,Giải nhất,398,1
00505,2024-12-10,Giải nhất,086,2
00505,2024-12-10,Giải nhất,980,3
00505,2024-12-10,Giải nhì,194,0
00505,2024-12-10,Giải nhì,326,1
00505,2024-12-10,Giải nhì,786,2
00505,2024-12-10,Giải nhì,811,3
00505,2024-12-10,Giải nhì,508,4
00505,2024-12-10,Giải nhì,381,5
00504,2024-12-07,Giải ba,542,0
00504,2024-12-07,Giải ba,588,1
00504,2024-12-07,Giải ba,221,2
00504,2024-12-07,Giải ba,535,3
00504,2024-12-07,Giải ba,203,4
00504,2024-12-07,Giải ba,939,5
00504,2024-12-07,Giải ba,721,6
00504,2024-12-07,Giải ba,943,7
00504,2024-12-07,Giải Đặc biệt,370,0
00504,2024-12-07,Giải Đặc biệt,625,1
00504,2024-12-07,Giải nhất,088,0
00504,2024-12-07,Giải nhất,722,1
00504,2024-12-07,Giải nhất,327,2
00504,2024-12-07,Giải nhất,884,3
00504,2024-12-07,Giải nhì,723,0
00504,2024-12-07,Giải nhì,740,1
00504,2024-12-07,Giải nhì,010,2
00504,2024-12-07,Giải nhì,286,3
00504,2024-12-07,Giải nhì,564,4
00504,2024-12-07,Giải nhì,834,5
00503,2024-12-05,Giải ba,940,0
00503,2024-12-05,Giải ba,794,1
00503,2024-12-05,Giải ba,238,2
00503,2024-12-05,Giải ba,550,3
00503,2024-12-05,Giải ba,588,4
00503,2024-12-05,Giải ba,196,5
00503,2024-12-05,Giải ba,734,6
00503,2024-12-05,Giải ba,155,7
00503,2024-12-05,Giải Đặc biệt,772,0
00503,2024-12-05,Giải Đặc biệt,936,1
00503,2024-12-05,Giải nhất,929,0
00503,2024-12-05,Giải nhất,498,1
00503,2024-12-05,Giải nhất,091,2
00503,2024-12-05,Giải nhất,329,3
00503,2024-12-05,Giải nhì,956,0
00503,2024-12-05,Giải nhì,751,1
00503,2024-12-05,Giải nhì,489,2
00503,2024-12-05,Giải nhì,446,3
00503,2024-12-05,Giải nhì,405,4
00503,2024-12-05,Giải nhì,524,5
00502,2024-12-03,Giải ba,660,0
00502,2024-12-03,Giải ba,178,1
00502,2024-12-03,Giải ba,946,2
00502,2024-12-03,Giải ba,504,3
00502,2024-12-03,Giải ba,735,4
00502,2024-12-03,Giải ba,779,5
00502,2024-12-03,Giải ba,484,6
00502,2024-12-03,Giải ba,165,7
00502,2024-12-03,Giải Đặc biệt,453,0
00502,2024-12-03,Giải Đặc biệt,671,1
00502,2024-12-03,Giải nhất,137,0
00502,2024-12-03,Giải nhất,550,1
00502,2024-12-03,Giải nhất,537,2
00502,2024-12-03,Giải nhất,159,3
00502,2024-12-03,Giải nhì,710,0
00502,2024-12-03,Giải nhì,068,1
00502,2024-12-03,Giải nhì,447,2
00502,2024-12-03,Giải nhì,764,3
00502,2024-12-03,Giải nhì,540,4
00502,2024-12-03,Giải nhì,126,5
00501,2024-11-30,Giải ba,793,0
00501,2024-11-30,Giải ba,716,1
00501,2024-11-30,Giải ba,674,2
00501,2024-11-30,Giải ba,225,3
00501,2024-11-30,Giải ba,604,4
00501,2024-11-30,Giải ba,757,5
00501,2024-11-30,Giải ba,186,6
00501,2024-11-30,Giải ba,478,7
00501,2024-11-30,Giải Đặc biệt,738,0
00501,2024-11-30,Giải Đặc biệt,059,1
00501,2024-11-30,Giải nhất,829,0
00501,2024-11-30,Giải nhất,035,1
00501,2024-11-30,Giải nhất,425,2
00501,2024-11-30,Giải nhất,927,3
00501,2024-11-30,Giải nhì,527,0
00501,2024-11-30,Giải nhì,195,1
00501,2024-11-30,Giải nhì,363,2
00501,2024-11-30,Giải nhì,291,3
00501,2024-11-30,Giải nhì,058,4
00501,2024-11-30,Giải nhì,329,5
00500,2024-11-28,Giải ba,698,0
00500,2024-11-28,Giải ba,248,1
00500,2024-11-28,Giải ba,665,2
00500,2024-11-28,Giải ba,169,3
00500,2024-11-28,Giải ba,603,4
00500,2024-11-28,Giải ba,654,5
00500,2024-11-28,Giải ba,481,6
00500,2024-11-28,Giải ba,687,7
00500,2024-11-28,Giải Đặc biệt,149,0
00500,2024-11-28,Giải Đặc biệt,003,1
00500,2024-11-28,Giải nhất,461,0
00500,2024-11-28,Giải nhất,438,1
00500,2024-11-28,Giải nhất,877,2
00500,2024-11-28,Giải nhất,485,3
00500,2024-11-28,Giải nhì,603,0
00500,2024-11-28,Giải nhì,453,1
00500,2024-11-28,Giải nhì,065,2
00500,2024-11-28,Giải nhì,955,3
00500,2024-11-28,Giải nhì,853,4
00500,2024-11-28,Giải nhì,449,5
00499,2024-11-26,Giải ba,379,0
00499,2024-11-26,Giải ba,144,1
00499,2024-11-26,Giải ba,938,2
00499,2024-11-26,Giải ba,369,3
00499,2024-11-26,Giải ba,588,4
00499,2024-11-26,Giải ba,289,5
00499,2024-11-26,Giải ba,630,6
00499,2024-11-26,Giải ba,871,7
00499,2024-11-26,Giải Đặc biệt,246,0
00499,2024-11-26,Giải Đặc biệt,636,1
00499,2024-11-26,Giải nhất,411,0
00499,2024-11-26,Giải nhất,118,1
00499,2024-11-26,Giải nhất,210,2
00499,2024-11-26,Giải nhất,721,3
00499,2024-11-26,Giải nhì,020,0
00499,2024-11-26,Giải nhì,826,1
00499,2024-11-26,Giải nhì,526,2
00499,2024-11-26,Giải nhì,474,3
00499,2024-11-26,Giải nhì,184,4
00499,2024-11-26,Giải nhì,724,5
00498,2024-11-23,Giải ba,720,0
00498,2024-11-23,Giải ba,797,1
00498,2024-11-23,Giải ba,102,2
00498,2024-11-23,Giải ba,492,3
00498,2024-11-23,Giải ba,986,4
00498,2024-11-23,Giải ba,237,5
00498,2024-11-23,Giải ba,587,6
00498,2024-11-23,Giải ba,817,7
00498,2024-11-23,Giải Đặc biệt,271,0
00498,2024-11-23,Giải Đặc biệt,760,1
00498,2024-11-23,Giải nhất,898,0
00498,2024-11-23,Giải nhất,618,1
00498,2024-11-23,Giải nhất,920,2
00498,2024-11-23,Giải nhất,408,3
00498,2024-11-23,Giải nhì,812,0
00498,2024-11-23,Giải nhì,220,1
00498,2024-11-23,Giải nhì,291,2
00498,2024-11-23,Giải nhì,878,3
00498,2024-11-23,Giải nhì,397,4
00498,2024-11-23,Giải nhì,366,5
00497,2024-11-21,Giải ba,731,0
00497,2024-11-21,Giải ba,084,1
00497,2024-11-21,Giải ba,104,2
00497,2024-11-21,Giải ba,159,3
00497,2024-11-21,Giải ba,895,4
00497,2024-11-21,Giải ba,737,5
00497,2024-11-21,Giải ba,200,6
00497,2024-11-21,Giải ba,320,7
00497,2024-11-21,Giải Đặc biệt,276,0
00497,2024-11-21,Giải Đặc biệt,232,1
00497,2024-11-21,Giải nhất,622,0
00497,2024-11-21,Giải nhất,658,1
00497,2024-11-21,Giải nhất,804,2
00497,2024-11-21,Giải nhất,892,3
00497,2024-11-21,Giải nhì,906,0
00497,2024-11-21,Giải nhì,857,1
00497,2024-11-21,Giải nhì,361,2
00497,2024-11-21,Giải nhì,338,3
00497,2024-11-21,Giải nhì,376,4
00497,2024-11-21,Giải nhì,731,5
00496,2024-11-19,Giải ba,834,0
00496,2024-11-19,Giải ba,896,1
00496,2024-11-19,Giải ba,498,2
00496,2024-11-19,Giải ba,275,3
00496,2024-11-19,Giải ba,495,4
00496,2024-11-19,Giải ba,250,5
00496,2024-11-19,Giải ba,031,6
00496,2024-11-19,Giải ba,284,7
00496,2024-11-19,Giải Đặc biệt,791,0
00496,2024-11-19,Giải Đặc biệt,572,1
00496,2024-11-19,Giải nhất,829,0
00496,2024-11-19,Giải nhất,940,1
00496,2024-11-19,Giải nhất,170,2
00496,2024-11-19,Giải nhất,641,3
00496,2024-11-19,Giải nhì,711,0
00496,2024-11-19,Giải nhì,779,1
00496,2024-11-19,Giải nhì,951,2
00496,2024-11-19,Giải nhì,653,3
00496,2024-11-19,Giải nhì,892,4
00496,2024-11-19,Giải nhì,345,5
00495,2024-11-16,Giải ba,454,0
00495,2024-11-16,Giải ba,985,1
00495,2024-11-16,Giải ba,750,2
00495,2024-11-16,Giải ba,188,3
00495,2024-11-16,Giải ba,136,4
00495,2024-11-16,Giải ba,605,5
00495,2024-11-16,Giải ba,641,6
00495,2024-11-16,Giải ba,796,7
00495,2024-11-16,Giải Đặc biệt,550,0
00495,2024-11-16,Giải Đặc biệt,029,1
00495,2024-11-16,Giải nhất,661,0
00495,2024-11-16,Giải nhất,206,1
00495,2024-11-16,Giải nhất,311,2
00495,2024-11-16,Giải nhất,954,3
00495,2024-11-16,Giải nhì,792,0
00495,2024-11-16,Giải nhì,995,1
00495,2024-11-16,Giải nhì,128,2
00495,2024-11-16,Giải nhì,631,3
00495,2024-11-16,Giải nhì,348,4
00495,2024-11-16,Giải nhì,158,5
00494,2024-11-14,Giải ba,501,0
00494,2024-11-14,Giải ba,152,1
00494,2024-11-14,Giải ba,071,2
00494,2024-11-14,Giải ba,775,3
00494,2024-11-14,Giải ba,268,4
00494,2024-11-14,Giải ba,137,5
00494,2024-11-14,Giải ba,505,6
00494,2024-11-14,Giải ba,189,7
00494,2024-11-14,Giải Đặc biệt,533,0
00494,2024-11-14,Giải Đặc biệt,153,1
00494,2024-11-14,Giải nhất,372,0
00494,2024-11-14,Giải nhất,563,1
00494,2024-11-14,Giải nhất,161,2
00494,2024-11-14,Giải nhất,490,3
00494,2024-11-14,Giải nhì,423,0
00494,2024-11-14,Giải nhì,054,1
00494,2024-11-14,Giải nhì,843,2
00494,2024-11-14,Giải nhì,946,3
00494,2024-11-14,Giải nhì,616,4
00494,2024-11-14,Giải nhì,862,5
00493,2024-11-12,Giải ba,068,0
00493,2024-11-12,Giải ba,509,1
00493,2024-11-12,Giải ba,171,2
00493,2024-11-12,Giải ba,510,3
00493,2024-11-12,Giải ba,762,4
00493,2024-11-12,Giải ba,364,5
00493,2024-11-12,Giải ba,806,6
00493,2024-11-12,Giải ba,817,7
00493,2024-11-12,Giải Đặc biệt,872,0
00493,2024-11-12,Giải Đặc biệt,884,1
00493,2024-11-12,Giải nhất,312,0
00493,2024-11-12,Giải nhất,603,1
00493,2024-11-12,Giải nhất,158,2
00493,2024-11-12,Giải nhất,371,3
00493,2024-11-12,Giải nhì,406,0
00493,2024-11-12,Giải nhì,834,1
00493,2024-11-12,Giải nhì,311,2
00493,2024-11-12,Giải nhì,668,3
00493,2024-11-12,Giải nhì,393,4
00493,2024-11-12,Giải nhì,194,5
00492,2024-11-09,Giải ba,613,0
00492,2024-11-09,Giải ba,702,1
00492,2024-11-09,Giải ba,449,2
00492,2024-11-09,Giải ba,024,3
00492,2024-11-09,Giải ba,289,4
00492,2024-11-09,Giải ba,746,5
00492,2024-11-09,Giải ba,884,6
00492,2024-11-09,Giải ba,432,7
00492,2024-11-09,Giải Đặc biệt,152,0
00492,2024-11-09,Giải Đặc biệt,135,1
00492,2024-11-09,Giải nhất,151,0
00492,2024-11-09,Giải nhất,885,1
00492,2024-11-09,Giải nhất,853,2
00492,2024-11-09,Giải nhất,751,3
00492,2024-11-09,Giải nhì,943,0
00492,2024-11-09,Giải nhì,102,1
00492,2024-11-09,Giải nhì,231,2
00492,2024-11-09,Giải nhì,323,3
00492,2024-11-09,Giải nhì,626,4
00492,2024-11-09,Giải nhì,450,5
00491,2024-11-07,Giải ba,223,0
00491,2024-11-07,Giải ba,560,1
00491,2024-11-07,Giải ba,438,2
00491,2024-11-07,Giải ba,048,3
00491,2024-11-07,Giải ba,238,4
00491,2024-11-07,Giải ba,912,5
00491,2024-11-07,Giải ba,656,6
00491,2024-11-07,Giải ba,469,7
00491,2024-11-07,Giải Đặc biệt,660,0
00491,2024-11-07,Giải Đặc biệt,347,1
00491,2024-11-07,Giải nhất,056,0
00491,2024-11-07,Giải nhất,799,1
00491,2024-11-07,Giải nhất,637,2
00491,2024-11-07,Giải nhất,343,3
00491,2024-11-07,Giải nhì,321,0
00491,2024-11-07,Giải nhì,389,1
00491,2024-11-07,Giải nhì,382,2
00491,2024-11-07,Giải nhì,190,3
00491,2024-11-07,Giải nhì,447,4
00491,2024-11-07,Giải nhì,544,5
00490,2024-11-05,Giải ba,324,0
00490,2024-11-05,Giải ba,494,1
00490,2024-11-05,Giải ba,739,2
00490,2024-11-05,Giải ba,784,3
00490,2024-11-05,Giải ba,526,4
00490,2024-11-05,Giải ba,253,5
00490,2024-11-05,Giải ba,726,6
00490,2024-11-05,Giải ba,891,7
00490,2024-11-05,Giải Đặc biệt,478,0
00490,2024-11-05,Giải Đặc biệt,067,1
00490,2024-11-05,Giải nhất,100,0
00490,2024-11-05,Giải nhất,896,1
00490,2024-11-05,Giải nhất,633,2
00490,2024-11-05,Giải nhất,383,3
00490,2024-11-05,Giải nhì,487,0
00490,2024-11-05,Giải nhì,251,1
00490,2024-11-05,Giải nhì,351,2
00490,2024-11-05,Giải nhì,687,3
00490,2024-11-05,Giải nhì,154,4
00490,2024-11-05,Giải nhì,048,5
00489,2024-11-02,Giải ba,556,0
00489,2024-11-02,Giải ba,912,1
00489,2024-11-02,Giải ba,385,2
00489,2024-11-02,Giải ba,213,3
00489,2024-11-02,Giải ba,355,4
00489,2024-11-02,Giải ba,671,5
00489,2024-11-02,Giải ba,340,6
00489,2024-11-02,Giải ba,559,7
00489,2024-11-02,Giải Đặc biệt,722,0
00489,2024-11-02,Giải Đặc biệt,050,1
00489,2024-11-02,Giải nhất,941,0
00489,2024-11-02,Giải nhất,841,1
00489,2024-11-02,Giải nhất,813,2
00489,2024-11-02,Giải nhất,505,3
00489,2024-11-02,Giải nhì,010,0
00489,2024-11-02,Giải nhì,013,1
00489,2024-11-02,Giải nhì,152,2
00489,2024-11-02,Giải nhì,543,3
00489,2024-11-02,Giải nhì,940,4
00489,2024-11-02,Giải nhì,023,5
00488,2024-10-31,Giải ba,584,0
00488,2024-10-31,Giải ba,485,1
00488,2024-10-31,Giải ba,217,2
00488,2024-10-31,Giải ba,664,3
00488,2024-10-31,Giải ba,542,4
00488,2024-10-31,Giải ba,572,5
00488,2024-10-31,Giải ba,294,6
00488,2024-10-31,Giải ba,173,7
00488,2024-10-31,Giải Đặc biệt,889,0
00488,2024-10-31,Giải Đặc biệt,591,1
00488,2024-10-31,Giải nhất,089,0
00488,2024-10-31,Giải nhất,351,1
00488,2024-10-31,Giải nhất,540,2
00488,2024-10-31,Giải nhất,845,3
00488,2024-10-31,Giải nhì,842,0
00488,2024-10-31,Giải nhì,969,1
00488,2024-10-31,Giải nhì,286,2
00488,2024-10-31,Giải nhì,956,3
00488,2024-10-31,Giải nhì,192,4
00488,2024-10-31,Giải nhì,020,5
00487,2024-10-29,Giải ba,699,0
00487,2024-10-29,Giải ba,755,1
00487,2024-10-29,Giải ba,351,2
00487,2024-10-29,Giải ba,950,3
00487,2024-10-29,Giải ba,107,4
00487,2024-10-29,Giải ba,425,5
00487,2024-10-29,Giải ba,761,6
00487,2024-10-29,Giải ba,510,7
00487,2024-10-29,Giải Đặc biệt,448,0
00487,2024-10-29,Giải Đặc biệt,248,1
00487,2024-10-29,Giải nhất,569,0
00487,2024-10-29,Giải nhất,330,1
00487,2024-10-29,Giải nhất,078,2
00487,2024-10-29,Giải nhất,285,3
00487,2024-10-29,Giải nhì,509,0
00487,2024-10-29,Giải nhì,507,1
00487,2024-10-29,Giải nhì,839,2
00487,2024-10-29,Giải nhì,818,3
00487,2024-10-29,Giải nhì,097,4
00487,2024-10-29,Giải nhì,251,5
00486,2024-10-26,Giải ba,796,0
00486,2024-10-26,Giải ba,817,1
00486,2024-10-26,Giải ba,897,2
00486,2024-10-26,Giải ba,869,3
00486,2024-10-26,Giải ba,722,4
00486,2024-10-26,Giải ba,141,5
00486,2024-10-26,Giải ba,153,6
00486,2024-10-26,Giải ba,517,7
00486,2024-10-26,Giải Đặc biệt,919,0
00486,2024-10-26,Giải Đặc biệt,274,1
00486,2024-10-26,Giải nhất,955,0
00486,2024-10-26,Giải nhất,377,1
00486,2024-10-26,Giải nhất,987,2
00486,2024-10-26,Giải nhất,890,3
00486,2024-10-26,Giải nhì,727,0
00486,2024-10-26,Giải nhì,908,1
00486,2024-10-26,Giải nhì,543,2
00486,2024-10-26,Giải nhì,008,3
00486,2024-10-26,Giải nhì,262,4
00486,2024-10-26,Giải nhì,755,5
00485,2024-10-24,Giải ba,209,0
00485,2024-10-24,Giải ba,939,1
00485,2024-10-24,Giải ba,324,2
00485,2024-10-24,Giải ba,555,3
00485,2024-10-24,Giải ba,187,4
00485,2024-10-24,Giải ba,658,5
00485,2024-10-24,Giải ba,399,6
00485,2024-10-24,Giải ba,584,7
00485,2024-10-24,Giải Đặc biệt,253,0
00485,2024-10-24,Giải Đặc biệt,733,1
00485,2024-10-24,Giải nhất,869,0
00485,2024-10-24,Giải nhất,209,1
00485,2024-10-24,Giải nhất,269,2
00485,2024-10-24,Giải nhất,481,3
00485,2024-10-24,Giải nhì,170,0
00485,2024-10-24,Giải nhì,062,1
00485,2024-10-24,Giải nhì,248,2
00485,2024-10-24,Giải nhì,247,3
00485,2024-10-24,Giải nhì,703,4
00485,2024-10-24,Giải nhì,856,5
00484,2024-10-22,Giải ba,803,0
00484,2024-10-22,Giải ba,632,1
00484,2024-10-22,Giải ba,959,2
00484,2024-10-22,Giải ba,105,3
00484,2024-10-22,Giải ba,891,4
00484,2024-10-22,Giải ba,081,5
00484,2024-10-22,Giải ba,321,6
00484,2024-10-22,Giải ba,436,7
00484,2024-10-22,Giải Đặc biệt,382,0
00484,2024-10-22,Giải Đặc biệt,030,1
00484,2024-10-22,Giải nhất,869,0
00484,2024-10-22,Giải nhất,235,1
00484,2024-10-22,Giải nhất,161,2
00484,2024-10-22,Giải nhất,618,3
00484,2024-10-22,Giải nhì,584,0
00484,2024-10-22,Giải nhì,711,1
00484,2024-10-22,Giải nhì,406,2
00484,2024-10-22,Giải nhì,493,3
00484,2024-10-22,Giải nhì,867,4
00484,2024-10-22,Giải nhì,851,5
00483,2024-10-19,Giải ba,991,0
00483,2024-10-19,Giải ba,172,1
00483,2024-10-19,Giải ba,366,2
00483,2024-10-19,Giải ba,565,3
00483,2024-10-19,Giải ba,319,4
00483,2024-10-19,Giải ba,831,5
00483,2024-10-19,Giải ba,927,6
00483,2024-10-19,Giải ba,872,7
00483,2024-10-19,Giải Đặc biệt,042,0
00483,2024-10-19,Giải Đặc biệt,988,1
00483,2024-10-19,Giải nhất,980,0
00483,2024-10-19,Giải nhất,460,1
00483,2024-10-19,Giải nhất,276,2
00483,2024-10-19,Giải nhất,107,3
00483,2024-10-19,Giải nhì,694,0
00483,2024-10-19,Giải nhì,389,1
00483,2024-10-19,Giải nhì,043,2
00483,2024-10-19,Giải nhì,608,3
00483,2024-10-19,Giải nhì,225,4
00483,2024-10-19,Giải nhì,124,5
00482,2024-10-17,Giải ba,628,0
00482,2024-10-17,Giải ba,749,1
00482,2024-10-17,Giải ba,983,2
00482,2024-10-17,Giải ba,420,3
00482,2024-10-17,Giải ba,190,4
00482,2024-10-17,Giải ba,191,5
00482,2024-10-17,Giải ba,212,6
00482,2024-10-17,Giải ba,435,7
00482,2024-10-17,Giải Đặc biệt,186,0
00482,2024-10-17,Giải Đặc biệt,547,1
00482,2024-10-17,Giải nhất,624,0
00482,2024-10-17,Giải nhất,559,1
00482,2024-10-17,Giải nhất,882,2
00482,2024-10-17,Giải nhất,907,3
00482,2024-10-17,Giải nhì,635,0
00482,2024-10-17,Giải nhì,521,1
00482,2024-10-17,Giải nhì,899,2
00482,2024-10-17,Giải nhì,547,3
00482,2024-10-17,Giải nhì,041,4
00482,2024-10-17,Giải nhì,524,5
00481,2024-10-15,Giải ba,814,0
00481,2024-10-15,Giải ba,615,1
00481,2024-10-15,Giải ba,113,2
00481,2024-10-15,Giải ba,472,3
00481,2024-10-15,Giải ba,591,4
00481,2024-10-15,Giải ba,623,5
00481,2024-10-15,Giải ba,582,6
00481,2024-10-15,Giải ba,978,7
00481,2024-10-15,Giải Đặc biệt,043,0
00481,2024-10-15,Giải Đặc biệt,209,1
00481,2024-10-15,Giải nhất,642,0
00481,2024-10-15,Giải nhất,509,1
00481,2024-10-15,Giải nhất,586,2
00481,2024-10-15,Giải nhất,754,3
00481,2024-10-15,Giải nhì,901,0
00481,2024-10-15,Giải nhì,906,1
00481,2024-10-15,Giải nhì,576,2
00481,2024-10-15,Giải nhì,880,3
00481,2024-10-15,Giải nhì,052,4
00481,2024-10-15,Giải nhì,322,5
00480,2024-10-12,Giải ba,512,0
00480,2024-10-12,Giải ba,429,1
00480,2024-10-12,Giải ba,427,2
00480,2024-10-12,Giải ba,008,3
00480,2024-10-12,Giải ba,816,4
00480,2024-10-12,Giải ba,725,5
00480,2024-10-12,Giải ba,419,6
00480,2024-10-12,Giải ba,840,7
00480,2024-10-12,Giải Đặc biệt,495,0
00480,2024-10-12,Giải Đặc biệt,620,1
00480,2024-10-12,Giải nhất,776,0
00480,2024-10-12,Giải nhất,927,1
00480,2024-10-12,Giải nhất,136,2
00480,2024-10-12,Giải nhất,364,3
00480,2024-10-12,Giải nhì,697,0
00480,2024-10-12,Giải nhì,024,1
00480,2024-10-12,Giải nhì,609,2
00480,2024-10-12,Giải nhì,885,3
00480,2024-10-12,Giải nhì,198,4
00480,2024-10-12,Giải nhì,398,5
00479,2024-10-10,Giải ba,668,0
00479,2024-10-10,Giải ba,221,1
00479,2024-10-10,Giải ba,428,2
00479,2024-10-10,Giải ba,298,3
00479,2024-10-10,Giải ba,740,4
00479,2024-10-10,Giải ba,281,5
00479,2024-10-10,Giải ba,275,6
00479,2024-10-10,Giải ba,598,7
00479,2024-10-10,Giải Đặc biệt,747,0
00479,2024-10-10,Giải Đặc biệt,623,1
00479,2024-10-10,Giải nhất,080,0
00479,2024-10-10,Giải nhất,636,1
00479,2024-10-10,Giải nhất,227,2
00479,2024-10-10,Giải nhất,484,3
00479,2024-10-10,Giải nhì,301,0
00479,2024-10-10,Giải nhì,558,1
00479,2024-10-10,Giải nhì,771,2
00479,2024-10-10,Giải nhì,780,3
00479,2024-10-10,Giải nhì,328,4
00479,2024-10-10,Giải nhì,191,5
00478,2024-10-08,Giải ba,191,0
00478,2024-10-08,Giải ba,828,1
00478,2024-10-08,Giải ba,290,2
00478,2024-10-08,Giải ba,864,3
00478,2024-10-08,Giải ba,385,4
00478,2024-10-08,Giải ba,181,5
00478,2024-10-08,Giải ba,535,6
00478,2024-10-08,Giải ba,171,7
00478,2024-10-08,Giải Đặc biệt,344,0
00478,2024-10-08,Giải Đặc biệt,502,1
00478,2024-10-08,Giải nhất,232,0
00478,2024-10-08,Giải nhất,221,1
00478,2024-10-08,Giải nhất,962,2
00478,2024-10-08,Giải nhất,050,3
00478,2024-10-08,Giải nhì,824,0
00478,2024-10-08,Giải nhì,395,1
00478,2024-10-08,Giải nhì,171,2
00478,2024-10-08,Giải nhì,883,3
00478,2024-10-08,Giải nhì,010,4
00478,2024-10-08,Giải nhì,012,5
00477,2024-10-05,Giải ba,533,0
00477,2024-10-05,Giải ba,003,1
00477,2024-10-05,Giải ba,217,2
00477,2024-10-05,Giải ba,148,3
00477,2024-10-05,Giải ba,804,4
00477,2024-10-05,Giải ba,176,5
00477,2024-10-05,Giải ba,308,6
00477,2024-10-05,Giải ba,916,7
00477,2024-10-05,Giải Đặc biệt,780,0
00477,2024-10-05,Giải Đặc biệt,203,1
00477,2024-10-05,Giải nhất,390,0
00477,2024-10-05,Giải nhất,469,1
00477,2024-10-05,Giải nhất,488,2
00477,2024-10-05,Giải nhất,211,3
00477,2024-10-05,Giải nhì,159,0
00477,2024-10-05,Giải nhì,920,1
00477,2024-10-05,Giải nhì,064,2
00477,2024-10-05,Giải nhì,097,3
00477,2024-10-05,Giải nhì,690,4
00477,2024-10-05,Giải nhì,402,5
00476,2024-10-03,Giải ba,395,0
00476,2024-10-03,Giải ba,466,1
00476,2024-10-03,Giải ba,793,2
00476,2024-10-03,Giải ba,350,3
00476,2024-10-03,Giải ba,241,4
00476,2024-10-03,Giải ba,633,5
00476,2024-10-03,Giải ba,895,6
00476,2024-10-03,Giải ba,100,7
00476,2024-10-03,Giải Đặc biệt,039,0
00476,2024-10-03,Giải Đặc biệt,535,1
00476,2024-10-03,Giải nhất,839,0
00476,2024-10-03,Giải nhất,092,1
00476,2024-10-03,Giải nhất,733,2
00476,2024-10-03,Giải nhất,923,3
00476,2024-10-03,Giải nhì,739,0
00476,2024-10-03,Giải nhì,436,1
00476,2024-10-03,Giải nhì,776,2
00476,2024-10-03,Giải nhì,402,3
00476,2024-10-03,Giải nhì,603,4
00476,2024-10-03,Giải nhì,883,5
00475,2024-10-01,Giải ba,961,0
00475,2024-10-01,Giải ba,685,1
00475,2024-10-01,Giải ba,255,2
00475,2024-10-01,Giải ba,756,3
00475,2024-10-01,Giải ba,199,4
00475,2024-10-01,Giải ba,225,5
00475,2024-10-01,Giải ba,298,6
00475,2024-10-01,Giải ba,719,7
00475,2024-10-01,Giải Đặc biệt,367,0
00475,2024-10-01,Giải Đặc biệt,383,1
00475,2024-10-01,Giải nhất,640,0
00475,2024-10-01,Giải nhất,705,1
00475,2024-10-01,Giải nhất,929,2
00475,2024-10-01,Giải nhất,702,3
00475,2024-10-01,Giải nhì,542,0
00475,2024-10-01,Giải nhì,773,1
00475,2024-10-01,Giải nhì,874,2
00475,2024-10-01,Giải nhì,452,3
00475,2024-10-01,Giải nhì,835,4
00475,2024-10-01,Giải nhì,401,5
00474,2024-09-28,Giải ba,280,0
00474,2024-09-28,Giải ba,685,1
00474,2024-09-28,Giải ba,391,2
00474,2024-09-28,Giải ba,039,3
00474,2024-09-28,Giải ba,477,4
00474,2024-09-28,Giải ba,992,5
00474,2024-09-28,Giải ba,651,6
00474,2024-09-28,Giải ba,786,7
00474,2024-09-28,Giải Đặc biệt,719,0
00474,2024-09-28,Giải Đặc biệt,739,1
00474,2024-09-28,Giải nhất,472,0
00474,2024-09-28,Giải nhất,753,1
00474,2024-09-28,Giải nhất,896,2
00474,2024-09-28,Giải nhất,024,3
00474,2024-09-28,Giải nhì,097,0
00474,2024-09-28,Giải nhì,244,1
00474,2024-09-28,Giải nhì,263,2
00474,2024-09-28,Giải nhì,048,3
00474,2024-09-28,Giải nhì,309,4
00474,2024-09-28,Giải nhì,484,5
00473,2024-09-26,Giải ba,103,0
00473,2024-09-26,Giải ba,791,1
00473,2024-09-26,Giải ba,726,2
00473,2024-09-26,Giải ba,024,3
00473,2024-09-26,Giải ba,374,4
00473,2024-09-26,Giải ba,107,5
00473,2024-09-26,Giải ba,115,6
00473,2024-09-26,Giải ba,230,7
00473,2024-09-26,Giải Đặc biệt,260,0
00473,2024-09-26,Giải Đặc biệt,953,1
00473,2024-09-26,Giải nhất,679,0
00473,2024-09-26,Giải nhất,853,1
00473,2024-09-26,Giải nhất,962,2
00473,2024-09-26,Giải nhất,744,3
00473,2024-09-26,Giải nhì,776,0
00473,2024-09-26,Giải nhì,235,1
00473,2024-09-26,Giải nhì,359,2
00473,2024-09-26,Giải nhì,409,3
00473,2024-09-26,Giải nhì,005,4
00473,2024-09-26,Giải nhì,679,5
00472,2024-09-24,Giải ba,927,0
00472,2024-09-24,Giải ba,604,1
00472,2024-09-24,Giải ba,970,2
00472,2024-09-24,Giải ba,193,3
00472,2024-09-24,Giải ba,089,4
00472,2024-09-24,Giải ba,050,5
00472,2024-09-24,Giải ba,817,6
00472,2024-09-24,Giải ba,453,7
00472,2024-09-24,Giải Đặc biệt,327,0
00472,2024-09-24,Giải Đặc biệt,890,1
00472,2024-09-24,Giải nhất,292,0
00472,2024-09-24,Giải nhất,666,1
00472,2024-09-24,Giải nhất,112,2
00472,2024-09-24,Giải nhất,497,3
00472,2024-09-24,Giải nhì,322,0
00472,2024-09-24,Giải nhì,241,1
00472,2024-09-24,Giải nhì,180,2
00472,2024-09-24,Giải nhì,638,3
00472,2024-09-24,Giải nhì,255,4
00472,2024-09-24,Giải nhì,069,5
00471,2024-09-21,Giải ba,386,0
00471,2024-09-21,Giải ba,119,1
00471,2024-09-21,Giải ba,368,2
00471,2024-09-21,Giải ba,379,3
00471,2024-09-21,Giải ba,750,4
00471,2024-09-21,Giải ba,284,5
00471,2024-09-21,Giải ba,606,6
00471,2024-09-21,Giải ba,115,7
00471,2024-09-21,Giải Đặc biệt,039,0
00471,2024-09-21,Giải Đặc biệt,474,1
00471,2024-09-21,Giải nhất,985,0
00471,2024-09-21,Giải nhất,823,1
00471,2024-09-21,Giải nhất,426,2
00471,2024-09-21,Giải nhất,988,3
00471,2024-09-21,Giải nhì,080,0
00471,2024-09-21,Giải nhì,748,1
00471,2024-09-21,Giải nhì,677,2
00471,2024-09-21,Giải nhì,614,3
00471,2024-09-21,Giải nhì,853,4
00471,2024-09-21,Giải nhì,448,5
00470,2024-09-19,Giải ba,089,0
00470,2024-09-19,Giải ba,584,1
00470,2024-09-19,Giải ba,084,2
00470,2024-09-19,Giải ba,041,3
00470,2024-09-19,Giải ba,826,4
00470,2024-09-19,Giải ba,120,5
00470,2024-09-19,Giải ba,246,6
00470,2024-09-19,Giải ba,604,7
00470,2024-09-19,Giải Đặc biệt,387,0
00470,2024-09-19,Giải Đặc biệt,344,1
00470,2024-09-19,Giải nhất,498,0
00470,2024-09-19,Giải nhất,646,1
00470,2024-09-19,Giải nhất,874,2
00470,2024-09-19,Giải nhất,908,3
00470,2024-09-19,Giải nhì,000,0
00470,2024-09-19,Giải nhì,899,1
00470,2024-09-19,Giải nhì,520,2
00470,2024-09-19,Giải nhì,579,3
00470,2024-09-19,Giải nhì,366,4
00470,2024-09-19,Giải nhì,040,5
00469,2024-09-17,Giải ba,042,0
00469,2024-09-17,Giải ba,251,1
00469,2024-09-17,Giải ba,378,2
00469,2024-09-17,Giải ba,963,3
00469,2024-09-17,Giải ba,728,4
00469,2024-09-17,Giải ba,008,5
00469,2024-09-17,Giải ba,999,6
00469,2024-09-17,Giải ba,994,7
00469,2024-09-17,Giải Đặc biệt,849,0
00469,2024-09-17,Giải Đặc biệt,218,1
00469,2024-09-17,Giải nhất,725,0
00469,2024-09-17,Giải nhất,690,1
00469,2024-09-17,Giải nhất,089,2
00469,2024-09-17,Giải nhất,435,3
00469,2024-09-17,Giải nhì,394,0
00469,2024-09-17,Giải nhì,335,1
00469,2024-09-17,Giải nhì,158,2
00469,2024-09-17,Giải nhì,326,3
00469,2024-09-17,Giải nhì,064,4
00469,2024-09-17,Giải nhì,337,5
00468,2024-09-14,Giải ba,702,0
00468,2024-09-14,Giải ba,087,1
00468,2024-09-14,Giải ba,344,2
00468,2024-09-14,Giải ba,736,3
00468,2024-09-14,Giải ba,687,4
00468,2024-09-14,Giải ba,394,5
00468,2024-09-14,Giải ba,179,6
00468,2024-09-14,Giải ba,313,7
00468,2024-09-14,Giải Đặc biệt,310,0
00468,2024-09-14,Giải Đặc biệt,884,1
00468,2024-09-14,Giải nhất,735,0
00468,2024-09-14,Giải nhất,926,1
00468,2024-09-14,Giải nhất,135,2
00468,2024-09-14,Giải nhất,528,3
00468,2024-09-14,Giải nhì,235,0
00468,2024-09-14,Giải nhì,487,1
00468,2024-09-14,Giải nhì,648,2
00468,2024-09-14,Giải nhì,076,3
00468,2024-09-14,Giải nhì,320,4
00468,2024-09-14,Giải nhì,061,5
00467,2024-09-12,Giải ba,183,0
00467,2024-09-12,Giải ba,160,1
00467,2024-09-12,Giải ba,063,2
00467,2024-09-12,Giải ba,249,3
00467,2024-09-12,Giải ba,701,4
00467,2024-09-12,Giải ba,579,5
00467,2024-09-12,Giải ba,831,6
00467,2024-09-12,Giải ba,750,7
00467,2024-09-12,Giải Đặc biệt,258,0
00467,2024-09-12,Giải Đặc biệt,728,1
00467,2024-09-12,Giải nhất,565,0
00467,2024-09-12,Giải nhất,283,1
00467,2024-09-12,Giải nhất,069,2
00467,2024-09-12,Giải nhất,066,3
00467,2024-09-12,Giải nhì,119,0
00467,2024-09-12,Giải nhì,203,1
00467,2024-09-12,Giải nhì,366,2
00467,2024-09-12,Giải nhì,480,3
00467,2024-09-12,Giải nhì,686,4
00467,2024-09-12,Giải nhì,689,5
00466,2024-09-10,Giải ba,971,0
00466,2024-09-10,Giải ba,432,1
00466,2024-09-10,Giải ba,215,2
00466,2024-09-10,Giải ba,550,3
00466,2024-09-10,Giải ba,834,4
00466,2024-09-10,Giải ba,662,5
00466,2024-09-10,Giải ba,018,6
00466,2024-09-10,Giải ba,571,7
00466,2024-09-10,Giải Đặc biệt,745,0
00466,2024-09-10,Giải Đặc biệt,263,1
00466,2024-09-10,Giải nhất,788,0
00466,2024-09-10,Giải nhất,044,1
00466,2024-09-10,Giải nhất,044,2
00466,2024-09-10,Giải nhất,654,3
00466,2024-09-10,Giải nhì,823,0
00466,2024-09-10,Giải nhì,791,1
00466,2024-09-10,Giải nhì,160,2
00466,2024-09-10,Giải nhì,125,3
00466,2024-09-10,Giải nhì,965,4
00466,2024-09-10,Giải nhì,208,5
00465,2024-09-07,Giải ba,564,0
00465,2024-09-07,Giải ba,298,1
00465,2024-09-07,Giải ba,422,2
00465,2024-09-07,Giải ba,038,3
00465,2024-09-07,Giải ba,917,4
00465,2024-09-07,Giải ba,152,5
00465,2024-09-07,Giải ba,420,6
00465,2024-09-07,Giải ba,221,7
00465,2024-09-07,Giải Đặc biệt,558,0
00465,2024-09-07,Giải Đặc biệt,082,1
00465,2024-09-07,Giải nhất,706,0
00465,2024-09-07,Giải nhất,380,1
00465,2024-09-07,Giải nhất,930,2
00465,2024-09-07,Giải nhất,497,3
00465,2024-09-07,Giải nhì,249,0
00465,2024-09-07,Giải nhì,224,1
00465,2024-09-07,Giải nhì,944,2
00465,2024-09-07,Giải nhì,476,3
00465,2024-09-07,Giải nhì,295,4
00465,2024-09-07,Giải nhì,659,5
00464,2024-09-05,Giải ba,598,0
00464,2024-09-05,Giải ba,470,1
00464,2024-09-05,Giải ba,300,2
00464,2024-09-05,Giải ba,169,3
00464,2024-09-05,Giải ba,519,4
00464,2024-09-05,Giải ba,911,5
00464,2024-09-05,Giải ba,989,6
00464,2024-09-05,Giải ba,877,7
00464,2024-09-05,Giải Đặc biệt,014,0
00464,2024-09-05,Giải Đặc biệt,334,1
00464,2024-09-05,Giải nhất,415,0
00464,2024-09-05,Giải nhất,922,1
00464,2024-09-05,Giải nhất,463,2
00464,2024-09-05,Giải nhất,359,3
00464,2024-09-05,Giải nhì,075,0
00464,2024-09-05,Giải nhì,960,1
00464,2024-09-05,Giải nhì,611,2
00464,2024-09-05,Giải nhì,568,3
00464,2024-09-05,Giải nhì,981,4
00464,2024-09-05,Giải nhì,477,5
00463,2024-09-03,Giải ba,194,0
00463,2024-09-03,Giải ba,245,1
00463,2024-09-03,Giải ba,348,2
00463,2024-09-03,Giải ba,848,3
00463,2024-09-03,Giải ba,803,4
00463,2024-09-03,Giải ba,396,5
00463,2024-09-03,Giải ba,567,6
00463,2024-09-03,Giải ba,697,7
00463,2024-09-03,Giải Đặc biệt,637,0
00463,2024-09-03,Giải Đặc biệt,847,1
00463,2024-09-03,Giải nhất,626,0
00463,2024-09-03,Giải nhất,591,1
00463,2024-09-03,Giải nhất,794,2
00463,2024-09-03,Giải nhất,442,3
00463,2024-09-03,Giải nhì,182,0
00463,2024-09-03,Giải nhì,952,1
00463,2024-09-03,Giải nhì,341,2
00463,2024-09-03,Giải nhì,922,3
00463,2024-09-03,Giải nhì,061,4
00463,2024-09-03,Giải nhì,711,5
00462,2024-08-31,Giải ba,584,0
00462,2024-08-31,Giải ba,421,1
00462,2024-08-31,Giải ba,844,2
00462,2024-08-31,Giải ba,154,3
00462,2024-08-31,Giải ba,488,4
00462,2024-08-31,Giải ba,976,5
00462,2024-08-31,Giải ba,477,6
00462,2024-08-31,Giải ba,859,7
00462,2024-08-31,Giải Đặc biệt,231,0
00462,2024-08-31,Giải Đặc biệt,326,1
00462,2024-08-31,Giải nhất,654,0
00462,2024-08-31,Giải nhất,708,1
00462,2024-08-31,Giải nhất,142,2
00462,2024-08-31,Giải nhất,033,3
00462,2024-08-31,Giải nhì,346,0
00462,2024-08-31,Giải nhì,652,1
00462,2024-08-31,Giải nhì,269,2
00462,2024-08-31,Giải nhì,087,3
00462,2024-08-31,Giải nhì,683,4
00462,2024-08-31,Giải nhì,911,5
00461,2024-08-29,Giải ba,822,0
00461,2024-08-29,Giải ba,516,1
00461,2024-08-29,Giải ba,034,2
00461,2024-08-29,Giải ba,962,3
00461,2024-08-29,Giải ba,433,4
00461,2024-08-29,Giải ba,970,5
00461,2024-08-29,Giải ba,856,6
00461,2024-08-29,Giải ba,653,7
00461,2024-08-29,Giải Đặc biệt,005,0
00461,2024-08-29,Giải Đặc biệt,199,1
00461,2024-08-29,Giải nhất,177,0
00461,2024-08-29,Giải nhất,715,1
00461,2024-08-29,Giải nhất,016,2
00461,2024-08-29,Giải nhất,548,3
00461,2024-08-29,Giải nhì,751,0
00461,2024-08-29,Giải nhì,362,1
00461,2024-08-29,Giải nhì,126,2
00461,2024-08-29,Giải nhì,129,3
00461,2024-08-29,Giải nhì,721,4
00461,2024-08-29,Giải nhì,151,5
00460,2024-08-27,Giải ba,078,0
00460,2024-08-27,Giải ba,810,1
00460,2024-08-27,Giải ba,341,2
00460,2024-08-27,Giải ba,628,3
00460,2024-08-27,Giải ba,637,4
00460,2024-08-27,Giải ba,852,5
00460,2024-08-27,Giải ba,443,6
00460,2024-08-27,Giải ba,207,7
00460,2024-08-27,Giải Đặc biệt,326,0
00460,2024-08-27,Giải Đặc biệt,325,1
00460,2024-08-27,Giải nhất,941,0
00460,2024-08-27,Giải nhất,190,1
00460,2024-08-27,Giải nhất,641,2
00460,2024-08-27,Giải nhất,611,3
00460,2024-08-27,Giải nhì,552,0
00460,2024-08-27,Giải nhì,601,1
00460,2024-08-27,Giải nhì,392,2
00460,2024-08-27,Giải nhì,192,3
00460,2024-08-27,Giải nhì,027,4
00460,2024-08-27,Giải nhì,098,5
00459,2024-08-24,Giải ba,376,0
00459,2024-08-24,Giải ba,041,1
00459,2024-08-24,Giải ba,486,2
00459,2024-08-24,Giải ba,709,3
00459,2024-08-24,Giải ba,019,4
00459,2024-08-24,Giải ba,260,5
00459,2024-08-24,Giải ba,411,6
00459,2024-08-24,Giải ba,911,7
00459,2024-08-24,Giải Đặc biệt,996,0
00459,2024-08-24,Giải Đặc biệt,530,1
00459,2024-08-24,Giải nhất,655,0
00459,2024-08-24,Giải nhất,218,1
00459,2024-08-24,Giải nhất,544,2
00459,2024-08-24,Giải nhất,951,3
00459,2024-08-24,Giải nhì,854,0
00459,2024-08-24,Giải nhì,573,1
00459,2024-08-24,Giải nhì,405,2
00459,2024-08-24,Giải nhì,308,3
00459,2024-08-24,Giải nhì,077,4
00459,2024-08-24,Giải nhì,939,5
00458,2024-08-22,Giải ba,037,0
00458,2024-08-22,Giải ba,925,1
00458,2024-08-22,Giải ba,315,2
00458,2024-08-22,Giải ba,552,3
00458,2024-08-22,Giải ba,758,4
00458,2024-08-22,Giải ba,674,5
00458,2024-08-22,Giải ba,690,6
00458,2024-08-22,Giải ba,146,7
00458,2024-08-22,Giải Đặc biệt,245,0
00458,2024-08-22,Giải Đặc biệt,861,1
00458,2024-08-22,Giải nhất,244,0
00458,2024-08-22,Giải nhất,501,1
00458,2024-08-22,Giải nhất,085,2
00458,2024-08-22,Giải nhất,290,3
00458,2024-08-22,Giải nhì,011,0
00458,2024-08-22,Giải nhì,354,1
00458,2024-08-22,Giải nhì,585,2
00458,2024-08-22,Giải nhì,678,3
00458,2024-08-22,Giải nhì,074,4
00458,2024-08-22,Giải nhì,985,5
00457,2024-08-20,Giải ba,359,0
00457,2024-08-20,Giải ba,596,1
00457,2024-08-20,Giải ba,767,2
00457,2024-08-20,Giải ba,483,3
00457,2024-08-20,Giải ba,218,4
00457,2024-08-20,Giải ba,652,5
00457,2024-08-20,Giải ba,701,6
00457,2024-08-20,Giải ba,958,7
00457,2024-08-20,Giải Đặc biệt,439,0
00457,2024-08-20,Giải Đặc biệt,870,1
00457,2024-08-20,Giải nhất,343,0
00457,2024-08-20,Giải nhất,562,1
00457,2024-08-20,Giải nhất,673,2
00457,2024-08-20,Giải nhất,395,3
00457,2024-08-20,Giải nhì,087,0
00457,2024-08-20,Giải nhì,113,1
00457,2024-08-20,Giải nhì,098,2
00457,2024-08-20,Giải nhì,778,3
00457,2024-08-20,Giải nhì,936,4
00457,2024-08-20,Giải nhì,512,5
00456,2024-08-17,Giải ba,726,0
00456,2024-08-17,Giải ba,239,1
00456,2024-08-17,Giải ba,237,2
00456,2024-08-17,Giải ba,439,3
00456,2024-08-17,Giải ba,993,4
00456,2024-08-17,Giải ba,436,5
00456,2024-08-17,Giải ba,176,6
00456,2024-08-17,Giải ba,525,7
00456,2024-08-17,Giải Đặc biệt,762,0
00456,2024-08-17,Giải Đặc biệt,867,1
00456,2024-08-17,Giải nhất,895,0
00456,2024-08-17,Giải nhất,024,1
00456,2024-08-17,Giải nhất,500,2
00456,2024-08-17,Giải nhất,003,3
00456,2024-08-17,Giải nhì,210,0
00456,2024-08-17,Giải nhì,264,1
00456,2024-08-17,Giải nhì,211,2
00456,2024-08-17,Giải nhì,609,3
00456,2024-08-17,Giải nhì,576,4
00456,2024-08-17,Giải nhì,482,5
00455,2024-08-15,Giải ba,450,0
00455,2024-08-15,Giải ba,769,1
00455,2024-08-15,Giải ba,676,2
00455,2024-08-15,Giải ba,417,3
00455,2024-08-15,Giải ba,558,4
00455,2024-08-15,Giải ba,779,5
00455,2024-08-15,Giải ba,677,6
00455,2024-08-15,Giải ba,109,7
00455,2024-08-15,Giải Đặc biệt,255,0
00455,2024-08-15,Giải Đặc biệt,013,1
00455,2024-08-15,Giải nhất,555,0
00455,2024-08-15,Giải nhất,992,1
00455,2024-08-15,Giải nhất,341,2
00455,2024-08-15,Giải nhất,506,3
00455,2024-08-15,Giải nhì,052,0
00455,2024-08-15,Giải nhì,189,1
00455,2024-08-15,Giải nhì,222,2
00455,2024-08-15,Giải nhì,180,3
00455,2024-08-15,Giải nhì,727,4
00455,2024-08-15,Giải nhì,792,5
00454,2024-08-13,Giải ba,271,0
00454,2024-08-13,Giải ba,921,1
00454,2024-08-13,Giải ba,125,2
00454,2024-08-13,Giải ba,989,3
00454,2024-08-13,Giải ba,236,4
00454,2024-08-13,Giải ba,500,5
00454,2024-08-13,Giải ba,992,6
00454,2024-08-13,Giải ba,386,7
00454,2024-08-13,Giải Đặc biệt,136,0
00454,2024-08-13,Giải Đặc biệt,708,1
00454,2024-08-13,Giải nhất,544,0
00454,2024-08-13,Giải nhất,815,1
00454,2024-08-13,Giải nhất,531,2
00454,2024-08-13,Giải nhất,456,3
00454,2024-08-13,Giải nhì,460,0
00454,2024-08-13,Giải nhì,286,1
00454,2024-08-13,Giải nhì,361,2
00454,2024-08-13,Giải nhì,503,3
00454,2024-08-13,Giải nhì,134,4
00454,2024-08-13,Giải nhì,101,5
00453,2024-08-10,Giải ba,067,0
00453,2024-08-10,Giải ba,763,1
00453,2024-08-10,Giải ba,644,2
00453,2024-08-10,Giải ba,392,3
00453,2024-08-10,Giải ba,435,4
00453,2024-08-10,Giải ba,037,5
00453,2024-08-10,Giải ba,654,6
00453,2024-08-10,Giải ba,047,7
00453,2024-08-10,Giải Đặc biệt,007,0
00453,2024-08-10,Giải Đặc biệt,567,1
00453,2024-08-10,Giải nhất,531,0
00453,2024-08-10,Giải nhất,834,1
00453,2024-08-10,Giải nhất,394,2
00453,2024-08-10,Giải nhất,993,3
00453,2024-08-10,Giải nhì,881,0
00453,2024-08-10,Giải nhì,920,1
00453,2024-08-10,Giải nhì,233,2
00453,2024-08-10,Giải nhì,182,3
00453,2024-08-10,Giải nhì,313,4
00453,2024-08-10,Giải nhì,118,5
00452,2024-08-08,Giải ba,737,0
00452,2024-08-08,Giải ba,162,1
00452,2024-08-08,Giải ba,608,2
00452,2024-08-08,Giải ba,255,3
00452,2024-08-08,Giải ba,616,4
00452,2024-08-08,Giải ba,564,5
00452,2024-08-08,Giải ba,139,6
00452,2024-08-08,Giải ba,550,7
00452,2024-08-08,Giải Đặc biệt,209,0
00452,2024-08-08,Giải Đặc biệt,109,1
00452,2024-08-08,Giải nhất,812,0
00452,2024-08-08,Giải nhất,437,1
00452,2024-08-08,Giải nhất,932,2
00452,2024-08-08,Giải nhất,928,3
00452,2024-08-08,Giải nhì,492,0
00452,2024-08-08,Giải nhì,926,1
00452,2024-08-08,Giải nhì,855,2
00452,2024-08-08,Giải nhì,518,3
00452,2024-08-08,Giải nhì,243,4
00452,2024-08-08,Giải nhì,332,5
00451,2024-08-06,Giải ba,135,0
00451,2024-08-06,Giải ba,198,1
00451,2024-08-06,Giải ba,577,2
00451,2024-08-06,Giải ba,280,3
00451,2024-08-06,Giải ba,703,4
00451,2024-08-06,Giải ba,144,5
00451,2024-08-06,Giải ba,105,6
00451,2024-08-06,Giải ba,961,7
00451,2024-08-06,Giải Đặc biệt,484,0
00451,2024-08-06,Giải Đặc biệt,688,1
00451,2024-08-06,Giải nhất,672,0
00451,2024-08-06,Giải nhất,997,1
00451,2024-08-06,Giải nhất,514,2
00451,2024-08-06,Giải nhất,976,3
00451,2024-08-06,Giải nhì,814,0
00451,2024-08-06,Giải nhì,689,1
00451,2024-08-06,Giải nhì,484,2
00451,2024-08-06,Giải nhì,731,3
00451,2024-08-06,Giải nhì,467,4
00451,2024-08-06,Giải nhì,824,5
00450,2024-08-03,Giải ba,783,0
00450,2024-08-03,Giải ba,605,1
00450,2024-08-03,Giải ba,781,2
00450,2024-08-03,Giải ba,853,3
00450,2024-08-03,Giải ba,841,4
00450,2024-08-03,Giải ba,879,5
00450,2024-08-03,Giải ba,746,6
00450,2024-08-03,Giải ba,570,7
00450,2024-08-03,Giải Đặc biệt,301,0
00450,2024-08-03,Giải Đặc biệt,981,1
00450,2024-08-03,Giải nhất,537,0
00450,2024-08-03,Giải nhất,758,1
00450,2024-08-03,Giải nhất,961,2
00450,2024-08-03,Giải nhất,531,3
00450,2024-08-03,Giải nhì,846,0
00450,2024-08-03,Giải nhì,773,1
00450,2024-08-03,Giải nhì,794,2
00450,2024-08-03,Giải nhì,782,3
00450,2024-08-03,Giải nhì,671,4
00450,2024-08-03,Giải nhì,825,5
00449,2024-08-01,Giải ba,675,0
00449,2024-08-01,Giải ba,573,1
00449,2024-08-01,Giải ba,345,2
00449,2024-08-01,Giải ba,802,3
00449,2024-08-01,Giải ba,559,4
00449,2024-08-01,Giải ba,666,5
00449,2024-08-01,Giải ba,328,6
00449,2024-08-01,Giải ba,074,7
00449,2024-08-01,Giải Đặc biệt,718,0
00449,2024-08-01,Giải Đặc biệt,065,1
00449,2024-08-01,Giải nhất,335,0
00449,2024-08-01,Giải nhất,640,1
00449,2024-08-01,Giải nhất,053,2
00449,2024-08-01,Giải nhất,097,3
00449,2024-08-01,Giải nhì,674,0
00449,2024-08-01,Giải nhì,819,1
00449,2024-08-01,Giải nhì,061,2
00449,2024-08-01,Giải nhì,544,3
00449,2024-08-01,Giải nhì,639,4
00449,2024-08-01,Giải nhì,364,5
00448,2024-07-30,Giải ba,586,0
00448,2024-07-30,Giải ba,813,1
00448,2024-07-30,Giải ba,052,2
00448,2024-07-30,Giải ba,606,3
00448,2024-07-30,Giải ba,344,4
00448,2024-07-30,Giải ba,515,5
00448,2024-07-30,Giải ba,152,6
00448,2024-07-30,Giải ba,714,7
00448,2024-07-30,Giải Đặc biệt,791,0
00448,2024-07-30,Giải Đặc biệt,867,1
00448,2024-07-30,Giải nhất,463,0
00448,2024-07-30,Giải nhất,597,1
00448,2024-07-30,Giải nhất,089,2
00448,2024-07-30,Giải nhất,555,3
00448,2024-07-30,Giải nhì,515,0
00448,2024-07-30,Giải nhì,996,1
00448,2024-07-30,Giải nhì,380,2
00448,2024-07-30,Giải nhì,553,3
00448,2024-07-30,Giải nhì,476,4
00448,2024-07-30,Giải nhì,519,5
00447,2024-07-27,Giải ba,754,0
00447,2024-07-27,Giải ba,768,1
00447,2024-07-27,Giải ba,009,2
00447,2024-07-27,Giải ba,206,3
00447,2024-07-27,Giải ba,114,4
00447,2024-07-27,Giải ba,393,5
00447,2024-07-27,Giải ba,280,6
00447,2024-07-27,Giải ba,164,7
00447,2024-07-27,Giải Đặc biệt,750,0
00447,2024-07-27,Giải Đặc biệt,104,1
00447,2024-07-27,Giải nhất,280,0
00447,2024-07-27,Giải nhất,829,1
00447,2024-07-27,Giải nhất,086,2
00447,2024-07-27,Giải nhất,226,3
00447,2024-07-27,Giải nhì,447,0
00447,2024-07-27,Giải nhì,743,1
00447,2024-07-27,Giải nhì,942,2
00447,2024-07-27,Giải nhì,493,3
00447,2024-07-27,Giải nhì,593,4
00447,2024-07-27,Giải nhì,084,5
00446,2024-07-25,Giải ba,215,0
00446,2024-07-25,Giải ba,860,1
00446,2024-07-25,Giải ba,548,2
00446,2024-07-25,Giải ba,832,3
00446,2024-07-25,Giải ba,503,4
00446,2024-07-25,Giải ba,365,5
00446,2024-07-25,Giải ba,904,6
00446,2024-07-25,Giải ba,205,7
00446,2024-07-25,Giải Đặc biệt,199,0
00446,2024-07-25,Giải Đặc biệt,990,1
00446,2024-07-25,Giải nhất,278,0
00446,2024-07-25,Giải nhất,401,1
00446,2024-07-25,Giải nhất,828,2
00446,2024-07-25,Giải nhất,969,3
00446,2024-07-25,Giải nhì,118,0
00446,2024-07-25,Giải nhì,655,1
00446,2024-07-25,Giải nhì,991,2
00446,2024-07-25,Giải nhì,307,3
00446,2024-07-25,Giải nhì,207,4
00446,2024-07-25,Giải nhì,896,5
00445,2024-07-23,Giải ba,966,0
00445,2024-07-23,Giải ba,666,1
00445,2024-07-23,Giải ba,208,2
00445,2024-07-23,Giải ba,204,3
00445,2024-07-23,Giải ba,156,4
00445,2024-07-23,Giải ba,725,5
00445,2024-07-23,Giải ba,187,6
00445,2024-07-23,Giải ba,971,7
00445,2024-07-23,Giải Đặc biệt,466,0
00445,2024-07-23,Giải Đặc biệt,437,1
00445,2024-07-23,Giải nhất,249,0
00445,2024-07-23,Giải nhất,836,1
00445,2024-07-23,Giải nhất,437,2
00445,2024-07-23,Giải nhất,995,3
00445,2024-07-23,Giải nhì,419,0
00445,2024-07-23,Giải nhì,503,1
00445,2024-07-23,Giải nhì,718,2
00445,2024-07-23,Giải nhì,235,3
00445,2024-07-23,Giải nhì,257,4
00445,2024-07-23,Giải nhì,366,5
00444,2024-07-20,Giải ba,750,0
00444,2024-07-20,Giải ba,987,1
00444,2024-07-20,Giải ba,859,2
00444,2024-07-20,Giải ba,860,3
00444,2024-07-20,Giải ba,023,4
00444,2024-07-20,Giải ba,763,5
00444,2024-07-20,Giải ba,098,6
00444,2024-07-20,Giải ba,254,7
00444,2024-07-20,Giải Đặc biệt,973,0
00444,2024-07-20,Giải Đặc biệt,779,1
00444,2024-07-20,Giải nhất,190,0
00444,2024-07-20,Giải nhất,492,1
00444,2024-07-20,Giải nhất,815,2
00444,2024-07-20,Giải nhất,706,3
00444,2024-07-20,Giải nhì,512,0
00444,2024-07-20,Giải nhì,454,1
00444,2024-07-20,Giải nhì,612,2
00444,2024-07-20,Giải nhì,458,3
00444,2024-07-20,Giải nhì,454,4
00444,2024-07-20,Giải nhì,307,5
00443,2024-07-18,Giải ba,751,0
00443,2024-07-18,Giải ba,464,1
00443,2024-07-18,Giải ba,634,2
00443,2024-07-18,Giải ba,809,3
00443,2024-07-18,Giải ba,569,4
00443,2024-07-18,Giải ba,336,5
00443,2024-07-18,Giải ba,228,6
00443,2024-07-18,Giải ba,763,7
00443,2024-07-18,Giải Đặc biệt,135,0
00443,2024-07-18,Giải Đặc biệt,588,1
00443,2024-07-18,Giải nhất,941,0
00443,2024-07-18,Giải nhất,726,1
00443,2024-07-18,Giải nhất,585,2
00443,2024-07-18,Giải nhất,693,3
00443,2024-07-18,Giải nhì,108,0
00443,2024-07-18,Giải nhì,829,1
00443,2024-07-18,Giải nhì,177,2
00443,2024-07-18,Giải nhì,240,3
00443,2024-07-18,Giải nhì,222,4
00443,2024-07-18,Giải nhì,491,5
00442,2024-07-16,Giải ba,643,0
00442,2024-07-16,Giải ba,392,1
00442,2024-07-16,Giải ba,402,2
00442,2024-07-16,Giải ba,336,3
00442,2024-07-16,Giải ba,568,4
00442,2024-07-16,Giải ba,165,5
00442,2024-07-16,Giải ba,564,6
00442,2024-07-16,Giải ba,159,7
00442,2024-07-16,Giải Đặc biệt,995,0
00442,2024-07-16,Giải Đặc biệt,012,1
00442,2024-07-16,Giải nhất,692,0
00442,2024-07-16,Giải nhất,612,1
00442,2024-07-16,Giải nhất,462,2
00442,2024-07-16,Giải nhất,478,3
00442,2024-07-16,Giải nhì,012,0
00442,2024-07-16,Giải nhì,253,1
00442,2024-07-16,Giải nhì,303,2
00442,2024-07-16,Giải nhì,960,3
00442,2024-07-16,Giải nhì,704,4
00442,2024-07-16,Giải nhì,496,5
00441,2024-07-13,Giải ba,043,0
00441,2024-07-13,Giải ba,557,1
00441,2024-07-13,Giải ba,817,2
00441,2024-07-13,Giải ba,115,3
00441,2024-07-13,Giải ba,540,4
00441,2024-07-13,Giải ba,173,5
00441,2024-07-13,Giải ba,398,6
00441,2024-07-13,Giải ba,281,7
00441,2024-07-13,Giải Đặc biệt,744,0
00441,2024-07-13,Giải Đặc biệt,801,1
00441,2024-07-13,Giải nhất,420,0
00441,2024-07-13,Giải nhất,054,1
00441,2024-07-13,Giải nhất,771,2
00441,2024-07-13,Giải nhất,455,3
00441,2024-07-13,Giải nhì,535,0
00441,2024-07-13,Giải nhì,056,1
00441,2024-07-13,Giải nhì,681,2
00441,2024-07-13,Giải nhì,130,3
00441,2024-07-13,Giải nhì,305,4
00441,2024-07-13,Giải nhì,112,5
00440,2024-07-11,Giải ba,967,0
00440,2024-07-11,Giải ba,557,1
00440,2024-07-11,Giải ba,823,2
00440,2024-07-11,Giải ba,190,3
00440,2024-07-11,Giải ba,832,4
00440,2024-07-11,Giải ba,444,5
00440,2024-07-11,Giải ba,450,6
00440,2024-07-11,Giải ba,940,7
00440,2024-07-11,Giải Đặc biệt,412,0
00440,2024-07-11,Giải Đặc biệt,171,1
00440,2024-07-11,Giải nhất,688,0
00440,2024-07-11,Giải nhất,954,1
00440,2024-07-11,Giải nhất,294,2
00440,2024-07-11,Giải nhất,084,3
00440,2024-07-11,Giải nhì,914,0
00440,2024-07-11,Giải nhì,631,1
00440,2024-07-11,Giải nhì,253,2
00440,2024-07-11,Giải nhì,308,3
00440,2024-07-11,Giải nhì,468,4
00440,2024-07-11,Giải nhì,244,5
00439,2024-07-09,Giải ba,170,0
00439,2024-07-09,Giải ba,260,1
00439,2024-07-09,Giải ba,212,2
00439,2024-07-09,Giải ba,286,3
00439,2024-07-09,Giải ba,766,4
00439,2024-07-09,Giải ba,951,5
00439,2024-07-09,Giải ba,637,6
00439,2024-07-09,Giải ba,251,7
00439,2024-07-09,Giải Đặc biệt,722,0
00439,2024-07-09,Giải Đặc biệt,042,1
00439,2024-07-09,Giải nhất,134,0
00439,2024-07-09,Giải nhất,223,1
00439,2024-07-09,Giải nhất,558,2
00439,2024-07-09,Giải nhất,822,3
00439,2024-07-09,Giải nhì,151,0
00439,2024-07-09,Giải nhì,833,1
00439,2024-07-09,Giải nhì,371,2
00439,2024-07-09,Giải nhì,252,3
00439,2024-07-09,Giải nhì,251,4
00439,2024-07-09,Giải nhì,522,5
00438,2024-07-06,Giải ba,170,0
00438,2024-07-06,Giải ba,038,1
00438,2024-07-06,Giải ba,616,2
00438,2024-07-06,Giải ba,211,3
00438,2024-07-06,Giải ba,434,4
00438,2024-07-06,Giải ba,737,5
00438,2024-07-06,Giải ba,570,6
00438,2024-07-06,Giải ba,860,7
00438,2024-07-06,Giải Đặc biệt,396,0
00438,2024-07-06,Giải Đặc biệt,057,1
00438,2024-07-06,Giải nhất,116,0
00438,2024-07-06,Giải nhất,103,1
00438,2024-07-06,Giải nhất,359,2
00438,2024-07-06,Giải nhất,793,3
00438,2024-07-06,Giải nhì,438,0
00438,2024-07-06,Giải nhì,145,1
00438,2024-07-06,Giải nhì,645,2
00438,2024-07-06,Giải nhì,997,3
00438,2024-07-06,Giải nhì,590,4
00438,2024-07-06,Giải nhì,358,5
00437,2024-07-04,Giải ba,979,0
00437,2024-07-04,Giải ba,277,1
00437,2024-07-04,Giải ba,356,2
00437,2024-07-04,Giải ba,013,3
00437,2024-07-04,Giải ba,828,4
00437,2024-07-04,Giải ba,129,5
00437,2024-07-04,Giải ba,816,6
00437,2024-07-04,Giải ba,691,7
00437,2024-07-04,Giải Đặc biệt,492,0
00437,2024-07-04,Giải Đặc biệt,974,1
00437,2024-07-04,Giải nhất,759,0
00437,2024-07-04,Giải nhất,429,1
00437,2024-07-04,Giải nhất,280,2
00437,2024-07-04,Giải nhất,627,3
00437,2024-07-04,Giải nhì,770,0
00437,2024-07-04,Giải nhì,043,1
00437,2024-07-04,Giải nhì,714,2
00437,2024-07-04,Giải nhì,542,3
00437,2024-07-04,Giải nhì,941,4
00437,2024-07-04,Giải nhì,503,5
00436,2024-07-02,Giải ba,280,0
00436,2024-07-02,Giải ba,757,1
00436,2024-07-02,Giải ba,126,2
00436,2024-07-02,Giải ba,999,3
00436,2024-07-02,Giải ba,771,4
00436,2024-07-02,Giải ba,276,5
00436,2024-07-02,Giải ba,064,6
00436,2024-07-02,Giải ba,436,7
00436,2024-07-02,Giải Đặc biệt,073,0
00436,2024-07-02,Giải Đặc biệt,852,1
00436,2024-07-02,Giải nhất,825,0
00436,2024-07-02,Giải nhất,423,1
00436,2024-07-02,Giải nhất,308,2
00436,2024-07-02,Giải nhất,820,3
00436,2024-07-02,Giải nhì,002,0
00436,2024-07-02,Giải nhì,784,1
00436,2024-07-02,Giải nhì,430,2
00436,2024-07-02,Giải nhì,445,3
00436,2024-07-02,Giải nhì,193,4
00436,2024-07-02,Giải nhì,030,5
00435,2024-06-29,Giải ba,604,0
00435,2024-06-29,Giải ba,693,1
00435,2024-06-29,Giải ba,386,2
00435,2024-06-29,Giải ba,216,3
00435,2024-06-29,Giải ba,302,4
00435,2024-06-29,Giải ba,271,5
00435,2024-06-29,Giải ba,568,6
00435,2024-06-29,Giải ba,872,7
00435,2024-06-29,Giải Đặc biệt,620,0
00435,2024-06-29,Giải Đặc biệt,355,1
00435,2024-06-29,Giải nhất,656,0
00435,2024-06-29,Giải nhất,861,1
00435,2024-06-29,Giải nhất,863,2
00435,2024-06-29,Giải nhất,144,3
00435,2024-06-29,Giải nhì,607,0
00435,2024-06-29,Giải nhì,030,1
00435,2024-06-29,Giải nhì,412,2
00435,2024-06-29,Giải nhì,450,3
00435,2024-06-29,Giải nhì,769,4
00435,2024-06-29,Giải nhì,580,5
00434,2024-06-27,Giải ba,070,0
00434,2024-06-27,Giải ba,216,1
00434,2024-06-27,Giải ba,648,2
00434,2024-06-27,Giải ba,162,3
00434,2024-06-27,Giải ba,154,4
00434,2024-06-27,Giải ba,351,5
00434,2024-06-27,Giải ba,549,6
00434,2024-06-27,Giải ba,424,7
00434,2024-06-27,Giải Đặc biệt,200,0
00434,2024-06-27,Giải Đặc biệt,120,1
00434,2024-06-27,Giải nhất,247,0
00434,2024-06-27,Giải nhất,118,1
00434,2024-06-27,Giải nhất,237,2
00434,2024-06-27,Giải nhất,342,3
00434,2024-06-27,Giải nhì,317,0
00434,2024-06-27,Giải nhì,159,1
00434,2024-06-27,Giải nhì,523,2
00434,2024-06-27,Giải nhì,393,3
00434,2024-06-27,Giải nhì,409,4
00434,2024-06-27,Giải nhì,207,5
00433,2024-06-25,Giải ba,160,0
00433,2024-06-25,Giải ba,156,1
00433,2024-06-25,Giải ba,003,2
00433,2024-06-25,Giải ba,858,3
00433,2024-06-25,Giải ba,812,4
00433,2024-06-25,Giải ba,302,5
00433,2024-06-25,Giải ba,166,6
00433,2024-06-25,Giải ba,123,7
00433,2024-06-25,Giải Đặc biệt,396,0
00433,2024-06-25,Giải Đặc biệt,215,1
00433,2024-06-25,Giải nhất,641,0
00433,2024-06-25,Giải nhất,820,1
00433,2024-06-25,Giải nhất,735,2
00433,2024-06-25,Giải nhất,729,3
00433,2024-06-25,Giải nhì,058,0
00433,2024-06-25,Giải nhì,180,1
00433,2024-06-25,Giải nhì,443,2
00433,2024-06-25,Giải nhì,738,3
00433,2024-06-25,Giải nhì,936,4
00433,2024-06-25,Giải nhì,251,5
00432,2024-06-22,Giải ba,768,0
00432,2024-06-22,Giải ba,881,1
00432,2024-06-22,Giải ba,827,2
00432,2024-06-22,Giải ba,592,3
00432,2024-06-22,Giải ba,279,4
00432,2024-06-22,Giải ba,123,5
00432,2024-06-22,Giải ba,446,6
00432,2024-06-22,Giải ba,076,7
00432,2024-06-22,Giải Đặc biệt,960,0
00432,2024-06-22,Giải Đặc biệt,537,1
00432,2024-06-22,Giải nhất,981,0
00432,2024-06-22,Giải nhất,309,1
00432,2024-06-22,Giải nhất,338,2
00432,2024-06-22,Giải nhất,112,3
00432,2024-06-22,Giải nhì,572,0
00432,2024-06-22,Giải nhì,489,1
00432,2024-06-22,Giải nhì,313,2
00432,2024-06-22,Giải nhì,946,3
00432,2024-06-22,Giải nhì,155,4
00432,2024-06-22,Giải nhì,117,5
00431,2024-06-20,Giải ba,115,0
00431,2024-06-20,Giải ba,354,1
00431,2024-06-20,Giải ba,207,2
00431,2024-06-20,Giải ba,540,3
00431,2024-06-20,Giải ba,505,4
00431,2024-06-20,Giải ba,155,5
00431,2024-06-20,Giải ba,660,6
00431,2024-06-20,Giải ba,264,7
00431,2024-06-20,Giải Đặc biệt,624,0
00431,2024-06-20,Giải Đặc biệt,858,1
00431,2024-06-20,Giải nhất,757,0
00431,2024-06-20,Giải nhất,520,1
00431,2024-06-20,Giải nhất,871,2
00431,2024-06-20,Giải nhất,651,3
00431,2024-06-20,Giải nhì,383,0
00431,2024-06-20,Giải nhì,123,1
00431,2024-06-20,Giải nhì,616,2
00431,2024-06-20,Giải nhì,348,3
00431,2024-06-20,Giải nhì,297,4
00431,2024-06-20,Giải nhì,306,5
00430,2024-06-18,Giải ba,265,0
00430,2024-06-18,Giải ba,027,1
00430,2024-06-18,Giải ba,402,2
00430,2024-06-18,Giải ba,261,3
00430,2024-06-18,Giải ba,513,4
00430,2024-06-18,Giải ba,543,5
00430,2024-06-18,Giải ba,283,6
00430,2024-06-18,Giải ba,278,7
00430,2024-06-18,Giải Đặc biệt,544,0
00430,2024-06-18,Giải Đặc biệt,944,1
00430,2024-06-18,Giải nhất,206,0
00430,2024-06-18,Giải nhất,696,1
00430,2024-06-18,Giải nhất,753,2
00430,2024-06-18,Giải nhất,549,3
00430,2024-06-18,Giải nhì,065,0
00430,2024-06-18,Giải nhì,156,1
00430,2024-06-18,Giải nhì,814,2
00430,2024-06-18,Giải nhì,999,3
00430,2024-06-18,Giải nhì,065,4
00430,2024-06-18,Giải nhì,143,5
00429,2024-06-15,Giải ba,500,0
00429,2024-06-15,Giải ba,821,1
00429,2024-06-15,Giải ba,578,2
00429,2024-06-15,Giải ba,783,3
00429,2024-06-15,Giải ba,048,4
00429,2024-06-15,Giải ba,642,5
00429,2024-06-15,Giải ba,632,6
00429,2024-06-15,Giải ba,707,7
00429,2024-06-15,Giải Đặc biệt,635,0
00429,2024-06-15,Giải Đặc biệt,081,1
00429,2024-06-15,Giải nhất,008,0
00429,2024-06-15,Giải nhất,741,1
00429,2024-06-15,Giải nhất,351,2
00429,2024-06-15,Giải nhất,640,3
00429,2024-06-15,Giải nhì,953,0
00429,2024-06-15,Giải nhì,728,1
00429,2024-06-15,Giải nhì,538,2
00429,2024-06-15,Giải nhì,850,3
00429,2024-06-15,Giải nhì,177,4
00429,2024-06-15,Giải nhì,105,5
00428,2024-06-13,Giải ba,986,0
00428,2024-06-13,Giải ba,113,1
00428,2024-06-13,Giải ba,783,2
00428,2024-06-13,Giải ba,645,3
00428,2024-06-13,Giải ba,842,4
00428,2024-06-13,Giải ba,197,5
00428,2024-06-13,Giải ba,782,6
00428,2024-06-13,Giải ba,917,7
00428,2024-06-13,Giải Đặc biệt,932,0
00428,2024-06-13,Giải Đặc biệt,456,1
00428,2024-06-13,Giải nhất,548,0
00428,2024-06-13,Giải nhất,662,1
00428,2024-06-13,Giải nhất,208,2
00428,2024-06-13,Giải nhất,558,3
00428,2024-06-13,Giải nhì,743,0
00428,2024-06-13,Giải nhì,464,1
00428,2024-06-13,Giải nhì,837,2
00428,2024-06-13,Giải nhì,829,3
00428,2024-06-13,Giải nhì,207,4
00428,2024-06-13,Giải nhì,925,5
00427,2024-06-11,Giải ba,015,0
00427,2024-06-11,Giải ba,212,1
00427,2024-06-11,Giải ba,301,2
00427,2024-06-11,Giải ba,547,3
00427,2024-06-11,Giải ba,577,4
00427,2024-06-11,Giải ba,555,5
00427,2024-06-11,Giải ba,166,6
00427,2024-06-11,Giải ba,211,7
00427,2024-06-11,Giải Đặc biệt,771,0
00427,2024-06-11,Giải Đặc biệt,677,1
00427,2024-06-11,Giải nhất,433,0
00427,2024-06-11,Giải nhất,780,1
00427,2024-06-11,Giải nhất,664,2
00427,2024-06-11,Giải nhất,718,3
00427,2024-06-11,Giải nhì,416,0
00427,2024-06-11,Giải nhì,986,1
00427,2024-06-11,Giải nhì,123,2
00427,2024-06-11,Giải nhì,716,3
00427,2024-06-11,Giải nhì,218,4
00427,2024-06-11,Giải nhì,220,5
00426,2024-06-08,Giải ba,270,0
00426,2024-06-08,Giải ba,948,1
00426,2024-06-08,Giải ba,619,2
00426,2024-06-08,Giải ba,761,3
00426,2024-06-08,Giải ba,174,4
00426,2024-06-08,Giải ba,726,5
00426,2024-06-08,Giải ba,606,6
00426,2024-06-08,Giải ba,215,7
00426,2024-06-08,Giải Đặc biệt,136,0
00426,2024-06-08,Giải Đặc biệt,153,1
00426,2024-06-08,Giải nhất,991,0
00426,2024-06-08,Giải nhất,418,1
00426,2024-06-08,Giải nhất,409,2
00426,2024-06-08,Giải nhất,474,3
00426,2024-06-08,Giải nhì,567,0
00426,2024-06-08,Giải nhì,850,1
00426,2024-06-08,Giải nhì,761,2
00426,2024-06-08,Giải nhì,965,3
00426,2024-06-08,Giải nhì,558,4
00426,2024-06-08,Giải nhì,820,5
00425,2024-06-06,Giải ba,163,0
00425,2024-06-06,Giải ba,285,1
00425,2024-06-06,Giải ba,670,2
00425,2024-06-06,Giải ba,985,3
00425,2024-06-06,Giải ba,409,4
00425,2024-06-06,Giải ba,422,5
00425,2024-06-06,Giải ba,192,6
00425,2024-06-06,Giải ba,641,7
00425,2024-06-06,Giải Đặc biệt,412,0
00425,2024-06-06,Giải Đặc biệt,067,1
00425,2024-06-06,Giải nhất,769,0
00425,2024-06-06,Giải nhất,978,1
00425,2024-06-06,Giải nhất,451,2
00425,2024-06-06,Giải nhất,534,3
00425,2024-06-06,Giải nhì,685,0
00425,2024-06-06,Giải nhì,712,1
00425,2024-06-06,Giải nhì,879,2
00425,2024-06-06,Giải nhì,199,3
00425,2024-06-06,Giải nhì,914,4
00425,2024-06-06,Giải nhì,591,5
00424,2024-06-04,Giải ba,256,0
00424,2024-06-04,Giải ba,869,1
00424,2024-06-04,Giải ba,927,2
00424,2024-06-04,Giải ba,146,3
00424,2024-06-04,Giải ba,380,4
00424,2024-06-04,Giải ba,620,5
00424,2024-06-04,Giải ba,510,6
00424,2024-06-04,Giải ba,756,7
00424,2024-06-04,Giải Đặc biệt,962,0
00424,2024-06-04,Giải Đặc biệt,746,1
00424,2024-06-04,Giải nhất,396,0
00424,2024-06-04,Giải nhất,725,1
00424,2024-06-04,Giải nhất,629,2
00424,2024-06-04,Giải nhất,412,3
00424,2024-06-04,Giải nhì,789,0
00424,2024-06-04,Giải nhì,208,1
00424,2024-06-04,Giải nhì,483,2
00424,2024-06-04,Giải nhì,895,3
00424,2024-06-04,Giải nhì,611,4
00424,2024-06-04,Giải nhì,473,5
00423,2024-06-01,Giải ba,952,0
00423,2024-06-01,Giải ba,976,1
00423,2024-06-01,Giải ba,288,2
00423,2024-06-01,Giải ba,461,3
00423,2024-06-01,Giải ba,568,4
00423,2024-06-01,Giải ba,932,5
00423,2024-06-01,Giải ba,789,6
00423,2024-06-01,Giải ba,399,7
00423,2024-06-01,Giải Đặc biệt,657,0
00423,2024-06-01,Giải Đặc biệt,097,1
00423,2024-06-01,Giải nhất,376,0
00423,2024-06-01,Giải nhất,177,1
00423,2024-06-01,Giải nhất,121,2
00423,2024-06-01,Giải nhất,555,3
00423,2024-06-01,Giải nhì,156,0
00423,2024-06-01,Giải nhì,113,1
00423,2024-06-01,Giải nhì,102,2
00423,2024-06-01,Giải nhì,211,3
00423,2024-06-01,Giải nhì,715,4
00423,2024-06-01,Giải nhì,629,5
00422,2024-05-30,Giải ba,703,0
00422,2024-05-30,Giải ba,500,1
00422,2024-05-30,Giải ba,777,2
00422,2024-05-30,Giải ba,075,3
00422,2024-05-30,Giải ba,045,4
00422,2024-05-30,Giải ba,576,5
00422,2024-05-30,Giải ba,749,6
00422,2024-05-30,Giải ba,246,7
00422,2024-05-30,Giải Đặc biệt,479,0
00422,2024-05-30,Giải Đặc biệt,372,1
00422,2024-05-30,Giải nhất,517,0
00422,2024-05-30,Giải nhất,809,1
00422,2024-05-30,Giải nhất,163,2
00422,2024-05-30,Giải nhất,624,3
00422,2024-05-30,Giải nhì,161,0
00422,2024-05-30,Giải nhì,880,1
00422,2024-05-30,Giải nhì,695,2
00422,2024-05-30,Giải nhì,616,3
00422,2024-05-30,Giải nhì,381,4
00422,2024-05-30,Giải nhì,585,5
00421,2024-05-28,Giải ba,220,0
00421,2024-05-28,Giải ba,318,1
00421,2024-05-28,Giải ba,632,2
00421,2024-05-28,Giải ba,953,3
00421,2024-05-28,Giải ba,416,4
00421,2024-05-28,Giải ba,541,5
00421,2024-05-28,Giải ba,388,6
00421,2024-05-28,Giải ba,204,7
00421,2024-05-28,Giải Đặc biệt,343,0
00421,2024-05-28,Giải Đặc biệt,229,1
00421,2024-05-28,Giải nhất,258,0
00421,2024-05-28,Giải nhất,218,1
00421,2024-05-28,Giải nhất,479,2
00421,2024-05-28,Giải nhất,835,3
00421,2024-05-28,Giải nhì,426,0
00421,2024-05-28,Giải nhì,018,1
00421,2024-05-28,Giải nhì,238,2
00421,2024-05-28,Giải nhì,899,3
00421,2024-05-28,Giải nhì,964,4
00421,2024-05-28,Giải nhì,521,5
00420,2024-05-25,Giải ba,437,0
00420,2024-05-25,Giải ba,934,1
00420,2024-05-25,Giải ba,699,2
00420,2024-05-25,Giải ba,041,3
00420,2024-05-25,Giải ba,464,4
00420,2024-05-25,Giải ba,657,5
00420,2024-05-25,Giải ba,518,6
00420,2024-05-25,Giải ba,090,7
00420,2024-05-25,Giải Đặc biệt,371,0
00420,2024-05-25,Giải Đặc biệt,239,1
00420,2024-05-25,Giải nhất,270,0
00420,2024-05-25,Giải nhất,633,1
00420,2024-05-25,Giải nhất,859,2
00420,2024-05-25,Giải nhất,723,3
00420,2024-05-25,Giải nhì,070,0
00420,2024-05-25,Giải nhì,392,1
00420,2024-05-25,Giải nhì,525,2
00420,2024-05-25,Giải nhì,784,3
00420,2024-05-25,Giải nhì,621,4
00420,2024-05-25,Giải nhì,024,5
00419,2024-05-23,Giải ba,446,0
00419,2024-05-23,Giải ba,014,1
00419,2024-05-23,Giải ba,839,2
00419,2024-05-23,Giải ba,935,3
00419,2024-05-23,Giải ba,631,4
00419,2024-05-23,Giải ba,353,5
00419,2024-05-23,Giải ba,970,6
00419,2024-05-23,Giải ba,238,7
00419,2024-05-23,Giải Đặc biệt,728,0
00419,2024-05-23,Giải Đặc biệt,387,1
00419,2024-05-23,Giải nhất,343,0
00419,2024-05-23,Giải nhất,403,1
00419,2024-05-23,Giải nhất,791,2
00419,2024-05-23,Giải nhất,356,3
00419,2024-05-23,Giải nhì,176,0
00419,2024-05-23,Giải nhì,856,1
00419,2024-05-23,Giải nhì,098,2
00419,2024-05-23,Giải nhì,351,3
00419,2024-05-23,Giải nhì,245,4
00419,2024-05-23,Giải nhì,399,5
00418,2024-05-21,Giải ba,116,0
00418,2024-05-21,Giải ba,977,1
00418,2024-05-21,Giải ba,700,2
00418,2024-05-21,Giải ba,963,3
00418,2024-05-21,Giải ba,731,4
00418,2024-05-21,Giải ba,367,5
00418,2024-05-21,Giải ba,216,6
00418,2024-05-21,Giải ba,434,7
00418,2024-05-21,Giải Đặc biệt,159,0
00418,2024-05-21,Giải Đặc biệt,024,1
00418,2024-05-21,Giải nhất,533,0
00418,2024-05-21,Giải nhất,200,1
00418,2024-05-21,Giải nhất,464,2
00418,2024-05-21,Giải nhất,637,3
00418,2024-05-21,Giải nhì,816,0
00418,2024-05-21,Giải nhì,943,1
00418,2024-05-21,Giải nhì,113,2
00418,2024-05-21,Giải nhì,777,3
00418,2024-05-21,Giải nhì,600,4
00418,2024-05-21,Giải nhì,624,5
00417,2024-05-18,Giải ba,012,0
00417,2024-05-18,Giải ba,045,1
00417,2024-05-18,Giải ba,372,2
00417,2024-05-18,Giải ba,082,3
00417,2024-05-18,Giải ba,894,4
00417,2024-05-18,Giải ba,860,5
00417,2024-05-18,Giải ba,075,6
00417,2024-05-18,Giải ba,736,7
00417,2024-05-18,Giải Đặc biệt,837,0
00417,2024-05-18,Giải Đặc biệt,331,1
00417,2024-05-18,Giải nhất,138,0
00417,2024-05-18,Giải nhất,416,1
00417,2024-05-18,Giải nhất,422,2
00417,2024-05-18,Giải nhất,735,3
00417,2024-05-18,Giải nhì,382,0
00417,2024-05-18,Giải nhì,896,1
00417,2024-05-18,Giải nhì,979,2
00417,2024-05-18,Giải nhì,359,3
00417,2024-05-18,Giải nhì,593,4
00417,2024-05-18,Giải nhì,845,5
00416,2024-05-16,Giải ba,723,0
00416,2024-05-16,Giải ba,480,1
00416,2024-05-16,Giải ba,947,2
00416,2024-05-16,Giải ba,226,3
00416,2024-05-16,Giải ba,973,4
00416,2024-05-16,Giải ba,891,5
00416,2024-05-16,Giải ba,743,6
00416,2024-05-16,Giải ba,588,7
00416,2024-05-16,Giải Đặc biệt,307,0
00416,2024-05-16,Giải Đặc biệt,696,1
00416,2024-05-16,Giải nhất,140,0
00416,2024-05-16,Giải nhất,536,1
00416,2024-05-16,Giải nhất,036,2
00416,2024-05-16,Giải nhất,320,3
00416,2024-05-16,Giải nhì,029,0
00416,2024-05-16,Giải nhì,297,1
00416,2024-05-16,Giải nhì,014,2
00416,2024-05-16,Giải nhì,587,3
00416,2024-05-16,Giải nhì,690,4
00416,2024-05-16,Giải nhì,635,5
00415,2024-05-14,Giải ba,925,0
00415,2024-05-14,Giải ba,656,1
00415,2024-05-14,Giải ba,962,2
00415,2024-05-14,Giải ba,049,3
00415,2024-05-14,Giải ba,253,4
00415,2024-05-14,Giải ba,292,5
00415,2024-05-14,Giải ba,704,6
00415,2024-05-14,Giải ba,915,7
00415,2024-05-14,Giải Đặc biệt,350,0
00415,2024-05-14,Giải Đặc biệt,052,1
00415,2024-05-14,Giải nhất,556,0
00415,2024-05-14,Giải nhất,659,1
00415,2024-05-14,Giải nhất,500,2
00415,2024-05-14,Giải nhất,103,3
00415,2024-05-14,Giải nhì,929,0
00415,2024-05-14,Giải nhì,654,1
00415,2024-05-14,Giải nhì,055,2
00415,2024-05-14,Giải nhì,666,3
00415,2024-05-14,Giải nhì,492,4
00415,2024-05-14,Giải nhì,840,5
00414,2024-05-11,Giải ba,422,0
00414,2024-05-11,Giải ba,523,1
00414,2024-05-11,Giải ba,380,2
00414,2024-05-11,Giải ba,635,3
00414,2024-05-11,Giải ba,269,4
00414,2024-05-11,Giải ba,965,5
00414,2024-05-11,Giải ba,722,6
00414,2024-05-11,Giải ba,047,7
00414,2024-05-11,Giải Đặc biệt,407,0
00414,2024-05-11,Giải Đặc biệt,473,1
00414,2024-05-11,Giải nhất,726,0
00414,2024-05-11,Giải nhất,627,1
00414,2024-05-11,Giải nhất,024,2
00414,2024-05-11,Giải nhất,275,3
00414,2024-05-11,Giải nhì,654,0
00414,2024-05-11,Giải nhì,132,1
00414,2024-05-11,Giải nhì,172,2
00414,2024-05-11,Giải nhì,200,3
00414,2024-05-11,Giải nhì,337,4
00414,2024-05-11,Giải nhì,833,5
00413,2024-05-09,Giải ba,444,0
00413,2024-05-09,Giải ba,065,1
00413,2024-05-09,Giải ba,544,2
00413,2024-05-09,Giải ba,502,3
00413,2024-05-09,Giải ba,769,4
00413,2024-05-09,Giải ba,387,5
00413,2024-05-09,Giải ba,019,6
00413,2024-05-09,Giải ba,623,7
00413,2024-05-09,Giải Đặc biệt,708,0
00413,2024-05-09,Giải Đặc biệt,318,1
00413,2024-05-09,Giải nhất,829,0
00413,2024-05-09,Giải nhất,129,1
00413,2024-05-09,Giải nhất,658,2
00413,2024-05-09,Giải nhất,303,3
00413,2024-05-09,Giải nhì,948,0
00413,2024-05-09,Giải nhì,779,1
00413,2024-05-09,Giải nhì,654,2
00413,2024-05-09,Giải nhì,305,3
00413,2024-05-09,Giải nhì,979,4
00413,2024-05-09,Giải nhì,562,5
00412,2024-05-07,Giải ba,521,0
00412,2024-05-07,Giải ba,927,1
00412,2024-05-07,Giải ba,076,2
00412,2024-05-07,Giải ba,293,3
00412,2024-05-07,Giải ba,408,4
00412,2024-05-07,Giải ba,584,5
00412,2024-05-07,Giải ba,002,6
00412,2024-05-07,Giải ba,202,7
00412,2024-05-07,Giải Đặc biệt,037,0
00412,2024-05-07,Giải Đặc biệt,295,1
00412,2024-05-07,Giải nhất,544,0
00412,2024-05-07,Giải nhất,604,1
00412,2024-05-07,Giải nhất,470,2
00412,2024-05-07,Giải nhất,815,3
00412,2024-05-07,Giải nhì,623,0
00412,2024-05-07,Giải nhì,398,1
00412,2024-05-07,Giải nhì,762,2
00412,2024-05-07,Giải nhì,274,3
00412,2024-05-07,Giải nhì,480,4
00412,2024-05-07,Giải nhì,956,5
00411,2024-05-04,Giải ba,162,0
00411,2024-05-04,Giải ba,623,1
00411,2024-05-04,Giải ba,706,2
00411,2024-05-04,Giải ba,017,3
00411,2024-05-04,Giải ba,886,4
00411,2024-05-04,Giải ba,955,5
00411,2024-05-04,Giải ba,594,6
00411,2024-05-04,Giải ba,124,7
00411,2024-05-04,Giải Đặc biệt,065,0
00411,2024-05-04,Giải Đặc biệt,126,1
00411,2024-05-04,Giải nhất,985,0
00411,2024-05-04,Giải nhất,109,1
00411,2024-05-04,Giải nhất,063,2
00411,2024-05-04,Giải nhất,245,3
00411,2024-05-04,Giải nhì,999,0
00411,2024-05-04,Giải nhì,515,1
00411,2024-05-04,Giải nhì,784,2
00411,2024-05-04,Giải nhì,363,3
00411,2024-05-04,Giải nhì,532,4
00411,2024-05-04,Giải nhì,363,5
00410,2024-05-02,Giải ba,399,0
00410,2024-05-02,Giải ba,829,1
00410,2024-05-02,Giải ba,924,2
00410,2024-05-02,Giải ba,073,3
00410,2024-05-02,Giải ba,199,4
00410,2024-05-02,Giải ba,888,5
00410,2024-05-02,Giải ba,031,6
00410,2024-05-02,Giải ba,504,7
00410,2024-05-02,Giải Đặc biệt,570,0
00410,2024-05-02,Giải Đặc biệt,644,1
00410,2024-05-02,Giải nhất,953,0
00410,2024-05-02,Giải nhất,783,1
00410,2024-05-02,Giải nhất,470,2
00410,2024-05-02,Giải nhất,534,3
00410,2024-05-02,Giải nhì,108,0
00410,2024-05-02,Giải nhì,204,1
00410,2024-05-02,Giải nhì,963,2
00410,2024-05-02,Giải nhì,902,3
00410,2024-05-02,Giải nhì,431,4
00410,2024-05-02,Giải nhì,461,5
00409,2024-04-30,Giải ba,931,0
00409,2024-04-30,Giải ba,972,1
00409,2024-04-30,Giải ba,028,2
00409,2024-04-30,Giải ba,205,3
00409,2024-04-30,Giải ba,758,4
00409,2024-04-30,Giải ba,129,5
00409,2024-04-30,Giải ba,943,6
00409,2024-04-30,Giải ba,786,7
00409,2024-04-30,Giải Đặc biệt,434,0
00409,2024-04-30,Giải Đặc biệt,589,1
00409,2024-04-30,Giải nhất,207,0
00409,2024-04-30,Giải nhất,666,1
00409,2024-04-30,Giải nhất,550,2
00409,2024-04-30,Giải nhất,769,3
00409,2024-04-30,Giải nhì,714,0
00409,2024-04-30,Giải nhì,141,1
00409,2024-04-30,Giải nhì,297,2
00409,2024-04-30,Giải nhì,511,3
00409,2024-04-30,Giải nhì,335,4
00409,2024-04-30,Giải nhì,490,5
00408,2024-04-27,Giải ba,628,0
00408,2024-04-27,Giải ba,294,1
00408,2024-04-27,Giải ba,533,2
00408,2024-04-27,Giải ba,192,3
00408,2024-04-27,Giải ba,789,4
00408,2024-04-27,Giải ba,184,5
00408,2024-04-27,Giải ba,139,6
00408,2024-04-27,Giải ba,041,7
00408,2024-04-27,Giải Đặc biệt,588,0
00408,2024-04-27,Giải Đặc biệt,222,1
00408,2024-04-27,Giải nhất,768,0
00408,2024-04-27,Giải nhất,165,1
00408,2024-04-27,Giải nhất,325,2
00408,2024-04-27,Giải nhất,637,3
00408,2024-04-27,Giải nhì,665,0
00408,2024-04-27,Giải nhì,928,1
00408,2024-04-27,Giải nhì,874,2
00408,2024-04-27,Giải nhì,989,3
00408,2024-04-27,Giải nhì,889,4
00408,2024-04-27,Giải nhì,878,5
00407,2024-04-25,Giải ba,850,0
00407,2024-04-25,Giải ba,437,1
00407,2024-04-25,Giải ba,124,2
00407,2024-04-25,Giải ba,464,3
00407,2024-04-25,Giải ba,388,4
00407,2024-04-25,Giải ba,970,5
00407,2024-04-25,Giải ba,426,6
00407,2024-04-25,Giải ba,031,7
00407,2024-04-25,Giải Đặc biệt,785,0
00407,2024-04-25,Giải Đặc biệt,881,1
00407,2024-04-25,Giải nhất,527,0
00407,2024-04-25,Giải nhất,989,1
00407,2024-04-25,Giải nhất,510,2
00407,2024-04-25,Giải nhất,208,3
00407,2024-04-25,Giải nhì,782,0
00407,2024-04-25,Giải nhì,497,1
00407,2024-04-25,Giải nhì,912,2
00407,2024-04-25,Giải nhì,448,3
00407,2024-04-25,Giải nhì,341,4
00407,2024-04-25,Giải nhì,428,5
00406,2024-04-23,Giải ba,165,0
00406,2024-04-23,Giải ba,889,1
00406,2024-04-23,Giải ba,604,2
00406,2024-04-23,Giải ba,000,3
00406,2024-04-23,Giải ba,434,4
00406,2024-04-23,Giải ba,351,5
00406,2024-04-23,Giải ba,800,6
00406,2024-04-23,Giải ba,772,7
00406,2024-04-23,Giải Đặc biệt,783,0
00406,2024-04-23,Giải Đặc biệt,576,1
00406,2024-04-23,Giải nhất,096,0
00406,2024-04-23,Giải nhất,551,1
00406,2024-04-23,Giải nhất,049,2
00406,2024-04-23,Giải nhất,163,3
00406,2024-04-23,Giải nhì,871,0
00406,2024-04-23,Giải nhì,561,1
00406,2024-04-23,Giải nhì,568,2
00406,2024-04-23,Giải nhì,012,3
00406,2024-04-23,Giải nhì,084,4
00406,2024-04-23,Giải nhì,031,5
00405,2024-04-20,Giải ba,409,0
00405,2024-04-20,Giải ba,652,1
00405,2024-04-20,Giải ba,803,2
00405,2024-04-20,Giải ba,775,3
00405,2024-04-20,Giải ba,411,4
00405,2024-04-20,Giải ba,615,5
00405,2024-04-20,Giải ba,666,6
00405,2024-04-20,Giải ba,979,7
00405,2024-04-20,Giải Đặc biệt,213,0
00405,2024-04-20,Giải Đặc biệt,707,1
00405,2024-04-20,Giải nhất,582,0
00405,2024-04-20,Giải nhất,491,1
00405,2024-04-20,Giải nhất,802,2
00405,2024-04-20,Giải nhất,371,3
00405,2024-04-20,Giải nhì,469,0
00405,2024-04-20,Giải nhì,814,1
00405,2024-04-20,Giải nhì,541,2
00405,2024-04-20,Giải nhì,265,3
00405,2024-04-20,Giải nhì,353,4
00405,2024-04-20,Giải nhì,090,5
00404,2024-04-18,Giải ba,330,0
00404,2024-04-18,Giải ba,318,1
00404,2024-04-18,Giải ba,111,2
00404,2024-04-18,Giải ba,510,3
00404,2024-04-18,Giải ba,880,4
00404,2024-04-18,Giải ba,011,5
00404,2024-04-18,Giải ba,381,6
00404,2024-04-18,Giải ba,134,7
00404,2024-04-18,Giải Đặc biệt,109,0
00404,2024-04-18,Giải Đặc biệt,661,1
00404,2024-04-18,Giải nhất,818,0
00404,2024-04-18,Giải nhất,708,1
00404,2024-04-18,Giải nhất,016,2
00404,2024-04-18,Giải nhất,907,3
00404,2024-04-18,Giải nhì,713,0
00404,2024-04-18,Giải nhì,346,1
00404,2024-04-18,Giải nhì,673,2
00404,2024-04-18,Giải nhì,851,3
00404,2024-04-18,Giải nhì,553,4
00404,2024-04-18,Giải nhì,307,5
00403,2024-04-16,Giải ba,366,0
00403,2024-04-16,Giải ba,944,1
00403,2024-04-16,Giải ba,844,2
00403,2024-04-16,Giải ba,355,3
00403,2024-04-16,Giải ba,282,4
00403,2024-04-16,Giải ba,722,5
00403,2024-04-16,Giải ba,608,6
00403,2024-04-16,Giải ba,257,7
00403,2024-04-16,Giải Đặc biệt,598,0
00403,2024-04-16,Giải Đặc biệt,004,1
00403,2024-04-16,Giải nhất,016,0
00403,2024-04-16,Giải nhất,277,1
00403,2024-04-16,Giải nhất,022,2
00403,2024-04-16,Giải nhất,489,3
00403,2024-04-16,Giải nhì,807,0
00403,2024-04-16,Giải nhì,358,1
00403,2024-04-16,Giải nhì,380,2
00403,2024-04-16,Giải nhì,556,3
00403,2024-04-16,Giải nhì,362,4
00403,2024-04-16,Giải nhì,268,5
00402,2024-04-13,Giải ba,775,0
00402,2024-04-13,Giải ba,719,1
00402,2024-04-13,Giải ba,811,2
00402,2024-04-13,Giải ba,861,3
00402,2024-04-13,Giải ba,293,4
00402,2024-04-13,Giải ba,899,5
00402,2024-04-13,Giải ba,418,6
00402,2024-04-13,Giải ba,419,7
00402,2024-04-13,Giải Đặc biệt,105,0
00402,2024-04-13,Giải Đặc biệt,460,1
00402,2024-04-13,Giải nhất,358,0
00402,2024-04-13,Giải nhất,325,1
00402,2024-04-13,Giải nhất,624,2
00402,2024-04-13,Giải nhất,888,3
00402,2024-04-13,Giải nhì,977,0
00402,2024-04-13,Giải nhì,340,1
00402,2024-04-13,Giải nhì,489,2
00402,2024-04-13,Giải nhì,725,3
00402,2024-04-13,Giải nhì,564,4
00402,2024-04-13,Giải nhì,824,5
00401,2024-04-11,Giải ba,298,0
00401,2024-04-11,Giải ba,891,1
00401,2024-04-11,Giải ba,563,2
00401,2024-04-11,Giải ba,792,3
00401,2024-04-11,Giải ba,624,4
00401,2024-04-11,Giải ba,928,5
00401,2024-04-11,Giải ba,175,6
00401,2024-04-11,Giải ba,327,7
00401,2024-04-11,Giải Đặc biệt,749,0
00401,2024-04-11,Giải Đặc biệt,303,1
00401,2024-04-11,Giải nhất,563,0
00401,2024-04-11,Giải nhất,345,1
00401,2024-04-11,Giải nhất,453,2
00401,2024-04-11,Giải nhất,977,3
00401,2024-04-11,Giải nhì,539,0
00401,2024-04-11,Giải nhì,204,1
00401,2024-04-11,Giải nhì,881,2
00401,2024-04-11,Giải nhì,200,3
00401,2024-04-11,Giải nhì,785,4
00401,2024-04-11,Giải nhì,505,5
00400,2024-04-09,Giải ba,398,0
00400,2024-04-09,Giải ba,428,1
00400,2024-04-09,Giải ba,838,2
00400,2024-04-09,Giải ba,817,3
00400,2024-04-09,Giải ba,504,4
00400,2024-04-09,Giải ba,861,5
00400,2024-04-09,Giải ba,722,6
00400,2024-04-09,Giải ba,472,7
00400,2024-04-09,Giải Đặc biệt,710,0
00400,2024-04-09,Giải Đặc biệt,627,1
00400,2024-04-09,Giải nhất,243,0
00400,2024-04-09,Giải nhất,168,1
00400,2024-04-09,Giải nhất,991,2
00400,2024-04-09,Giải nhất,275,3
00400,2024-04-09,Giải nhì,323,0
00400,2024-04-09,Giải nhì,275,1
00400,2024-04-09,Giải nhì,564,2
00400,2024-04-09,Giải nhì,576,3
00400,2024-04-09,Giải nhì,526,4
00400,2024-04-09,Giải nhì,931,5
00399,2024-04-06,Giải ba,238,0
00399,2024-04-06,Giải ba,831,1
00399,2024-04-06,Giải ba,873,2
00399,2024-04-06,Giải ba,457,3
00399,2024-04-06,Giải ba,229,4
00399,2024-04-06,Giải ba,473,5
00399,2024-04-06,Giải ba,903,6
00399,2024-04-06,Giải ba,771,7
00399,2024-04-06,Giải Đặc biệt,205,0
00399,2024-04-06,Giải Đặc biệt,180,1
00399,2024-04-06,Giải nhất,432,0
00399,2024-04-06,Giải nhất,780,1
00399,2024-04-06,Giải nhất,281,2
00399,2024-04-06,Giải nhất,390,3
00399,2024-04-06,Giải nhì,259,0
00399,2024-04-06,Giải nhì,572,1
00399,2024-04-06,Giải nhì,661,2
00399,2024-04-06,Giải nhì,694,3
00399,2024-04-06,Giải nhì,018,4
00399,2024-04-06,Giải nhì,318,5
00398,2024-04-04,Giải ba,246,0
00398,2024-04-04,Giải ba,074,1
00398,2024-04-04,Giải ba,922,2
00398,2024-04-04,Giải ba,871,3
00398,2024-04-04,Giải ba,072,4
00398,2024-04-04,Giải ba,413,5
00398,2024-04-04,Giải ba,475,6
00398,2024-04-04,Giải ba,452,7
00398,2024-04-04,Giải Đặc biệt,559,0
00398,2024-04-04,Giải Đặc biệt,957,1
00398,2024-04-04,Giải nhất,444,0
00398,2024-04-04,Giải nhất,770,1
00398,2024-04-04,Giải nhất,161,2
00398,2024-04-04,Giải nhất,733,3
00398,2024-04-04,Giải nhì,968,0
00398,2024-04-04,Giải nhì,428,1
00398,2024-04-04,Giải nhì,607,2
00398,2024-04-04,Giải nhì,758,3
00398,2024-04-04,Giải nhì,314,4
00398,2024-04-04,Giải nhì,553,5
00397,2024-04-02,Giải ba,133,0
00397,2024-04-02,Giải ba,522,1
00397,2024-04-02,Giải ba,852,2
00397,2024-04-02,Giải ba,327,3
00397,2024-04-02,Giải ba,083,4
00397,2024-04-02,Giải ba,526,5
00397,2024-04-02,Giải ba,842,6
00397,2024-04-02,Giải ba,668,7
00397,2024-04-02,Giải Đặc biệt,011,0
00397,2024-04-02,Giải Đặc biệt,101,1
00397,2024-04-02,Giải nhất,611,0
00397,2024-04-02,Giải nhất,316,1
00397,2024-04-02,Giải nhất,333,2
00397,2024-04-02,Giải nhất,989,3
00397,2024-04-02,Giải nhì,729,0
00397,2024-04-02,Giải nhì,802,1
00397,2024-04-02,Giải nhì,652,2
00397,2024-04-02,Giải nhì,798,3
00397,2024-04-02,Giải nhì,618,4
00397,2024-04-02,Giải nhì,332,5
00396,2024-03-30,Giải ba,422,0
00396,2024-03-30,Giải ba,713,1
00396,2024-03-30,Giải ba,120,2
00396,2024-03-30,Giải ba,776,3
00396,2024-03-30,Giải ba,685,4
00396,2024-03-30,Giải ba,363,5
00396,2024-03-30,Giải ba,456,6
00396,2024-03-30,Giải ba,282,7
00396,2024-03-30,Giải Đặc biệt,066,0
00396,2024-03-30,Giải Đặc biệt,116,1
00396,2024-03-30,Giải nhất,591,0
00396,2024-03-30,Giải nhất,624,1
00396,2024-03-30,Giải nhất,129,2
00396,2024-03-30,Giải nhất,348,3
00396,2024-03-30,Giải nhì,594,0
00396,2024-03-30,Giải nhì,223,1
00396,2024-03-30,Giải nhì,245,2
00396,2024-03-30,Giải nhì,265,3
00396,2024-03-30,Giải nhì,097,4
00396,2024-03-30,Giải nhì,917,5
00395,2024-03-28,Giải ba,581,0
00395,2024-03-28,Giải ba,668,1
00395,2024-03-28,Giải ba,752,2
00395,2024-03-28,Giải ba,687,3
00395,2024-03-28,Giải ba,888,4
00395,2024-03-28,Giải ba,766,5
00395,2024-03-28,Giải ba,016,6
00395,2024-03-28,Giải ba,056,7
00395,2024-03-28,Giải Đặc biệt,049,0
00395,2024-03-28,Giải Đặc biệt,643,1
00395,2024-03-28,Giải nhất,417,0
00395,2024-03-28,Giải nhất,140,1
00395,2024-03-28,Giải nhất,976,2
00395,2024-03-28,Giải nhất,247,3
00395,2024-03-28,Giải nhì,529,0
00395,2024-03-28,Giải nhì,178,1
00395,2024-03-28,Giải nhì,671,2
00395,2024-03-28,Giải nhì,239,3
00395,2024-03-28,Giải nhì,086,4
00395,2024-03-28,Giải nhì,527,5
00394,2024-03-26,Giải ba,823,0
00394,2024-03-26,Giải ba,279,1
00394,2024-03-26,Giải ba,195,2
00394,2024-03-26,Giải ba,226,3
00394,2024-03-26,Giải ba,525,4
00394,2024-03-26,Giải ba,086,5
00394,2024-03-26,Giải ba,116,6
00394,2024-03-26,Giải ba,488,7
00394,2024-03-26,Giải Đặc biệt,574,0
00394,2024-03-26,Giải Đặc biệt,114,1
00394,2024-03-26,Giải nhất,848,0
00394,2024-03-26,Giải nhất,576,1
00394,2024-03-26,Giải nhất,211,2
00394,2024-03-26,Giải nhất,911,3
00394,2024-03-26,Giải nhì,809,0
00394,2024-03-26,Giải nhì,736,1
00394,2024-03-26,Giải nhì,246,2
00394,2024-03-26,Giải nhì,867,3
00394,2024-03-26,Giải nhì,501,4
00394,2024-03-26,Giải nhì,881,5
00393,2024-03-23,Giải ba,978,0
00393,2024-03-23,Giải ba,219,1
00393,2024-03-23,Giải ba,332,2
00393,2024-03-23,Giải ba,445,3
00393,2024-03-23,Giải ba,489,4
00393,2024-03-23,Giải ba,802,5
00393,2024-03-23,Giải ba,856,6
00393,2024-03-23,Giải ba,844,7
00393,2024-03-23,Giải Đặc biệt,473,0
00393,2024-03-23,Giải Đặc biệt,482,1
00393,2024-03-23,Giải nhất,730,0
00393,2024-03-23,Giải nhất,126,1
00393,2024-03-23,Giải nhất,212,2
00393,2024-03-23,Giải nhất,473,3
00393,2024-03-23,Giải nhì,888,0
00393,2024-03-23,Giải nhì,213,1
00393,2024-03-23,Giải nhì,093,2
00393,2024-03-23,Giải nhì,152,3
00393,2024-03-23,Giải nhì,182,4
00393,2024-03-23,Giải nhì,729,5
00392,2024-03-21,Giải ba,763,0
00392,2024-03-21,Giải ba,396,1
00392,2024-03-21,Giải ba,556,2
00392,2024-03-21,Giải ba,291,3
00392,2024-03-21,Giải ba,792,4
00392,2024-03-21,Giải ba,299,5
00392,2024-03-21,Giải ba,827,6
00392,2024-03-21,Giải ba,146,7
00392,2024-03-21,Giải Đặc biệt,075,0
00392,2024-03-21,Giải Đặc biệt,396,1
00392,2024-03-21,Giải nhất,121,0
00392,2024-03-21,Giải nhất,051,1
00392,2024-03-21,Giải nhất,509,2
00392,2024-03-21,Giải nhất,791,3
00392,2024-03-21,Giải nhì,028,0
00392,2024-03-21,Giải nhì,209,1
00392,2024-03-21,Giải nhì,658,2
00392,2024-03-21,Giải nhì,709,3
00392,2024-03-21,Giải nhì,533,4
00392,2024-03-21,Giải nhì,369,5
00391,2024-03-19,Giải ba,264,0
00391,2024-03-19,Giải ba,825,1
00391,2024-03-19,Giải ba,352,2
00391,2024-03-19,Giải ba,352,3
00391,2024-03-19,Giải ba,715,4
00391,2024-03-19,Giải ba,762,5
00391,2024-03-19,Giải ba,643,6
00391,2024-03-19,Giải ba,629,7
00391,2024-03-19,Giải Đặc biệt,293,0
00391,2024-03-19,Giải Đặc biệt,895,1
00391,2024-03-19,Giải nhất,689,0
00391,2024-03-19,Giải nhất,617,1
00391,2024-03-19,Giải nhất,385,2
00391,2024-03-19,Giải nhất,586,3
00391,2024-03-19,Giải nhì,391,0
00391,2024-03-19,Giải nhì,868,1
00391,2024-03-19,Giải nhì,981,2
00391,2024-03-19,Giải nhì,802,3
00391,2024-03-19,Giải nhì,022,4
00391,2024-03-19,Giải nhì,227,5
00390,2024-03-16,Giải ba,369,0
00390,2024-03-16,Giải ba,883,1
00390,2024-03-16,Giải ba,936,2
00390,2024-03-16,Giải ba,660,3
00390,2024-03-16,Giải ba,387,4
00390,2024-03-16,Giải ba,557,5
00390,2024-03-16,Giải ba,385,6
00390,2024-03-16,Giải ba,322,7
00390,2024-03-16,Giải Đặc biệt,397,0
00390,2024-03-16,Giải Đặc biệt,266,1
00390,2024-03-16,Giải nhất,000,0
00390,2024-03-16,Giải nhất,737,1
00390,2024-03-16,Giải nhất,787,2
00390,2024-03-16,Giải nhất,366,3
00390,2024-03-16,Giải nhì,439,0
00390,2024-03-16,Giải nhì,143,1
00390,2024-03-16,Giải nhì,696,2
00390,2024-03-16,Giải nhì,728,3
00390,2024-03-16,Giải nhì,218,4
00390,2024-03-16,Giải nhì,519,5
00389,2024-03-14,Giải ba,712,0
00389,2024-03-14,Giải ba,470,1
00389,2024-03-14,Giải ba,351,2
00389,2024-03-14,Giải ba,298,3
00389,2024-03-14,Giải ba,263,4
00389,2024-03-14,Giải ba,623,5
00389,2024-03-14,Giải ba,010,6
00389,2024-03-14,Giải ba,721,7
00389,2024-03-14,Giải Đặc biệt,678,0
00389,2024-03-14,Giải Đặc biệt,375,1
00389,2024-03-14,Giải nhất,767,0
00389,2024-03-14,Giải nhất,235,1
00389,2024-03-14,Giải nhất,184,2
00389,2024-03-14,Giải nhất,976,3
00389,2024-03-14,Giải nhì,971,0
00389,2024-03-14,Giải nhì,873,1
00389,2024-03-14,Giải nhì,635,2
00389,2024-03-14,Giải nhì,365,3
00389,2024-03-14,Giải nhì,379,4
00389,2024-03-14,Giải nhì,428,5
00388,2024-03-12,Giải ba,449,0
00388,2024-03-12,Giải ba,198,1
00388,2024-03-12,Giải ba,151,2
00388,2024-03-12,Giải ba,825,3
00388,2024-03-12,Giải ba,813,4
00388,2024-03-12,Giải ba,096,5
00388,2024-03-12,Giải ba,913,6
00388,2024-03-12,Giải ba,991,7
00388,2024-03-12,Giải Đặc biệt,559,0
00388,2024-03-12,Giải Đặc biệt,562,1
00388,2024-03-12,Giải nhất,380,0
00388,2024-03-12,Giải nhất,080,1
00388,2024-03-12,Giải nhất,684,2
00388,2024-03-12,Giải nhất,207,3
00388,2024-03-12,Giải nhì,950,0
00388,2024-03-12,Giải nhì,076,1
00388,2024-03-12,Giải nhì,937,2
00388,2024-03-12,Giải nhì,556,3
00388,2024-03-12,Giải nhì,190,4
00388,2024-03-12,Giải nhì,181,5
00387,2024-03-09,Giải ba,509,0
00387,2024-03-09,Giải ba,772,1
00387,2024-03-09,Giải ba,063,2
00387,2024-03-09,Giải ba,765,3
00387,2024-03-09,Giải ba,784,4
00387,2024-03-09,Giải ba,262,5
00387,2024-03-09,Giải ba,406,6
00387,2024-03-09,Giải ba,815,7
00387,2024-03-09,Giải Đặc biệt,815,0
00387,2024-03-09,Giải Đặc biệt,508,1
00387,2024-03-09,Giải nhất,737,0
00387,2024-03-09,Giải nhất,101,1
00387,2024-03-09,Giải nhất,185,2
00387,2024-03-09,Giải nhất,876,3
00387,2024-03-09,Giải nhì,382,0
00387,2024-03-09,Giải nhì,089,1
00387,2024-03-09,Giải nhì,061,2
00387,2024-03-09,Giải nhì,373,3
00387,2024-03-09,Giải nhì,506,4
00387,2024-03-09,Giải nhì,723,5
00386,2024-03-07,Giải ba,334,0
00386,2024-03-07,Giải ba,625,1
00386,2024-03-07,Giải ba,929,2
00386,2024-03-07,Giải ba,737,3
00386,2024-03-07,Giải ba,797,4
00386,2024-03-07,Giải ba,940,5
00386,2024-03-07,Giải ba,852,6
00386,2024-03-07,Giải ba,247,7
00386,2024-03-07,Giải Đặc biệt,380,0
00386,2024-03-07,Giải Đặc biệt,523,1
00386,2024-03-07,Giải nhất,312,0
00386,2024-03-07,Giải nhất,179,1
00386,2024-03-07,Giải nhất,030,2
00386,2024-03-07,Giải nhất,310,3
00386,2024-03-07,Giải nhì,491,0
00386,2024-03-07,Giải nhì,844,1
00386,2024-03-07,Giải nhì,692,2
00386,2024-03-07,Giải nhì,864,3
00386,2024-03-07,Giải nhì,903,4
00386,2024-03-07,Giải nhì,049,5
00385,2024-03-05,Giải ba,335,0
00385,2024-03-05,Giải ba,554,1
00385,2024-03-05,Giải ba,769,2
00385,2024-03-05,Giải ba,056,3
00385,2024-03-05,Giải ba,124,4
00385,2024-03-05,Giải ba,594,5
00385,2024-03-05,Giải ba,316,6
00385,2024-03-05,Giải ba,773,7
00385,2024-03-05,Giải Đặc biệt,201,0
00385,2024-03-05,Giải Đặc biệt,318,1
00385,2024-03-05,Giải nhất,144,0
00385,2024-03-05,Giải nhất,290,1
00385,2024-03-05,Giải nhất,438,2
00385,2024-03-05,Giải nhất,679,3
00385,2024-03-05,Giải nhì,811,0
00385,2024-03-05,Giải nhì,035,1
00385,2024-03-05,Giải nhì,679,2
00385,2024-03-05,Giải nhì,884,3
00385,2024-03-05,Giải nhì,754,4
00385,2024-03-05,Giải nhì,547,5
00384,2024-03-02,Giải ba,481,0
00384,2024-03-02,Giải ba,449,1
00384,2024-03-02,Giải ba,224,2
00384,2024-03-02,Giải ba,630,3
00384,2024-03-02,Giải ba,141,4
00384,2024-03-02,Giải ba,634,5
00384,2024-03-02,Giải ba,680,6
00384,2024-03-02,Giải ba,832,7
00384,2024-03-02,Giải Đặc biệt,419,0
00384,2024-03-02,Giải Đặc biệt,719,1
00384,2024-03-02,Giải nhất,149,0
00384,2024-03-02,Giải nhất,100,1
00384,2024-03-02,Giải nhất,017,2
00384,2024-03-02,Giải nhất,105,3
00384,2024-03-02,Giải nhì,183,0
00384,2024-03-02,Giải nhì,431,1
00384,2024-03-02,Giải nhì,595,2
00384,2024-03-02,Giải nhì,771,3
00384,2024-03-02,Giải nhì,159,4
00384,2024-03-02,Giải nhì,560,5
00383,2024-02-29,Giải ba,708,0
00383,2024-02-29,Giải ba,989,1
00383,2024-02-29,Giải ba,650,2
00383,2024-02-29,Giải ba,411,3
00383,2024-02-29,Giải ba,421,4
00383,2024-02-29,Giải ba,283,5
00383,2024-02-29,Giải ba,154,6
00383,2024-02-29,Giải ba,644,7
00383,2024-02-29,Giải Đặc biệt,061,0
00383,2024-02-29,Giải Đặc biệt,237,1
00383,2024-02-29,Giải nhất,954,0
00383,2024-02-29,Giải nhất,841,1
00383,2024-02-29,Giải nhất,949,2
00383,2024-02-29,Giải nhất,701,3
00383,2024-02-29,Giải nhì,642,0
00383,2024-02-29,Giải nhì,626,1
00383,2024-02-29,Giải nhì,212,2
00383,2024-02-29,Giải nhì,974,3
00383,2024-02-29,Giải nhì,599,4
00383,2024-02-29,Giải nhì,027,5
00382,2024-02-27,Giải ba,284,0
00382,2024-02-27,Giải ba,079,1
00382,2024-02-27,Giải ba,978,2
00382,2024-02-27,Giải ba,393,3
00382,2024-02-27,Giải ba,100,4
00382,2024-02-27,Giải ba,789,5
00382,2024-02-27,Giải ba,872,6
00382,2024-02-27,Giải ba,255,7
00382,2024-02-27,Giải Đặc biệt,080,0
00382,2024-02-27,Giải Đặc biệt,595,1
00382,2024-02-27,Giải nhất,589,0
00382,2024-02-27,Giải nhất,056,1
00382,2024-02-27,Giải nhất,513,2
00382,2024-02-27,Giải nhất,745,3
00382,2024-02-27,Giải nhì,318,0
00382,2024-02-27,Giải nhì,638,1
00382,2024-02-27,Giải nhì,680,2
00382,2024-02-27,Giải nhì,129,3
00382,2024-02-27,Giải nhì,421,4
00382,2024-02-27,Giải nhì,574,5
00381,2024-02-24,Giải ba,025,0
00381,2024-02-24,Giải ba,185,1
00381,2024-02-24,Giải ba,949,2
00381,2024-02-24,Giải ba,521,3
00381,2024-02-24,Giải ba,836,4
00381,2024-02-24,Giải ba,890,5
00381,2024-02-24,Giải ba,724,6
00381,2024-02-24,Giải ba,835,7
00381,2024-02-24,Giải Đặc biệt,762,0
00381,2024-02-24,Giải Đặc biệt,262,1
00381,2024-02-24,Giải nhất,495,0
00381,2024-02-24,Giải nhất,197,1
00381,2024-02-24,Giải nhất,905,2
00381,2024-02-24,Giải nhất,282,3
00381,2024-02-24,Giải nhì,238,0
00381,2024-02-24,Giải nhì,919,1
00381,2024-02-24,Giải nhì,561,2
00381,2024-02-24,Giải nhì,434,3
00381,2024-02-24,Giải nhì,822,4
00381,2024-02-24,Giải nhì,304,5
00380,2024-02-22,Giải ba,812,0
00380,2024-02-22,Giải ba,641,1
00380,2024-02-22,Giải ba,571,2
00380,2024-02-22,Giải ba,660,3
00380,2024-02-22,Giải ba,386,4
00380,2024-02-22,Giải ba,213,5
00380,2024-02-22,Giải ba,091,6
00380,2024-02-22,Giải ba,539,7
00380,2024-02-22,Giải Đặc biệt,188,0
00380,2024-02-22,Giải Đặc biệt,624,1
00380,2024-02-22,Giải nhất,668,0
00380,2024-02-22,Giải nhất,227,1
00380,2024-02-22,Giải nhất,644,2
00380,2024-02-22,Giải nhất,497,3
00380,2024-02-22,Giải nhì,157,0
00380,2024-02-22,Giải nhì,434,1
00380,2024-02-22,Giải nhì,519,2
00380,2024-02-22,Giải nhì,130,3
00380,2024-02-22,Giải nhì,282,4
00380,2024-02-22,Giải nhì,849,5
00379,2024-02-20,Giải ba,733,0
00379,2024-02-20,Giải ba,849,1
00379,2024-02-20,Giải ba,799,2
00379,2024-02-20,Giải ba,350,3
00379,2024-02-20,Giải ba,663,4
00379,2024-02-20,Giải ba,195,5
00379,2024-02-20,Giải ba,826,6
00379,2024-02-20,Giải ba,091,7
00379,2024-02-20,Giải Đặc biệt,983,0
00379,2024-02-20,Giải Đặc biệt,009,1
00379,2024-02-20,Giải nhất,074,0
00379,2024-02-20,Giải nhất,759,1
00379,2024-02-20,Giải nhất,897,2
00379,2024-02-20,Giải nhất,875,3
00379,2024-02-20,Giải nhì,850,0
00379,2024-02-20,Giải nhì,267,1
00379,2024-02-20,Giải nhì,329,2
00379,2024-02-20,Giải nhì,418,3
00379,2024-02-20,Giải nhì,461,4
00379,2024-02-20,Giải nhì,649,5
00378,2024-02-17,Giải ba,332,0
00378,2024-02-17,Giải ba,242,1
00378,2024-02-17,Giải ba,292,2
00378,2024-02-17,Giải ba,501,3
00378,2024-02-17,Giải ba,889,4
00378,2024-02-17,Giải ba,548,5
00378,2024-02-17,Giải ba,117,6
00378,2024-02-17,Giải ba,025,7
00378,2024-02-17,Giải Đặc biệt,494,0
00378,2024-02-17,Giải Đặc biệt,829,1
00378,2024-02-17,Giải nhất,394,0
00378,2024-02-17,Giải nhất,562,1
00378,2024-02-17,Giải nhất,457,2
00378,2024-02-17,Giải nhất,226,3
00378,2024-02-17,Giải nhì,699,0
00378,2024-02-17,Giải nhì,295,1
00378,2024-02-17,Giải nhì,494,2
00378,2024-02-17,Giải nhì,230,3
00378,2024-02-17,Giải nhì,417,4
00378,2024-02-17,Giải nhì,611,5
00377,2024-02-15,Giải ba,159,0
00377,2024-02-15,Giải ba,480,1
00377,2024-02-15,Giải ba,338,2
00377,2024-02-15,Giải ba,769,3
00377,2024-02-15,Giải ba,734,4
00377,2024-02-15,Giải ba,553,5
00377,2024-02-15,Giải ba,500,6
00377,2024-02-15,Giải ba,558,7
00377,2024-02-15,Giải Đặc biệt,826,0
00377,2024-02-15,Giải Đặc biệt,139,1
00377,2024-02-15,Giải nhất,647,0
00377,2024-02-15,Giải nhất,839,1
00377,2024-02-15,Giải nhất,248,2
00377,2024-02-15,Giải nhất,669,3
00377,2024-02-15,Giải nhì,003,0
00377,2024-02-15,Giải nhì,580,1
00377,2024-02-15,Giải nhì,677,2
00377,2024-02-15,Giải nhì,898,3
00377,2024-02-15,Giải nhì,480,4
00377,2024-02-15,Giải nhì,415,5
00376,2024-02-13,Giải ba,362,0
00376,2024-02-13,Giải ba,334,1
00376,2024-02-13,Giải ba,529,2
00376,2024-02-13,Giải ba,756,3
00376,2024-02-13,Giải ba,052,4
00376,2024-02-13,Giải ba,242,5
00376,2024-02-13,Giải ba,193,6
00376,2024-02-13,Giải ba,147,7
00376,2024-02-13,Giải Đặc biệt,081,0
00376,2024-02-13,Giải Đặc biệt,231,1
00376,2024-02-13,Giải nhất,702,0
00376,2024-02-13,Giải nhất,694,1
00376,2024-02-13,Giải nhất,343,2
00376,2024-02-13,Giải nhất,964,3
00376,2024-02-13,Giải nhì,143,0
00376,2024-02-13,Giải nhì,935,1
00376,2024-02-13,Giải nhì,712,2
00376,2024-02-13,Giải nhì,600,3
00376,2024-02-13,Giải nhì,557,4
00376,2024-02-13,Giải nhì,311,5
00375,2024-02-08,Giải ba,150,0
00375,2024-02-08,Giải ba,245,1
00375,2024-02-08,Giải ba,549,2
00375,2024-02-08,Giải ba,048,3
00375,2024-02-08,Giải ba,942,4
00375,2024-02-08,Giải ba,007,5
00375,2024-02-08,Giải ba,847,6
00375,2024-02-08,Giải ba,849,7
00375,2024-02-08,Giải Đặc biệt,953,0
00375,2024-02-08,Giải Đặc biệt,803,1
00375,2024-02-08,Giải nhất,053,0
00375,2024-02-08,Giải nhất,062,1
00375,2024-02-08,Giải nhất,505,2
00375,2024-02-08,Giải nhất,687,3
00375,2024-02-08,Giải nhì,164,0
00375,2024-02-08,Giải nhì,053,1
00375,2024-02-08,Giải nhì,250,2
00375,2024-02-08,Giải nhì,546,3
00375,2024-02-08,Giải nhì,561,4
00375,2024-02-08,Giải nhì,506,5
00374,2024-02-06,Giải ba,693,0
00374,2024-02-06,Giải ba,014,1
00374,2024-02-06,Giải ba,018,2
00374,2024-02-06,Giải ba,910,3
00374,2024-02-06,Giải ba,418,4
00374,2024-02-06,Giải ba,171,5
00374,2024-02-06,Giải ba,322,6
00374,2024-02-06,Giải ba,587,7
00374,2024-02-06,Giải Đặc biệt,867,0
00374,2024-02-06,Giải Đặc biệt,110,1
00374,2024-02-06,Giải nhất,134,0
00374,2024-02-06,Giải nhất,634,1
00374,2024-02-06,Giải nhất,120,2
00374,2024-02-06,Giải nhất,622,3
00374,2024-02-06,Giải nhì,741,0
00374,2024-02-06,Giải nhì,221,1
00374,2024-02-06,Giải nhì,797,2
00374,2024-02-06,Giải nhì,520,3
00374,2024-02-06,Giải nhì,757,4
00374,2024-02-06,Giải nhì,821,5
00373,2024-02-03,Giải ba,297,0
00373,2024-02-03,Giải ba,251,1
00373,2024-02-03,Giải ba,485,2
00373,2024-02-03,Giải ba,060,3
00373,2024-02-03,Giải ba,202,4
00373,2024-02-03,Giải ba,921,5
00373,2024-02-03,Giải ba,758,6
00373,2024-02-03,Giải ba,765,7
00373,2024-02-03,Giải Đặc biệt,394,0
00373,2024-02-03,Giải Đặc biệt,787,1
00373,2024-02-03,Giải nhất,353,0
00373,2024-02-03,Giải nhất,335,1
00373,2024-02-03,Giải nhất,751,2
00373,2024-02-03,Giải nhất,170,3
00373,2024-02-03,Giải nhì,262,0
00373,2024-02-03,Giải nhì,280,1
00373,2024-02-03,Giải nhì,519,2
00373,2024-02-03,Giải nhì,806,3
00373,2024-02-03,Giải nhì,030,4
00373,2024-02-03,Giải nhì,029,5
00372,2024-02-01,Giải ba,228,0
00372,2024-02-01,Giải ba,257,1
00372,2024-02-01,Giải ba,645,2
00372,2024-02-01,Giải ba,170,3
00372,2024-02-01,Giải ba,122,4
00372,2024-02-01,Giải ba,827,5
00372,2024-02-01,Giải ba,072,6
00372,2024-02-01,Giải ba,657,7
00372,2024-02-01,Giải Đặc biệt,812,0
00372,2024-02-01,Giải Đặc biệt,388,1
00372,2024-02-01,Giải nhất,054,0
00372,2024-02-01,Giải nhất,719,1
00372,2024-02-01,Giải nhất,255,2
00372,2024-02-01,Giải nhất,673,3
00372,2024-02-01,Giải nhì,723,0
00372,2024-02-01,Giải nhì,653,1
00372,2024-02-01,Giải nhì,891,2
00372,2024-02-01,Giải nhì,184,3
00372,2024-02-01,Giải nhì,068,4
00372,2024-02-01,Giải nhì,281,5
00371,2024-01-30,Giải ba,416,0
00371,2024-01-30,Giải ba,705,1
00371,2024-01-30,Giải ba,128,2
00371,2024-01-30,Giải ba,138,3
00371,2024-01-30,Giải ba,603,4
00371,2024-01-30,Giải ba,193,5
00371,2024-01-30,Giải ba,942,6
00371,2024-01-30,Giải ba,859,7
00371,2024-01-30,Giải Đặc biệt,339,0
00371,2024-01-30,Giải Đặc biệt,019,1
00371,2024-01-30,Giải nhất,034,0
00371,2024-01-30,Giải nhất,294,1
00371,2024-01-30,Giải nhất,932,2
00371,2024-01-30,Giải nhất,702,3
00371,2024-01-30,Giải nhì,864,0
00371,2024-01-30,Giải nhì,443,1
00371,2024-01-30,Giải nhì,419,2
00371,2024-01-30,Giải nhì,992,3
00371,2024-01-30,Giải nhì,035,4
00371,2024-01-30,Giải nhì,330,5
00370,2024-01-27,Giải ba,590,0
00370,2024-01-27,Giải ba,961,1
00370,2024-01-27,Giải ba,405,2
00370,2024-01-27,Giải ba,355,3
00370,2024-01-27,Giải ba,000,4
00370,2024-01-27,Giải ba,197,5
00370,2024-01-27,Giải ba,530,6
00370,2024-01-27,Giải ba,044,7
00370,2024-01-27,Giải Đặc biệt,985,0
00370,2024-01-27,Giải Đặc biệt,849,1
00370,2024-01-27,Giải nhất,058,0
00370,2024-01-27,Giải nhất,655,1
00370,2024-01-27,Giải nhất,280,2
00370,2024-01-27,Giải nhất,271,3
00370,2024-01-27,Giải nhì,501,0
00370,2024-01-27,Giải nhì,521,1
00370,2024-01-27,Giải nhì,922,2
00370,2024-01-27,Giải nhì,454,3
00370,2024-01-27,Giải nhì,684,4
00370,2024-01-27,Giải nhì,739,5
00369,2024-01-25,Giải ba,716,0
00369,2024-01-25,Giải ba,917,1
00369,2024-01-25,Giải ba,723,2
00369,2024-01-25,Giải ba,227,3
00369,2024-01-25,Giải ba,106,4
00369,2024-01-25,Giải ba,321,5
00369,2024-01-25,Giải ba,270,6
00369,2024-01-25,Giải ba,419,7
00369,2024-01-25,Giải Đặc biệt,557,0
00369,2024-01-25,Giải Đặc biệt,472,1
00369,2024-01-25,Giải nhất,462,0
00369,2024-01-25,Giải nhất,533,1
00369,2024-01-25,Giải nhất,441,2
00369,2024-01-25,Giải nhất,089,3
00369,2024-01-25,Giải nhì,402,0
00369,2024-01-25,Giải nhì,445,1
00369,2024-01-25,Giải nhì,273,2
00369,2024-01-25,Giải nhì,083,3
00369,2024-01-25,Giải nhì,957,4
00369,2024-01-25,Giải nhì,101,5
00368,2024-01-23,Giải ba,159,0
00368,2024-01-23,Giải ba,681,1
00368,2024-01-23,Giải ba,890,2
00368,2024-01-23,Giải ba,619,3
00368,2024-01-23,Giải ba,604,4
00368,2024-01-23,Giải ba,598,5
00368,2024-01-23,Giải ba,377,6
00368,2024-01-23,Giải ba,511,7
00368,2024-01-23,Giải Đặc biệt,578,0
00368,2024-01-23,Giải Đặc biệt,788,1
00368,2024-01-23,Giải nhất,017,0
00368,2024-01-23,Giải nhất,181,1
00368,2024-01-23,Giải nhất,727,2
00368,2024-01-23,Giải nhất,760,3
00368,2024-01-23,Giải nhì,607,0
00368,2024-01-23,Giải nhì,217,1
00368,2024-01-23,Giải nhì,453,2
00368,2024-01-23,Giải nhì,841,3
00368,2024-01-23,Giải nhì,549,4
00368,2024-01-23,Giải nhì,194,5
00367,2024-01-20,Giải ba,898,0
00367,2024-01-20,Giải ba,876,1
00367,2024-01-20,Giải ba,879,2
00367,2024-01-20,Giải ba,500,3
00367,2024-01-20,Giải ba,360,4
00367,2024-01-20,Giải ba,449,5
00367,2024-01-20,Giải ba,315,6
00367,2024-01-20,Giải ba,996,7
00367,2024-01-20,Giải Đặc biệt,061,0
00367,2024-01-20,Giải Đặc biệt,205,1
00367,2024-01-20,Giải nhất,233,0
00367,2024-01-20,Giải nhất,093,1
00367,2024-01-20,Giải nhất,482,2
00367,2024-01-20,Giải nhất,298,3
00367,2024-01-20,Giải nhì,354,0
00367,2024-01-20,Giải nhì,551,1
00367,2024-01-20,Giải nhì,831,2
00367,2024-01-20,Giải nhì,730,3
00367,2024-01-20,Giải nhì,809,4
00367,2024-01-20,Giải nhì,246,5
00366,2024-01-18,Giải ba,158,0
00366,2024-01-18,Giải ba,832,1
00366,2024-01-18,Giải ba,757,2
00366,2024-01-18,Giải ba,126,3
00366,2024-01-18,Giải ba,830,4
00366,2024-01-18,Giải ba,072,5
00366,2024-01-18,Giải ba,908,6
00366,2024-01-18,Giải ba,992,7
00366,2024-01-18,Giải Đặc biệt,504,0
00366,2024-01-18,Giải Đặc biệt,340,1
00366,2024-01-18,Giải nhất,666,0
00366,2024-01-18,Giải nhất,119,1
00366,2024-01-18,Giải nhất,850,2
00366,2024-01-18,Giải nhất,917,3
00366,2024-01-18,Giải nhì,932,0
00366,2024-01-18,Giải nhì,816,1
00366,2024-01-18,Giải nhì,956,2
00366,2024-01-18,Giải nhì,554,3
00366,2024-01-18,Giải nhì,916,4
00366,2024-01-18,Giải nhì,414,5
00365,2024-01-16,Giải ba,628,0
00365,2024-01-16,Giải ba,731,1
00365,2024-01-16,Giải ba,508,2
00365,2024-01-16,Giải ba,833,3
00365,2024-01-16,Giải ba,850,4
00365,2024-01-16,Giải ba,092,5
00365,2024-01-16,Giải ba,165,6
00365,2024-01-16,Giải ba,506,7
00365,2024-01-16,Giải Đặc biệt,109,0
00365,2024-01-16,Giải Đặc biệt,334,1
00365,2024-01-16,Giải nhất,263,0
00365,2024-01-16,Giải nhất,290,1
00365,2024-01-16,Giải nhất,349,2
00365,2024-01-16,Giải nhất,726,3
00365,2024-01-16,Giải nhì,801,0
00365,2024-01-16,Giải nhì,782,1
00365,2024-01-16,Giải nhì,740,2
00365,2024-01-16,Giải nhì,404,3
00365,2024-01-16,Giải nhì,907,4
00365,2024-01-16,Giải nhì,089,5
00364,2024-01-13,Giải ba,131,0
00364,2024-01-13,Giải ba,987,1
00364,2024-01-13,Giải ba,605,2
00364,2024-01-13,Giải ba,355,3
00364,2024-01-13,Giải ba,590,4
00364,2024-01-13,Giải ba,742,5
00364,2024-01-13,Giải ba,199,6
00364,2024-01-13,Giải ba,480,7
00364,2024-01-13,Giải Đặc biệt,668,0
00364,2024-01-13,Giải Đặc biệt,626,1
00364,2024-01-13,Giải nhất,806,0
00364,2024-01-13,Giải nhất,463,1
00364,2024-01-13,Giải nhất,473,2
00364,2024-01-13,Giải nhất,979,3
00364,2024-01-13,Giải nhì,617,0
00364,2024-01-13,Giải nhì,335,1
00364,2024-01-13,Giải nhì,021,2
00364,2024-01-13,Giải nhì,229,3
00364,2024-01-13,Giải nhì,858,4
00364,2024-01-13,Giải nhì,352,5
00363,2024-01-11,Giải ba,557,0
00363,2024-01-11,Giải ba,869,1
00363,2024-01-11,Giải ba,461,2
00363,2024-01-11,Giải ba,082,3
00363,2024-01-11,Giải ba,951,4
00363,2024-01-11,Giải ba,547,5
00363,2024-01-11,Giải ba,789,6
00363,2024-01-11,Giải ba,278,7
00363,2024-01-11,Giải Đặc biệt,644,0
00363,2024-01-11,Giải Đặc biệt,296,1
00363,2024-01-11,Giải nhất,754,0
00363,2024-01-11,Giải nhất,577,1
00363,2024-01-11,Giải nhất,377,2
00363,2024-01-11,Giải nhất,297,3
00363,2024-01-11,Giải nhì,169,0
00363,2024-01-11,Giải nhì,351,1
00363,2024-01-11,Giải nhì,568,2
00363,2024-01-11,Giải nhì,726,3
00363,2024-01-11,Giải nhì,386,4
00363,2024-01-11,Giải nhì,477,5
00362,2024-01-09,Giải ba,263,0
00362,2024-01-09,Giải ba,376,1
00362,2024-01-09,Giải ba,390,2
00362,2024-01-09,Giải ba,941,3
00362,2024-01-09,Giải ba,963,4
00362,2024-01-09,Giải ba,751,5
00362,2024-01-09,Giải ba,649,6
00362,2024-01-09,Giải ba,140,7
00362,2024-01-09,Giải Đặc biệt,563,0
00362,2024-01-09,Giải Đặc biệt,933,1
00362,2024-01-09,Giải nhất,761,0
00362,2024-01-09,Giải nhất,477,1
00362,2024-01-09,Giải nhất,387,2
00362,2024-01-09,Giải nhất,273,3
00362,2024-01-09,Giải nhì,747,0
00362,2024-01-09,Giải nhì,705,1
00362,2024-01-09,Giải nhì,937,2
00362,2024-01-09,Giải nhì,774,3
00362,2024-01-09,Giải nhì,086,4
00362,2024-01-09,Giải nhì,169,5
00361,2024-01-06,Giải ba,540,0
00361,2024-01-06,Giải ba,085,1
00361,2024-01-06,Giải ba,157,2
00361,2024-01-06,Giải ba,338,3
00361,2024-01-06,Giải ba,758,4
00361,2024-01-06,Giải ba,052,5
00361,2024-01-06,Giải ba,227,6
00361,2024-01-06,Giải ba,040,7
00361,2024-01-06,Giải Đặc biệt,307,0
00361,2024-01-06,Giải Đặc biệt,528,1
00361,2024-01-06,Giải nhất,043,0
00361,2024-01-06,Giải nhất,665,1
00361,2024-01-06,Giải nhất,015,2
00361,2024-01-06,Giải nhất,559,3
00361,2024-01-06,Giải nhì,578,0
00361,2024-01-06,Giải nhì,761,1
00361,2024-01-06,Giải nhì,660,2
00361,2024-01-06,Giải nhì,931,3
00361,2024-01-06,Giải nhì,315,4
00361,2024-01-06,Giải nhì,655,5
00360,2024-01-04,Giải ba,169,0
00360,2024-01-04,Giải ba,103,1
00360,2024-01-04,Giải ba,771,2
00360,2024-01-04,Giải ba,265,3
00360,2024-01-04,Giải ba,288,4
00360,2024-01-04,Giải ba,835,5
00360,2024-01-04,Giải ba,937,6
00360,2024-01-04,Giải ba,535,7
00360,2024-01-04,Giải Đặc biệt,438,0
00360,2024-01-04,Giải Đặc biệt,180,1
00360,2024-01-04,Giải nhất,258,0
00360,2024-01-04,Giải nhất,260,1
00360,2024-01-04,Giải nhất,212,2
00360,2024-01-04,Giải nhất,601,3
00360,2024-01-04,Giải nhì,104,0
00360,2024-01-04,Giải nhì,502,1
00360,2024-01-04,Giải nhì,740,2
00360,2024-01-04,Giải nhì,104,3
00360,2024-01-04,Giải nhì,773,4
00360,2024-01-04,Giải nhì,753,5
00359,2024-01-02,Giải ba,451,0
00359,2024-01-02,Giải ba,761,1
00359,2024-01-02,Giải ba,218,2
00359,2024-01-02,Giải ba,808,3
00359,2024-01-02,Giải ba,348,4
00359,2024-01-02,Giải ba,300,5
00359,2024-01-02,Giải ba,786,6
00359,2024-01-02,Giải ba,747,7
00359,2024-01-02,Giải Đặc biệt,496,0
00359,2024-01-02,Giải Đặc biệt,891,1
00359,2024-01-02,Giải nhất,558,0
00359,2024-01-02,Giải nhất,006,1
00359,2024-01-02,Giải nhất,897,2
00359,2024-01-02,Giải nhất,380,3
00359,2024-01-02,Giải nhì,988,0
00359,2024-01-02,Giải nhì,959,1
00359,2024-01-02,Giải nhì,856,2
00359,2024-01-02,Giải nhì,959,3
00359,2024-01-02,Giải nhì,776,4
00359,2024-01-02,Giải nhì,068,5
00358,2023-12-30,Giải ba,156,0
00358,2023-12-30,Giải ba,735,1
00358,2023-12-30,Giải ba,103,2
00358,2023-12-30,Giải ba,550,3
00358,2023-12-30,Giải ba,279,4
00358,2023-12-30,Giải ba,898,5
00358,2023-12-30,Giải ba,962,6
00358,2023-12-30,Giải ba,254,7
00358,2023-12-30,Giải Đặc biệt,359,0
00358,2023-12-30,Giải Đặc biệt,066,1
00358,2023-12-30,Giải nhất,752,0
00358,2023-12-30,Giải nhất,940,1
00358,2023-12-30,Giải nhất,326,2
00358,2023-12-30,Giải nhất,805,3
00358,2023-12-30,Giải nhì,814,0
00358,2023-12-30,Giải nhì,767,1
00358,2023-12-30,Giải nhì,250,2
00358,2023-12-30,Giải nhì,363,3
00358,2023-12-30,Giải nhì,972,4
00358,2023-12-30,Giải nhì,878,5
00357,2023-12-28,Giải ba,363,0
00357,2023-12-28,Giải ba,208,1
00357,2023-12-28,Giải ba,228,2
00357,2023-12-28,Giải ba,272,3
00357,2023-12-28,Giải ba,898,4
00357,2023-12-28,Giải ba,141,5
00357,2023-12-28,Giải ba,842,6
00357,2023-12-28,Giải ba,736,7
00357,2023-12-28,Giải Đặc biệt,997,0
00357,2023-12-28,Giải Đặc biệt,775,1
00357,2023-12-28,Giải nhất,291,0
00357,2023-12-28,Giải nhất,164,1
00357,2023-12-28,Giải nhất,785,2
00357,2023-12-28,Giải nhất,097,3
00357,2023-12-28,Giải nhì,213,0
00357,2023-12-28,Giải nhì,881,1
00357,2023-12-28,Giải nhì,138,2
00357,2023-12-28,Giải nhì,698,3
00357,2023-12-28,Giải nhì,260,4
00357,2023-12-28,Giải nhì,815,5
00356,2023-12-26,Giải ba,941,0
00356,2023-12-26,Giải ba,876,1
00356,2023-12-26,Giải ba,806,2
00356,2023-12-26,Giải ba,237,3
00356,2023-12-26,Giải ba,404,4
00356,2023-12-26,Giải ba,663,5
00356,2023-12-26,Giải ba,623,6
00356,2023-12-26,Giải ba,035,7
00356,2023-12-26,Giải Đặc biệt,032,0
00356,2023-12-26,Giải Đặc biệt,961,1
00356,2023-12-26,Giải nhất,536,0
00356,2023-12-26,Giải nhất,280,1
00356,2023-12-26,Giải nhất,217,2
00356,2023-12-26,Giải nhất,876,3
00356,2023-12-26,Giải nhì,886,0
00356,2023-12-26,Giải nhì,752,1
00356,2023-12-26,Giải nhì,010,2
00356,2023-12-26,Giải nhì,594,3
00356,2023-12-26,Giải nhì,832,4
00356,2023-12-26,Giải nhì,685,5
00355,2023-12-23,Giải ba,670,0
00355,2023-12-23,Giải ba,157,1
00355,2023-12-23,Giải ba,345,2
00355,2023-12-23,Giải ba,515,3
00355,2023-12-23,Giải ba,624,4
00355,2023-12-23,Giải ba,238,5
00355,2023-12-23,Giải ba,541,6
00355,2023-12-23,Giải ba,308,7
00355,2023-12-23,Giải Đặc biệt,326,0
00355,2023-12-23,Giải Đặc biệt,912,1
00355,2023-12-23,Giải nhất,451,0
00355,2023-12-23,Giải nhất,774,1
00355,2023-12-23,Giải nhất,712,2
00355,2023-12-23,Giải nhất,365,3
00355,2023-12-23,Giải nhì,041,0
00355,2023-12-23,Giải nhì,619,1
00355,2023-12-23,Giải nhì,150,2
00355,2023-12-23,Giải nhì,875,3
00355,2023-12-23,Giải nhì,728,4
00355,2023-12-23,Giải nhì,891,5
00354,2023-12-21,Giải ba,519,0
00354,2023-12-21,Giải ba,143,1
00354,2023-12-21,Giải ba,576,2
00354,2023-12-21,Giải ba,493,3
00354,2023-12-21,Giải ba,768,4
00354,2023-12-21,Giải ba,312,5
00354,2023-12-21,Giải ba,390,6
00354,2023-12-21,Giải ba,013,7
00354,2023-12-21,Giải Đặc biệt,075,0
00354,2023-12-21,Giải Đặc biệt,046,1
00354,2023-12-21,Giải nhất,083,0
00354,2023-12-21,Giải nhất,212,1
00354,2023-12-21,Giải nhất,200,2
00354,2023-12-21,Giải nhất,955,3
00354,2023-12-21,Giải nhì,485,0
00354,2023-12-21,Giải nhì,514,1
00354,2023-12-21,Giải nhì,595,2
00354,2023-12-21,Giải nhì,213,3
00354,2023-12-21,Giải nhì,496,4
00354,2023-12-21,Giải nhì,165,5
00353,2023-12-19,Giải ba,550,0
00353,2023-12-19,Giải ba,425,1
00353,2023-12-19,Giải ba,272,2
00353,2023-12-19,Giải ba,443,3
00353,2023-12-19,Giải ba,877,4
00353,2023-12-19,Giải ba,629,5
00353,2023-12-19,Giải ba,563,6
00353,2023-12-19,Giải ba,636,7
00353,2023-12-19,Giải Đặc biệt,657,0
00353,2023-12-19,Giải Đặc biệt,987,1
00353,2023-12-19,Giải nhất,675,0
00353,2023-12-19,Giải nhất,960,1
00353,2023-12-19,Giải nhất,523,2
00353,2023-12-19,Giải nhất,637,3
00353,2023-12-19,Giải nhì,210,0
00353,2023-12-19,Giải nhì,615,1
00353,2023-12-19,Giải nhì,291,2
00353,2023-12-19,Giải nhì,199,3
00353,2023-12-19,Giải nhì,307,4
00353,2023-12-19,Giải nhì,814,5
00352,2023-12-16,Giải ba,654,0
00352,2023-12-16,Giải ba,627,1
00352,2023-12-16,Giải ba,493,2
00352,2023-12-16,Giải ba,777,3
00352,2023-12-16,Giải ba,544,4
00352,2023-12-16,Giải ba,523,5
00352,2023-12-16,Giải ba,783,6
00352,2023-12-16,Giải ba,186,7
00352,2023-12-16,Giải Đặc biệt,545,0
00352,2023-12-16,Giải Đặc biệt,010,1
00352,2023-12-16,Giải nhất,855,0
00352,2023-12-16,Giải nhất,039,1
00352,2023-12-16,Giải nhất,563,2
00352,2023-12-16,Giải nhất,064,3
00352,2023-12-16,Giải nhì,083,0
00352,2023-12-16,Giải nhì,512,1
00352,2023-12-16,Giải nhì,630,2
00352,2023-12-16,Giải nhì,061,3
00352,2023-12-16,Giải nhì,976,4
00352,2023-12-16,Giải nhì,051,5
00351,2023-12-14,Giải ba,734,0
00351,2023-12-14,Giải ba,120,1
00351,2023-12-14,Giải ba,765,2
00351,2023-12-14,Giải ba,810,3
00351,2023-12-14,Giải ba,661,4
00351,2023-12-14,Giải ba,060,5
00351,2023-12-14,Giải ba,294,6
00351,2023-12-14,Giải ba,028,7
00351,2023-12-14,Giải Đặc biệt,460,0
00351,2023-12-14,Giải Đặc biệt,775,1
00351,2023-12-14,Giải nhất,966,0
00351,2023-12-14,Giải nhất,420,1
00351,2023-12-14,Giải nhất,475,2
00351,2023-12-14,Giải nhất,189,3
00351,2023-12-14,Giải nhì,542,0
00351,2023-12-14,Giải nhì,078,1
00351,2023-12-14,Giải nhì,296,2
00351,2023-12-14,Giải nhì,233,3
00351,2023-12-14,Giải nhì,604,4
00351,2023-12-14,Giải nhì,979,5
00350,2023-12-12,Giải ba,175,0
00350,2023-12-12,Giải ba,348,1
00350,2023-12-12,Giải ba,948,2
00350,2023-12-12,Giải ba,886,3
00350,2023-12-12,Giải ba,802,4
00350,2023-12-12,Giải ba,574,5
00350,2023-12-12,Giải ba,857,6
00350,2023-12-12,Giải ba,159,7
00350,2023-12-12,Giải Đặc biệt,116,0
00350,2023-12-12,Giải Đặc biệt,511,1
00350,2023-12-12,Giải nhất,996,0
00350,2023-12-12,Giải nhất,221,1
00350,2023-12-12,Giải nhất,507,2
00350,2023-12-12,Giải nhất,811,3
00350,2023-12-12,Giải nhì,723,0
00350,2023-12-12,Giải nhì,727,1
00350,2023-12-12,Giải nhì,762,2
00350,2023-12-12,Giải nhì,875,3
00350,2023-12-12,Giải nhì,620,4
00350,2023-12-12,Giải nhì,690,5
00349,2023-12-09,Giải ba,384,0
00349,2023-12-09,Giải ba,562,1
00349,2023-12-09,Giải ba,213,2
00349,2023-12-09,Giải ba,353,3
00349,2023-12-09,Giải ba,385,4
00349,2023-12-09,Giải ba,803,5
00349,2023-12-09,Giải ba,157,6
00349,2023-12-09,Giải ba,013,7
00349,2023-12-09,Giải Đặc biệt,210,0
00349,2023-12-09,Giải Đặc biệt,609,1
00349,2023-12-09,Giải nhất,284,0
00349,2023-12-09,Giải nhất,754,1
00349,2023-12-09,Giải nhất,007,2
00349,2023-12-09,Giải nhất,879,3
00349,2023-12-09,Giải nhì,770,0
00349,2023-12-09,Giải nhì,879,1
00349,2023-12-09,Giải nhì,539,2
00349,2023-12-09,Giải nhì,846,3
00349,2023-12-09,Giải nhì,799,4
00349,2023-12-09,Giải nhì,880,5
00348,2023-12-07,Giải ba,463,0
00348,2023-12-07,Giải ba,117,1
00348,2023-12-07,Giải ba,553,2
00348,2023-12-07,Giải ba,100,3
00348,2023-12-07,Giải ba,591,4
00348,2023-12-07,Giải ba,553,5
00348,2023-12-07,Giải ba,792,6
00348,2023-12-07,Giải ba,117,7
00348,2023-12-07,Giải Đặc biệt,053,0
00348,2023-12-07,Giải Đặc biệt,476,1
00348,2023-12-07,Giải nhất,245,0
00348,2023-12-07,Giải nhất,663,1
00348,2023-12-07,Giải nhất,616,2
00348,2023-12-07,Giải nhất,894,3
00348,2023-12-07,Giải nhì,987,0
00348,2023-12-07,Giải nhì,370,1
00348,2023-12-07,Giải nhì,841,2
00348,2023-12-07,Giải nhì,041,3
00348,2023-12-07,Giải nhì,201,4
00348,2023-12-07,Giải nhì,072,5
00347,2023-12-05,Giải ba,134,0
00347,2023-12-05,Giải ba,634,1
00347,2023-12-05,Giải ba,822,2
00347,2023-12-05,Giải ba,758,3
00347,2023-12-05,Giải ba,903,4
00347,2023-12-05,Giải ba,937,5
00347,2023-12-05,Giải ba,730,6
00347,2023-12-05,Giải ba,057,7
00347,2023-12-05,Giải Đặc biệt,080,0
00347,2023-12-05,Giải Đặc biệt,473,1
00347,2023-12-05,Giải nhất,657,0
00347,2023-12-05,Giải nhất,430,1
00347,2023-12-05,Giải nhất,966,2
00347,2023-12-05,Giải nhất,976,3
00347,2023-12-05,Giải nhì,106,0
00347,2023-12-05,Giải nhì,133,1
00347,2023-12-05,Giải nhì,477,2
00347,2023-12-05,Giải nhì,235,3
00347,2023-12-05,Giải nhì,089,4
00347,2023-12-05,Giải nhì,193,5
00346,2023-12-02,Giải ba,912,0
00346,2023-12-02,Giải ba,672,1
00346,2023-12-02,Giải ba,819,2
00346,2023-12-02,Giải ba,697,3
00346,2023-12-02,Giải ba,506,4
00346,2023-12-02,Giải ba,825,5
00346,2023-12-02,Giải ba,492,6
00346,2023-12-02,Giải ba,663,7
00346,2023-12-02,Giải Đặc biệt,775,0
00346,2023-12-02,Giải Đặc biệt,476,1
00346,2023-12-02,Giải nhất,776,0
00346,2023-12-02,Giải nhất,146,1
00346,2023-12-02,Giải nhất,118,2
00346,2023-12-02,Giải nhất,852,3
00346,2023-12-02,Giải nhì,064,0
00346,2023-12-02,Giải nhì,847,1
00346,2023-12-02,Giải nhì,413,2
00346,2023-12-02,Giải nhì,536,3
00346,2023-12-02,Giải nhì,221,4
00346,2023-12-02,Giải nhì,238,5
00345,2023-11-30,Giải ba,732,0
00345,2023-11-30,Giải ba,329,1
00345,2023-11-30,Giải ba,505,2
00345,2023-11-30,Giải ba,266,3
00345,2023-11-30,Giải ba,233,4
00345,2023-11-30,Giải ba,760,5
00345,2023-11-30,Giải ba,206,6
00345,2023-11-30,Giải ba,399,7
00345,2023-11-30,Giải Đặc biệt,167,0
00345,2023-11-30,Giải Đặc biệt,536,1
00345,2023-11-30,Giải nhất,691,0
00345,2023-11-30,Giải nhất,004,1
00345,2023-11-30,Giải nhất,225,2
00345,2023-11-30,Giải nhất,504,3
00345,2023-11-30,Giải nhì,988,0
00345,2023-11-30,Giải nhì,306,1
00345,2023-11-30,Giải nhì,326,2
00345,2023-11-30,Giải nhì,641,3
00345,2023-11-30,Giải nhì,837,4
00345,2023-11-30,Giải nhì,397,5
00344,2023-11-28,Giải ba,303,0
00344,2023-11-28,Giải ba,684,1
00344,2023-11-28,Giải ba,316,2
00344,2023-11-28,Giải ba,223,3
00344,2023-11-28,Giải ba,692,4
00344,2023-11-28,Giải ba,359,5
00344,2023-11-28,Giải ba,484,6
00344,2023-11-28,Giải ba,748,7
00344,2023-11-28,Giải Đặc biệt,965,0
00344,2023-11-28,Giải Đặc biệt,447,1
00344,2023-11-28,Giải nhất,190,0
00344,2023-11-28,Giải nhất,435,1
00344,2023-11-28,Giải nhất,355,2
00344,2023-11-28,Giải nhất,370,3
00344,2023-11-28,Giải nhì,843,0
00344,2023-11-28,Giải nhì,472,1
00344,2023-11-28,Giải nhì,051,2
00344,2023-11-28,Giải nhì,469,3
00344,2023-11-28,Giải nhì,855,4
00344,2023-11-28,Giải nhì,048,5
00343,2023-11-25,Giải ba,436,0
00343,2023-11-25,Giải ba,660,1
00343,2023-11-25,Giải ba,579,2
00343,2023-11-25,Giải ba,720,3
00343,2023-11-25,Giải ba,087,4
00343,2023-11-25,Giải ba,014,5
00343,2023-11-25,Giải ba,589,6
00343,2023-11-25,Giải ba,159,7
00343,2023-11-25,Giải Đặc biệt,330,0
00343,2023-11-25,Giải Đặc biệt,159,1
00343,2023-11-25,Giải nhất,756,0
00343,2023-11-25,Giải nhất,314,1
00343,2023-11-25,Giải nhất,043,2
00343,2023-11-25,Giải nhất,612,3
00343,2023-11-25,Giải nhì,541,0
00343,2023-11-25,Giải nhì,103,1
00343,2023-11-25,Giải nhì,801,2
00343,2023-11-25,Giải nhì,622,3
00343,2023-11-25,Giải nhì,686,4
00343,2023-11-25,Giải nhì,304,5
00342,2023-11-23,Giải ba,590,0
00342,2023-11-23,Giải ba,367,1
00342,2023-11-23,Giải ba,059,2
00342,2023-11-23,Giải ba,147,3
00342,2023-11-23,Giải ba,714,4
00342,2023-11-23,Giải ba,707,5
00342,2023-11-23,Giải ba,220,6
00342,2023-11-23,Giải ba,808,7
00342,2023-11-23,Giải Đặc biệt,473,0
00342,2023-11-23,Giải Đặc biệt,651,1
00342,2023-11-23,Giải nhất,729,0
00342,2023-11-23,Giải nhất,892,1
00342,2023-11-23,Giải nhất,759,2
00342,2023-11-23,Giải nhất,119,3
00342,2023-11-23,Giải nhì,874,0
00342,2023-11-23,Giải nhì,374,1
00342,2023-11-23,Giải nhì,751,2
00342,2023-11-23,Giải nhì,096,3
00342,2023-11-23,Giải nhì,524,4
00342,2023-11-23,Giải nhì,661,5
00341,2023-11-21,Giải ba,678,0
00341,2023-11-21,Giải ba,688,1
00341,2023-11-21,Giải ba,000,2
00341,2023-11-21,Giải ba,089,3
00341,2023-11-21,Giải ba,186,4
00341,2023-11-21,Giải ba,982,5
00341,2023-11-21,Giải ba,793,6
00341,2023-11-21,Giải ba,654,7
00341,2023-11-21,Giải Đặc biệt,563,0
00341,2023-11-21,Giải Đặc biệt,922,1
00341,2023-11-21,Giải nhất,042,0
00341,2023-11-21,Giải nhất,574,1
00341,2023-11-21,Giải nhất,064,2
00341,2023-11-21,Giải nhất,598,3
00341,2023-11-21,Giải nhì,805,0
00341,2023-11-21,Giải nhì,659,1
00341,2023-11-21,Giải nhì,163,2
00341,2023-11-21,Giải nhì,125,3
00341,2023-11-21,Giải nhì,940,4
00341,2023-11-21,Giải nhì,696,5
00340,2023-11-18,Giải ba,207,0
00340,2023-11-18,Giải ba,414,1
00340,2023-11-18,Giải ba,779,2
00340,2023-11-18,Giải ba,129,3
00340,2023-11-18,Giải ba,187,4
00340,2023-11-18,Giải ba,024,5
00340,2023-11-18,Giải ba,493,6
00340,2023-11-18,Giải ba,765,7
00340,2023-11-18,Giải Đặc biệt,522,0
00340,2023-11-18,Giải Đặc biệt,050,1
00340,2023-11-18,Giải nhất,447,0
00340,2023-11-18,Giải nhất,250,1
00340,2023-11-18,Giải nhất,702,2
00340,2023-11-18,Giải nhất,798,3
00340,2023-11-18,Giải nhì,485,0
00340,2023-11-18,Giải nhì,088,1
00340,2023-11-18,Giải nhì,103,2
00340,2023-11-18,Giải nhì,599,3
00340,2023-11-18,Giải nhì,345,4
00340,2023-11-18,Giải nhì,090,5
00339,2023-11-16,Giải ba,722,0
00339,2023-11-16,Giải ba,563,1
00339,2023-11-16,Giải ba,424,2
00339,2023-11-16,Giải ba,197,3
00339,2023-11-16,Giải ba,197,4
00339,2023-11-16,Giải ba,617,5
00339,2023-11-16,Giải ba,920,6
00339,2023-11-16,Giải ba,641,7
00339,2023-11-16,Giải Đặc biệt,373,0
00339,2023-11-16,Giải Đặc biệt,044,1
00339,2023-11-16,Giải nhất,456,0
00339,2023-11-16,Giải nhất,253,1
00339,2023-11-16,Giải nhất,270,2
00339,2023-11-16,Giải nhất,876,3
00339,2023-11-16,Giải nhì,728,0
00339,2023-11-16,Giải nhì,306,1
00339,2023-11-16,Giải nhì,136,2
00339,2023-11-16,Giải nhì,417,3
00339,2023-11-16,Giải nhì,172,4
00339,2023-11-16,Giải nhì,688,5
00338,2023-11-14,Giải ba,560,0
00338,2023-11-14,Giải ba,943,1
00338,2023-11-14,Giải ba,212,2
00338,2023-11-14,Giải ba,420,3
00338,2023-11-14,Giải ba,394,4
00338,2023-11-14,Giải ba,417,5
00338,2023-11-14,Giải ba,896,6
00338,2023-11-14,Giải ba,714,7
00338,2023-11-14,Giải Đặc biệt,943,0
00338,2023-11-14,Giải Đặc biệt,380,1
00338,2023-11-14,Giải nhất,874,0
00338,2023-11-14,Giải nhất,872,1
00338,2023-11-14,Giải nhất,296,2
00338,2023-11-14,Giải nhất,359,3
00338,2023-11-14,Giải nhì,465,0
00338,2023-11-14,Giải nhì,605,1
00338,2023-11-14,Giải nhì,158,2
00338,2023-11-14,Giải nhì,454,3
00338,2023-11-14,Giải nhì,271,4
00338,2023-11-14,Giải nhì,555,5
00337,2023-11-11,Giải ba,034,0
00337,2023-11-11,Giải ba,552,1
00337,2023-11-11,Giải ba,863,2
00337,2023-11-11,Giải ba,930,3
00337,2023-11-11,Giải ba,275,4
00337,2023-11-11,Giải ba,359,5
00337,2023-11-11,Giải ba,340,6
00337,2023-11-11,Giải ba,139,7
00337,2023-11-11,Giải Đặc biệt,116,0
00337,2023-11-11,Giải Đặc biệt,520,1
00337,2023-11-11,Giải nhất,018,0
00337,2023-11-11,Giải nhất,907,1
00337,2023-11-11,Giải nhất,136,2
00337,2023-11-11,Giải nhất,883,3
00337,2023-11-11,Giải nhì,554,0
00337,2023-11-11,Giải nhì,008,1
00337,2023-11-11,Giải nhì,997,2
00337,2023-11-11,Giải nhì,157,3
00337,2023-11-11,Giải nhì,970,4
00337,2023-11-11,Giải nhì,587,5
00336,2023-11-09,Giải ba,780,0
00336,2023-11-09,Giải ba,619,1
00336,2023-11-09,Giải ba,882,2
00336,2023-11-09,Giải ba,262,3
00336,2023-11-09,Giải ba,110,4
00336,2023-11-09,Giải ba,864,5
00336,2023-11-09,Giải ba,188,6
00336,2023-11-09,Giải ba,121,7
00336,2023-11-09,Giải Đặc biệt,799,0
00336,2023-11-09,Giải Đặc biệt,920,1
00336,2023-11-09,Giải nhất,919,0
00336,2023-11-09,Giải nhất,319,1
00336,2023-11-09,Giải nhất,093,2
00336,2023-11-09,Giải nhất,087,3
00336,2023-11-09,Giải nhì,066,0
00336,2023-11-09,Giải nhì,513,1
00336,2023-11-09,Giải nhì,854,2
00336,2023-11-09,Giải nhì,199,3
00336,2023-11-09,Giải nhì,188,4
00336,2023-11-09,Giải nhì,128,5
00335,2023-11-07,Giải ba,406,0
00335,2023-11-07,Giải ba,335,1
00335,2023-11-07,Giải ba,759,2
00335,2023-11-07,Giải ba,920,3
00335,2023-11-07,Giải ba,733,4
00335,2023-11-07,Giải ba,310,5
00335,2023-11-07,Giải ba,682,6
00335,2023-11-07,Giải ba,426,7
00335,2023-11-07,Giải Đặc biệt,241,0
00335,2023-11-07,Giải Đặc biệt,810,1
00335,2023-11-07,Giải nhất,785,0
00335,2023-11-07,Giải nhất,240,1
00335,2023-11-07,Giải nhất,672,2
00335,2023-11-07,Giải nhất,336,3
00335,2023-11-07,Giải nhì,311,0
00335,2023-11-07,Giải nhì,341,1
00335,2023-11-07,Giải nhì,946,2
00335,2023-11-07,Giải nhì,487,3
00335,2023-11-07,Giải nhì,735,4
00335,2023-11-07,Giải nhì,483,5
00334,2023-11-04,Giải ba,045,0
00334,2023-11-04,Giải ba,071,1
00334,2023-11-04,Giải ba,513,2
00334,2023-11-04,Giải ba,368,3
00334,2023-11-04,Giải ba,605,4
00334,2023-11-04,Giải ba,417,5
00334,2023-11-04,Giải ba,410,6
00334,2023-11-04,Giải ba,251,7
00334,2023-11-04,Giải Đặc biệt,821,0
00334,2023-11-04,Giải Đặc biệt,583,1
00334,2023-11-04,Giải nhất,795,0
00334,2023-11-04,Giải nhất,690,1
00334,2023-11-04,Giải nhất,776,2
00334,2023-11-04,Giải nhất,135,3
00334,2023-11-04,Giải nhì,127,0
00334,2023-11-04,Giải nhì,849,1
00334,2023-11-04,Giải nhì,272,2
00334,2023-11-04,Giải nhì,842,3
00334,2023-11-04,Giải nhì,496,4
00334,2023-11-04,Giải nhì,018,5
00333,2023-11-02,Giải ba,092,0
00333,2023-11-02,Giải ba,658,1
00333,2023-11-02,Giải ba,381,2
00333,2023-11-02,Giải ba,920,3
00333,2023-11-02,Giải ba,286,4
00333,2023-11-02,Giải ba,127,5
00333,2023-11-02,Giải ba,905,6
00333,2023-11-02,Giải ba,174,7
00333,2023-11-02,Giải Đặc biệt,880,0
00333,2023-11-02,Giải Đặc biệt,240,1
00333,2023-11-02,Giải nhất,014,0
00333,2023-11-02,Giải nhất,175,1
00333,2023-11-02,Giải nhất,561,2
00333,2023-11-02,Giải nhất,624,3
00333,2023-11-02,Giải nhì,858,0
00333,2023-11-02,Giải nhì,634,1
00333,2023-11-02,Giải nhì,987,2
00333,2023-11-02,Giải nhì,725,3
00333,2023-11-02,Giải nhì,116,4
00333,2023-11-02,Giải nhì,059,5
00332,2023-10-31,Giải ba,010,0
00332,2023-10-31,Giải ba,783,1
00332,2023-10-31,Giải ba,631,2
00332,2023-10-31,Giải ba,571,3
00332,2023-10-31,Giải ba,531,4
00332,2023-10-31,Giải ba,561,5
00332,2023-10-31,Giải ba,680,6
00332,2023-10-31,Giải ba,534,7
00332,2023-10-31,Giải Đặc biệt,290,0
00332,2023-10-31,Giải Đặc biệt,170,1
00332,2023-10-31,Giải nhất,582,0
00332,2023-10-31,Giải nhất,026,1
00332,2023-10-31,Giải nhất,637,2
00332,2023-10-31,Giải nhất,144,3
00332,2023-10-31,Giải nhì,865,0
00332,2023-10-31,Giải nhì,801,1
00332,2023-10-31,Giải nhì,846,2
00332,2023-10-31,Giải nhì,963,3
00332,2023-10-31,Giải nhì,687,4
00332,2023-10-31,Giải nhì,441,5
00331,2023-10-28,Giải ba,677,0
00331,2023-10-28,Giải ba,922,1
00331,2023-10-28,Giải ba,102,2
00331,2023-10-28,Giải ba,130,3
00331,2023-10-28,Giải ba,981,4
00331,2023-10-28,Giải ba,534,5
00331,2023-10-28,Giải ba,139,6
00331,2023-10-28,Giải ba,886,7
00331,2023-10-28,Giải Đặc biệt,241,0
00331,2023-10-28,Giải Đặc biệt,544,1
00331,2023-10-28,Giải nhất,174,0
00331,2023-10-28,Giải nhất,125,1
00331,2023-10-28,Giải nhất,147,2
00331,2023-10-28,Giải nhất,875,3
00331,2023-10-28,Giải nhì,893,0
00331,2023-10-28,Giải nhì,004,1
00331,2023-10-28,Giải nhì,393,2
00331,2023-10-28,Giải nhì,605,3
00331,2023-10-28,Giải nhì,561,4
00331,2023-10-28,Giải nhì,995,5
00330,2023-10-26,Giải ba,127,0
00330,2023-10-26,Giải ba,524,1
00330,2023-10-26,Giải ba,035,2
00330,2023-10-26,Giải ba,276,3
00330,2023-10-26,Giải ba,755,4
00330,2023-10-26,Giải ba,637,5
00330,2023-10-26,Giải ba,408,6
00330,2023-10-26,Giải ba,587,7
00330,2023-10-26,Giải Đặc biệt,053,0
00330,2023-10-26,Giải Đặc biệt,695,1
00330,2023-10-26,Giải nhất,554,0
00330,2023-10-26,Giải nhất,798,1
00330,2023-10-26,Giải nhất,415,2
00330,2023-10-26,Giải nhất,614,3
00330,2023-10-26,Giải nhì,665,0
00330,2023-10-26,Giải nhì,933,1
00330,2023-10-26,Giải nhì,261,2
00330,2023-10-26,Giải nhì,476,3
00330,2023-10-26,Giải nhì,991,4
00330,2023-10-26,Giải nhì,802,5
00329,2023-10-24,Giải ba,603,0
00329,2023-10-24,Giải ba,164,1
00329,2023-10-24,Giải ba,795,2
00329,2023-10-24,Giải ba,025,3
00329,2023-10-24,Giải ba,803,4
00329,2023-10-24,Giải ba,792,5
00329,2023-10-24,Giải ba,467,6
00329,2023-10-24,Giải ba,176,7
00329,2023-10-24,Giải Đặc biệt,688,0
00329,2023-10-24,Giải Đặc biệt,103,1
00329,2023-10-24,Giải nhất,016,0
00329,2023-10-24,Giải nhất,412,1
00329,2023-10-24,Giải nhất,342,2
00329,2023-10-24,Giải nhất,449,3
00329,2023-10-24,Giải nhì,017,0
00329,2023-10-24,Giải nhì,724,1
00329,2023-10-24,Giải nhì,001,2
00329,2023-10-24,Giải nhì,518,3
00329,2023-10-24,Giải nhì,230,4
00329,2023-10-24,Giải nhì,098,5
00328,2023-10-21,Giải ba,409,0
00328,2023-10-21,Giải ba,729,1
00328,2023-10-21,Giải ba,555,2
00328,2023-10-21,Giải ba,448,3
00328,2023-10-21,Giải ba,970,4
00328,2023-10-21,Giải ba,651,5
00328,2023-10-21,Giải ba,446,6
00328,2023-10-21,Giải ba,602,7
00328,2023-10-21,Giải Đặc biệt,555,0
00328,2023-10-21,Giải Đặc biệt,416,1
00328,2023-10-21,Giải nhất,806,0
00328,2023-10-21,Giải nhất,914,1
00328,2023-10-21,Giải nhất,343,2
00328,2023-10-21,Giải nhất,912,3
00328,2023-10-21,Giải nhì,679,0
00328,2023-10-21,Giải nhì,794,1
00328,2023-10-21,Giải nhì,212,2
00328,2023-10-21,Giải nhì,064,3
00328,2023-10-21,Giải nhì,233,4
00328,2023-10-21,Giải nhì,215,5
00327,2023-10-19,Giải ba,557,0
00327,2023-10-19,Giải ba,540,1
00327,2023-10-19,Giải ba,956,2
00327,2023-10-19,Giải ba,003,3
00327,2023-10-19,Giải ba,343,4
00327,2023-10-19,Giải ba,614,5
00327,2023-10-19,Giải ba,136,6
00327,2023-10-19,Giải ba,962,7
00327,2023-10-19,Giải Đặc biệt,798,0
00327,2023-10-19,Giải Đặc biệt,969,1
00327,2023-10-19,Giải nhất,565,0
00327,2023-10-19,Giải nhất,207,1
00327,2023-10-19,Giải nhất,289,2
00327,2023-10-19,Giải nhất,051,3
00327,2023-10-19,Giải nhì,633,0
00327,2023-10-19,Giải nhì,023,1
00327,2023-10-19,Giải nhì,200,2
00327,2023-10-19,Giải nhì,041,3
00327,2023-10-19,Giải nhì,117,4
00327,2023-10-19,Giải nhì,169,5
00326,2023-10-17,Giải ba,151,0
00326,2023-10-17,Giải ba,397,1
00326,2023-10-17,Giải ba,718,2
00326,2023-10-17,Giải ba,306,3
00326,2023-10-17,Giải ba,017,4
00326,2023-10-17,Giải ba,457,5
00326,2023-10-17,Giải ba,760,6
00326,2023-10-17,Giải ba,194,7
00326,2023-10-17,Giải Đặc biệt,532,0
00326,2023-10-17,Giải Đặc biệt,085,1
00326,2023-10-17,Giải nhất,615,0
00326,2023-10-17,Giải nhất,065,1
00326,2023-10-17,Giải nhất,555,2
00326,2023-10-17,Giải nhất,937,3
00326,2023-10-17,Giải nhì,721,0
00326,2023-10-17,Giải nhì,703,1
00326,2023-10-17,Giải nhì,902,2
00326,2023-10-17,Giải nhì,843,3
00326,2023-10-17,Giải nhì,209,4
00326,2023-10-17,Giải nhì,352,5
00325,2023-10-14,Giải ba,263,0
00325,2023-10-14,Giải ba,793,1
00325,2023-10-14,Giải ba,508,2
00325,2023-10-14,Giải ba,770,3
00325,2023-10-14,Giải ba,313,4
00325,2023-10-14,Giải ba,892,5
00325,2023-10-14,Giải ba,896,6
00325,2023-10-14,Giải ba,894,7
00325,2023-10-14,Giải Đặc biệt,468,0
00325,2023-10-14,Giải Đặc biệt,496,1
00325,2023-10-14,Giải nhất,512,0
00325,2023-10-14,Giải nhất,820,1
00325,2023-10-14,Giải nhất,328,2
00325,2023-10-14,Giải nhất,913,3
00325,2023-10-14,Giải nhì,022,0
00325,2023-10-14,Giải nhì,161,1
00325,2023-10-14,Giải nhì,074,2
00325,2023-10-14,Giải nhì,072,3
00325,2023-10-14,Giải nhì,329,4
00325,2023-10-14,Giải nhì,019,5
00324,2023-10-12,Giải ba,852,0
00324,2023-10-12,Giải ba,410,1
00324,2023-10-12,Giải ba,631,2
00324,2023-10-12,Giải ba,594,3
00324,2023-10-12,Giải ba,138,4
00324,2023-10-12,Giải ba,585,5
00324,2023-10-12,Giải ba,412,6
00324,2023-10-12,Giải ba,706,7
00324,2023-10-12,Giải Đặc biệt,039,0
00324,2023-10-12,Giải Đặc biệt,748,1
00324,2023-10-12,Giải nhất,140,0
00324,2023-10-12,Giải nhất,413,1
00324,2023-10-12,Giải nhất,173,2
00324,2023-10-12,Giải nhất,357,3
00324,2023-10-12,Giải nhì,746,0
00324,2023-10-12,Giải nhì,324,1
00324,2023-10-12,Giải nhì,985,2
00324,2023-10-12,Giải nhì,122,3
00324,2023-10-12,Giải nhì,389,4
00324,2023-10-12,Giải nhì,389,5
00323,2023-10-10,Giải ba,834,0
00323,2023-10-10,Giải ba,467,1
00323,2023-10-10,Giải ba,723,2
00323,2023-10-10,Giải ba,386,3
00323,2023-10-10,Giải ba,214,4
00323,2023-10-10,Giải ba,603,5
00323,2023-10-10,Giải ba,746,6
00323,2023-10-10,Giải ba,671,7
00323,2023-10-10,Giải Đặc biệt,884,0
00323,2023-10-10,Giải Đặc biệt,242,1
00323,2023-10-10,Giải nhất,338,0
00323,2023-10-10,Giải nhất,455,1
00323,2023-10-10,Giải nhất,069,2
00323,2023-10-10,Giải nhất,442,3
00323,2023-10-10,Giải nhì,466,0
00323,2023-10-10,Giải nhì,622,1
00323,2023-10-10,Giải nhì,249,2
00323,2023-10-10,Giải nhì,075,3
00323,2023-10-10,Giải nhì,744,4
00323,2023-10-10,Giải nhì,321,5
00322,2023-10-07,Giải ba,573,0
00322,2023-10-07,Giải ba,256,1
00322,2023-10-07,Giải ba,682,2
00322,2023-10-07,Giải ba,946,3
00322,2023-10-07,Giải ba,216,4
00322,2023-10-07,Giải ba,755,5
00322,2023-10-07,Giải ba,603,6
00322,2023-10-07,Giải ba,198,7
00322,2023-10-07,Giải Đặc biệt,482,0
00322,2023-10-07,Giải Đặc biệt,091,1
00322,2023-10-07,Giải nhất,456,0
00322,2023-10-07,Giải nhất,242,1
00322,2023-10-07,Giải nhất,147,2
00322,2023-10-07,Giải nhất,455,3
00322,2023-10-07,Giải nhì,573,0
00322,2023-10-07,Giải nhì,605,1
00322,2023-10-07,Giải nhì,618,2
00322,2023-10-07,Giải nhì,044,3
00322,2023-10-07,Giải nhì,206,4
00322,2023-10-07,Giải nhì,788,5
00321,2023-10-05,Giải ba,917,0
00321,2023-10-05,Giải ba,028,1
00321,2023-10-05,Giải ba,172,2
00321,2023-10-05,Giải ba,184,3
00321,2023-10-05,Giải ba,765,4
00321,2023-10-05,Giải ba,244,5
00321,2023-10-05,Giải ba,039,6
00321,2023-10-05,Giải ba,254,7
00321,2023-10-05,Giải Đặc biệt,416,0
00321,2023-10-05,Giải Đặc biệt,406,1
00321,2023-10-05,Giải nhất,526,0
00321,2023-10-05,Giải nhất,474,1
00321,2023-10-05,Giải nhất,913,2
00321,2023-10-05,Giải nhất,646,3
00321,2023-10-05,Giải nhì,494,0
00321,2023-10-05,Giải nhì,876,1
00321,2023-10-05,Giải nhì,392,2
00321,2023-10-05,Giải nhì,197,3
00321,2023-10-05,Giải nhì,787,4
00321,2023-10-05,Giải nhì,356,5
00320,2023-10-03,Giải ba,018,0
00320,2023-10-03,Giải ba,776,1
00320,2023-10-03,Giải ba,745,2
00320,2023-10-03,Giải ba,576,3
00320,2023-10-03,Giải ba,577,4
00320,2023-10-03,Giải ba,839,5
00320,2023-10-03,Giải ba,201,6
00320,2023-10-03,Giải ba,593,7
00320,2023-10-03,Giải Đặc biệt,321,0
00320,2023-10-03,Giải Đặc biệt,944,1
00320,2023-10-03,Giải nhất,346,0
00320,2023-10-03,Giải nhất,470,1
00320,2023-10-03,Giải nhất,680,2
00320,2023-10-03,Giải nhất,385,3
00320,2023-10-03,Giải nhì,115,0
00320,2023-10-03,Giải nhì,003,1
00320,2023-10-03,Giải nhì,566,2
00320,2023-10-03,Giải nhì,859,3
00320,2023-10-03,Giải nhì,162,4
00320,2023-10-03,Giải nhì,755,5
00319,2023-09-30,Giải ba,817,0
00319,2023-09-30,Giải ba,142,1
00319,2023-09-30,Giải ba,727,2
00319,2023-09-30,Giải ba,096,3
00319,2023-09-30,Giải ba,058,4
00319,2023-09-30,Giải ba,186,5
00319,2023-09-30,Giải ba,038,6
00319,2023-09-30,Giải ba,925,7
00319,2023-09-30,Giải Đặc biệt,547,0
00319,2023-09-30,Giải Đặc biệt,183,1
00319,2023-09-30,Giải nhất,160,0
00319,2023-09-30,Giải nhất,781,1
00319,2023-09-30,Giải nhất,005,2
00319,2023-09-30,Giải nhất,243,3
00319,2023-09-30,Giải nhì,190,0
00319,2023-09-30,Giải nhì,573,1
00319,2023-09-30,Giải nhì,151,2
00319,2023-09-30,Giải nhì,063,3
00319,2023-09-30,Giải nhì,498,4
00319,2023-09-30,Giải nhì,634,5
00318,2023-09-28,Giải ba,222,0
00318,2023-09-28,Giải ba,263,1
00318,2023-09-28,Giải ba,567,2
00318,2023-09-28,Giải ba,804,3
00318,2023-09-28,Giải ba,309,4
00318,2023-09-28,Giải ba,798,5
00318,2023-09-28,Giải ba,566,6
00318,2023-09-28,Giải ba,183,7
00318,2023-09-28,Giải Đặc biệt,912,0
00318,2023-09-28,Giải Đặc biệt,737,1
00318,2023-09-28,Giải nhất,871,0
00318,2023-09-28,Giải nhất,811,1
00318,2023-09-28,Giải nhất,641,2
00318,2023-09-28,Giải nhất,618,3
00318,2023-09-28,Giải nhì,987,0
00318,2023-09-28,Giải nhì,350,1
00318,2023-09-28,Giải nhì,747,2
00318,2023-09-28,Giải nhì,083,3
00318,2023-09-28,Giải nhì,825,4
00318,2023-09-28,Giải nhì,846,5
00317,2023-09-26,Giải ba,162,0
00317,2023-09-26,Giải ba,596,1
00317,2023-09-26,Giải ba,330,2
00317,2023-09-26,Giải ba,304,3
00317,2023-09-26,Giải ba,106,4
00317,2023-09-26,Giải ba,344,5
00317,2023-09-26,Giải ba,814,6
00317,2023-09-26,Giải ba,473,7
00317,2023-09-26,Giải Đặc biệt,349,0
00317,2023-09-26,Giải Đặc biệt,334,1
00317,2023-09-26,Giải nhất,654,0
00317,2023-09-26,Giải nhất,636,1
00317,2023-09-26,Giải nhất,956,2
00317,2023-09-26,Giải nhất,281,3
00317,2023-09-26,Giải nhì,204,0
00317,2023-09-26,Giải nhì,663,1
00317,2023-09-26,Giải nhì,345,2
00317,2023-09-26,Giải nhì,424,3
00317,2023-09-26,Giải nhì,467,4
00317,2023-09-26,Giải nhì,976,5
00316,2023-09-23,Giải ba,569,0
00316,2023-09-23,Giải ba,006,1
00316,2023-09-23,Giải ba,646,2
00316,2023-09-23,Giải ba,084,3
00316,2023-09-23,Giải ba,373,4
00316,2023-09-23,Giải ba,132,5
00316,2023-09-23,Giải ba,356,6
00316,2023-09-23,Giải ba,385,7
00316,2023-09-23,Giải Đặc biệt,276,0
00316,2023-09-23,Giải Đặc biệt,623,1
00316,2023-09-23,Giải nhất,419,0
00316,2023-09-23,Giải nhất,598,1
00316,2023-09-23,Giải nhất,365,2
00316,2023-09-23,Giải nhất,551,3
00316,2023-09-23,Giải nhì,310,0
00316,2023-09-23,Giải nhì,701,1
00316,2023-09-23,Giải nhì,329,2
00316,2023-09-23,Giải nhì,986,3
00316,2023-09-23,Giải nhì,570,4
00316,2023-09-23,Giải nhì,351,5
00315,2023-09-21,Giải ba,523,0
00315,2023-09-21,Giải ba,346,1
00315,2023-09-21,Giải ba,903,2
00315,2023-09-21,Giải ba,201,3
00315,2023-09-21,Giải ba,704,4
00315,2023-09-21,Giải ba,543,5
00315,2023-09-21,Giải ba,805,6
00315,2023-09-21,Giải ba,091,7
00315,2023-09-21,Giải Đặc biệt,216,0
00315,2023-09-21,Giải Đặc biệt,145,1
00315,2023-09-21,Giải nhất,881,0
00315,2023-09-21,Giải nhất,992,1
00315,2023-09-21,Giải nhất,026,2
00315,2023-09-21,Giải nhất,968,3
00315,2023-09-21,Giải nhì,863,0
00315,2023-09-21,Giải nhì,418,1
00315,2023-09-21,Giải nhì,758,2
00315,2023-09-21,Giải nhì,008,3
00315,2023-09-21,Giải nhì,754,4
00315,2023-09-21,Giải nhì,901,5
00314,2023-09-19,Giải ba,759,0
00314,2023-09-19,Giải ba,497,1
00314,2023-09-19,Giải ba,769,2
00314,2023-09-19,Giải ba,282,3
00314,2023-09-19,Giải ba,741,4
00314,2023-09-19,Giải ba,907,5
00314,2023-09-19,Giải ba,827,6
00314,2023-09-19,Giải ba,334,7
00314,2023-09-19,Giải Đặc biệt,408,0
00314,2023-09-19,Giải Đặc biệt,535,1
00314,2023-09-19,Giải nhất,770,0
00314,2023-09-19,Giải nhất,675,1
00314,2023-09-19,Giải nhất,831,2
00314,2023-09-19,Giải nhất,097,3
00314,2023-09-19,Giải nhì,802,0
00314,2023-09-19,Giải nhì,965,1
00314,2023-09-19,Giải nhì,890,2
00314,2023-09-19,Giải nhì,776,3
00314,2023-09-19,Giải nhì,239,4
00314,2023-09-19,Giải nhì,585,5
00313,2023-09-16,Giải ba,086,0
00313,2023-09-16,Giải ba,597,1
00313,2023-09-16,Giải ba,407,2
00313,2023-09-16,Giải ba,480,3
00313,2023-09-16,Giải ba,733,4
00313,2023-09-16,Giải ba,662,5
00313,2023-09-16,Giải ba,500,6
00313,2023-09-16,Giải ba,442,7
00313,2023-09-16,Giải Đặc biệt,955,0
00313,2023-09-16,Giải Đặc biệt,646,1
00313,2023-09-16,Giải nhất,720,0
00313,2023-09-16,Giải nhất,422,1
00313,2023-09-16,Giải nhất,088,2
00313,2023-09-16,Giải nhất,216,3
00313,2023-09-16,Giải nhì,089,0
00313,2023-09-16,Giải nhì,102,1
00313,2023-09-16,Giải nhì,884,2
00313,2023-09-16,Giải nhì,868,3
00313,2023-09-16,Giải nhì,885,4
00313,2023-09-16,Giải nhì,812,5
00312,2023-09-14,Giải ba,439,0
00312,2023-09-14,Giải ba,434,1
00312,2023-09-14,Giải ba,573,2
00312,2023-09-14,Giải ba,711,3
00312,2023-09-14,Giải ba,965,4
00312,2023-09-14,Giải ba,674,5
00312,2023-09-14,Giải ba,242,6
00312,2023-09-14,Giải ba,260,7
00312,2023-09-14,Giải Đặc biệt,853,0
00312,2023-09-14,Giải Đặc biệt,466,1
00312,2023-09-14,Giải nhất,712,0
00312,2023-09-14,Giải nhất,599,1
00312,2023-09-14,Giải nhất,854,2
00312,2023-09-14,Giải nhất,688,3
00312,2023-09-14,Giải nhì,942,0
00312,2023-09-14,Giải nhì,505,1
00312,2023-09-14,Giải nhì,741,2
00312,2023-09-14,Giải nhì,816,3
00312,2023-09-14,Giải nhì,805,4
00312,2023-09-14,Giải nhì,466,5
00311,2023-09-12,Giải ba,722,0
00311,2023-09-12,Giải ba,634,1
00311,2023-09-12,Giải ba,272,2
00311,2023-09-12,Giải ba,429,3
00311,2023-09-12,Giải ba,291,4
00311,2023-09-12,Giải ba,144,5
00311,2023-09-12,Giải ba,416,6
00311,2023-09-12,Giải ba,979,7
00311,2023-09-12,Giải Đặc biệt,716,0
00311,2023-09-12,Giải Đặc biệt,304,1
00311,2023-09-12,Giải nhất,149,0
00311,2023-09-12,Giải nhất,190,1
00311,2023-09-12,Giải nhất,573,2
00311,2023-09-12,Giải nhất,047,3
00311,2023-09-12,Giải nhì,722,0
00311,2023-09-12,Giải nhì,977,1
00311,2023-09-12,Giải nhì,303,2
00311,2023-09-12,Giải nhì,655,3
00311,2023-09-12,Giải nhì,194,4
00311,2023-09-12,Giải nhì,791,5
00310,2023-09-09,Giải ba,813,0
00310,2023-09-09,Giải ba,990,1
00310,2023-09-09,Giải ba,019,2
00310,2023-09-09,Giải ba,078,3
00310,2023-09-09,Giải ba,708,4
00310,2023-09-09,Giải ba,986,5
00310,2023-09-09,Giải ba,159,6
00310,2023-09-09,Giải ba,734,7
00310,2023-09-09,Giải Đặc biệt,547,0
00310,2023-09-09,Giải Đặc biệt,535,1
00310,2023-09-09,Giải nhất,908,0
00310,2023-09-09,Giải nhất,107,1
00310,2023-09-09,Giải nhất,620,2
00310,2023-09-09,Giải nhất,579,3
00310,2023-09-09,Giải nhì,202,0
00310,2023-09-09,Giải nhì,424,1
00310,2023-09-09,Giải nhì,537,2
00310,2023-09-09,Giải nhì,571,3
00310,2023-09-09,Giải nhì,809,4
00310,2023-09-09,Giải nhì,611,5
00309,2023-09-07,Giải ba,300,0
00309,2023-09-07,Giải ba,110,1
00309,2023-09-07,Giải ba,349,2
00309,2023-09-07,Giải ba,279,3
00309,2023-09-07,Giải ba,363,4
00309,2023-09-07,Giải ba,246,5
00309,2023-09-07,Giải ba,792,6
00309,2023-09-07,Giải ba,944,7
00309,2023-09-07,Giải Đặc biệt,091,0
00309,2023-09-07,Giải Đặc biệt,435,1
00309,2023-09-07,Giải nhất,316,0
00309,2023-09-07,Giải nhất,276,1
00309,2023-09-07,Giải nhất,362,2
00309,2023-09-07,Giải nhất,761,3
00309,2023-09-07,Giải nhì,454,0
00309,2023-09-07,Giải nhì,417,1
00309,2023-09-07,Giải nhì,337,2
00309,2023-09-07,Giải nhì,904,3
00309,2023-09-07,Giải nhì,215,4
00309,2023-09-07,Giải nhì,500,5
00308,2023-09-05,Giải ba,193,0
00308,2023-09-05,Giải ba,570,1
00308,2023-09-05,Giải ba,312,2
00308,2023-09-05,Giải ba,446,3
00308,2023-09-05,Giải ba,267,4
00308,2023-09-05,Giải ba,932,5
00308,2023-09-05,Giải ba,220,6
00308,2023-09-05,Giải ba,852,7
00308,2023-09-05,Giải Đặc biệt,245,0
00308,2023-09-05,Giải Đặc biệt,356,1
00308,2023-09-05,Giải nhất,936,0
00308,2023-09-05,Giải nhất,297,1
00308,2023-09-05,Giải nhất,306,2
00308,2023-09-05,Giải nhất,237,3
00308,2023-09-05,Giải nhì,702,0
00308,2023-09-05,Giải nhì,686,1
00308,2023-09-05,Giải nhì,285,2
00308,2023-09-05,Giải nhì,429,3
00308,2023-09-05,Giải nhì,451,4
00308,2023-09-05,Giải nhì,304,5
00307,2023-09-02,Giải ba,733,0
00307,2023-09-02,Giải ba,529,1
00307,2023-09-02,Giải ba,168,2
00307,2023-09-02,Giải ba,513,3
00307,2023-09-02,Giải ba,099,4
00307,2023-09-02,Giải ba,587,5
00307,2023-09-02,Giải ba,906,6
00307,2023-09-02,Giải ba,363,7
00307,2023-09-02,Giải Đặc biệt,320,0
00307,2023-09-02,Giải Đặc biệt,804,1
00307,2023-09-02,Giải nhất,668,0
00307,2023-09-02,Giải nhất,675,1
00307,2023-09-02,Giải nhất,023,2
00307,2023-09-02,Giải nhất,110,3
00307,2023-09-02,Giải nhì,116,0
00307,2023-09-02,Giải nhì,022,1
00307,2023-09-02,Giải nhì,257,2
00307,2023-09-02,Giải nhì,657,3
00307,2023-09-02,Giải nhì,520,4
00307,2023-09-02,Giải nhì,119,5
00306,2023-08-31,Giải ba,706,0
00306,2023-08-31,Giải ba,322,1
00306,2023-08-31,Giải ba,429,2
00306,2023-08-31,Giải ba,106,3
00306,2023-08-31,Giải ba,074,4
00306,2023-08-31,Giải ba,421,5
00306,2023-08-31,Giải ba,219,6
00306,2023-08-31,Giải ba,026,7
00306,2023-08-31,Giải Đặc biệt,491,0
00306,2023-08-31,Giải Đặc biệt,802,1
00306,2023-08-31,Giải nhất,806,0
00306,2023-08-31,Giải nhất,298,1
00306,2023-08-31,Giải nhất,258,2
00306,2023-08-31,Giải nhất,849,3
00306,2023-08-31,Giải nhì,599,0
00306,2023-08-31,Giải nhì,914,1
00306,2023-08-31,Giải nhì,728,2
00306,2023-08-31,Giải nhì,539,3
00306,2023-08-31,Giải nhì,265,4
00306,2023-08-31,Giải nhì,961,5
00305,2023-08-29,Giải ba,664,0
00305,2023-08-29,Giải ba,090,1
00305,2023-08-29,Giải ba,673,2
00305,2023-08-29,Giải ba,367,3
00305,2023-08-29,Giải ba,235,4
00305,2023-08-29,Giải ba,475,5
00305,2023-08-29,Giải ba,754,6
00305,2023-08-29,Giải ba,536,7
00305,2023-08-29,Giải Đặc biệt,882,0
00305,2023-08-29,Giải Đặc biệt,636,1
00305,2023-08-29,Giải nhất,655,0
00305,2023-08-29,Giải nhất,293,1
00305,2023-08-29,Giải nhất,194,2
00305,2023-08-29,Giải nhất,097,3
00305,2023-08-29,Giải nhì,739,0
00305,2023-08-29,Giải nhì,315,1
00305,2023-08-29,Giải nhì,617,2
00305,2023-08-29,Giải nhì,419,3
00305,2023-08-29,Giải nhì,333,4
00305,2023-08-29,Giải nhì,300,5
00304,2023-08-26,Giải ba,324,0
00304,2023-08-26,Giải ba,591,1
00304,2023-08-26,Giải ba,032,2
00304,2023-08-26,Giải ba,837,3
00304,2023-08-26,Giải ba,084,4
00304,2023-08-26,Giải ba,889,5
00304,2023-08-26,Giải ba,794,6
00304,2023-08-26,Giải ba,361,7
00304,2023-08-26,Giải Đặc biệt,246,0
00304,2023-08-26,Giải Đặc biệt,178,1
00304,2023-08-26,Giải nhất,530,0
00304,2023-08-26,Giải nhất,276,1
00304,2023-08-26,Giải nhất,488,2
00304,2023-08-26,Giải nhất,361,3
00304,2023-08-26,Giải nhì,794,0
00304,2023-08-26,Giải nhì,832,1
00304,2023-08-26,Giải nhì,954,2
00304,2023-08-26,Giải nhì,007,3
00304,2023-08-26,Giải nhì,463,4
00304,2023-08-26,Giải nhì,202,5
00303,2023-08-24,Giải ba,977,0
00303,2023-08-24,Giải ba,915,1
00303,2023-08-24,Giải ba,783,2
00303,2023-08-24,Giải ba,577,3
00303,2023-08-24,Giải ba,799,4
00303,2023-08-24,Giải ba,135,5
00303,2023-08-24,Giải ba,552,6
00303,2023-08-24,Giải ba,133,7
00303,2023-08-24,Giải Đặc biệt,396,0
00303,2023-08-24,Giải Đặc biệt,407,1
00303,2023-08-24,Giải nhất,875,0
00303,2023-08-24,Giải nhất,815,1
00303,2023-08-24,Giải nhất,568,2
00303,2023-08-24,Giải nhất,312,3
00303,2023-08-24,Giải nhì,098,0
00303,2023-08-24,Giải nhì,117,1
00303,2023-08-24,Giải nhì,824,2
00303,2023-08-24,Giải nhì,248,3
00303,2023-08-24,Giải nhì,353,4
00303,2023-08-24,Giải nhì,120,5
00302,2023-08-22,Giải ba,061,0
00302,2023-08-22,Giải ba,080,1
00302,2023-08-22,Giải ba,573,2
00302,2023-08-22,Giải ba,746,3
00302,2023-08-22,Giải ba,923,4
00302,2023-08-22,Giải ba,436,5
00302,2023-08-22,Giải ba,008,6
00302,2023-08-22,Giải ba,740,7
00302,2023-08-22,Giải Đặc biệt,151,0
00302,2023-08-22,Giải Đặc biệt,088,1
00302,2023-08-22,Giải nhất,553,0
00302,2023-08-22,Giải nhất,492,1
00302,2023-08-22,Giải nhất,286,2
00302,2023-08-22,Giải nhất,404,3
00302,2023-08-22,Giải nhì,679,0
00302,2023-08-22,Giải nhì,185,1
00302,2023-08-22,Giải nhì,016,2
00302,2023-08-22,Giải nhì,099,3
00302,2023-08-22,Giải nhì,364,4
00302,2023-08-22,Giải nhì,796,5
00301,2023-08-19,Giải ba,326,0
00301,2023-08-19,Giải ba,974,1
00301,2023-08-19,Giải ba,017,2
00301,2023-08-19,Giải ba,190,3
00301,2023-08-19,Giải ba,036,4
00301,2023-08-19,Giải ba,036,5
00301,2023-08-19,Giải ba,376,6
00301,2023-08-19,Giải ba,143,7
00301,2023-08-19,Giải Đặc biệt,955,0
00301,2023-08-19,Giải Đặc biệt,992,1
00301,2023-08-19,Giải nhất,245,0
00301,2023-08-19,Giải nhất,502,1
00301,2023-08-19,Giải nhất,111,2
00301,2023-08-19,Giải nhất,914,3
00301,2023-08-19,Giải nhì,756,0
00301,2023-08-19,Giải nhì,794,1
00301,2023-08-19,Giải nhì,850,2
00301,2023-08-19,Giải nhì,776,3
00301,2023-08-19,Giải nhì,231,4
00301,2023-08-19,Giải nhì,543,5
00300,2023-08-17,Giải ba,994,0
00300,2023-08-17,Giải ba,645,1
00300,2023-08-17,Giải ba,819,2
00300,2023-08-17,Giải ba,298,3
00300,2023-08-17,Giải ba,628,4
00300,2023-08-17,Giải ba,435,5
00300,2023-08-17,Giải ba,601,6
00300,2023-08-17,Giải ba,684,7
00300,2023-08-17,Giải Đặc biệt,780,0
00300,2023-08-17,Giải Đặc biệt,375,1
00300,2023-08-17,Giải nhất,931,0
00300,2023-08-17,Giải nhất,251,1
00300,2023-08-17,Giải nhất,615,2
00300,2023-08-17,Giải nhất,423,3
00300,2023-08-17,Giải nhì,018,0
00300,2023-08-17,Giải nhì,254,1
00300,2023-08-17,Giải nhì,057,2
00300,2023-08-17,Giải nhì,421,3
00300,2023-08-17,Giải nhì,587,4
00300,2023-08-17,Giải nhì,883,5
00299,2023-08-15,Giải ba,294,0
00299,2023-08-15,Giải ba,421,1
00299,2023-08-15,Giải ba,559,2
00299,2023-08-15,Giải ba,273,3
00299,2023-08-15,Giải ba,363,4
00299,2023-08-15,Giải ba,953,5
00299,2023-08-15,Giải ba,197,6
00299,2023-08-15,Giải ba,026,7
00299,2023-08-15,Giải Đặc biệt,281,0
00299,2023-08-15,Giải Đặc biệt,338,1
00299,2023-08-15,Giải nhất,190,0
00299,2023-08-15,Giải nhất,549,1
00299,2023-08-15,Giải nhất,830,2
00299,2023-08-15,Giải nhất,654,3
00299,2023-08-15,Giải nhì,569,0
00299,2023-08-15,Giải nhì,457,1
00299,2023-08-15,Giải nhì,918,2
00299,2023-08-15,Giải nhì,421,3
00299,2023-08-15,Giải nhì,601,4
00299,2023-08-15,Giải nhì,451,5
00298,2023-08-12,Giải ba,583,0
00298,2023-08-12,Giải ba,856,1
00298,2023-08-12,Giải ba,158,2
00298,2023-08-12,Giải ba,835,3
00298,2023-08-12,Giải ba,754,4
00298,2023-08-12,Giải ba,901,5
00298,2023-08-12,Giải ba,688,6
00298,2023-08-12,Giải ba,345,7
00298,2023-08-12,Giải Đặc biệt,199,0
00298,2023-08-12,Giải Đặc biệt,203,1
00298,2023-08-12,Giải nhất,135,0
00298,2023-08-12,Giải nhất,687,1
00298,2023-08-12,Giải nhất,430,2
00298,2023-08-12,Giải nhất,420,3
00298,2023-08-12,Giải nhì,439,0
00298,2023-08-12,Giải nhì,074,1
00298,2023-08-12,Giải nhì,948,2
00298,2023-08-12,Giải nhì,853,3
00298,2023-08-12,Giải nhì,179,4
00298,2023-08-12,Giải nhì,602,5
00297,2023-08-10,Giải ba,338,0
00297,2023-08-10,Giải ba,225,1
00297,2023-08-10,Giải ba,595,2
00297,2023-08-10,Giải ba,696,3
00297,2023-08-10,Giải ba,861,4
00297,2023-08-10,Giải ba,206,5
00297,2023-08-10,Giải ba,621,6
00297,2023-08-10,Giải ba,368,7
00297,2023-08-10,Giải Đặc biệt,674,0
00297,2023-08-10,Giải Đặc biệt,303,1
00297,2023-08-10,Giải nhất,401,0
00297,2023-08-10,Giải nhất,164,1
00297,2023-08-10,Giải nhất,251,2
00297,2023-08-10,Giải nhất,429,3
00297,2023-08-10,Giải nhì,033,0
00297,2023-08-10,Giải nhì,082,1
00297,2023-08-10,Giải nhì,071,2
00297,2023-08-10,Giải nhì,259,3
00297,2023-08-10,Giải nhì,329,4
00297,2023-08-10,Giải nhì,093,5
00296,2023-08-08,Giải ba,380,0
00296,2023-08-08,Giải ba,703,1
00296,2023-08-08,Giải ba,222,2
00296,2023-08-08,Giải ba,470,3
00296,2023-08-08,Giải ba,903,4
00296,2023-08-08,Giải ba,282,5
00296,2023-08-08,Giải ba,248,6
00296,2023-08-08,Giải ba,922,7
00296,2023-08-08,Giải Đặc biệt,393,0
00296,2023-08-08,Giải Đặc biệt,589,1
00296,2023-08-08,Giải nhất,773,0
00296,2023-08-08,Giải nhất,574,1
00296,2023-08-08,Giải nhất,650,2
00296,2023-08-08,Giải nhất,685,3
00296,2023-08-08,Giải nhì,585,0
00296,2023-08-08,Giải nhì,362,1
00296,2023-08-08,Giải nhì,551,2
00296,2023-08-08,Giải nhì,488,3
00296,2023-08-08,Giải nhì,572,4
00296,2023-08-08,Giải nhì,103,5
00295,2023-08-05,Giải ba,191,0
00295,2023-08-05,Giải ba,565,1
00295,2023-08-05,Giải ba,502,2
00295,2023-08-05,Giải ba,231,3
00295,2023-08-05,Giải ba,251,4
00295,2023-08-05,Giải ba,266,5
00295,2023-08-05,Giải ba,456,6
00295,2023-08-05,Giải ba,522,7
00295,2023-08-05,Giải Đặc biệt,756,0
00295,2023-08-05,Giải Đặc biệt,749,1
00295,2023-08-05,Giải nhất,454,0
00295,2023-08-05,Giải nhất,940,1
00295,2023-08-05,Giải nhất,920,2
00295,2023-08-05,Giải nhất,352,3
00295,2023-08-05,Giải nhì,676,0
00295,2023-08-05,Giải nhì,688,1
00295,2023-08-05,Giải nhì,694,2
00295,2023-08-05,Giải nhì,122,3
00295,2023-08-05,Giải nhì,340,4
00295,2023-08-05,Giải nhì,607,5
00294,2023-08-03,Giải ba,347,0
00294,2023-08-03,Giải ba,250,1
00294,2023-08-03,Giải ba,743,2
00294,2023-08-03,Giải ba,385,3
00294,2023-08-03,Giải ba,836,4
00294,2023-08-03,Giải ba,827,5
00294,2023-08-03,Giải ba,453,6
00294,2023-08-03,Giải ba,398,7
00294,2023-08-03,Giải Đặc biệt,250,0
00294,2023-08-03,Giải Đặc biệt,387,1
00294,2023-08-03,Giải nhất,542,0
00294,2023-08-03,Giải nhất,059,1
00294,2023-08-03,Giải nhất,457,2
00294,2023-08-03,Giải nhất,416,3
00294,2023-08-03,Giải nhì,482,0
00294,2023-08-03,Giải nhì,220,1
00294,2023-08-03,Giải nhì,174,2
00294,2023-08-03,Giải nhì,427,3
00294,2023-08-03,Giải nhì,740,4
00294,2023-08-03,Giải nhì,409,5
00293,2023-08-01,Giải ba,458,0
00293,2023-08-01,Giải ba,057,1
00293,2023-08-01,Giải ba,880,2
00293,2023-08-01,Giải ba,778,3
00293,2023-08-01,Giải ba,830,4
00293,2023-08-01,Giải ba,048,5
00293,2023-08-01,Giải ba,917,6
00293,2023-08-01,Giải ba,834,7
00293,2023-08-01,Giải Đặc biệt,321,0
00293,2023-08-01,Giải Đặc biệt,854,1
00293,2023-08-01,Giải nhất,938,0
00293,2023-08-01,Giải nhất,470,1
00293,2023-08-01,Giải nhất,388,2
00293,2023-08-01,Giải nhất,728,3
00293,2023-08-01,Giải nhì,732,0
00293,2023-08-01,Giải nhì,302,1
00293,2023-08-01,Giải nhì,865,2
00293,2023-08-01,Giải nhì,346,3
00293,2023-08-01,Giải nhì,093,4
00293,2023-08-01,Giải nhì,307,5
00292,2023-07-29,Giải ba,924,0
00292,2023-07-29,Giải ba,722,1
00292,2023-07-29,Giải ba,593,2
00292,2023-07-29,Giải ba,027,3
00292,2023-07-29,Giải ba,299,4
00292,2023-07-29,Giải ba,701,5
00292,2023-07-29,Giải ba,452,6
00292,2023-07-29,Giải ba,769,7
00292,2023-07-29,Giải Đặc biệt,332,0
00292,2023-07-29,Giải Đặc biệt,872,1
00292,2023-07-29,Giải nhất,536,0
00292,2023-07-29,Giải nhất,912,1
00292,2023-07-29,Giải nhất,134,2
00292,2023-07-29,Giải nhất,716,3
00292,2023-07-29,Giải nhì,875,0
00292,2023-07-29,Giải nhì,118,1
00292,2023-07-29,Giải nhì,439,2
00292,2023-07-29,Giải nhì,295,3
00292,2023-07-29,Giải nhì,848,4
00292,2023-07-29,Giải nhì,241,5
00291,2023-07-27,Giải ba,649,0
00291,2023-07-27,Giải ba,304,1
00291,2023-07-27,Giải ba,415,2
00291,2023-07-27,Giải ba,650,3
00291,2023-07-27,Giải ba,280,4
00291,2023-07-27,Giải ba,216,5
00291,2023-07-27,Giải ba,992,6
00291,2023-07-27,Giải ba,551,7
00291,2023-07-27,Giải Đặc biệt,166,0
00291,2023-07-27,Giải Đặc biệt,484,1
00291,2023-07-27,Giải nhất,985,0
00291,2023-07-27,Giải nhất,071,1
00291,2023-07-27,Giải nhất,653,2
00291,2023-07-27,Giải nhất,185,3
00291,2023-07-27,Giải nhì,049,0
00291,2023-07-27,Giải nhì,357,1
00291,2023-07-27,Giải nhì,290,2
00291,2023-07-27,Giải nhì,635,3
00291,2023-07-27,Giải nhì,151,4
00291,2023-07-27,Giải nhì,119,5
00290,2023-07-25,Giải ba,126,0
00290,2023-07-25,Giải ba,459,1
00290,2023-07-25,Giải ba,533,2
00290,2023-07-25,Giải ba,959,3
00290,2023-07-25,Giải ba,854,4
00290,2023-07-25,Giải ba,146,5
00290,2023-07-25,Giải ba,826,6
00290,2023-07-25,Giải ba,554,7
00290,2023-07-25,Giải Đặc biệt,346,0
00290,2023-07-25,Giải Đặc biệt,285,1
00290,2023-07-25,Giải nhất,861,0
00290,2023-07-25,Giải nhất,647,1
00290,2023-07-25,Giải nhất,742,2
00290,2023-07-25,Giải nhất,161,3
00290,2023-07-25,Giải nhì,955,0
00290,2023-07-25,Giải nhì,254,1
00290,2023-07-25,Giải nhì,804,2
00290,2023-07-25,Giải nhì,229,3
00290,2023-07-25,Giải nhì,819,4
00290,2023-07-25,Giải nhì,197,5
00289,2023-07-22,Giải ba,062,0
00289,2023-07-22,Giải ba,984,1
00289,2023-07-22,Giải ba,802,2
00289,2023-07-22,Giải ba,658,3
00289,2023-07-22,Giải ba,363,4
00289,2023-07-22,Giải ba,995,5
00289,2023-07-22,Giải ba,496,6
00289,2023-07-22,Giải ba,015,7
00289,2023-07-22,Giải Đặc biệt,262,0
00289,2023-07-22,Giải Đặc biệt,948,1
00289,2023-07-22,Giải nhất,587,0
00289,2023-07-22,Giải nhất,676,1
00289,2023-07-22,Giải nhất,864,2
00289,2023-07-22,Giải nhất,564,3
00289,2023-07-22,Giải nhì,819,0
00289,2023-07-22,Giải nhì,158,1
00289,2023-07-22,Giải nhì,448,2
00289,2023-07-22,Giải nhì,747,3
00289,2023-07-22,Giải nhì,546,4
00289,2023-07-22,Giải nhì,789,5
00288,2023-07-20,Giải ba,995,0
00288,2023-07-20,Giải ba,973,1
00288,2023-07-20,Giải ba,156,2
00288,2023-07-20,Giải ba,774,3
00288,2023-07-20,Giải ba,785,4
00288,2023-07-20,Giải ba,881,5
00288,2023-07-20,Giải ba,310,6
00288,2023-07-20,Giải ba,997,7
00288,2023-07-20,Giải Đặc biệt,935,0
00288,2023-07-20,Giải Đặc biệt,107,1
00288,2023-07-20,Giải nhất,655,0
00288,2023-07-20,Giải nhất,914,1
00288,2023-07-20,Giải nhất,324,2
00288,2023-07-20,Giải nhất,984,3
00288,2023-07-20,Giải nhì,625,0
00288,2023-07-20,Giải nhì,189,1
00288,2023-07-20,Giải nhì,359,2
00288,2023-07-20,Giải nhì,956,3
00288,2023-07-20,Giải nhì,828,4
00288,2023-07-20,Giải nhì,417,5
00287,2023-07-18,Giải ba,114,0
00287,2023-07-18,Giải ba,280,1
00287,2023-07-18,Giải ba,419,2
00287,2023-07-18,Giải ba,341,3
00287,2023-07-18,Giải ba,406,4
00287,2023-07-18,Giải ba,720,5
00287,2023-07-18,Giải ba,095,6
00287,2023-07-18,Giải ba,124,7
00287,2023-07-18,Giải Đặc biệt,000,0
00287,2023-07-18,Giải Đặc biệt,524,1
00287,2023-07-18,Giải nhất,997,0
00287,2023-07-18,Giải nhất,315,1
00287,2023-07-18,Giải nhất,262,2
00287,2023-07-18,Giải nhất,076,3
00287,2023-07-18,Giải nhì,004,0
00287,2023-07-18,Giải nhì,077,1
00287,2023-07-18,Giải nhì,633,2
00287,2023-07-18,Giải nhì,679,3
00287,2023-07-18,Giải nhì,324,4
00287,2023-07-18,Giải nhì,195,5
00286,2023-07-15,Giải ba,939,0
00286,2023-07-15,Giải ba,931,1
00286,2023-07-15,Giải ba,017,2
00286,2023-07-15,Giải ba,546,3
00286,2023-07-15,Giải ba,684,4
00286,2023-07-15,Giải ba,812,5
00286,2023-07-15,Giải ba,749,6
00286,2023-07-15,Giải ba,280,7
00286,2023-07-15,Giải Đặc biệt,010,0
00286,2023-07-15,Giải Đặc biệt,193,1
00286,2023-07-15,Giải nhất,742,0
00286,2023-07-15,Giải nhất,090,1
00286,2023-07-15,Giải nhất,393,2
00286,2023-07-15,Giải nhất,697,3
00286,2023-07-15,Giải nhì,543,0
00286,2023-07-15,Giải nhì,776,1
00286,2023-07-15,Giải nhì,530,2
00286,2023-07-15,Giải nhì,357,3
00286,2023-07-15,Giải nhì,295,4
00286,2023-07-15,Giải nhì,221,5
00285,2023-07-13,Giải ba,322,0
00285,2023-07-13,Giải ba,106,1
00285,2023-07-13,Giải ba,636,2
00285,2023-07-13,Giải ba,472,3
00285,2023-07-13,Giải ba,116,4
00285,2023-07-13,Giải ba,064,5
00285,2023-07-13,Giải ba,586,6
00285,2023-07-13,Giải ba,462,7
00285,2023-07-13,Giải Đặc biệt,139,0
00285,2023-07-13,Giải Đặc biệt,579,1
00285,2023-07-13,Giải nhất,821,0
00285,2023-07-13,Giải nhất,603,1
00285,2023-07-13,Giải nhất,626,2
00285,2023-07-13,Giải nhất,587,3
00285,2023-07-13,Giải nhì,100,0
00285,2023-07-13,Giải nhì,789,1
00285,2023-07-13,Giải nhì,215,2
00285,2023-07-13,Giải nhì,337,3
00285,2023-07-13,Giải nhì,302,4
00285,2023-07-13,Giải nhì,479,5
00284,2023-07-11,Giải ba,060,0
00284,2023-07-11,Giải ba,881,1
00284,2023-07-11,Giải ba,425,2
00284,2023-07-11,Giải ba,454,3
00284,2023-07-11,Giải ba,953,4
00284,2023-07-11,Giải ba,718,5
00284,2023-07-11,Giải ba,608,6
00284,2023-07-11,Giải ba,925,7
00284,2023-07-11,Giải Đặc biệt,220,0
00284,2023-07-11,Giải Đặc biệt,469,1
00284,2023-07-11,Giải nhất,990,0
00284,2023-07-11,Giải nhất,038,1
00284,2023-07-11,Giải nhất,412,2
00284,2023-07-11,Giải nhất,624,3
00284,2023-07-11,Giải nhì,661,0
00284,2023-07-11,Giải nhì,418,1
00284,2023-07-11,Giải nhì,114,2
00284,2023-07-11,Giải nhì,391,3
00284,2023-07-11,Giải nhì,201,4
00284,2023-07-11,Giải nhì,946,5
00283,2023-07-08,Giải ba,787,0
00283,2023-07-08,Giải ba,424,1
00283,2023-07-08,Giải ba,617,2
00283,2023-07-08,Giải ba,188,3
00283,2023-07-08,Giải ba,960,4
00283,2023-07-08,Giải ba,415,5
00283,2023-07-08,Giải ba,987,6
00283,2023-07-08,Giải ba,597,7
00283,2023-07-08,Giải Đặc biệt,008,0
00283,2023-07-08,Giải Đặc biệt,025,1
00283,2023-07-08,Giải nhất,451,0
00283,2023-07-08,Giải nhất,895,1
00283,2023-07-08,Giải nhất,503,2
00283,2023-07-08,Giải nhất,623,3
00283,2023-07-08,Giải nhì,428,0
00283,2023-07-08,Giải nhì,789,1
00283,2023-07-08,Giải nhì,196,2
00283,2023-07-08,Giải nhì,946,3
00283,2023-07-08,Giải nhì,021,4
00283,2023-07-08,Giải nhì,410,5
00282,2023-07-06,Giải ba,190,0
00282,2023-07-06,Giải ba,156,1
00282,2023-07-06,Giải ba,540,2
00282,2023-07-06,Giải ba,851,3
00282,2023-07-06,Giải ba,768,4
00282,2023-07-06,Giải ba,680,5
00282,2023-07-06,Giải ba,675,6
00282,2023-07-06,Giải ba,470,7
00282,2023-07-06,Giải Đặc biệt,174,0
00282,2023-07-06,Giải Đặc biệt,623,1
00282,2023-07-06,Giải nhất,333,0
00282,2023-07-06,Giải nhất,095,1
00282,2023-07-06,Giải nhất,887,2
00282,2023-07-06,Giải nhất,066,3
00282,2023-07-06,Giải nhì,248,0
00282,2023-07-06,Giải nhì,701,1
00282,2023-07-06,Giải nhì,605,2
00282,2023-07-06,Giải nhì,608,3
00282,2023-07-06,Giải nhì,256,4
00282,2023-07-06,Giải nhì,170,5
00281,2023-07-04,Giải ba,962,0
00281,2023-07-04,Giải ba,170,1
00281,2023-07-04,Giải ba,140,2
00281,2023-07-04,Giải ba,956,3
00281,2023-07-04,Giải ba,033,4
00281,2023-07-04,Giải ba,548,5
00281,2023-07-04,Giải ba,477,6
00281,2023-07-04,Giải ba,852,7
00281,2023-07-04,Giải Đặc biệt,065,0
00281,2023-07-04,Giải Đặc biệt,078,1
00281,2023-07-04,Giải nhất,025,0
00281,2023-07-04,Giải nhất,965,1
00281,2023-07-04,Giải nhất,119,2
00281,2023-07-04,Giải nhất,917,3
00281,2023-07-04,Giải nhì,502,0
00281,2023-07-04,Giải nhì,755,1
00281,2023-07-04,Giải nhì,820,2
00281,2023-07-04,Giải nhì,026,3
00281,2023-07-04,Giải nhì,386,4
00281,2023-07-04,Giải nhì,117,5
00280,2023-07-01,Giải ba,825,0
00280,2023-07-01,Giải ba,741,1
00280,2023-07-01,Giải ba,232,2
00280,2023-07-01,Giải ba,582,3
00280,2023-07-01,Giải ba,906,4
00280,2023-07-01,Giải ba,045,5
00280,2023-07-01,Giải ba,450,6
00280,2023-07-01,Giải ba,974,7
00280,2023-07-01,Giải Đặc biệt,112,0
00280,2023-07-01,Giải Đặc biệt,809,1
00280,2023-07-01,Giải nhất,205,0
00280,2023-07-01,Giải nhất,645,1
00280,2023-07-01,Giải nhất,407,2
00280,2023-07-01,Giải nhất,639,3
00280,2023-07-01,Giải nhì,677,0
00280,2023-07-01,Giải nhì,902,1
00280,2023-07-01,Giải nhì,531,2
00280,2023-07-01,Giải nhì,739,3
00280,2023-07-01,Giải nhì,602,4
00280,2023-07-01,Giải nhì,815,5
00279,2023-06-29,Giải ba,669,0
00279,2023-06-29,Giải ba,702,1
00279,2023-06-29,Giải ba,849,2
00279,2023-06-29,Giải ba,308,3
00279,2023-06-29,Giải ba,954,4
00279,2023-06-29,Giải ba,866,5
00279,2023-06-29,Giải ba,317,6
00279,2023-06-29,Giải ba,558,7
00279,2023-06-29,Giải Đặc biệt,717,0
00279,2023-06-29,Giải Đặc biệt,421,1
00279,2023-06-29,Giải nhất,805,0
00279,2023-06-29,Giải nhất,671,1
00279,2023-06-29,Giải nhất,447,2
00279,2023-06-29,Giải nhất,835,3
00279,2023-06-29,Giải nhì,696,0
00279,2023-06-29,Giải nhì,994,1
00279,2023-06-29,Giải nhì,196,2
00279,2023-06-29,Giải nhì,302,3
00279,2023-06-29,Giải nhì,134,4
00279,2023-06-29,Giải nhì,190,5
00278,2023-06-27,Giải ba,813,0
00278,2023-06-27,Giải ba,171,1
00278,2023-06-27,Giải ba,316,2
00278,2023-06-27,Giải ba,779,3
00278,2023-06-27,Giải ba,800,4
00278,2023-06-27,Giải ba,451,5
00278,2023-06-27,Giải ba,738,6
00278,2023-06-27,Giải ba,258,7
00278,2023-06-27,Giải Đặc biệt,107,0
00278,2023-06-27,Giải Đặc biệt,528,1
00278,2023-06-27,Giải nhất,039,0
00278,2023-06-27,Giải nhất,818,1
00278,2023-06-27,Giải nhất,460,2
00278,2023-06-27,Giải nhất,582,3
00278,2023-06-27,Giải nhì,860,0
00278,2023-06-27,Giải nhì,496,1
00278,2023-06-27,Giải nhì,470,2
00278,2023-06-27,Giải nhì,229,3
00278,2023-06-27,Giải nhì,039,4
00278,2023-06-27,Giải nhì,243,5
00277,2023-06-24,Giải ba,249,0
00277,2023-06-24,Giải ba,555,1
00277,2023-06-24,Giải ba,604,2
00277,2023-06-24,Giải ba,222,3
00277,2023-06-24,Giải ba,129,4
00277,2023-06-24,Giải ba,312,5
00277,2023-06-24,Giải ba,861,6
00277,2023-06-24,Giải ba,127,7
00277,2023-06-24,Giải Đặc biệt,335,0
00277,2023-06-24,Giải Đặc biệt,932,1
00277,2023-06-24,Giải nhất,652,0
00277,2023-06-24,Giải nhất,927,1
00277,2023-06-24,Giải nhất,454,2
00277,2023-06-24,Giải nhất,716,3
00277,2023-06-24,Giải nhì,093,0
00277,2023-06-24,Giải nhì,290,1
00277,2023-06-24,Giải nhì,399,2
00277,2023-06-24,Giải nhì,430,3
00277,2023-06-24,Giải nhì,026,4
00277,2023-06-24,Giải nhì,526,5
00276,2023-06-22,Giải ba,851,0
00276,2023-06-22,Giải ba,639,1
00276,2023-06-22,Giải ba,087,2
00276,2023-06-22,Giải ba,971,3
00276,2023-06-22,Giải ba,943,4
00276,2023-06-22,Giải ba,287,5
00276,2023-06-22,Giải ba,984,6
00276,2023-06-22,Giải ba,132,7
00276,2023-06-22,Giải Đặc biệt,099,0
00276,2023-06-22,Giải Đặc biệt,181,1
00276,2023-06-22,Giải nhất,556,0
00276,2023-06-22,Giải nhất,850,1
00276,2023-06-22,Giải nhất,768,2
00276,2023-06-22,Giải nhất,765,3
00276,2023-06-22,Giải nhì,436,0
00276,2023-06-22,Giải nhì,940,1
00276,2023-06-22,Giải nhì,819,2
00276,2023-06-22,Giải nhì,356,3
00276,2023-06-22,Giải nhì,004,4
00276,2023-06-22,Giải nhì,039,5
00275,2023-06-20,Giải ba,872,0
00275,2023-06-20,Giải ba,229,1
00275,2023-06-20,Giải ba,532,2
00275,2023-06-20,Giải ba,438,3
00275,2023-06-20,Giải ba,598,4
00275,2023-06-20,Giải ba,562,5
00275,2023-06-20,Giải ba,909,6
00275,2023-06-20,Giải ba,790,7
00275,2023-06-20,Giải Đặc biệt,629,0
00275,2023-06-20,Giải Đặc biệt,846,1
00275,2023-06-20,Giải nhất,252,0
00275,2023-06-20,Giải nhất,534,1
00275,2023-06-20,Giải nhất,967,2
00275,2023-06-20,Giải nhất,520,3
00275,2023-06-20,Giải nhì,013,0
00275,2023-06-20,Giải nhì,520,1
00275,2023-06-20,Giải nhì,382,2
00275,2023-06-20,Giải nhì,325,3
00275,2023-06-20,Giải nhì,306,4
00275,2023-06-20,Giải nhì,244,5
00274,2023-06-17,Giải ba,896,0
00274,2023-06-17,Giải ba,522,1
00274,2023-06-17,Giải ba,637,2
00274,2023-06-17,Giải ba,447,3
00274,2023-06-17,Giải ba,775,4
00274,2023-06-17,Giải ba,352,5
00274,2023-06-17,Giải ba,534,6
00274,2023-06-17,Giải ba,766,7
00274,2023-06-17,Giải Đặc biệt,364,0
00274,2023-06-17,Giải Đặc biệt,052,1
00274,2023-06-17,Giải nhất,562,0
00274,2023-06-17,Giải nhất,926,1
00274,2023-06-17,Giải nhất,008,2
00274,2023-06-17,Giải nhất,831,3
00274,2023-06-17,Giải nhì,328,0
00274,2023-06-17,Giải nhì,885,1
00274,2023-06-17,Giải nhì,927,2
00274,2023-06-17,Giải nhì,856,3
00274,2023-06-17,Giải nhì,966,4
00274,2023-06-17,Giải nhì,482,5
00273,2023-06-15,Giải ba,054,0
00273,2023-06-15,Giải ba,062,1
00273,2023-06-15,Giải ba,916,2
00273,2023-06-15,Giải ba,755,3
00273,2023-06-15,Giải ba,832,4
00273,2023-06-15,Giải ba,074,5
00273,2023-06-15,Giải ba,000,6
00273,2023-06-15,Giải ba,706,7
00273,2023-06-15,Giải Đặc biệt,232,0
00273,2023-06-15,Giải Đặc biệt,979,1
00273,2023-06-15,Giải nhất,391,0
00273,2023-06-15,Giải nhất,460,1
00273,2023-06-15,Giải nhất,898,2
00273,2023-06-15,Giải nhất,476,3
00273,2023-06-15,Giải nhì,435,0
00273,2023-06-15,Giải nhì,568,1
00273,2023-06-15,Giải nhì,079,2
00273,2023-06-15,Giải nhì,326,3
00273,2023-06-15,Giải nhì,317,4
00273,2023-06-15,Giải nhì,408,5
00272,2023-06-13,Giải ba,231,0
00272,2023-06-13,Giải ba,199,1
00272,2023-06-13,Giải ba,272,2
00272,2023-06-13,Giải ba,581,3
00272,2023-06-13,Giải ba,316,4
00272,2023-06-13,Giải ba,404,5
00272,2023-06-13,Giải ba,638,6
00272,2023-06-13,Giải ba,872,7
00272,2023-06-13,Giải Đặc biệt,621,0
00272,2023-06-13,Giải Đặc biệt,670,1
00272,2023-06-13,Giải nhất,198,0
00272,2023-06-13,Giải nhất,805,1
00272,2023-06-13,Giải nhất,089,2
00272,2023-06-13,Giải nhất,604,3
00272,2023-06-13,Giải nhì,539,0
00272,2023-06-13,Giải nhì,306,1
00272,2023-06-13,Giải nhì,908,2
00272,2023-06-13,Giải nhì,435,3
00272,2023-06-13,Giải nhì,423,4
00272,2023-06-13,Giải nhì,420,5
00271,2023-06-10,Giải ba,280,0
00271,2023-06-10,Giải ba,245,1
00271,2023-06-10,Giải ba,734,2
00271,2023-06-10,Giải ba,801,3
00271,2023-06-10,Giải ba,502,4
00271,2023-06-10,Giải ba,916,5
00271,2023-06-10,Giải ba,485,6
00271,2023-06-10,Giải ba,183,7
00271,2023-06-10,Giải Đặc biệt,194,0
00271,2023-06-10,Giải Đặc biệt,885,1
00271,2023-06-10,Giải nhất,241,0
00271,2023-06-10,Giải nhất,591,1
00271,2023-06-10,Giải nhất,697,2
00271,2023-06-10,Giải nhất,341,3
00271,2023-06-10,Giải nhì,090,0
00271,2023-06-10,Giải nhì,436,1
00271,2023-06-10,Giải nhì,966,2
00271,2023-06-10,Giải nhì,636,3
00271,2023-06-10,Giải nhì,666,4
00271,2023-06-10,Giải nhì,294,5
00270,2023-06-08,Giải ba,134,0
00270,2023-06-08,Giải ba,520,1
00270,2023-06-08,Giải ba,740,2
00270,2023-06-08,Giải ba,489,3
00270,2023-06-08,Giải ba,907,4
00270,2023-06-08,Giải ba,673,5
00270,2023-06-08,Giải ba,622,6
00270,2023-06-08,Giải ba,143,7
00270,2023-06-08,Giải Đặc biệt,488,0
00270,2023-06-08,Giải Đặc biệt,656,1
00270,2023-06-08,Giải nhất,338,0
00270,2023-06-08,Giải nhất,572,1
00270,2023-06-08,Giải nhất,395,2
00270,2023-06-08,Giải nhất,730,3
00270,2023-06-08,Giải nhì,918,0
00270,2023-06-08,Giải nhì,952,1
00270,2023-06-08,Giải nhì,225,2
00270,2023-06-08,Giải nhì,096,3
00270,2023-06-08,Giải nhì,934,4
00270,2023-06-08,Giải nhì,992,5
00269,2023-06-06,Giải ba,787,0
00269,2023-06-06,Giải ba,374,1
00269,2023-06-06,Giải ba,029,2
00269,2023-06-06,Giải ba,037,3
00269,2023-06-06,Giải ba,732,4
00269,2023-06-06,Giải ba,327,5
00269,2023-06-06,Giải ba,038,6
00269,2023-06-06,Giải ba,195,7
00269,2023-06-06,Giải Đặc biệt,211,0
00269,2023-06-06,Giải Đặc biệt,933,1
00269,2023-06-06,Giải nhất,943,0
00269,2023-06-06,Giải nhất,675,1
00269,2023-06-06,Giải nhất,121,2
00269,2023-06-06,Giải nhất,685,3
00269,2023-06-06,Giải nhì,524,0
00269,2023-06-06,Giải nhì,516,1
00269,2023-06-06,Giải nhì,074,2
00269,2023-06-06,Giải nhì,431,3
00269,2023-06-06,Giải nhì,938,4
00269,2023-06-06,Giải nhì,669,5
00268,2023-06-03,Giải ba,913,0
00268,2023-06-03,Giải ba,118,1
00268,2023-06-03,Giải ba,938,2
00268,2023-06-03,Giải ba,909,3
00268,2023-06-03,Giải ba,161,4
00268,2023-06-03,Giải ba,786,5
00268,2023-06-03,Giải ba,985,6
00268,2023-06-03,Giải ba,756,7
00268,2023-06-03,Giải Đặc biệt,384,0
00268,2023-06-03,Giải Đặc biệt,623,1
00268,2023-06-03,Giải nhất,616,0
00268,2023-06-03,Giải nhất,147,1
00268,2023-06-03,Giải nhất,408,2
00268,2023-06-03,Giải nhất,287,3
00268,2023-06-03,Giải nhì,277,0
00268,2023-06-03,Giải nhì,987,1
00268,2023-06-03,Giải nhì,696,2
00268,2023-06-03,Giải nhì,218,3
00268,2023-06-03,Giải nhì,809,4
00268,2023-06-03,Giải nhì,250,5
00267,2023-06-01,Giải ba,116,0
00267,2023-06-01,Giải ba,588,1
00267,2023-06-01,Giải ba,164,2
00267,2023-06-01,Giải ba,391,3
00267,2023-06-01,Giải ba,929,4
00267,2023-06-01,Giải ba,062,5
00267,2023-06-01,Giải ba,405,6
00267,2023-06-01,Giải ba,560,7
00267,2023-06-01,Giải Đặc biệt,358,0
00267,2023-06-01,Giải Đặc biệt,608,1
00267,2023-06-01,Giải nhất,068,0
00267,2023-06-01,Giải nhất,543,1
00267,2023-06-01,Giải nhất,147,2
00267,2023-06-01,Giải nhất,594,3
00267,2023-06-01,Giải nhì,132,0
00267,2023-06-01,Giải nhì,766,1
00267,2023-06-01,Giải nhì,080,2
00267,2023-06-01,Giải nhì,450,3
00267,2023-06-01,Giải nhì,502,4
00267,2023-06-01,Giải nhì,904,5
00266,2023-05-30,Giải ba,213,0
00266,2023-05-30,Giải ba,319,1
00266,2023-05-30,Giải ba,955,2
00266,2023-05-30,Giải ba,933,3
00266,2023-05-30,Giải ba,580,4
00266,2023-05-30,Giải ba,463,5
00266,2023-05-30,Giải ba,448,6
00266,2023-05-30,Giải ba,157,7
00266,2023-05-30,Giải Đặc biệt,492,0
00266,2023-05-30,Giải Đặc biệt,365,1
00266,2023-05-30,Giải nhất,958,0
00266,2023-05-30,Giải nhất,629,1
00266,2023-05-30,Giải nhất,734,2
00266,2023-05-30,Giải nhất,689,3
00266,2023-05-30,Giải nhì,424,0
00266,2023-05-30,Giải nhì,507,1
00266,2023-05-30,Giải nhì,212,2
00266,2023-05-30,Giải nhì,615,3
00266,2023-05-30,Giải nhì,120,4
00266,2023-05-30,Giải nhì,741,5
00265,2023-05-27,Giải ba,831,0
00265,2023-05-27,Giải ba,814,1
00265,2023-05-27,Giải ba,197,2
00265,2023-05-27,Giải ba,651,3
00265,2023-05-27,Giải ba,954,4
00265,2023-05-27,Giải ba,548,5
00265,2023-05-27,Giải ba,968,6
00265,2023-05-27,Giải ba,007,7
00265,2023-05-27,Giải Đặc biệt,702,0
00265,2023-05-27,Giải Đặc biệt,475,1
00265,2023-05-27,Giải nhất,671,0
00265,2023-05-27,Giải nhất,410,1
00265,2023-05-27,Giải nhất,051,2
00265,2023-05-27,Giải nhất,853,3
00265,2023-05-27,Giải nhì,244,0
00265,2023-05-27,Giải nhì,536,1
00265,2023-05-27,Giải nhì,064,2
00265,2023-05-27,Giải nhì,620,3
00265,2023-05-27,Giải nhì,855,4
00265,2023-05-27,Giải nhì,331,5
00264,2023-05-25,Giải ba,567,0
00264,2023-05-25,Giải ba,780,1
00264,2023-05-25,Giải ba,545,2
00264,2023-05-25,Giải ba,259,3
00264,2023-05-25,Giải ba,754,4
00264,2023-05-25,Giải ba,174,5
00264,2023-05-25,Giải ba,121,6
00264,2023-05-25,Giải ba,634,7
00264,2023-05-25,Giải Đặc biệt,116,0
00264,2023-05-25,Giải Đặc biệt,716,1
00264,2023-05-25,Giải nhất,692,0
00264,2023-05-25,Giải nhất,011,1
00264,2023-05-25,Giải nhất,282,2
00264,2023-05-25,Giải nhất,170,3
00264,2023-05-25,Giải nhì,991,0
00264,2023-05-25,Giải nhì,471,1
00264,2023-05-25,Giải nhì,727,2
00264,2023-05-25,Giải nhì,330,3
00264,2023-05-25,Giải nhì,554,4
00264,2023-05-25,Giải nhì,952,5
00263,2023-05-23,Giải ba,401,0
00263,2023-05-23,Giải ba,026,1
00263,2023-05-23,Giải ba,476,2
00263,2023-05-23,Giải ba,213,3
00263,2023-05-23,Giải ba,116,4
00263,2023-05-23,Giải ba,690,5
00263,2023-05-23,Giải ba,509,6
00263,2023-05-23,Giải ba,841,7
00263,2023-05-23,Giải Đặc biệt,556,0
00263,2023-05-23,Giải Đặc biệt,999,1
00263,2023-05-23,Giải nhất,978,0
00263,2023-05-23,Giải nhất,393,1
00263,2023-05-23,Giải nhất,610,2
00263,2023-05-23,Giải nhất,415,3
00263,2023-05-23,Giải nhì,473,0
00263,2023-05-23,Giải nhì,218,1
00263,2023-05-23,Giải nhì,790,2
00263,2023-05-23,Giải nhì,316,3
00263,2023-05-23,Giải nhì,089,4
00263,2023-05-23,Giải nhì,982,5
00262,2023-05-20,Giải ba,149,0
00262,2023-05-20,Giải ba,975,1
00262,2023-05-20,Giải ba,731,2
00262,2023-05-20,Giải ba,841,3
00262,2023-05-20,Giải ba,269,4
00262,2023-05-20,Giải ba,976,5
00262,2023-05-20,Giải ba,216,6
00262,2023-05-20,Giải ba,130,7
00262,2023-05-20,Giải Đặc biệt,150,0
00262,2023-05-20,Giải Đặc biệt,086,1
00262,2023-05-20,Giải nhất,247,0
00262,2023-05-20,Giải nhất,824,1
00262,2023-05-20,Giải nhất,244,2
00262,2023-05-20,Giải nhất,367,3
00262,2023-05-20,Giải nhì,585,0
00262,2023-05-20,Giải nhì,174,1
00262,2023-05-20,Giải nhì,424,2
00262,2023-05-20,Giải nhì,800,3
00262,2023-05-20,Giải nhì,349,4
00262,2023-05-20,Giải nhì,323,5
00261,2023-05-18,Giải ba,190,0
00261,2023-05-18,Giải ba,799,1
00261,2023-05-18,Giải ba,474,2
00261,2023-05-18,Giải ba,659,3
00261,2023-05-18,Giải ba,231,4
00261,2023-05-18,Giải ba,254,5
00261,2023-05-18,Giải ba,340,6
00261,2023-05-18,Giải ba,014,7
00261,2023-05-18,Giải Đặc biệt,979,0
00261,2023-05-18,Giải Đặc biệt,682,1
00261,2023-05-18,Giải nhất,366,0
00261,2023-05-18,Giải nhất,376,1
00261,2023-05-18,Giải nhất,110,2
00261,2023-05-18,Giải nhất,920,3
00261,2023-05-18,Giải nhì,665,0
00261,2023-05-18,Giải nhì,956,1
00261,2023-05-18,Giải nhì,338,2
00261,2023-05-18,Giải nhì,207,3
00261,2023-05-18,Giải nhì,851,4
00261,2023-05-18,Giải nhì,935,5
00260,2023-05-16,Giải ba,220,0
00260,2023-05-16,Giải ba,663,1
00260,2023-05-16,Giải ba,608,2
00260,2023-05-16,Giải ba,003,3
00260,2023-05-16,Giải ba,342,4
00260,2023-05-16,Giải ba,412,5
00260,2023-05-16,Giải ba,591,6
00260,2023-05-16,Giải ba,963,7
00260,2023-05-16,Giải Đặc biệt,110,0
00260,2023-05-16,Giải Đặc biệt,926,1
00260,2023-05-16,Giải nhất,383,0
00260,2023-05-16,Giải nhất,917,1
00260,2023-05-16,Giải nhất,553,2
00260,2023-05-16,Giải nhất,917,3
00260,2023-05-16,Giải nhì,814,0
00260,2023-05-16,Giải nhì,773,1
00260,2023-05-16,Giải nhì,420,2
00260,2023-05-16,Giải nhì,487,3
00260,2023-05-16,Giải nhì,293,4
00260,2023-05-16,Giải nhì,545,5
00259,2023-05-13,Giải ba,872,0
00259,2023-05-13,Giải ba,693,1
00259,2023-05-13,Giải ba,145,2
00259,2023-05-13,Giải ba,789,3
00259,2023-05-13,Giải ba,195,4
00259,2023-05-13,Giải ba,574,5
00259,2023-05-13,Giải ba,794,6
00259,2023-05-13,Giải ba,160,7
00259,2023-05-13,Giải Đặc biệt,953,0
00259,2023-05-13,Giải Đặc biệt,838,1
00259,2023-05-13,Giải nhất,789,0
00259,2023-05-13,Giải nhất,144,1
00259,2023-05-13,Giải nhất,471,2
00259,2023-05-13,Giải nhất,699,3
00259,2023-05-13,Giải nhì,985,0
00259,2023-05-13,Giải nhì,685,1
00259,2023-05-13,Giải nhì,926,2
00259,2023-05-13,Giải nhì,329,3
00259,2023-05-13,Giải nhì,481,4
00259,2023-05-13,Giải nhì,303,5
00258,2023-05-11,Giải ba,443,0
00258,2023-05-11,Giải ba,109,1
00258,2023-05-11,Giải ba,840,2
00258,2023-05-11,Giải ba,314,3
00258,2023-05-11,Giải ba,547,4
00258,2023-05-11,Giải ba,427,5
00258,2023-05-11,Giải ba,447,6
00258,2023-05-11,Giải ba,806,7
00258,2023-05-11,Giải Đặc biệt,195,0
00258,2023-05-11,Giải Đặc biệt,367,1
00258,2023-05-11,Giải nhất,193,0
00258,2023-05-11,Giải nhất,449,1
00258,2023-05-11,Giải nhất,755,2
00258,2023-05-11,Giải nhất,597,3
00258,2023-05-11,Giải nhì,038,0
00258,2023-05-11,Giải nhì,049,1
00258,2023-05-11,Giải nhì,309,2
00258,2023-05-11,Giải nhì,066,3
00258,2023-05-11,Giải nhì,012,4
00258,2023-05-11,Giải nhì,095,5
00257,2023-05-09,Giải ba,826,0
00257,2023-05-09,Giải ba,510,1
00257,2023-05-09,Giải ba,364,2
00257,2023-05-09,Giải ba,642,3
00257,2023-05-09,Giải ba,985,4
00257,2023-05-09,Giải ba,370,5
00257,2023-05-09,Giải ba,657,6
00257,2023-05-09,Giải ba,874,7
00257,2023-05-09,Giải Đặc biệt,370,0
00257,2023-05-09,Giải Đặc biệt,376,1
00257,2023-05-09,Giải nhất,649,0
00257,2023-05-09,Giải nhất,057,1
00257,2023-05-09,Giải nhất,044,2
00257,2023-05-09,Giải nhất,700,3
00257,2023-05-09,Giải nhì,943,0
00257,2023-05-09,Giải nhì,025,1
00257,2023-05-09,Giải nhì,486,2
00257,2023-05-09,Giải nhì,867,3
00257,2023-05-09,Giải nhì,747,4
00257,2023-05-09,Giải nhì,835,5
00256,2023-05-06,Giải ba,323,0
00256,2023-05-06,Giải ba,513,1
00256,2023-05-06,Giải ba,852,2
00256,2023-05-06,Giải ba,585,3
00256,2023-05-06,Giải ba,696,4
00256,2023-05-06,Giải ba,622,5
00256,2023-05-06,Giải ba,168,6
00256,2023-05-06,Giải ba,058,7
00256,2023-05-06,Giải Đặc biệt,185,0
00256,2023-05-06,Giải Đặc biệt,282,1
00256,2023-05-06,Giải nhất,492,0
00256,2023-05-06,Giải nhất,833,1
00256,2023-05-06,Giải nhất,355,2
00256,2023-05-06,Giải nhất,135,3
00256,2023-05-06,Giải nhì,150,0
00256,2023-05-06,Giải nhì,436,1
00256,2023-05-06,Giải nhì,389,2
00256,2023-05-06,Giải nhì,405,3
00256,2023-05-06,Giải nhì,589,4
00256,2023-05-06,Giải nhì,934,5
00255,2023-05-04,Giải ba,506,0
00255,2023-05-04,Giải ba,866,1
00255,2023-05-04,Giải ba,634,2
00255,2023-05-04,Giải ba,875,3
00255,2023-05-04,Giải ba,187,4
00255,2023-05-04,Giải ba,433,5
00255,2023-05-04,Giải ba,416,6
00255,2023-05-04,Giải ba,132,7
00255,2023-05-04,Giải Đặc biệt,595,0
00255,2023-05-04,Giải Đặc biệt,547,1
00255,2023-05-04,Giải nhất,568,0
00255,2023-05-04,Giải nhất,030,1
00255,2023-05-04,Giải nhất,762,2
00255,2023-05-04,Giải nhất,677,3
00255,2023-05-04,Giải nhì,319,0
00255,2023-05-04,Giải nhì,046,1
00255,2023-05-04,Giải nhì,547,2
00255,2023-05-04,Giải nhì,169,3
00255,2023-05-04,Giải nhì,131,4
00255,2023-05-04,Giải nhì,677,5
00254,2023-05-02,Giải ba,911,0
00254,2023-05-02,Giải ba,482,1
00254,2023-05-02,Giải ba,019,2
00254,2023-05-02,Giải ba,493,3
00254,2023-05-02,Giải ba,157,4
00254,2023-05-02,Giải ba,452,5
00254,2023-05-02,Giải ba,270,6
00254,2023-05-02,Giải ba,514,7
00254,2023-05-02,Giải Đặc biệt,406,0
00254,2023-05-02,Giải Đặc biệt,951,1
00254,2023-05-02,Giải nhất,085,0
00254,2023-05-02,Giải nhất,149,1
00254,2023-05-02,Giải nhất,193,2
00254,2023-05-02,Giải nhất,025,3
00254,2023-05-02,Giải nhì,153,0
00254,2023-05-02,Giải nhì,098,1
00254,2023-05-02,Giải nhì,122,2
00254,2023-05-02,Giải nhì,444,3
00254,2023-05-02,Giải nhì,315,4
00254,2023-05-02,Giải nhì,789,5
00253,2023-04-29,Giải ba,350,0
00253,2023-04-29,Giải ba,578,1
00253,2023-04-29,Giải ba,649,2
00253,2023-04-29,Giải ba,731,3
00253,2023-04-29,Giải ba,636,4
00253,2023-04-29,Giải ba,208,5
00253,2023-04-29,Giải ba,586,6
00253,2023-04-29,Giải ba,948,7
00253,2023-04-29,Giải Đặc biệt,142,0
00253,2023-04-29,Giải Đặc biệt,616,1
00253,2023-04-29,Giải nhất,665,0
00253,2023-04-29,Giải nhất,882,1
00253,2023-04-29,Giải nhất,157,2
00253,2023-04-29,Giải nhất,006,3
00253,2023-04-29,Giải nhì,298,0
00253,2023-04-29,Giải nhì,954,1
00253,2023-04-29,Giải nhì,232,2
00253,2023-04-29,Giải nhì,279,3
00253,2023-04-29,Giải nhì,605,4
00253,2023-04-29,Giải nhì,376,5
00252,2023-04-27,Giải ba,542,0
00252,2023-04-27,Giải ba,117,1
00252,2023-04-27,Giải ba,339,2
00252,2023-04-27,Giải ba,554,3
00252,2023-04-27,Giải ba,520,4
00252,2023-04-27,Giải ba,389,5
00252,2023-04-27,Giải ba,768,6
00252,2023-04-27,Giải ba,088,7
00252,2023-04-27,Giải Đặc biệt,284,0
00252,2023-04-27,Giải Đặc biệt,749,1
00252,2023-04-27,Giải nhất,425,0
00252,2023-04-27,Giải nhất,913,1
00252,2023-04-27,Giải nhất,222,2
00252,2023-04-27,Giải nhất,283,3
00252,2023-04-27,Giải nhì,569,0
00252,2023-04-27,Giải nhì,946,1
00252,2023-04-27,Giải nhì,652,2
00252,2023-04-27,Giải nhì,627,3
00252,2023-04-27,Giải nhì,551,4
00252,2023-04-27,Giải nhì,945,5
00251,2023-04-25,Giải ba,964,0
00251,2023-04-25,Giải ba,552,1
00251,2023-04-25,Giải ba,496,2
00251,2023-04-25,Giải ba,298,3
00251,2023-04-25,Giải ba,500,4
00251,2023-04-25,Giải ba,127,5
00251,2023-04-25,Giải ba,347,6
00251,2023-04-25,Giải ba,370,7
00251,2023-04-25,Giải Đặc biệt,993,0
00251,2023-04-25,Giải Đặc biệt,109,1
00251,2023-04-25,Giải nhất,015,0
00251,2023-04-25,Giải nhất,819,1
00251,2023-04-25,Giải nhất,735,2
00251,2023-04-25,Giải nhất,853,3
00251,2023-04-25,Giải nhì,823,0
00251,2023-04-25,Giải nhì,099,1
00251,2023-04-25,Giải nhì,794,2
00251,2023-04-25,Giải nhì,346,3
00251,2023-04-25,Giải nhì,269,4
00251,2023-04-25,Giải nhì,246,5
00250,2023-04-22,Giải ba,882,0
00250,2023-04-22,Giải ba,648,1
00250,2023-04-22,Giải ba,845,2
00250,2023-04-22,Giải ba,218,3
00250,2023-04-22,Giải ba,542,4
00250,2023-04-22,Giải ba,366,5
00250,2023-04-22,Giải ba,032,6
00250,2023-04-22,Giải ba,452,7
00250,2023-04-22,Giải Đặc biệt,665,0
00250,2023-04-22,Giải Đặc biệt,547,1
00250,2023-04-22,Giải nhất,078,0
00250,2023-04-22,Giải nhất,302,1
00250,2023-04-22,Giải nhất,585,2
00250,2023-04-22,Giải nhất,979,3
00250,2023-04-22,Giải nhì,328,0
00250,2023-04-22,Giải nhì,234,1
00250,2023-04-22,Giải nhì,158,2
00250,2023-04-22,Giải nhì,656,3
00250,2023-04-22,Giải nhì,309,4
00250,2023-04-22,Giải nhì,779,5
00249,2023-04-20,Giải ba,874,0
00249,2023-04-20,Giải ba,963,1
00249,2023-04-20,Giải ba,142,2
00249,2023-04-20,Giải ba,914,3
00249,2023-04-20,Giải ba,757,4
00249,2023-04-20,Giải ba,372,5
00249,2023-04-20,Giải ba,600,6
00249,2023-04-20,Giải ba,796,7
00249,2023-04-20,Giải Đặc biệt,795,0
00249,2023-04-20,Giải Đặc biệt,295,1
00249,2023-04-20,Giải nhất,804,0
00249,2023-04-20,Giải nhất,630,1
00249,2023-04-20,Giải nhất,680,2
00249,2023-04-20,Giải nhất,438,3
00249,2023-04-20,Giải nhì,054,0
00249,2023-04-20,Giải nhì,910,1
00249,2023-04-20,Giải nhì,615,2
00249,2023-04-20,Giải nhì,277,3
00249,2023-04-20,Giải nhì,891,4
00249,2023-04-20,Giải nhì,935,5
00248,2023-04-18,Giải ba,720,0
00248,2023-04-18,Giải ba,244,1
00248,2023-04-18,Giải ba,960,2
00248,2023-04-18,Giải ba,962,3
00248,2023-04-18,Giải ba,877,4
00248,2023-04-18,Giải ba,268,5
00248,2023-04-18,Giải ba,009,6
00248,2023-04-18,Giải ba,925,7
00248,2023-04-18,Giải Đặc biệt,951,0
00248,2023-04-18,Giải Đặc biệt,604,1
00248,2023-04-18,Giải nhất,391,0
00248,2023-04-18,Giải nhất,800,1
00248,2023-04-18,Giải nhất,237,2
00248,2023-04-18,Giải nhất,028,3
00248,2023-04-18,Giải nhì,111,0
00248,2023-04-18,Giải nhì,380,1
00248,2023-04-18,Giải nhì,193,2
00248,2023-04-18,Giải nhì,812,3
00248,2023-04-18,Giải nhì,150,4
00248,2023-04-18,Giải nhì,553,5
00247,2023-04-15,Giải ba,375,0
00247,2023-04-15,Giải ba,756,1
00247,2023-04-15,Giải ba,837,2
00247,2023-04-15,Giải ba,998,3
00247,2023-04-15,Giải ba,865,4
00247,2023-04-15,Giải ba,999,5
00247,2023-04-15,Giải ba,198,6
00247,2023-04-15,Giải ba,759,7
00247,2023-04-15,Giải Đặc biệt,790,0
00247,2023-04-15,Giải Đặc biệt,893,1
00247,2023-04-15,Giải nhất,330,0
00247,2023-04-15,Giải nhất,396,1
00247,2023-04-15,Giải nhất,899,2
00247,2023-04-15,Giải nhất,782,3
00247,2023-04-15,Giải nhì,191,0
00247,2023-04-15,Giải nhì,320,1
00247,2023-04-15,Giải nhì,389,2
00247,2023-04-15,Giải nhì,803,3
00247,2023-04-15,Giải nhì,275,4
00247,2023-04-15,Giải nhì,253,5
00246,2023-04-13,Giải ba,028,0
00246,2023-04-13,Giải ba,674,1
00246,2023-04-13,Giải ba,742,2
00246,2023-04-13,Giải ba,065,3
00246,2023-04-13,Giải ba,957,4
00246,2023-04-13,Giải ba,761,5
00246,2023-04-13,Giải ba,113,6
00246,2023-04-13,Giải ba,626,7
00246,2023-04-13,Giải Đặc biệt,696,0
00246,2023-04-13,Giải Đặc biệt,506,1
00246,2023-04-13,Giải nhất,470,0
00246,2023-04-13,Giải nhất,430,1
00246,2023-04-13,Giải nhất,458,2
00246,2023-04-13,Giải nhất,027,3
00246,2023-04-13,Giải nhì,134,0
00246,2023-04-13,Giải nhì,062,1
00246,2023-04-13,Giải nhì,453,2
00246,2023-04-13,Giải nhì,158,3
00246,2023-04-13,Giải nhì,166,4
00246,2023-04-13,Giải nhì,818,5
00245,2023-04-11,Giải ba,456,0
00245,2023-04-11,Giải ba,101,1
00245,2023-04-11,Giải ba,310,2
00245,2023-04-11,Giải ba,660,3
00245,2023-04-11,Giải ba,060,4
00245,2023-04-11,Giải ba,138,5
00245,2023-04-11,Giải ba,952,6
00245,2023-04-11,Giải ba,696,7
00245,2023-04-11,Giải Đặc biệt,742,0
00245,2023-04-11,Giải Đặc biệt,427,1
00245,2023-04-11,Giải nhất,831,0
00245,2023-04-11,Giải nhất,862,1
00245,2023-04-11,Giải nhất,609,2
00245,2023-04-11,Giải nhất,218,3
00245,2023-04-11,Giải nhì,226,0
00245,2023-04-11,Giải nhì,615,1
00245,2023-04-11,Giải nhì,317,2
00245,2023-04-11,Giải nhì,646,3
00245,2023-04-11,Giải nhì,500,4
00245,2023-04-11,Giải nhì,469,5
00244,2023-04-08,Giải ba,328,0
00244,2023-04-08,Giải ba,765,1
00244,2023-04-08,Giải ba,409,2
00244,2023-04-08,Giải ba,919,3
00244,2023-04-08,Giải ba,222,4
00244,2023-04-08,Giải ba,364,5
00244,2023-04-08,Giải ba,839,6
00244,2023-04-08,Giải ba,617,7
00244,2023-04-08,Giải Đặc biệt,022,0
00244,2023-04-08,Giải Đặc biệt,718,1
00244,2023-04-08,Giải nhất,625,0
00244,2023-04-08,Giải nhất,727,1
00244,2023-04-08,Giải nhất,337,2
00244,2023-04-08,Giải nhất,331,3
00244,2023-04-08,Giải nhì,389,0
00244,2023-04-08,Giải nhì,940,1
00244,2023-04-08,Giải nhì,966,2
00244,2023-04-08,Giải nhì,432,3
00244,2023-04-08,Giải nhì,622,4
00244,2023-04-08,Giải nhì,604,5
00243,2023-04-06,Giải ba,137,0
00243,2023-04-06,Giải ba,429,1
00243,2023-04-06,Giải ba,777,2
00243,2023-04-06,Giải ba,641,3
00243,2023-04-06,Giải ba,143,4
00243,2023-04-06,Giải ba,374,5
00243,2023-04-06,Giải ba,568,6
00243,2023-04-06,Giải ba,377,7
00243,2023-04-06,Giải Đặc biệt,049,0
00243,2023-04-06,Giải Đặc biệt,038,1
00243,2023-04-06,Giải nhất,193,0
00243,2023-04-06,Giải nhất,480,1
00243,2023-04-06,Giải nhất,685,2
00243,2023-04-06,Giải nhất,832,3
00243,2023-04-06,Giải nhì,605,0
00243,2023-04-06,Giải nhì,323,1
00243,2023-04-06,Giải nhì,681,2
00243,2023-04-06,Giải nhì,560,3
00243,2023-04-06,Giải nhì,676,4
00243,2023-04-06,Giải nhì,714,5
00242,2023-04-04,Giải ba,135,0
00242,2023-04-04,Giải ba,436,1
00242,2023-04-04,Giải ba,759,2
00242,2023-04-04,Giải ba,414,3
00242,2023-04-04,Giải ba,851,4
00242,2023-04-04,Giải ba,991,5
00242,2023-04-04,Giải ba,638,6
00242,2023-04-04,Giải ba,869,7
00242,2023-04-04,Giải Đặc biệt,961,0
00242,2023-04-04,Giải Đặc biệt,580,1
00242,2023-04-04,Giải nhất,088,0
00242,2023-04-04,Giải nhất,256,1
00242,2023-04-04,Giải nhất,102,2
00242,2023-04-04,Giải nhất,725,3
00242,2023-04-04,Giải nhì,166,0
00242,2023-04-04,Giải nhì,554,1
00242,2023-04-04,Giải nhì,200,2
00242,2023-04-04,Giải nhì,502,3
00242,2023-04-04,Giải nhì,722,4
00242,2023-04-04,Giải nhì,802,5
00241,2023-04-01,Giải ba,790,0
00241,2023-04-01,Giải ba,274,1
00241,2023-04-01,Giải ba,951,2
00241,2023-04-01,Giải ba,329,3
00241,2023-04-01,Giải ba,313,4
00241,2023-04-01,Giải ba,373,5
00241,2023-04-01,Giải ba,866,6
00241,2023-04-01,Giải ba,379,7
00241,2023-04-01,Giải Đặc biệt,791,0
00241,2023-04-01,Giải Đặc biệt,029,1
00241,2023-04-01,Giải nhất,481,0
00241,2023-04-01,Giải nhất,607,1
00241,2023-04-01,Giải nhất,713,2
00241,2023-04-01,Giải nhất,859,3
00241,2023-04-01,Giải nhì,863,0
00241,2023-04-01,Giải nhì,543,1
00241,2023-04-01,Giải nhì,888,2
00241,2023-04-01,Giải nhì,960,3
00241,2023-04-01,Giải nhì,013,4
00241,2023-04-01,Giải nhì,354,5
00240,2023-03-30,Giải ba,494,0
00240,2023-03-30,Giải ba,869,1
00240,2023-03-30,Giải ba,201,2
00240,2023-03-30,Giải ba,102,3
00240,2023-03-30,Giải ba,845,4
00240,2023-03-30,Giải ba,879,5
00240,2023-03-30,Giải ba,073,6
00240,2023-03-30,Giải ba,855,7
00240,2023-03-30,Giải Đặc biệt,634,0
00240,2023-03-30,Giải Đặc biệt,410,1
00240,2023-03-30,Giải nhất,341,0
00240,2023-03-30,Giải nhất,858,1
00240,2023-03-30,Giải nhất,277,2
00240,2023-03-30,Giải nhất,853,3
00240,2023-03-30,Giải nhì,039,0
00240,2023-03-30,Giải nhì,032,1
00240,2023-03-30,Giải nhì,051,2
00240,2023-03-30,Giải nhì,494,3
00240,2023-03-30,Giải nhì,316,4
00240,2023-03-30,Giải nhì,543,5
00239,2023-03-28,Giải ba,519,0
00239,2023-03-28,Giải ba,788,1
00239,2023-03-28,Giải ba,028,2
00239,2023-03-28,Giải ba,566,3
00239,2023-03-28,Giải ba,523,4
00239,2023-03-28,Giải ba,702,5
00239,2023-03-28,Giải ba,285,6
00239,2023-03-28,Giải ba,238,7
00239,2023-03-28,Giải Đặc biệt,760,0
00239,2023-03-28,Giải Đặc biệt,507,1
00239,2023-03-28,Giải nhất,699,0
00239,2023-03-28,Giải nhất,236,1
00239,2023-03-28,Giải nhất,036,2
00239,2023-03-28,Giải nhất,990,3
00239,2023-03-28,Giải nhì,320,0
00239,2023-03-28,Giải nhì,351,1
00239,2023-03-28,Giải nhì,556,2
00239,2023-03-28,Giải nhì,634,3
00239,2023-03-28,Giải nhì,135,4
00239,2023-03-28,Giải nhì,147,5
00238,2023-03-25,Giải ba,165,0
00238,2023-03-25,Giải ba,896,1
00238,2023-03-25,Giải ba,795,2
00238,2023-03-25,Giải ba,196,3
00238,2023-03-25,Giải ba,433,4
00238,2023-03-25,Giải ba,812,5
00238,2023-03-25,Giải ba,423,6
00238,2023-03-25,Giải ba,753,7
00238,2023-03-25,Giải Đặc biệt,256,0
00238,2023-03-25,Giải Đặc biệt,085,1
00238,2023-03-25,Giải nhất,610,0
00238,2023-03-25,Giải nhất,849,1
00238,2023-03-25,Giải nhất,128,2
00238,2023-03-25,Giải nhất,389,3
00238,2023-03-25,Giải nhì,540,0
00238,2023-03-25,Giải nhì,967,1
00238,2023-03-25,Giải nhì,456,2
00238,2023-03-25,Giải nhì,357,3
00238,2023-03-25,Giải nhì,592,4
00238,2023-03-25,Giải nhì,619,5
00237,2023-03-23,Giải ba,151,0
00237,2023-03-23,Giải ba,746,1
00237,2023-03-23,Giải ba,746,2
00237,2023-03-23,Giải ba,416,3
00237,2023-03-23,Giải ba,901,4
00237,2023-03-23,Giải ba,348,5
00237,2023-03-23,Giải ba,489,6
00237,2023-03-23,Giải ba,215,7
00237,2023-03-23,Giải Đặc biệt,296,0
00237,2023-03-23,Giải Đặc biệt,284,1
00237,2023-03-23,Giải nhất,011,0
00237,2023-03-23,Giải nhất,885,1
00237,2023-03-23,Giải nhất,860,2
00237,2023-03-23,Giải nhất,467,3
00237,2023-03-23,Giải nhì,655,0
00237,2023-03-23,Giải nhì,415,1
00237,2023-03-23,Giải nhì,829,2
00237,2023-03-23,Giải nhì,294,3
00237,2023-03-23,Giải nhì,270,4
00237,2023-03-23,Giải nhì,736,5
00236,2023-03-21,Giải ba,012,0
00236,2023-03-21,Giải ba,177,1
00236,2023-03-21,Giải ba,005,2
00236,2023-03-21,Giải ba,055,3
00236,2023-03-21,Giải ba,034,4
00236,2023-03-21,Giải ba,350,5
00236,2023-03-21,Giải ba,271,6
00236,2023-03-21,Giải ba,106,7
00236,2023-03-21,Giải Đặc biệt,237,0
00236,2023-03-21,Giải Đặc biệt,447,1
00236,2023-03-21,Giải nhất,259,0
00236,2023-03-21,Giải nhất,128,1
00236,2023-03-21,Giải nhất,986,2
00236,2023-03-21,Giải nhất,740,3
00236,2023-03-21,Giải nhì,163,0
00236,2023-03-21,Giải nhì,369,1
00236,2023-03-21,Giải nhì,952,2
00236,2023-03-21,Giải nhì,092,3
00236,2023-03-21,Giải nhì,859,4
00236,2023-03-21,Giải nhì,624,5
00235,2023-03-18,Giải ba,081,0
00235,2023-03-18,Giải ba,281,1
00235,2023-03-18,Giải ba,923,2
00235,2023-03-18,Giải ba,058,3
00235,2023-03-18,Giải ba,749,4
00235,2023-03-18,Giải ba,687,5
00235,2023-03-18,Giải ba,069,6
00235,2023-03-18,Giải ba,259,7
00235,2023-03-18,Giải Đặc biệt,278,0
00235,2023-03-18,Giải Đặc biệt,163,1
00235,2023-03-18,Giải nhất,536,0
00235,2023-03-18,Giải nhất,411,1
00235,2023-03-18,Giải nhất,224,2
00235,2023-03-18,Giải nhất,794,3
00235,2023-03-18,Giải nhì,231,0
00235,2023-03-18,Giải nhì,521,1
00235,2023-03-18,Giải nhì,320,2
00235,2023-03-18,Giải nhì,818,3
00235,2023-03-18,Giải nhì,736,4
00235,2023-03-18,Giải nhì,758,5
00234,2023-03-16,Giải ba,569,0
00234,2023-03-16,Giải ba,534,1
00234,2023-03-16,Giải ba,836,2
00234,2023-03-16,Giải ba,983,3
00234,2023-03-16,Giải ba,862,4
00234,2023-03-16,Giải ba,644,5
00234,2023-03-16,Giải ba,382,6
00234,2023-03-16,Giải ba,300,7
00234,2023-03-16,Giải Đặc biệt,161,0
00234,2023-03-16,Giải Đặc biệt,206,1
00234,2023-03-16,Giải nhất,089,0
00234,2023-03-16,Giải nhất,852,1
00234,2023-03-16,Giải nhất,971,2
00234,2023-03-16,Giải nhất,756,3
00234,2023-03-16,Giải nhì,163,0
00234,2023-03-16,Giải nhì,183,1
00234,2023-03-16,Giải nhì,644,2
00234,2023-03-16,Giải nhì,177,3
00234,2023-03-16,Giải nhì,674,4
00234,2023-03-16,Giải nhì,461,5
00233,2023-03-14,Giải ba,230,0
00233,2023-03-14,Giải ba,303,1
00233,2023-03-14,Giải ba,677,2
00233,2023-03-14,Giải ba,397,3
00233,2023-03-14,Giải ba,048,4
00233,2023-03-14,Giải ba,880,5
00233,2023-03-14,Giải ba,766,6
00233,2023-03-14,Giải ba,385,7
00233,2023-03-14,Giải Đặc biệt,883,0
00233,2023-03-14,Giải Đặc biệt,786,1
00233,2023-03-14,Giải nhất,004,0
00233,2023-03-14,Giải nhất,809,1
00233,2023-03-14,Giải nhất,026,2
00233,2023-03-14,Giải nhất,887,3
00233,2023-03-14,Giải nhì,109,0
00233,2023-03-14,Giải nhì,477,1
00233,2023-03-14,Giải nhì,109,2
00233,2023-03-14,Giải nhì,605,3
00233,2023-03-14,Giải nhì,313,4
00233,2023-03-14,Giải nhì,970,5
00232,2023-03-11,Giải ba,769,0
00232,2023-03-11,Giải ba,480,1
00232,2023-03-11,Giải ba,931,2
00232,2023-03-11,Giải ba,527,3
00232,2023-03-11,Giải ba,578,4
00232,2023-03-11,Giải ba,274,5
00232,2023-03-11,Giải ba,307,6
00232,2023-03-11,Giải ba,116,7
00232,2023-03-11,Giải Đặc biệt,291,0
00232,2023-03-11,Giải Đặc biệt,024,1
00232,2023-03-11,Giải nhất,068,0
00232,2023-03-11,Giải nhất,327,1
00232,2023-03-11,Giải nhất,621,2
00232,2023-03-11,Giải nhất,611,3
00232,2023-03-11,Giải nhì,502,0
00232,2023-03-11,Giải nhì,657,1
00232,2023-03-11,Giải nhì,858,2
00232,2023-03-11,Giải nhì,846,3
00232,2023-03-11,Giải nhì,498,4
00232,2023-03-11,Giải nhì,789,5
00231,2023-03-09,Giải ba,497,0
00231,2023-03-09,Giải ba,749,1
00231,2023-03-09,Giải ba,069,2
00231,2023-03-09,Giải ba,470,3
00231,2023-03-09,Giải ba,432,4
00231,2023-03-09,Giải ba,272,5
00231,2023-03-09,Giải ba,456,6
00231,2023-03-09,Giải ba,592,7
00231,2023-03-09,Giải Đặc biệt,333,0
00231,2023-03-09,Giải Đặc biệt,432,1
00231,2023-03-09,Giải nhất,198,0
00231,2023-03-09,Giải nhất,523,1
00231,2023-03-09,Giải nhất,784,2
00231,2023-03-09,Giải nhất,155,3
00231,2023-03-09,Giải nhì,438,0
00231,2023-03-09,Giải nhì,115,1
00231,2023-03-09,Giải nhì,018,2
00231,2023-03-09,Giải nhì,027,3
00231,2023-03-09,Giải nhì,410,4
00231,2023-03-09,Giải nhì,999,5
00230,2023-03-07,Giải ba,885,0
00230,2023-03-07,Giải ba,664,1
00230,2023-03-07,Giải ba,918,2
00230,2023-03-07,Giải ba,815,3
00230,2023-03-07,Giải ba,313,4
00230,2023-03-07,Giải ba,180,5
00230,2023-03-07,Giải ba,568,6
00230,2023-03-07,Giải ba,045,7
00230,2023-03-07,Giải Đặc biệt,587,0
00230,2023-03-07,Giải Đặc biệt,955,1
00230,2023-03-07,Giải nhất,571,0
00230,2023-03-07,Giải nhất,178,1
00230,2023-03-07,Giải nhất,850,2
00230,2023-03-07,Giải nhất,872,3
00230,2023-03-07,Giải nhì,438,0
00230,2023-03-07,Giải nhì,188,1
00230,2023-03-07,Giải nhì,982,2
00230,2023-03-07,Giải nhì,440,3
00230,2023-03-07,Giải nhì,154,4
00230,2023-03-07,Giải nhì,286,5
00229,2023-03-04,Giải ba,094,0
00229,2023-03-04,Giải ba,682,1
00229,2023-03-04,Giải ba,597,2
00229,2023-03-04,Giải ba,386,3
00229,2023-03-04,Giải ba,086,4
00229,2023-03-04,Giải ba,099,5
00229,2023-03-04,Giải ba,395,6
00229,2023-03-04,Giải ba,257,7
00229,2023-03-04,Giải Đặc biệt,432,0
00229,2023-03-04,Giải Đặc biệt,589,1
00229,2023-03-04,Giải nhất,798,0
00229,2023-03-04,Giải nhất,233,1
00229,2023-03-04,Giải nhất,542,2
00229,2023-03-04,Giải nhất,774,3
00229,2023-03-04,Giải nhì,228,0
00229,2023-03-04,Giải nhì,047,1
00229,2023-03-04,Giải nhì,207,2
00229,2023-03-04,Giải nhì,576,3
00229,2023-03-04,Giải nhì,724,4
00229,2023-03-04,Giải nhì,075,5
00228,2023-03-02,Giải ba,859,0
00228,2023-03-02,Giải ba,737,1
00228,2023-03-02,Giải ba,633,2
00228,2023-03-02,Giải ba,019,3
00228,2023-03-02,Giải ba,545,4
00228,2023-03-02,Giải ba,324,5
00228,2023-03-02,Giải ba,575,6
00228,2023-03-02,Giải ba,252,7
00228,2023-03-02,Giải Đặc biệt,367,0
00228,2023-03-02,Giải Đặc biệt,551,1
00228,2023-03-02,Giải nhất,443,0
00228,2023-03-02,Giải nhất,920,1
00228,2023-03-02,Giải nhất,822,2
00228,2023-03-02,Giải nhất,965,3
00228,2023-03-02,Giải nhì,616,0
00228,2023-03-02,Giải nhì,433,1
00228,2023-03-02,Giải nhì,717,2
00228,2023-03-02,Giải nhì,099,3
00228,2023-03-02,Giải nhì,117,4
00228,2023-03-02,Giải nhì,518,5
00227,2023-02-28,Giải ba,767,0
00227,2023-02-28,Giải ba,980,1
00227,2023-02-28,Giải ba,919,2
00227,2023-02-28,Giải ba,269,3
00227,2023-02-28,Giải ba,156,4
00227,2023-02-28,Giải ba,599,5
00227,2023-02-28,Giải ba,049,6
00227,2023-02-28,Giải ba,753,7
00227,2023-02-28,Giải Đặc biệt,600,0
00227,2023-02-28,Giải Đặc biệt,942,1
00227,2023-02-28,Giải nhất,820,0
00227,2023-02-28,Giải nhất,140,1
00227,2023-02-28,Giải nhất,067,2
00227,2023-02-28,Giải nhất,403,3
00227,2023-02-28,Giải nhì,186,0
00227,2023-02-28,Giải nhì,732,1
00227,2023-02-28,Giải nhì,990,2
00227,2023-02-28,Giải nhì,616,3
00227,2023-02-28,Giải nhì,663,4
00227,2023-02-28,Giải nhì,701,5
00226,2023-02-25,Giải ba,714,0
00226,2023-02-25,Giải ba,351,1
00226,2023-02-25,Giải ba,680,2
00226,2023-02-25,Giải ba,796,3
00226,2023-02-25,Giải ba,912,4
00226,2023-02-25,Giải ba,495,5
00226,2023-02-25,Giải ba,683,6
00226,2023-02-25,Giải ba,324,7
00226,2023-02-25,Giải Đặc biệt,698,0
00226,2023-02-25,Giải Đặc biệt,348,1
00226,2023-02-25,Giải nhất,642,0
00226,2023-02-25,Giải nhất,773,1
00226,2023-02-25,Giải nhất,211,2
00226,2023-02-25,Giải nhất,086,3
00226,2023-02-25,Giải nhì,129,0
00226,2023-02-25,Giải nhì,009,1
00226,2023-02-25,Giải nhì,074,2
00226,2023-02-25,Giải nhì,723,3
00226,2023-02-25,Giải nhì,948,4
00226,2023-02-25,Giải nhì,541,5
00225,2023-02-23,Giải ba,494,0
00225,2023-02-23,Giải ba,225,1
00225,2023-02-23,Giải ba,636,2
00225,2023-02-23,Giải ba,935,3
00225,2023-02-23,Giải ba,220,4
00225,2023-02-23,Giải ba,803,5
00225,2023-02-23,Giải ba,313,6
00225,2023-02-23,Giải ba,290,7
00225,2023-02-23,Giải Đặc biệt,550,0
00225,2023-02-23,Giải Đặc biệt,439,1
00225,2023-02-23,Giải nhất,209,0
00225,2023-02-23,Giải nhất,803,1
00225,2023-02-23,Giải nhất,895,2
00225,2023-02-23,Giải nhất,426,3
00225,2023-02-23,Giải nhì,198,0
00225,2023-02-23,Giải nhì,732,1
00225,2023-02-23,Giải nhì,276,2
00225,2023-02-23,Giải nhì,426,3
00225,2023-02-23,Giải nhì,025,4
00225,2023-02-23,Giải nhì,117,5
00224,2023-02-21,Giải ba,512,0
00224,2023-02-21,Giải ba,101,1
00224,2023-02-21,Giải ba,365,2
00224,2023-02-21,Giải ba,946,3
00224,2023-02-21,Giải ba,613,4
00224,2023-02-21,Giải ba,995,5
00224,2023-02-21,Giải ba,536,6
00224,2023-02-21,Giải ba,465,7
00224,2023-02-21,Giải Đặc biệt,279,0
00224,2023-02-21,Giải Đặc biệt,603,1
00224,2023-02-21,Giải nhất,945,0
00224,2023-02-21,Giải nhất,699,1
00224,2023-02-21,Giải nhất,657,2
00224,2023-02-21,Giải nhất,506,3
00224,2023-02-21,Giải nhì,558,0
00224,2023-02-21,Giải nhì,272,1
00224,2023-02-21,Giải nhì,296,2
00224,2023-02-21,Giải nhì,879,3
00224,2023-02-21,Giải nhì,406,4
00224,2023-02-21,Giải nhì,506,5
00223,2023-02-18,Giải ba,342,0
00223,2023-02-18,Giải ba,633,1
00223,2023-02-18,Giải ba,547,2
00223,2023-02-18,Giải ba,394,3
00223,2023-02-18,Giải ba,674,4
00223,2023-02-18,Giải ba,150,5
00223,2023-02-18,Giải ba,719,6
00223,2023-02-18,Giải ba,542,7
00223,2023-02-18,Giải Đặc biệt,468,0
00223,2023-02-18,Giải Đặc biệt,866,1
00223,2023-02-18,Giải nhất,646,0
00223,2023-02-18,Giải nhất,527,1
00223,2023-02-18,Giải nhất,836,2
00223,2023-02-18,Giải nhất,243,3
00223,2023-02-18,Giải nhì,890,0
00223,2023-02-18,Giải nhì,908,1
00223,2023-02-18,Giải nhì,234,2
00223,2023-02-18,Giải nhì,276,3
00223,2023-02-18,Giải nhì,554,4
00223,2023-02-18,Giải nhì,930,5
00222,2023-02-16,Giải ba,317,0
00222,2023-02-16,Giải ba,944,1
00222,2023-02-16,Giải ba,029,2
00222,2023-02-16,Giải ba,026,3
00222,2023-02-16,Giải ba,070,4
00222,2023-02-16,Giải ba,718,5
00222,2023-02-16,Giải ba,112,6
00222,2023-02-16,Giải ba,474,7
00222,2023-02-16,Giải Đặc biệt,965,0
00222,2023-02-16,Giải Đặc biệt,063,1
00222,2023-02-16,Giải nhất,792,0
00222,2023-02-16,Giải nhất,948,1
00222,2023-02-16,Giải nhất,067,2
00222,2023-02-16,Giải nhất,004,3
00222,2023-02-16,Giải nhì,706,0
00222,2023-02-16,Giải nhì,672,1
00222,2023-02-16,Giải nhì,453,2
00222,2023-02-16,Giải nhì,504,3
00222,2023-02-16,Giải nhì,731,4
00222,2023-02-16,Giải nhì,832,5
00221,2023-02-14,Giải ba,282,0
00221,2023-02-14,Giải ba,824,1
00221,2023-02-14,Giải ba,276,2
00221,2023-02-14,Giải ba,719,3
00221,2023-02-14,Giải ba,652,4
00221,2023-02-14,Giải ba,695,5
00221,2023-02-14,Giải ba,636,6
00221,2023-02-14,Giải ba,793,7
00221,2023-02-14,Giải Đặc biệt,015,0
00221,2023-02-14,Giải Đặc biệt,398,1
00221,2023-02-14,Giải nhất,010,0
00221,2023-02-14,Giải nhất,195,1
00221,2023-02-14,Giải nhất,733,2
00221,2023-02-14,Giải nhất,581,3
00221,2023-02-14,Giải nhì,457,0
00221,2023-02-14,Giải nhì,694,1
00221,2023-02-14,Giải nhì,460,2
00221,2023-02-14,Giải nhì,325,3
00221,2023-02-14,Giải nhì,816,4
00221,2023-02-14,Giải nhì,120,5
00220,2023-02-11,Giải ba,493,0
00220,2023-02-11,Giải ba,609,1
00220,2023-02-11,Giải ba,966,2
00220,2023-02-11,Giải ba,350,3
00220,2023-02-11,Giải ba,395,4
00220,2023-02-11,Giải ba,970,5
00220,2023-02-11,Giải ba,307,6
00220,2023-02-11,Giải ba,207,7
00220,2023-02-11,Giải Đặc biệt,372,0
00220,2023-02-11,Giải Đặc biệt,088,1
00220,2023-02-11,Giải nhất,865,0
00220,2023-02-11,Giải nhất,730,1
00220,2023-02-11,Giải nhất,599,2
00220,2023-02-11,Giải nhất,307,3
00220,2023-02-11,Giải nhì,601,0
00220,2023-02-11,Giải nhì,984,1
00220,2023-02-11,Giải nhì,640,2
00220,2023-02-11,Giải nhì,850,3
00220,2023-02-11,Giải nhì,290,4
00220,2023-02-11,Giải nhì,059,5
00219,2023-02-09,Giải ba,138,0
00219,2023-02-09,Giải ba,698,1
00219,2023-02-09,Giải ba,516,2
00219,2023-02-09,Giải ba,832,3
00219,2023-02-09,Giải ba,167,4
00219,2023-02-09,Giải ba,619,5
00219,2023-02-09,Giải ba,854,6
00219,2023-02-09,Giải ba,715,7
00219,2023-02-09,Giải Đặc biệt,743,0
00219,2023-02-09,Giải Đặc biệt,935,1
00219,2023-02-09,Giải nhất,945,0
00219,2023-02-09,Giải nhất,558,1
00219,2023-02-09,Giải nhất,259,2
00219,2023-02-09,Giải nhất,179,3
00219,2023-02-09,Giải nhì,686,0
00219,2023-02-09,Giải nhì,371,1
00219,2023-02-09,Giải nhì,790,2
00219,2023-02-09,Giải nhì,418,3
00219,2023-02-09,Giải nhì,694,4
00219,2023-02-09,Giải nhì,370,5
00218,2023-02-07,Giải ba,013,0
00218,2023-02-07,Giải ba,718,1
00218,2023-02-07,Giải ba,240,2
00218,2023-02-07,Giải ba,615,3
00218,2023-02-07,Giải ba,994,4
00218,2023-02-07,Giải ba,182,5
00218,2023-02-07,Giải ba,692,6
00218,2023-02-07,Giải ba,804,7
00218,2023-02-07,Giải Đặc biệt,823,0
00218,2023-02-07,Giải Đặc biệt,404,1
00218,2023-02-07,Giải nhất,134,0
00218,2023-02-07,Giải nhất,459,1
00218,2023-02-07,Giải nhất,616,2
00218,2023-02-07,Giải nhất,355,3
00218,2023-02-07,Giải nhì,495,0
00218,2023-02-07,Giải nhì,742,1
00218,2023-02-07,Giải nhì,658,2
00218,2023-02-07,Giải nhì,785,3
00218,2023-02-07,Giải nhì,673,4
00218,2023-02-07,Giải nhì,834,5
00217,2023-02-04,Giải ba,704,0
00217,2023-02-04,Giải ba,332,1
00217,2023-02-04,Giải ba,966,2
00217,2023-02-04,Giải ba,886,3
00217,2023-02-04,Giải ba,387,4
00217,2023-02-04,Giải ba,398,5
00217,2023-02-04,Giải ba,420,6
00217,2023-02-04,Giải ba,197,7
00217,2023-02-04,Giải Đặc biệt,793,0
00217,2023-02-04,Giải Đặc biệt,515,1
00217,2023-02-04,Giải nhất,225,0
00217,2023-02-04,Giải nhất,773,1
00217,2023-02-04,Giải nhất,809,2
00217,2023-02-04,Giải nhất,377,3
00217,2023-02-04,Giải nhì,857,0
00217,2023-02-04,Giải nhì,554,1
00217,2023-02-04,Giải nhì,451,2
00217,2023-02-04,Giải nhì,607,3
00217,2023-02-04,Giải nhì,953,4
00217,2023-02-04,Giải nhì,427,5
00216,2023-02-02,Giải ba,865,0
00216,2023-02-02,Giải ba,468,1
00216,2023-02-02,Giải ba,163,2
00216,2023-02-02,Giải ba,776,3
00216,2023-02-02,Giải ba,453,4
00216,2023-02-02,Giải ba,532,5
00216,2023-02-02,Giải ba,691,6
00216,2023-02-02,Giải ba,347,7
00216,2023-02-02,Giải Đặc biệt,073,0
00216,2023-02-02,Giải Đặc biệt,564,1
00216,2023-02-02,Giải nhất,482,0
00216,2023-02-02,Giải nhất,923,1
00216,2023-02-02,Giải nhất,554,2
00216,2023-02-02,Giải nhất,747,3
00216,2023-02-02,Giải nhì,070,0
00216,2023-02-02,Giải nhì,793,1
00216,2023-02-02,Giải nhì,496,2
00216,2023-02-02,Giải nhì,594,3
00216,2023-02-02,Giải nhì,728,4
00216,2023-02-02,Giải nhì,480,5
00215,2023-01-31,Giải ba,896,0
00215,2023-01-31,Giải ba,031,1
00215,2023-01-31,Giải ba,983,2
00215,2023-01-31,Giải ba,546,3
00215,2023-01-31,Giải ba,092,4
00215,2023-01-31,Giải ba,071,5
00215,2023-01-31,Giải ba,468,6
00215,2023-01-31,Giải ba,712,7
00215,2023-01-31,Giải Đặc biệt,778,0
00215,2023-01-31,Giải Đặc biệt,419,1
00215,2023-01-31,Giải nhất,128,0
00215,2023-01-31,Giải nhất,884,1
00215,2023-01-31,Giải nhất,230,2
00215,2023-01-31,Giải nhất,034,3
00215,2023-01-31,Giải nhì,760,0
00215,2023-01-31,Giải nhì,795,1
00215,2023-01-31,Giải nhì,457,2
00215,2023-01-31,Giải nhì,060,3
00215,2023-01-31,Giải nhì,243,4
00215,2023-01-31,Giải nhì,114,5
00214,2023-01-28,Giải ba,769,0
00214,2023-01-28,Giải ba,133,1
00214,2023-01-28,Giải ba,840,2
00214,2023-01-28,Giải ba,708,3
00214,2023-01-28,Giải ba,681,4
00214,2023-01-28,Giải ba,240,5
00214,2023-01-28,Giải ba,129,6
00214,2023-01-28,Giải ba,066,7
00214,2023-01-28,Giải Đặc biệt,239,0
00214,2023-01-28,Giải Đặc biệt,265,1
00214,2023-01-28,Giải nhất,524,0
00214,2023-01-28,Giải nhất,901,1
00214,2023-01-28,Giải nhất,061,2
00214,2023-01-28,Giải nhất,250,3
00214,2023-01-28,Giải nhì,421,0
00214,2023-01-28,Giải nhì,326,1
00214,2023-01-28,Giải nhì,071,2
00214,2023-01-28,Giải nhì,977,3
00214,2023-01-28,Giải nhì,515,4
00214,2023-01-28,Giải nhì,802,5
00213,2023-01-26,Giải ba,240,0
00213,2023-01-26,Giải ba,070,1
00213,2023-01-26,Giải ba,542,2
00213,2023-01-26,Giải ba,849,3
00213,2023-01-26,Giải ba,856,4
00213,2023-01-26,Giải ba,151,5
00213,2023-01-26,Giải ba,235,6
00213,2023-01-26,Giải ba,830,7
00213,2023-01-26,Giải Đặc biệt,992,0
00213,2023-01-26,Giải Đặc biệt,042,1
00213,2023-01-26,Giải nhất,389,0
00213,2023-01-26,Giải nhất,940,1
00213,2023-01-26,Giải nhất,935,2
00213,2023-01-26,Giải nhất,308,3
00213,2023-01-26,Giải nhì,070,0
00213,2023-01-26,Giải nhì,638,1
00213,2023-01-26,Giải nhì,941,2
00213,2023-01-26,Giải nhì,008,3
00213,2023-01-26,Giải nhì,804,4
00213,2023-01-26,Giải nhì,306,5
00212,2023-01-24,Giải ba,208,0
00212,2023-01-24,Giải ba,956,1
00212,2023-01-24,Giải ba,581,2
00212,2023-01-24,Giải ba,455,3
00212,2023-01-24,Giải ba,783,4
00212,2023-01-24,Giải ba,317,5
00212,2023-01-24,Giải ba,462,6
00212,2023-01-24,Giải ba,650,7
00212,2023-01-24,Giải Đặc biệt,841,0
00212,2023-01-24,Giải Đặc biệt,170,1
00212,2023-01-24,Giải nhất,916,0
00212,2023-01-24,Giải nhất,168,1
00212,2023-01-24,Giải nhất,982,2
00212,2023-01-24,Giải nhất,618,3
00212,2023-01-24,Giải nhì,651,0
00212,2023-01-24,Giải nhì,338,1
00212,2023-01-24,Giải nhì,113,2
00212,2023-01-24,Giải nhì,522,3
00212,2023-01-24,Giải nhì,319,4
00212,2023-01-24,Giải nhì,836,5
00211,2023-01-19,Giải ba,502,0
00211,2023-01-19,Giải ba,466,1
00211,2023-01-19,Giải ba,446,2
00211,2023-01-19,Giải ba,283,3
00211,2023-01-19,Giải ba,496,4
00211,2023-01-19,Giải ba,761,5
00211,2023-01-19,Giải ba,446,6
00211,2023-01-19,Giải ba,118,7
00211,2023-01-19,Giải Đặc biệt,252,0
00211,2023-01-19,Giải Đặc biệt,232,1
00211,2023-01-19,Giải nhất,653,0
00211,2023-01-19,Giải nhất,750,1
00211,2023-01-19,Giải nhất,369,2
00211,2023-01-19,Giải nhất,006,3
00211,2023-01-19,Giải nhì,621,0
00211,2023-01-19,Giải nhì,096,1
00211,2023-01-19,Giải nhì,272,2
00211,2023-01-19,Giải nhì,163,3
00211,2023-01-19,Giải nhì,029,4
00211,2023-01-19,Giải nhì,375,5
00210,2023-01-17,Giải ba,778,0
00210,2023-01-17,Giải ba,923,1
00210,2023-01-17,Giải ba,320,2
00210,2023-01-17,Giải ba,786,3
00210,2023-01-17,Giải ba,107,4
00210,2023-01-17,Giải ba,145,5
00210,2023-01-17,Giải ba,446,6
00210,2023-01-17,Giải ba,292,7
00210,2023-01-17,Giải Đặc biệt,235,0
00210,2023-01-17,Giải Đặc biệt,819,1
00210,2023-01-17,Giải nhất,514,0
00210,2023-01-17,Giải nhất,355,1
00210,2023-01-17,Giải nhất,874,2
00210,2023-01-17,Giải nhất,420,3
00210,2023-01-17,Giải nhì,072,0
00210,2023-01-17,Giải nhì,410,1
00210,2023-01-17,Giải nhì,675,2
00210,2023-01-17,Giải nhì,317,3
00210,2023-01-17,Giải nhì,296,4
00210,2023-01-17,Giải nhì,756,5
00209,2023-01-14,Giải ba,772,0
00209,2023-01-14,Giải ba,716,1
00209,2023-01-14,Giải ba,993,2
00209,2023-01-14,Giải ba,593,3
00209,2023-01-14,Giải ba,772,4
00209,2023-01-14,Giải ba,296,5
00209,2023-01-14,Giải ba,010,6
00209,2023-01-14,Giải ba,267,7
00209,2023-01-14,Giải Đặc biệt,722,0
00209,2023-01-14,Giải Đặc biệt,738,1
00209,2023-01-14,Giải nhất,918,0
00209,2023-01-14,Giải nhất,934,1
00209,2023-01-14,Giải nhất,659,2
00209,2023-01-14,Giải nhất,665,3
00209,2023-01-14,Giải nhì,504,0
00209,2023-01-14,Giải nhì,638,1
00209,2023-01-14,Giải nhì,736,2
00209,2023-01-14,Giải nhì,047,3
00209,2023-01-14,Giải nhì,332,4
00209,2023-01-14,Giải nhì,684,5
00208,2023-01-12,Giải ba,500,0
00208,2023-01-12,Giải ba,502,1
00208,2023-01-12,Giải ba,468,2
00208,2023-01-12,Giải ba,677,3
00208,2023-01-12,Giải ba,254,4
00208,2023-01-12,Giải ba,497,5
00208,2023-01-12,Giải ba,296,6
00208,2023-01-12,Giải ba,288,7
00208,2023-01-12,Giải Đặc biệt,980,0
00208,2023-01-12,Giải Đặc biệt,120,1
00208,2023-01-12,Giải nhất,428,0
00208,2023-01-12,Giải nhất,549,1
00208,2023-01-12,Giải nhất,254,2
00208,2023-01-12,Giải nhất,192,3
00208,2023-01-12,Giải nhì,090,0
00208,2023-01-12,Giải nhì,824,1
00208,2023-01-12,Giải nhì,628,2
00208,2023-01-12,Giải nhì,639,3
00208,2023-01-12,Giải nhì,298,4
00208,2023-01-12,Giải nhì,259,5
00207,2023-01-10,Giải ba,455,0
00207,2023-01-10,Giải ba,499,1
00207,2023-01-10,Giải ba,136,2
00207,2023-01-10,Giải ba,446,3
00207,2023-01-10,Giải ba,183,4
00207,2023-01-10,Giải ba,883,5
00207,2023-01-10,Giải ba,210,6
00207,2023-01-10,Giải ba,685,7
00207,2023-01-10,Giải Đặc biệt,572,0
00207,2023-01-10,Giải Đặc biệt,256,1
00207,2023-01-10,Giải nhất,369,0
00207,2023-01-10,Giải nhất,656,1
00207,2023-01-10,Giải nhất,087,2
00207,2023-01-10,Giải nhất,618,3
00207,2023-01-10,Giải nhì,237,0
00207,2023-01-10,Giải nhì,400,1
00207,2023-01-10,Giải nhì,653,2
00207,2023-01-10,Giải nhì,888,3
00207,2023-01-10,Giải nhì,146,4
00207,2023-01-10,Giải nhì,219,5
00206,2023-01-07,Giải ba,778,0
00206,2023-01-07,Giải ba,527,1
00206,2023-01-07,Giải ba,015,2
00206,2023-01-07,Giải ba,118,3
00206,2023-01-07,Giải ba,111,4
00206,2023-01-07,Giải ba,351,5
00206,2023-01-07,Giải ba,890,6
00206,2023-01-07,Giải ba,487,7
00206,2023-01-07,Giải Đặc biệt,172,0
00206,2023-01-07,Giải Đặc biệt,037,1
00206,2023-01-07,Giải nhất,383,0
00206,2023-01-07,Giải nhất,583,1
00206,2023-01-07,Giải nhất,733,2
00206,2023-01-07,Giải nhất,457,3
00206,2023-01-07,Giải nhì,169,0
00206,2023-01-07,Giải nhì,505,1
00206,2023-01-07,Giải nhì,543,2
00206,2023-01-07,Giải nhì,724,3
00206,2023-01-07,Giải nhì,786,4
00206,2023-01-07,Giải nhì,802,5
00205,2023-01-05,Giải ba,077,0
00205,2023-01-05,Giải ba,966,1
00205,2023-01-05,Giải ba,586,2
00205,2023-01-05,Giải ba,710,3
00205,2023-01-05,Giải ba,066,4
00205,2023-01-05,Giải ba,023,5
00205,2023-01-05,Giải ba,074,6
00205,2023-01-05,Giải ba,577,7
00205,2023-01-05,Giải Đặc biệt,130,0
00205,2023-01-05,Giải Đặc biệt,109,1
00205,2023-01-05,Giải nhất,236,0
00205,2023-01-05,Giải nhất,100,1
00205,2023-01-05,Giải nhất,630,2
00205,2023-01-05,Giải nhất,271,3
00205,2023-01-05,Giải nhì,624,0
00205,2023-01-05,Giải nhì,479,1
00205,2023-01-05,Giải nhì,836,2
00205,2023-01-05,Giải nhì,864,3
00205,2023-01-05,Giải nhì,025,4
00205,2023-01-05,Giải nhì,275,5
00204,2023-01-03,Giải ba,079,0
00204,2023-01-03,Giải ba,269,1
00204,2023-01-03,Giải ba,090,2
00204,2023-01-03,Giải ba,626,3
00204,2023-01-03,Giải ba,716,4
00204,2023-01-03,Giải ba,062,5
00204,2023-01-03,Giải ba,605,6
00204,2023-01-03,Giải ba,077,7
00204,2023-01-03,Giải Đặc biệt,903,0
00204,2023-01-03,Giải Đặc biệt,825,1
00204,2023-01-03,Giải nhất,977,0
00204,2023-01-03,Giải nhất,884,1
00204,2023-01-03,Giải nhất,376,2
00204,2023-01-03,Giải nhất,689,3
00204,2023-01-03,Giải nhì,011,0
00204,2023-01-03,Giải nhì,480,1
00204,2023-01-03,Giải nhì,700,2
00204,2023-01-03,Giải nhì,243,3
00204,2023-01-03,Giải nhì,610,4
00204,2023-01-03,Giải nhì,156,5
00203,2022-12-31,Giải ba,062,0
00203,2022-12-31,Giải ba,810,1
00203,2022-12-31,Giải ba,985,2
00203,2022-12-31,Giải ba,348,3
00203,2022-12-31,Giải ba,109,4
00203,2022-12-31,Giải ba,393,5
00203,2022-12-31,Giải ba,044,6
00203,2022-12-31,Giải ba,215,7
00203,2022-12-31,Giải Đặc biệt,436,0
00203,2022-12-31,Giải Đặc biệt,095,1
00203,2022-12-31,Giải nhất,817,0
00203,2022-12-31,Giải nhất,562,1
00203,2022-12-31,Giải nhất,746,2
00203,2022-12-31,Giải nhất,167,3
00203,2022-12-31,Giải nhì,684,0
00203,2022-12-31,Giải nhì,593,1
00203,2022-12-31,Giải nhì,473,2
00203,2022-12-31,Giải nhì,072,3
00203,2022-12-31,Giải nhì,069,4
00203,2022-12-31,Giải nhì,692,5
00202,2022-12-29,Giải ba,958,0
00202,2022-12-29,Giải ba,674,1
00202,2022-12-29,Giải ba,073,2
00202,2022-12-29,Giải ba,086,3
00202,2022-12-29,Giải ba,216,4
00202,2022-12-29,Giải ba,629,5
00202,2022-12-29,Giải ba,607,6
00202,2022-12-29,Giải ba,023,7
00202,2022-12-29,Giải Đặc biệt,548,0
00202,2022-12-29,Giải Đặc biệt,542,1
00202,2022-12-29,Giải nhất,536,0
00202,2022-12-29,Giải nhất,025,1
00202,2022-12-29,Giải nhất,234,2
00202,2022-12-29,Giải nhất,948,3
00202,2022-12-29,Giải nhì,383,0
00202,2022-12-29,Giải nhì,561,1
00202,2022-12-29,Giải nhì,164,2
00202,2022-12-29,Giải nhì,411,3
00202,2022-12-29,Giải nhì,294,4
00202,2022-12-29,Giải nhì,627,5
00201,2022-12-27,Giải ba,690,0
00201,2022-12-27,Giải ba,549,1
00201,2022-12-27,Giải ba,244,2
00201,2022-12-27,Giải ba,344,3
00201,2022-12-27,Giải ba,611,4
00201,2022-12-27,Giải ba,849,5
00201,2022-12-27,Giải ba,735,6
00201,2022-12-27,Giải ba,702,7
00201,2022-12-27,Giải Đặc biệt,266,0
00201,2022-12-27,Giải Đặc biệt,557,1
00201,2022-12-27,Giải nhất,761,0
00201,2022-12-27,Giải nhất,414,1
00201,2022-12-27,Giải nhất,414,2
00201,2022-12-27,Giải nhất,716,3
00201,2022-12-27,Giải nhì,579,0
00201,2022-12-27,Giải nhì,645,1
00201,2022-12-27,Giải nhì,632,2
00201,2022-12-27,Giải nhì,206,3
00201,2022-12-27,Giải nhì,285,4
00201,2022-12-27,Giải nhì,448,5
00200,2022-12-24,Giải ba,724,0
00200,2022-12-24,Giải ba,401,1
00200,2022-12-24,Giải ba,159,2
00200,2022-12-24,Giải ba,638,3
00200,2022-12-24,Giải ba,378,4
00200,2022-12-24,Giải ba,955,5
00200,2022-12-24,Giải ba,196,6
00200,2022-12-24,Giải ba,829,7
00200,2022-12-24,Giải Đặc biệt,849,0
00200,2022-12-24,Giải Đặc biệt,103,1
00200,2022-12-24,Giải nhất,154,0
00200,2022-12-24,Giải nhất,117,1
00200,2022-12-24,Giải nhất,090,2
00200,2022-12-24,Giải nhất,601,3
00200,2022-12-24,Giải nhì,814,0
00200,2022-12-24,Giải nhì,356,1
00200,2022-12-24,Giải nhì,438,2
00200,2022-12-24,Giải nhì,465,3
00200,2022-12-24,Giải nhì,074,4
00200,2022-12-24,Giải nhì,552,5
00199,2022-12-22,Giải ba,769,0
00199,2022-12-22,Giải ba,363,1
00199,2022-12-22,Giải ba,052,2
00199,2022-12-22,Giải ba,544,3
00199,2022-12-22,Giải ba,152,4
00199,2022-12-22,Giải ba,107,5
00199,2022-12-22,Giải ba,526,6
00199,2022-12-22,Giải ba,088,7
00199,2022-12-22,Giải Đặc biệt,319,0
00199,2022-12-22,Giải Đặc biệt,247,1
00199,2022-12-22,Giải nhất,533,0
00199,2022-12-22,Giải nhất,250,1
00199,2022-12-22,Giải nhất,636,2
00199,2022-12-22,Giải nhất,561,3
00199,2022-12-22,Giải nhì,698,0
00199,2022-12-22,Giải nhì,648,1
00199,2022-12-22,Giải nhì,786,2
00199,2022-12-22,Giải nhì,453,3
00199,2022-12-22,Giải nhì,990,4
00199,2022-12-22,Giải nhì,424,5
00198,2022-12-20,Giải ba,963,0
00198,2022-12-20,Giải ba,197,1
00198,2022-12-20,Giải ba,425,2
00198,2022-12-20,Giải ba,550,3
00198,2022-12-20,Giải ba,488,4
00198,2022-12-20,Giải ba,008,5
00198,2022-12-20,Giải ba,143,6
00198,2022-12-20,Giải ba,153,7
00198,2022-12-20,Giải Đặc biệt,466,0
00198,2022-12-20,Giải Đặc biệt,389,1
00198,2022-12-20,Giải nhất,452,0
00198,2022-12-20,Giải nhất,486,1
00198,2022-12-20,Giải nhất,791,2
00198,2022-12-20,Giải nhất,464,3
00198,2022-12-20,Giải nhì,392,0
00198,2022-12-20,Giải nhì,284,1
00198,2022-12-20,Giải nhì,751,2
00198,2022-12-20,Giải nhì,133,3
00198,2022-12-20,Giải nhì,230,4
00198,2022-12-20,Giải nhì,498,5
00197,2022-12-17,Giải ba,034,0
00197,2022-12-17,Giải ba,533,1
00197,2022-12-17,Giải ba,132,2
00197,2022-12-17,Giải ba,680,3
00197,2022-12-17,Giải ba,117,4
00197,2022-12-17,Giải ba,632,5
00197,2022-12-17,Giải ba,855,6
00197,2022-12-17,Giải ba,312,7
00197,2022-12-17,Giải Đặc biệt,057,0
00197,2022-12-17,Giải Đặc biệt,285,1
00197,2022-12-17,Giải nhất,362,0
00197,2022-12-17,Giải nhất,740,1
00197,2022-12-17,Giải nhất,102,2
00197,2022-12-17,Giải nhất,170,3
00197,2022-12-17,Giải nhì,924,0
00197,2022-12-17,Giải nhì,343,1
00197,2022-12-17,Giải nhì,126,2
00197,2022-12-17,Giải nhì,772,3
00197,2022-12-17,Giải nhì,512,4
00197,2022-12-17,Giải nhì,126,5
00196,2022-12-15,Giải ba,719,0
00196,2022-12-15,Giải ba,615,1
00196,2022-12-15,Giải ba,182,2
00196,2022-12-15,Giải ba,652,3
00196,2022-12-15,Giải ba,807,4
00196,2022-12-15,Giải ba,384,5
00196,2022-12-15,Giải ba,999,6
00196,2022-12-15,Giải ba,237,7
00196,2022-12-15,Giải Đặc biệt,209,0
00196,2022-12-15,Giải Đặc biệt,272,1
00196,2022-12-15,Giải nhất,383,0
00196,2022-12-15,Giải nhất,302,1
00196,2022-12-15,Giải nhất,839,2
00196,2022-12-15,Giải nhất,194,3
00196,2022-12-15,Giải nhì,468,0
00196,2022-12-15,Giải nhì,325,1
00196,2022-12-15,Giải nhì,454,2
00196,2022-12-15,Giải nhì,332,3
00196,2022-12-15,Giải nhì,119,4
00196,2022-12-15,Giải nhì,896,5
00195,2022-12-13,Giải ba,316,0
00195,2022-12-13,Giải ba,376,1
00195,2022-12-13,Giải ba,623,2
00195,2022-12-13,Giải ba,873,3
00195,2022-12-13,Giải ba,846,4
00195,2022-12-13,Giải ba,892,5
00195,2022-12-13,Giải ba,888,6
00195,2022-12-13,Giải ba,917,7
00195,2022-12-13,Giải Đặc biệt,226,0
00195,2022-12-13,Giải Đặc biệt,661,1
00195,2022-12-13,Giải nhất,896,0
00195,2022-12-13,Giải nhất,104,1
00195,2022-12-13,Giải nhất,362,2
00195,2022-12-13,Giải nhất,075,3
00195,2022-12-13,Giải nhì,991,0
00195,2022-12-13,Giải nhì,825,1
00195,2022-12-13,Giải nhì,056,2
00195,2022-12-13,Giải nhì,694,3
00195,2022-12-13,Giải nhì,327,4
00195,2022-12-13,Giải nhì,089,5
00194,2022-12-10,Giải ba,388,0
00194,2022-12-10,Giải ba,087,1
00194,2022-12-10,Giải ba,017,2
00194,2022-12-10,Giải ba,127,3
00194,2022-12-10,Giải ba,143,4
00194,2022-12-10,Giải ba,809,5
00194,2022-12-10,Giải ba,553,6
00194,2022-12-10,Giải ba,801,7
00194,2022-12-10,Giải Đặc biệt,551,0
00194,2022-12-10,Giải Đặc biệt,484,1
00194,2022-12-10,Giải nhất,197,0
00194,2022-12-10,Giải nhất,153,1
00194,2022-12-10,Giải nhất,553,2
00194,2022-12-10,Giải nhất,141,3
00194,2022-12-10,Giải nhì,418,0
00194,2022-12-10,Giải nhì,530,1
00194,2022-12-10,Giải nhì,875,2
00194,2022-12-10,Giải nhì,845,3
00194,2022-12-10,Giải nhì,772,4
00194,2022-12-10,Giải nhì,455,5
00193,2022-12-08,Giải ba,358,0
00193,2022-12-08,Giải ba,207,1
00193,2022-12-08,Giải ba,271,2
00193,2022-12-08,Giải ba,834,3
00193,2022-12-08,Giải ba,278,4
00193,2022-12-08,Giải ba,139,5
00193,2022-12-08,Giải ba,448,6
00193,2022-12-08,Giải ba,525,7
00193,2022-12-08,Giải Đặc biệt,306,0
00193,2022-12-08,Giải Đặc biệt,725,1
00193,2022-12-08,Giải nhất,170,0
00193,2022-12-08,Giải nhất,681,1
00193,2022-12-08,Giải nhất,590,2
00193,2022-12-08,Giải nhất,143,3
00193,2022-12-08,Giải nhì,951,0
00193,2022-12-08,Giải nhì,292,1
00193,2022-12-08,Giải nhì,772,2
00193,2022-12-08,Giải nhì,025,3
00193,2022-12-08,Giải nhì,560,4
00193,2022-12-08,Giải nhì,170,5
00192,2022-12-06,Giải ba,479,0
00192,2022-12-06,Giải ba,399,1
00192,2022-12-06,Giải ba,649,2
00192,2022-12-06,Giải ba,537,3
00192,2022-12-06,Giải ba,140,4
00192,2022-12-06,Giải ba,183,5
00192,2022-12-06,Giải ba,808,6
00192,2022-12-06,Giải ba,757,7
00192,2022-12-06,Giải Đặc biệt,423,0
00192,2022-12-06,Giải Đặc biệt,354,1
00192,2022-12-06,Giải nhất,576,0
00192,2022-12-06,Giải nhất,351,1
00192,2022-12-06,Giải nhất,429,2
00192,2022-12-06,Giải nhất,250,3
00192,2022-12-06,Giải nhì,158,0
00192,2022-12-06,Giải nhì,868,1
00192,2022-12-06,Giải nhì,556,2
00192,2022-12-06,Giải nhì,306,3
00192,2022-12-06,Giải nhì,724,4
00192,2022-12-06,Giải nhì,400,5
00191,2022-12-03,Giải ba,470,0
00191,2022-12-03,Giải ba,628,1
00191,2022-12-03,Giải ba,149,2
00191,2022-12-03,Giải ba,173,3
00191,2022-12-03,Giải ba,270,4
00191,2022-12-03,Giải ba,337,5
00191,2022-12-03,Giải ba,539,6
00191,2022-12-03,Giải ba,315,7
00191,2022-12-03,Giải Đặc biệt,210,0
00191,2022-12-03,Giải Đặc biệt,557,1
00191,2022-12-03,Giải nhất,688,0
00191,2022-12-03,Giải nhất,176,1
00191,2022-12-03,Giải nhất,130,2
00191,2022-12-03,Giải nhất,195,3
00191,2022-12-03,Giải nhì,309,0
00191,2022-12-03,Giải nhì,431,1
00191,2022-12-03,Giải nhì,998,2
00191,2022-12-03,Giải nhì,533,3
00191,2022-12-03,Giải nhì,343,4
00191,2022-12-03,Giải nhì,516,5
00190,2022-12-01,Giải ba,708,0
00190,2022-12-01,Giải ba,096,1
00190,2022-12-01,Giải ba,080,2
00190,2022-12-01,Giải ba,944,3
00190,2022-12-01,Giải ba,642,4
00190,2022-12-01,Giải ba,682,5
00190,2022-12-01,Giải ba,654,6
00190,2022-12-01,Giải ba,834,7
00190,2022-12-01,Giải Đặc biệt,367,0
00190,2022-12-01,Giải Đặc biệt,358,1
00190,2022-12-01,Giải nhất,306,0
00190,2022-12-01,Giải nhất,547,1
00190,2022-12-01,Giải nhất,169,2
00190,2022-12-01,Giải nhất,964,3
00190,2022-12-01,Giải nhì,761,0
00190,2022-12-01,Giải nhì,906,1
00190,2022-12-01,Giải nhì,152,2
00190,2022-12-01,Giải nhì,961,3
00190,2022-12-01,Giải nhì,220,4
00190,2022-12-01,Giải nhì,880,5
00189,2022-11-29,Giải ba,598,0
00189,2022-11-29,Giải ba,557,1
00189,2022-11-29,Giải ba,378,2
00189,2022-11-29,Giải ba,736,3
00189,2022-11-29,Giải ba,436,4
00189,2022-11-29,Giải ba,856,5
00189,2022-11-29,Giải ba,033,6
00189,2022-11-29,Giải ba,917,7
00189,2022-11-29,Giải Đặc biệt,193,0
00189,2022-11-29,Giải Đặc biệt,099,1
00189,2022-11-29,Giải nhất,658,0
00189,2022-11-29,Giải nhất,244,1
00189,2022-11-29,Giải nhất,798,2
00189,2022-11-29,Giải nhất,985,3
00189,2022-11-29,Giải nhì,839,0
00189,2022-11-29,Giải nhì,785,1
00189,2022-11-29,Giải nhì,119,2
00189,2022-11-29,Giải nhì,638,3
00189,2022-11-29,Giải nhì,958,4
00189,2022-11-29,Giải nhì,355,5
00188,2022-11-26,Giải ba,882,0
00188,2022-11-26,Giải ba,201,1
00188,2022-11-26,Giải ba,908,2
00188,2022-11-26,Giải ba,267,3
00188,2022-11-26,Giải ba,356,4
00188,2022-11-26,Giải ba,206,5
00188,2022-11-26,Giải ba,300,6
00188,2022-11-26,Giải ba,651,7
00188,2022-11-26,Giải Đặc biệt,599,0
00188,2022-11-26,Giải Đặc biệt,457,1
00188,2022-11-26,Giải nhất,868,0
00188,2022-11-26,Giải nhất,265,1
00188,2022-11-26,Giải nhất,516,2
00188,2022-11-26,Giải nhất,507,3
00188,2022-11-26,Giải nhì,705,0
00188,2022-11-26,Giải nhì,076,1
00188,2022-11-26,Giải nhì,904,2
00188,2022-11-26,Giải nhì,531,3
00188,2022-11-26,Giải nhì,792,4
00188,2022-11-26,Giải nhì,921,5
00187,2022-11-24,Giải ba,931,0
00187,2022-11-24,Giải ba,340,1
00187,2022-11-24,Giải ba,846,2
00187,2022-11-24,Giải ba,227,3
00187,2022-11-24,Giải ba,273,4
00187,2022-11-24,Giải ba,883,5
00187,2022-11-24,Giải ba,986,6
00187,2022-11-24,Giải ba,822,7
00187,2022-11-24,Giải Đặc biệt,866,0
00187,2022-11-24,Giải Đặc biệt,625,1
00187,2022-11-24,Giải nhất,765,0
00187,2022-11-24,Giải nhất,927,1
00187,2022-11-24,Giải nhất,652,2
00187,2022-11-24,Giải nhất,855,3
00187,2022-11-24,Giải nhì,328,0
00187,2022-11-24,Giải nhì,372,1
00187,2022-11-24,Giải nhì,767,2
00187,2022-11-24,Giải nhì,297,3
00187,2022-11-24,Giải nhì,157,4
00187,2022-11-24,Giải nhì,363,5
00186,2022-11-22,Giải ba,635,0
00186,2022-11-22,Giải ba,866,1
00186,2022-11-22,Giải ba,606,2
00186,2022-11-22,Giải ba,366,3
00186,2022-11-22,Giải ba,683,4
00186,2022-11-22,Giải ba,050,5
00186,2022-11-22,Giải ba,175,6
00186,2022-11-22,Giải ba,199,7
00186,2022-11-22,Giải Đặc biệt,165,0
00186,2022-11-22,Giải Đặc biệt,923,1
00186,2022-11-22,Giải nhất,009,0
00186,2022-11-22,Giải nhất,828,1
00186,2022-11-22,Giải nhất,840,2
00186,2022-11-22,Giải nhất,785,3
00186,2022-11-22,Giải nhì,508,0
00186,2022-11-22,Giải nhì,182,1
00186,2022-11-22,Giải nhì,866,2
00186,2022-11-22,Giải nhì,356,3
00186,2022-11-22,Giải nhì,738,4
00186,2022-11-22,Giải nhì,276,5
00185,2022-11-19,Giải ba,682,0
00185,2022-11-19,Giải ba,565,1
00185,2022-11-19,Giải ba,368,2
00185,2022-11-19,Giải ba,999,3
00185,2022-11-19,Giải ba,084,4
00185,2022-11-19,Giải ba,283,5
00185,2022-11-19,Giải ba,165,6
00185,2022-11-19,Giải ba,152,7
00185,2022-11-19,Giải Đặc biệt,213,0
00185,2022-11-19,Giải Đặc biệt,296,1
00185,2022-11-19,Giải nhất,076,0
00185,2022-11-19,Giải nhất,856,1
00185,2022-11-19,Giải nhất,130,2
00185,2022-11-19,Giải nhất,898,3
00185,2022-11-19,Giải nhì,911,0
00185,2022-11-19,Giải nhì,871,1
00185,2022-11-19,Giải nhì,732,2
00185,2022-11-19,Giải nhì,399,3
00185,2022-11-19,Giải nhì,954,4
00185,2022-11-19,Giải nhì,042,5
00184,2022-11-17,Giải ba,680,0
00184,2022-11-17,Giải ba,027,1
00184,2022-11-17,Giải ba,087,2
00184,2022-11-17,Giải ba,509,3
00184,2022-11-17,Giải ba,985,4
00184,2022-11-17,Giải ba,299,5
00184,2022-11-17,Giải ba,108,6
00184,2022-11-17,Giải ba,033,7
00184,2022-11-17,Giải Đặc biệt,216,0
00184,2022-11-17,Giải Đặc biệt,806,1
00184,2022-11-17,Giải nhất,247,0
00184,2022-11-17,Giải nhất,846,1
00184,2022-11-17,Giải nhất,734,2
00184,2022-11-17,Giải nhất,174,3
00184,2022-11-17,Giải nhì,730,0
00184,2022-11-17,Giải nhì,893,1
00184,2022-11-17,Giải nhì,312,2
00184,2022-11-17,Giải nhì,717,3
00184,2022-11-17,Giải nhì,507,4
00184,2022-11-17,Giải nhì,519,5
00183,2022-11-15,Giải ba,010,0
00183,2022-11-15,Giải ba,806,1
00183,2022-11-15,Giải ba,484,2
00183,2022-11-15,Giải ba,130,3
00183,2022-11-15,Giải ba,753,4
00183,2022-11-15,Giải ba,265,5
00183,2022-11-15,Giải ba,241,6
00183,2022-11-15,Giải ba,815,7
00183,2022-11-15,Giải Đặc biệt,684,0
00183,2022-11-15,Giải Đặc biệt,388,1
00183,2022-11-15,Giải nhất,199,0
00183,2022-11-15,Giải nhất,182,1
00183,2022-11-15,Giải nhất,687,2
00183,2022-11-15,Giải nhất,790,3
00183,2022-11-15,Giải nhì,327,0
00183,2022-11-15,Giải nhì,528,1
00183,2022-11-15,Giải nhì,966,2
00183,2022-11-15,Giải nhì,350,3
00183,2022-11-15,Giải nhì,307,4
00183,2022-11-15,Giải nhì,103,5
00182,2022-11-12,Giải ba,491,0
00182,2022-11-12,Giải ba,443,1
00182,2022-11-12,Giải ba,385,2
00182,2022-11-12,Giải ba,335,3
00182,2022-11-12,Giải ba,702,4
00182,2022-11-12,Giải ba,609,5
00182,2022-11-12,Giải ba,841,6
00182,2022-11-12,Giải ba,550,7
00182,2022-11-12,Giải Đặc biệt,719,0
00182,2022-11-12,Giải Đặc biệt,282,1
00182,2022-11-12,Giải nhất,694,0
00182,2022-11-12,Giải nhất,605,1
00182,2022-11-12,Giải nhất,571,2
00182,2022-11-12,Giải nhất,304,3
00182,2022-11-12,Giải nhì,121,0
00182,2022-11-12,Giải nhì,161,1
00182,2022-11-12,Giải nhì,727,2
00182,2022-11-12,Giải nhì,208,3
00182,2022-11-12,Giải nhì,718,4
00182,2022-11-12,Giải nhì,895,5
00181,2022-11-10,Giải ba,258,0
00181,2022-11-10,Giải ba,173,1
00181,2022-11-10,Giải ba,947,2
00181,2022-11-10,Giải ba,164,3
00181,2022-11-10,Giải ba,093,4
00181,2022-11-10,Giải ba,303,5
00181,2022-11-10,Giải ba,119,6
00181,2022-11-10,Giải ba,992,7
00181,2022-11-10,Giải Đặc biệt,187,0
00181,2022-11-10,Giải Đặc biệt,379,1
00181,2022-11-10,Giải nhất,180,0
00181,2022-11-10,Giải nhất,508,1
00181,2022-11-10,Giải nhất,982,2
00181,2022-11-10,Giải nhất,725,3
00181,2022-11-10,Giải nhì,255,0
00181,2022-11-10,Giải nhì,153,1
00181,2022-11-10,Giải nhì,791,2
00181,2022-11-10,Giải nhì,754,3
00181,2022-11-10,Giải nhì,373,4
00181,2022-11-10,Giải nhì,759,5
00180,2022-11-08,Giải ba,306,0
00180,2022-11-08,Giải ba,086,1
00180,2022-11-08,Giải ba,459,2
00180,2022-11-08,Giải ba,023,3
00180,2022-11-08,Giải ba,821,4
00180,2022-11-08,Giải ba,539,5
00180,2022-11-08,Giải ba,305,6
00180,2022-11-08,Giải ba,073,7
00180,2022-11-08,Giải Đặc biệt,497,0
00180,2022-11-08,Giải Đặc biệt,753,1
00180,2022-11-08,Giải nhất,423,0
00180,2022-11-08,Giải nhất,047,1
00180,2022-11-08,Giải nhất,784,2
00180,2022-11-08,Giải nhất,375,3
00180,2022-11-08,Giải nhì,149,0
00180,2022-11-08,Giải nhì,454,1
00180,2022-11-08,Giải nhì,240,2
00180,2022-11-08,Giải nhì,550,3
00180,2022-11-08,Giải nhì,598,4
00180,2022-11-08,Giải nhì,543,5
00179,2022-11-05,Giải ba,479,0
00179,2022-11-05,Giải ba,077,1
00179,2022-11-05,Giải ba,440,2
00179,2022-11-05,Giải ba,746,3
00179,2022-11-05,Giải ba,041,4
00179,2022-11-05,Giải ba,174,5
00179,2022-11-05,Giải ba,258,6
00179,2022-11-05,Giải ba,442,7
00179,2022-11-05,Giải Đặc biệt,637,0
00179,2022-11-05,Giải Đặc biệt,766,1
00179,2022-11-05,Giải nhất,620,0
00179,2022-11-05,Giải nhất,864,1
00179,2022-11-05,Giải nhất,480,2
00179,2022-11-05,Giải nhất,342,3
00179,2022-11-05,Giải nhì,891,0
00179,2022-11-05,Giải nhì,558,1
00179,2022-11-05,Giải nhì,068,2
00179,2022-11-05,Giải nhì,118,3
00179,2022-11-05,Giải nhì,818,4
00179,2022-11-05,Giải nhì,945,5
00178,2022-11-03,Giải ba,488,0
00178,2022-11-03,Giải ba,089,1
00178,2022-11-03,Giải ba,793,2
00178,2022-11-03,Giải ba,566,3
00178,2022-11-03,Giải ba,112,4
00178,2022-11-03,Giải ba,114,5
00178,2022-11-03,Giải ba,873,6
00178,2022-11-03,Giải ba,220,7
00178,2022-11-03,Giải Đặc biệt,769,0
00178,2022-11-03,Giải Đặc biệt,829,1
00178,2022-11-03,Giải nhất,029,0
00178,2022-11-03,Giải nhất,529,1
00178,2022-11-03,Giải nhất,367,2
00178,2022-11-03,Giải nhất,709,3
00178,2022-11-03,Giải nhì,731,0
00178,2022-11-03,Giải nhì,450,1
00178,2022-11-03,Giải nhì,141,2
00178,2022-11-03,Giải nhì,150,3
00178,2022-11-03,Giải nhì,861,4
00178,2022-11-03,Giải nhì,590,5
00177,2022-11-01,Giải ba,192,0
00177,2022-11-01,Giải ba,870,1
00177,2022-11-01,Giải ba,098,2
00177,2022-11-01,Giải ba,894,3
00177,2022-11-01,Giải ba,598,4
00177,2022-11-01,Giải ba,894,5
00177,2022-11-01,Giải ba,290,6
00177,2022-11-01,Giải ba,957,7
00177,2022-11-01,Giải Đặc biệt,990,0
00177,2022-11-01,Giải Đặc biệt,732,1
00177,2022-11-01,Giải nhất,124,0
00177,2022-11-01,Giải nhất,005,1
00177,2022-11-01,Giải nhất,566,2
00177,2022-11-01,Giải nhất,126,3
00177,2022-11-01,Giải nhì,978,0
00177,2022-11-01,Giải nhì,733,1
00177,2022-11-01,Giải nhì,862,2
00177,2022-11-01,Giải nhì,354,3
00177,2022-11-01,Giải nhì,681,4
00177,2022-11-01,Giải nhì,412,5
00176,2022-10-29,Giải ba,301,0
00176,2022-10-29,Giải ba,392,1
00176,2022-10-29,Giải ba,570,2
00176,2022-10-29,Giải ba,278,3
00176,2022-10-29,Giải ba,630,4
00176,2022-10-29,Giải ba,798,5
00176,2022-10-29,Giải ba,341,6
00176,2022-10-29,Giải ba,911,7
00176,2022-10-29,Giải Đặc biệt,785,0
00176,2022-10-29,Giải Đặc biệt,982,1
00176,2022-10-29,Giải nhất,527,0
00176,2022-10-29,Giải nhất,779,1
00176,2022-10-29,Giải nhất,529,2
00176,2022-10-29,Giải nhất,469,3
00176,2022-10-29,Giải nhì,475,0
00176,2022-10-29,Giải nhì,191,1
00176,2022-10-29,Giải nhì,293,2
00176,2022-10-29,Giải nhì,701,3
00176,2022-10-29,Giải nhì,266,4
00176,2022-10-29,Giải nhì,214,5
00175,2022-10-27,Giải ba,256,0
00175,2022-10-27,Giải ba,980,1
00175,2022-10-27,Giải ba,977,2
00175,2022-10-27,Giải ba,624,3
00175,2022-10-27,Giải ba,257,4
00175,2022-10-27,Giải ba,415,5
00175,2022-10-27,Giải ba,262,6
00175,2022-10-27,Giải ba,785,7
00175,2022-10-27,Giải Đặc biệt,593,0
00175,2022-10-27,Giải Đặc biệt,035,1
00175,2022-10-27,Giải nhất,278,0
00175,2022-10-27,Giải nhất,767,1
00175,2022-10-27,Giải nhất,619,2
00175,2022-10-27,Giải nhất,053,3
00175,2022-10-27,Giải nhì,792,0
00175,2022-10-27,Giải nhì,217,1
00175,2022-10-27,Giải nhì,171,2
00175,2022-10-27,Giải nhì,820,3
00175,2022-10-27,Giải nhì,183,4
00175,2022-10-27,Giải nhì,871,5
00174,2022-10-25,Giải ba,726,0
00174,2022-10-25,Giải ba,624,1
00174,2022-10-25,Giải ba,636,2
00174,2022-10-25,Giải ba,894,3
00174,2022-10-25,Giải ba,493,4
00174,2022-10-25,Giải ba,033,5
00174,2022-10-25,Giải ba,297,6
00174,2022-10-25,Giải ba,466,7
00174,2022-10-25,Giải Đặc biệt,769,0
00174,2022-10-25,Giải Đặc biệt,700,1
00174,2022-10-25,Giải nhất,277,0
00174,2022-10-25,Giải nhất,387,1
00174,2022-10-25,Giải nhất,575,2
00174,2022-10-25,Giải nhất,963,3
00174,2022-10-25,Giải nhì,712,0
00174,2022-10-25,Giải nhì,328,1
00174,2022-10-25,Giải nhì,446,2
00174,2022-10-25,Giải nhì,106,3
00174,2022-10-25,Giải nhì,185,4
00174,2022-10-25,Giải nhì,342,5
00173,2022-10-22,Giải ba,683,0
00173,2022-10-22,Giải ba,958,1
00173,2022-10-22,Giải ba,966,2
00173,2022-10-22,Giải ba,014,3
00173,2022-10-22,Giải ba,028,4
00173,2022-10-22,Giải ba,996,5
00173,2022-10-22,Giải ba,887,6
00173,2022-10-22,Giải ba,624,7
00173,2022-10-22,Giải Đặc biệt,790,0
00173,2022-10-22,Giải Đặc biệt,389,1
00173,2022-10-22,Giải nhất,346,0
00173,2022-10-22,Giải nhất,791,1
00173,2022-10-22,Giải nhất,653,2
00173,2022-10-22,Giải nhất,746,3
00173,2022-10-22,Giải nhì,008,0
00173,2022-10-22,Giải nhì,398,1
00173,2022-10-22,Giải nhì,873,2
00173,2022-10-22,Giải nhì,061,3
00173,2022-10-22,Giải nhì,234,4
00173,2022-10-22,Giải nhì,281,5
00172,2022-10-20,Giải ba,476,0
00172,2022-10-20,Giải ba,404,1
00172,2022-10-20,Giải ba,119,2
00172,2022-10-20,Giải ba,647,3
00172,2022-10-20,Giải ba,697,4
00172,2022-10-20,Giải ba,919,5
00172,2022-10-20,Giải ba,534,6
00172,2022-10-20,Giải ba,235,7
00172,2022-10-20,Giải Đặc biệt,551,0
00172,2022-10-20,Giải Đặc biệt,102,1
00172,2022-10-20,Giải nhất,017,0
00172,2022-10-20,Giải nhất,646,1
00172,2022-10-20,Giải nhất,775,2
00172,2022-10-20,Giải nhất,008,3
00172,2022-10-20,Giải nhì,678,0
00172,2022-10-20,Giải nhì,699,1
00172,2022-10-20,Giải nhì,146,2
00172,2022-10-20,Giải nhì,984,3
00172,2022-10-20,Giải nhì,781,4
00172,2022-10-20,Giải nhì,288,5
00171,2022-10-18,Giải ba,422,0
00171,2022-10-18,Giải ba,890,1
00171,2022-10-18,Giải ba,147,2
00171,2022-10-18,Giải ba,315,3
00171,2022-10-18,Giải ba,405,4
00171,2022-10-18,Giải ba,269,5
00171,2022-10-18,Giải ba,019,6
00171,2022-10-18,Giải ba,920,7
00171,2022-10-18,Giải Đặc biệt,734,0
00171,2022-10-18,Giải Đặc biệt,155,1
00171,2022-10-18,Giải nhất,465,0
00171,2022-10-18,Giải nhất,195,1
00171,2022-10-18,Giải nhất,267,2
00171,2022-10-18,Giải nhất,506,3
00171,2022-10-18,Giải nhì,023,0
00171,2022-10-18,Giải nhì,162,1
00171,2022-10-18,Giải nhì,692,2
00171,2022-10-18,Giải nhì,531,3
00171,2022-10-18,Giải nhì,507,4
00171,2022-10-18,Giải nhì,368,5
00170,2022-10-15,Giải ba,556,0
00170,2022-10-15,Giải ba,050,1
00170,2022-10-15,Giải ba,555,2
00170,2022-10-15,Giải ba,620,3
00170,2022-10-15,Giải ba,913,4
00170,2022-10-15,Giải ba,329,5
00170,2022-10-15,Giải ba,327,6
00170,2022-10-15,Giải ba,804,7
00170,2022-10-15,Giải Đặc biệt,462,0
00170,2022-10-15,Giải Đặc biệt,693,1
00170,2022-10-15,Giải nhất,771,0
00170,2022-10-15,Giải nhất,750,1
00170,2022-10-15,Giải nhất,270,2
00170,2022-10-15,Giải nhất,268,3
00170,2022-10-15,Giải nhì,196,0
00170,2022-10-15,Giải nhì,241,1
00170,2022-10-15,Giải nhì,217,2
00170,2022-10-15,Giải nhì,505,3
00170,2022-10-15,Giải nhì,720,4
00170,2022-10-15,Giải nhì,435,5
00169,2022-10-13,Giải ba,254,0
00169,2022-10-13,Giải ba,401,1
00169,2022-10-13,Giải ba,049,2
00169,2022-10-13,Giải ba,178,3
00169,2022-10-13,Giải ba,481,4
00169,2022-10-13,Giải ba,196,5
00169,2022-10-13,Giải ba,082,6
00169,2022-10-13,Giải ba,423,7
00169,2022-10-13,Giải Đặc biệt,243,0
00169,2022-10-13,Giải Đặc biệt,802,1
00169,2022-10-13,Giải nhất,205,0
00169,2022-10-13,Giải nhất,520,1
00169,2022-10-13,Giải nhất,045,2
00169,2022-10-13,Giải nhất,513,3
00169,2022-10-13,Giải nhì,496,0
00169,2022-10-13,Giải nhì,644,1
00169,2022-10-13,Giải nhì,150,2
00169,2022-10-13,Giải nhì,272,3
00169,2022-10-13,Giải nhì,241,4
00169,2022-10-13,Giải nhì,821,5
00168,2022-10-11,Giải ba,634,0
00168,2022-10-11,Giải ba,712,1
00168,2022-10-11,Giải ba,943,2
00168,2022-10-11,Giải ba,529,3
00168,2022-10-11,Giải ba,777,4
00168,2022-10-11,Giải ba,641,5
00168,2022-10-11,Giải ba,065,6
00168,2022-10-11,Giải ba,752,7
00168,2022-10-11,Giải Đặc biệt,689,0
00168,2022-10-11,Giải Đặc biệt,320,1
00168,2022-10-11,Giải nhất,808,0
00168,2022-10-11,Giải nhất,374,1
00168,2022-10-11,Giải nhất,202,2
00168,2022-10-11,Giải nhất,117,3
00168,2022-10-11,Giải nhì,922,0
00168,2022-10-11,Giải nhì,909,1
00168,2022-10-11,Giải nhì,213,2
00168,2022-10-11,Giải nhì,272,3
00168,2022-10-11,Giải nhì,092,4
00168,2022-10-11,Giải nhì,570,5
00167,2022-10-08,Giải ba,728,0
00167,2022-10-08,Giải ba,133,1
00167,2022-10-08,Giải ba,216,2
00167,2022-10-08,Giải ba,472,3
00167,2022-10-08,Giải ba,827,4
00167,2022-10-08,Giải ba,011,5
00167,2022-10-08,Giải ba,201,6
00167,2022-10-08,Giải ba,108,7
00167,2022-10-08,Giải Đặc biệt,110,0
00167,2022-10-08,Giải Đặc biệt,198,1
00167,2022-10-08,Giải nhất,608,0
00167,2022-10-08,Giải nhất,716,1
00167,2022-10-08,Giải nhất,049,2
00167,2022-10-08,Giải nhất,613,3
00167,2022-10-08,Giải nhì,395,0
00167,2022-10-08,Giải nhì,723,1
00167,2022-10-08,Giải nhì,197,2
00167,2022-10-08,Giải nhì,895,3
00167,2022-10-08,Giải nhì,038,4
00167,2022-10-08,Giải nhì,564,5
00166,2022-10-06,Giải ba,693,0
00166,2022-10-06,Giải ba,840,1
00166,2022-10-06,Giải ba,999,2
00166,2022-10-06,Giải ba,944,3
00166,2022-10-06,Giải ba,427,4
00166,2022-10-06,Giải ba,105,5
00166,2022-10-06,Giải ba,057,6
00166,2022-10-06,Giải ba,143,7
00166,2022-10-06,Giải Đặc biệt,772,0
00166,2022-10-06,Giải Đặc biệt,347,1
00166,2022-10-06,Giải nhất,726,0
00166,2022-10-06,Giải nhất,864,1
00166,2022-10-06,Giải nhất,017,2
00166,2022-10-06,Giải nhất,697,3
00166,2022-10-06,Giải nhì,861,0
00166,2022-10-06,Giải nhì,087,1
00166,2022-10-06,Giải nhì,033,2
00166,2022-10-06,Giải nhì,389,3
00166,2022-10-06,Giải nhì,087,4
00166,2022-10-06,Giải nhì,626,5
00165,2022-10-04,Giải ba,191,0
00165,2022-10-04,Giải ba,639,1
00165,2022-10-04,Giải ba,067,2
00165,2022-10-04,Giải ba,360,3
00165,2022-10-04,Giải ba,638,4
00165,2022-10-04,Giải ba,445,5
00165,2022-10-04,Giải ba,507,6
00165,2022-10-04,Giải ba,449,7
00165,2022-10-04,Giải Đặc biệt,295,0
00165,2022-10-04,Giải Đặc biệt,696,1
00165,2022-10-04,Giải nhất,319,0
00165,2022-10-04,Giải nhất,961,1
00165,2022-10-04,Giải nhất,383,2
00165,2022-10-04,Giải nhất,236,3
00165,2022-10-04,Giải nhì,110,0
00165,2022-10-04,Giải nhì,894,1
00165,2022-10-04,Giải nhì,523,2
00165,2022-10-04,Giải nhì,117,3
00165,2022-10-04,Giải nhì,540,4
00165,2022-10-04,Giải nhì,688,5
00164,2022-10-01,Giải ba,417,0
00164,2022-10-01,Giải ba,225,1
00164,2022-10-01,Giải ba,740,2
00164,2022-10-01,Giải ba,665,3
00164,2022-10-01,Giải ba,562,4
00164,2022-10-01,Giải ba,364,5
00164,2022-10-01,Giải ba,832,6
00164,2022-10-01,Giải ba,187,7
00164,2022-10-01,Giải Đặc biệt,120,0
00164,2022-10-01,Giải Đặc biệt,112,1
00164,2022-10-01,Giải nhất,986,0
00164,2022-10-01,Giải nhất,595,1
00164,2022-10-01,Giải nhất,185,2
00164,2022-10-01,Giải nhất,910,3
00164,2022-10-01,Giải nhì,689,0
00164,2022-10-01,Giải nhì,612,1
00164,2022-10-01,Giải nhì,003,2
00164,2022-10-01,Giải nhì,571,3
00164,2022-10-01,Giải nhì,024,4
00164,2022-10-01,Giải nhì,731,5
00163,2022-09-29,Giải ba,711,0
00163,2022-09-29,Giải ba,509,1
00163,2022-09-29,Giải ba,878,2
00163,2022-09-29,Giải ba,706,3
00163,2022-09-29,Giải ba,587,4
00163,2022-09-29,Giải ba,981,5
00163,2022-09-29,Giải ba,375,6
00163,2022-09-29,Giải ba,490,7
00163,2022-09-29,Giải Đặc biệt,350,0
00163,2022-09-29,Giải Đặc biệt,999,1
00163,2022-09-29,Giải nhất,821,0
00163,2022-09-29,Giải nhất,207,1
00163,2022-09-29,Giải nhất,920,2
00163,2022-09-29,Giải nhất,524,3
00163,2022-09-29,Giải nhì,580,0
00163,2022-09-29,Giải nhì,403,1
00163,2022-09-29,Giải nhì,348,2
00163,2022-09-29,Giải nhì,879,3
00163,2022-09-29,Giải nhì,184,4
00163,2022-09-29,Giải nhì,499,5
00162,2022-09-27,Giải ba,356,0
00162,2022-09-27,Giải ba,005,1
00162,2022-09-27,Giải ba,595,2
00162,2022-09-27,Giải ba,706,3
00162,2022-09-27,Giải ba,907,4
00162,2022-09-27,Giải ba,396,5
00162,2022-09-27,Giải ba,108,6
00162,2022-09-27,Giải ba,804,7
00162,2022-09-27,Giải Đặc biệt,826,0
00162,2022-09-27,Giải Đặc biệt,716,1
00162,2022-09-27,Giải nhất,925,0
00162,2022-09-27,Giải nhất,634,1
00162,2022-09-27,Giải nhất,695,2
00162,2022-09-27,Giải nhất,446,3
00162,2022-09-27,Giải nhì,380,0
00162,2022-09-27,Giải nhì,688,1
00162,2022-09-27,Giải nhì,038,2
00162,2022-09-27,Giải nhì,245,3
00162,2022-09-27,Giải nhì,244,4
00162,2022-09-27,Giải nhì,270,5
00161,2022-09-24,Giải ba,940,0
00161,2022-09-24,Giải ba,339,1
00161,2022-09-24,Giải ba,221,2
00161,2022-09-24,Giải ba,909,3
00161,2022-09-24,Giải ba,392,4
00161,2022-09-24,Giải ba,453,5
00161,2022-09-24,Giải ba,052,6
00161,2022-09-24,Giải ba,494,7
00161,2022-09-24,Giải Đặc biệt,458,0
00161,2022-09-24,Giải Đặc biệt,191,1
00161,2022-09-24,Giải nhất,605,0
00161,2022-09-24,Giải nhất,300,1
00161,2022-09-24,Giải nhất,592,2
00161,2022-09-24,Giải nhất,112,3
00161,2022-09-24,Giải nhì,229,0
00161,2022-09-24,Giải nhì,923,1
00161,2022-09-24,Giải nhì,694,2
00161,2022-09-24,Giải nhì,985,3
00161,2022-09-24,Giải nhì,116,4
00161,2022-09-24,Giải nhì,274,5
00160,2022-09-22,Giải ba,726,0
00160,2022-09-22,Giải ba,166,1
00160,2022-09-22,Giải ba,293,2
00160,2022-09-22,Giải ba,605,3
00160,2022-09-22,Giải ba,627,4
00160,2022-09-22,Giải ba,393,5
00160,2022-09-22,Giải ba,631,6
00160,2022-09-22,Giải ba,539,7
00160,2022-09-22,Giải Đặc biệt,488,0
00160,2022-09-22,Giải Đặc biệt,313,1
00160,2022-09-22,Giải nhất,424,0
00160,2022-09-22,Giải nhất,893,1
00160,2022-09-22,Giải nhất,002,2
00160,2022-09-22,Giải nhất,174,3
00160,2022-09-22,Giải nhì,533,0
00160,2022-09-22,Giải nhì,573,1
00160,2022-09-22,Giải nhì,737,2
00160,2022-09-22,Giải nhì,901,3
00160,2022-09-22,Giải nhì,917,4
00160,2022-09-22,Giải nhì,997,5
00159,2022-09-20,Giải ba,113,0
00159,2022-09-20,Giải ba,598,1
00159,2022-09-20,Giải ba,673,2
00159,2022-09-20,Giải ba,906,3
00159,2022-09-20,Giải ba,799,4
00159,2022-09-20,Giải ba,405,5
00159,2022-09-20,Giải ba,710,6
00159,2022-09-20,Giải ba,594,7
00159,2022-09-20,Giải Đặc biệt,708,0
00159,2022-09-20,Giải Đặc biệt,745,1
00159,2022-09-20,Giải nhất,263,0
00159,2022-09-20,Giải nhất,411,1
00159,2022-09-20,Giải nhất,367,2
00159,2022-09-20,Giải nhất,164,3
00159,2022-09-20,Giải nhì,159,0
00159,2022-09-20,Giải nhì,342,1
00159,2022-09-20,Giải nhì,286,2
00159,2022-09-20,Giải nhì,065,3
00159,2022-09-20,Giải nhì,553,4
00159,2022-09-20,Giải nhì,706,5
00158,2022-09-17,Giải ba,975,0
00158,2022-09-17,Giải ba,243,1
00158,2022-09-17,Giải ba,899,2
00158,2022-09-17,Giải ba,032,3
00158,2022-09-17,Giải ba,866,4
00158,2022-09-17,Giải ba,705,5
00158,2022-09-17,Giải ba,844,6
00158,2022-09-17,Giải ba,858,7
00158,2022-09-17,Giải Đặc biệt,071,0
00158,2022-09-17,Giải Đặc biệt,245,1
00158,2022-09-17,Giải nhất,577,0
00158,2022-09-17,Giải nhất,636,1
00158,2022-09-17,Giải nhất,837,2
00158,2022-09-17,Giải nhất,201,3
00158,2022-09-17,Giải nhì,397,0
00158,2022-09-17,Giải nhì,608,1
00158,2022-09-17,Giải nhì,803,2
00158,2022-09-17,Giải nhì,927,3
00158,2022-09-17,Giải nhì,952,4
00158,2022-09-17,Giải nhì,346,5
00157,2022-09-15,Giải ba,483,0
00157,2022-09-15,Giải ba,916,1
00157,2022-09-15,Giải ba,115,2
00157,2022-09-15,Giải ba,392,3
00157,2022-09-15,Giải ba,866,4
00157,2022-09-15,Giải ba,175,5
00157,2022-09-15,Giải ba,399,6
00157,2022-09-15,Giải ba,849,7
00157,2022-09-15,Giải Đặc biệt,984,0
00157,2022-09-15,Giải Đặc biệt,150,1
00157,2022-09-15,Giải nhất,187,0
00157,2022-09-15,Giải nhất,270,1
00157,2022-09-15,Giải nhất,503,2
00157,2022-09-15,Giải nhất,394,3
00157,2022-09-15,Giải nhì,917,0
00157,2022-09-15,Giải nhì,718,1
00157,2022-09-15,Giải nhì,098,2
00157,2022-09-15,Giải nhì,418,3
00157,2022-09-15,Giải nhì,637,4
00157,2022-09-15,Giải nhì,930,5
00156,2022-09-13,Giải ba,681,0
00156,2022-09-13,Giải ba,782,1
00156,2022-09-13,Giải ba,723,2
00156,2022-09-13,Giải ba,104,3
00156,2022-09-13,Giải ba,023,4
00156,2022-09-13,Giải ba,159,5
00156,2022-09-13,Giải ba,416,6
00156,2022-09-13,Giải ba,611,7
00156,2022-09-13,Giải Đặc biệt,518,0
00156,2022-09-13,Giải Đặc biệt,598,1
00156,2022-09-13,Giải nhất,302,0
00156,2022-09-13,Giải nhất,967,1
00156,2022-09-13,Giải nhất,160,2
00156,2022-09-13,Giải nhất,073,3
00156,2022-09-13,Giải nhì,805,0
00156,2022-09-13,Giải nhì,834,1
00156,2022-09-13,Giải nhì,670,2
00156,2022-09-13,Giải nhì,679,3
00156,2022-09-13,Giải nhì,296,4
00156,2022-09-13,Giải nhì,810,5
00155,2022-09-10,Giải ba,941,0
00155,2022-09-10,Giải ba,420,1
00155,2022-09-10,Giải ba,761,2
00155,2022-09-10,Giải ba,863,3
00155,2022-09-10,Giải ba,363,4
00155,2022-09-10,Giải ba,629,5
00155,2022-09-10,Giải ba,034,6
00155,2022-09-10,Giải ba,267,7
00155,2022-09-10,Giải Đặc biệt,486,0
00155,2022-09-10,Giải Đặc biệt,856,1
00155,2022-09-10,Giải nhất,463,0
00155,2022-09-10,Giải nhất,186,1
00155,2022-09-10,Giải nhất,001,2
00155,2022-09-10,Giải nhất,988,3
00155,2022-09-10,Giải nhì,332,0
00155,2022-09-10,Giải nhì,244,1
00155,2022-09-10,Giải nhì,736,2
00155,2022-09-10,Giải nhì,056,3
00155,2022-09-10,Giải nhì,125,4
00155,2022-09-10,Giải nhì,183,5
00154,2022-09-08,Giải ba,856,0
00154,2022-09-08,Giải ba,605,1
00154,2022-09-08,Giải ba,434,2
00154,2022-09-08,Giải ba,469,3
00154,2022-09-08,Giải ba,340,4
00154,2022-09-08,Giải ba,606,5
00154,2022-09-08,Giải ba,715,6
00154,2022-09-08,Giải ba,223,7
00154,2022-09-08,Giải Đặc biệt,967,0
00154,2022-09-08,Giải Đặc biệt,063,1
00154,2022-09-08,Giải nhất,210,0
00154,2022-09-08,Giải nhất,890,1
00154,2022-09-08,Giải nhất,354,2
00154,2022-09-08,Giải nhất,852,3
00154,2022-09-08,Giải nhì,985,0
00154,2022-09-08,Giải nhì,987,1
00154,2022-09-08,Giải nhì,556,2
00154,2022-09-08,Giải nhì,824,3
00154,2022-09-08,Giải nhì,522,4
00154,2022-09-08,Giải nhì,264,5
00153,2022-09-06,Giải ba,306,0
00153,2022-09-06,Giải ba,004,1
00153,2022-09-06,Giải ba,523,2
00153,2022-09-06,Giải ba,359,3
00153,2022-09-06,Giải ba,377,4
00153,2022-09-06,Giải ba,673,5
00153,2022-09-06,Giải ba,072,6
00153,2022-09-06,Giải ba,958,7
00153,2022-09-06,Giải Đặc biệt,392,0
00153,2022-09-06,Giải Đặc biệt,009,1
00153,2022-09-06,Giải nhất,159,0
00153,2022-09-06,Giải nhất,541,1
00153,2022-09-06,Giải nhất,045,2
00153,2022-09-06,Giải nhất,929,3
00153,2022-09-06,Giải nhì,278,0
00153,2022-09-06,Giải nhì,360,1
00153,2022-09-06,Giải nhì,010,2
00153,2022-09-06,Giải nhì,359,3
00153,2022-09-06,Giải nhì,160,4
00153,2022-09-06,Giải nhì,822,5
00152,2022-09-03,Giải ba,453,0
00152,2022-09-03,Giải ba,796,1
00152,2022-09-03,Giải ba,515,2
00152,2022-09-03,Giải ba,263,3
00152,2022-09-03,Giải ba,763,4
00152,2022-09-03,Giải ba,350,5
00152,2022-09-03,Giải ba,565,6
00152,2022-09-03,Giải ba,842,7
00152,2022-09-03,Giải Đặc biệt,316,0
00152,2022-09-03,Giải Đặc biệt,317,1
00152,2022-09-03,Giải nhất,082,0
00152,2022-09-03,Giải nhất,075,1
00152,2022-09-03,Giải nhất,801,2
00152,2022-09-03,Giải nhất,858,3
00152,2022-09-03,Giải nhì,617,0
00152,2022-09-03,Giải nhì,622,1
00152,2022-09-03,Giải nhì,326,2
00152,2022-09-03,Giải nhì,722,3
00152,2022-09-03,Giải nhì,856,4
00152,2022-09-03,Giải nhì,634,5
00151,2022-09-01,Giải ba,703,0
00151,2022-09-01,Giải ba,130,1
00151,2022-09-01,Giải ba,239,2
00151,2022-09-01,Giải ba,164,3
00151,2022-09-01,Giải ba,699,4
00151,2022-09-01,Giải ba,179,5
00151,2022-09-01,Giải ba,330,6
00151,2022-09-01,Giải ba,173,7
00151,2022-09-01,Giải Đặc biệt,608,0
00151,2022-09-01,Giải Đặc biệt,355,1
00151,2022-09-01,Giải nhất,108,0
00151,2022-09-01,Giải nhất,830,1
00151,2022-09-01,Giải nhất,842,2
00151,2022-09-01,Giải nhất,177,3
00151,2022-09-01,Giải nhì,819,0
00151,2022-09-01,Giải nhì,788,1
00151,2022-09-01,Giải nhì,150,2
00151,2022-09-01,Giải nhì,088,3
00151,2022-09-01,Giải nhì,878,4
00151,2022-09-01,Giải nhì,764,5
00150,2022-08-30,Giải ba,490,0
00150,2022-08-30,Giải ba,715,1
00150,2022-08-30,Giải ba,110,2
00150,2022-08-30,Giải ba,082,3
00150,2022-08-30,Giải ba,066,4
00150,2022-08-30,Giải ba,059,5
00150,2022-08-30,Giải ba,566,6
00150,2022-08-30,Giải ba,238,7
00150,2022-08-30,Giải Đặc biệt,948,0
00150,2022-08-30,Giải Đặc biệt,832,1
00150,2022-08-30,Giải nhất,425,0
00150,2022-08-30,Giải nhất,290,1
00150,2022-08-30,Giải nhất,607,2
00150,2022-08-30,Giải nhất,416,3
00150,2022-08-30,Giải nhì,630,0
00150,2022-08-30,Giải nhì,124,1
00150,2022-08-30,Giải nhì,443,2
00150,2022-08-30,Giải nhì,012,3
00150,2022-08-30,Giải nhì,283,4
00150,2022-08-30,Giải nhì,000,5
00149,2022-08-27,Giải ba,285,0
00149,2022-08-27,Giải ba,535,1
00149,2022-08-27,Giải ba,317,2
00149,2022-08-27,Giải ba,081,3
00149,2022-08-27,Giải ba,891,4
00149,2022-08-27,Giải ba,023,5
00149,2022-08-27,Giải ba,337,6
00149,2022-08-27,Giải ba,112,7
00149,2022-08-27,Giải Đặc biệt,450,0
00149,2022-08-27,Giải Đặc biệt,477,1
00149,2022-08-27,Giải nhất,226,0
00149,2022-08-27,Giải nhất,273,1
00149,2022-08-27,Giải nhất,419,2
00149,2022-08-27,Giải nhất,053,3
00149,2022-08-27,Giải nhì,506,0
00149,2022-08-27,Giải nhì,736,1
00149,2022-08-27,Giải nhì,642,2
00149,2022-08-27,Giải nhì,964,3
00149,2022-08-27,Giải nhì,048,4
00149,2022-08-27,Giải nhì,942,5
00148,2022-08-25,Giải ba,104,0
00148,2022-08-25,Giải ba,356,1
00148,2022-08-25,Giải ba,422,2
00148,2022-08-25,Giải ba,697,3
00148,2022-08-25,Giải ba,812,4
00148,2022-08-25,Giải ba,386,5
00148,2022-08-25,Giải ba,036,6
00148,2022-08-25,Giải ba,763,7
00148,2022-08-25,Giải Đặc biệt,344,0
00148,2022-08-25,Giải Đặc biệt,634,1
00148,2022-08-25,Giải nhất,043,0
00148,2022-08-25,Giải nhất,621,1
00148,2022-08-25,Giải nhất,720,2
00148,2022-08-25,Giải nhất,719,3
00148,2022-08-25,Giải nhì,361,0
00148,2022-08-25,Giải nhì,056,1
00148,2022-08-25,Giải nhì,386,2
00148,2022-08-25,Giải nhì,297,3
00148,2022-08-25,Giải nhì,645,4
00148,2022-08-25,Giải nhì,034,5
00147,2022-08-23,Giải ba,850,0
00147,2022-08-23,Giải ba,981,1
00147,2022-08-23,Giải ba,133,2
00147,2022-08-23,Giải ba,537,3
00147,2022-08-23,Giải ba,157,4
00147,2022-08-23,Giải ba,452,5
00147,2022-08-23,Giải ba,302,6
00147,2022-08-23,Giải ba,813,7
00147,2022-08-23,Giải Đặc biệt,068,0
00147,2022-08-23,Giải Đặc biệt,743,1
00147,2022-08-23,Giải nhất,805,0
00147,2022-08-23,Giải nhất,400,1
00147,2022-08-23,Giải nhất,543,2
00147,2022-08-23,Giải nhất,380,3
00147,2022-08-23,Giải nhì,536,0
00147,2022-08-23,Giải nhì,493,1
00147,2022-08-23,Giải nhì,422,2
00147,2022-08-23,Giải nhì,261,3
00147,2022-08-23,Giải nhì,010,4
00147,2022-08-23,Giải nhì,494,5
00146,2022-08-20,Giải ba,581,0
00146,2022-08-20,Giải ba,709,1
00146,2022-08-20,Giải ba,935,2
00146,2022-08-20,Giải ba,336,3
00146,2022-08-20,Giải ba,374,4
00146,2022-08-20,Giải ba,450,5
00146,2022-08-20,Giải ba,787,6
00146,2022-08-20,Giải ba,242,7
00146,2022-08-20,Giải Đặc biệt,027,0
00146,2022-08-20,Giải Đặc biệt,437,1
00146,2022-08-20,Giải nhất,450,0
00146,2022-08-20,Giải nhất,689,1
00146,2022-08-20,Giải nhất,042,2
00146,2022-08-20,Giải nhất,477,3
00146,2022-08-20,Giải nhì,829,0
00146,2022-08-20,Giải nhì,049,1
00146,2022-08-20,Giải nhì,040,2
00146,2022-08-20,Giải nhì,700,3
00146,2022-08-20,Giải nhì,106,4
00146,2022-08-20,Giải nhì,480,5
00145,2022-08-18,Giải ba,236,0
00145,2022-08-18,Giải ba,172,1
00145,2022-08-18,Giải ba,683,2
00145,2022-08-18,Giải ba,195,3
00145,2022-08-18,Giải ba,757,4
00145,2022-08-18,Giải ba,415,5
00145,2022-08-18,Giải ba,410,6
00145,2022-08-18,Giải ba,361,7
00145,2022-08-18,Giải Đặc biệt,054,0
00145,2022-08-18,Giải Đặc biệt,425,1
00145,2022-08-18,Giải nhất,769,0
00145,2022-08-18,Giải nhất,905,1
00145,2022-08-18,Giải nhất,090,2
00145,2022-08-18,Giải nhất,191,3
00145,2022-08-18,Giải nhì,623,0
00145,2022-08-18,Giải nhì,196,1
00145,2022-08-18,Giải nhì,094,2
00145,2022-08-18,Giải nhì,770,3
00145,2022-08-18,Giải nhì,595,4
00145,2022-08-18,Giải nhì,235,5
00144,2022-08-16,Giải ba,429,0
00144,2022-08-16,Giải ba,724,1
00144,2022-08-16,Giải ba,650,2
00144,2022-08-16,Giải ba,050,3
00144,2022-08-16,Giải ba,143,4
00144,2022-08-16,Giải ba,999,5
00144,2022-08-16,Giải ba,024,6
00144,2022-08-16,Giải ba,069,7
00144,2022-08-16,Giải Đặc biệt,324,0
00144,2022-08-16,Giải Đặc biệt,569,1
00144,2022-08-16,Giải nhất,121,0
00144,2022-08-16,Giải nhất,772,1
00144,2022-08-16,Giải nhất,473,2
00144,2022-08-16,Giải nhất,218,3
00144,2022-08-16,Giải nhì,994,0
00144,2022-08-16,Giải nhì,721,1
00144,2022-08-16,Giải nhì,361,2
00144,2022-08-16,Giải nhì,741,3
00144,2022-08-16,Giải nhì,190,4
00144,2022-08-16,Giải nhì,792,5
00143,2022-08-13,Giải ba,143,0
00143,2022-08-13,Giải ba,623,1
00143,2022-08-13,Giải ba,652,2
00143,2022-08-13,Giải ba,526,3
00143,2022-08-13,Giải ba,341,4
00143,2022-08-13,Giải ba,097,5
00143,2022-08-13,Giải ba,665,6
00143,2022-08-13,Giải ba,221,7
00143,2022-08-13,Giải Đặc biệt,351,0
00143,2022-08-13,Giải Đặc biệt,327,1
00143,2022-08-13,Giải nhất,116,0
00143,2022-08-13,Giải nhất,778,1
00143,2022-08-13,Giải nhất,053,2
00143,2022-08-13,Giải nhất,663,3
00143,2022-08-13,Giải nhì,503,0
00143,2022-08-13,Giải nhì,648,1
00143,2022-08-13,Giải nhì,533,2
00143,2022-08-13,Giải nhì,372,3
00143,2022-08-13,Giải nhì,013,4
00143,2022-08-13,Giải nhì,746,5
00142,2022-08-11,Giải ba,452,0
00142,2022-08-11,Giải ba,911,1
00142,2022-08-11,Giải ba,311,2
00142,2022-08-11,Giải ba,508,3
00142,2022-08-11,Giải ba,955,4
00142,2022-08-11,Giải ba,306,5
00142,2022-08-11,Giải ba,236,6
00142,2022-08-11,Giải ba,074,7
00142,2022-08-11,Giải Đặc biệt,162,0
00142,2022-08-11,Giải Đặc biệt,738,1
00142,2022-08-11,Giải nhất,035,0
00142,2022-08-11,Giải nhất,703,1
00142,2022-08-11,Giải nhất,547,2
00142,2022-08-11,Giải nhất,491,3
00142,2022-08-11,Giải nhì,908,0
00142,2022-08-11,Giải nhì,915,1
00142,2022-08-11,Giải nhì,863,2
00142,2022-08-11,Giải nhì,381,3
00142,2022-08-11,Giải nhì,598,4
00142,2022-08-11,Giải nhì,070,5
00141,2022-08-09,Giải ba,494,0
00141,2022-08-09,Giải ba,340,1
00141,2022-08-09,Giải ba,096,2
00141,2022-08-09,Giải ba,702,3
00141,2022-08-09,Giải ba,319,4
00141,2022-08-09,Giải ba,540,5
00141,2022-08-09,Giải ba,224,6
00141,2022-08-09,Giải ba,490,7
00141,2022-08-09,Giải Đặc biệt,922,0
00141,2022-08-09,Giải Đặc biệt,107,1
00141,2022-08-09,Giải nhất,641,0
00141,2022-08-09,Giải nhất,280,1
00141,2022-08-09,Giải nhất,866,2
00141,2022-08-09,Giải nhất,878,3
00141,2022-08-09,Giải nhì,269,0
00141,2022-08-09,Giải nhì,967,1
00141,2022-08-09,Giải nhì,987,2
00141,2022-08-09,Giải nhì,417,3
00141,2022-08-09,Giải nhì,817,4
00141,2022-08-09,Giải nhì,542,5
00140,2022-08-06,Giải ba,804,0
00140,2022-08-06,Giải ba,123,1
00140,2022-08-06,Giải ba,427,2
00140,2022-08-06,Giải ba,827,3
00140,2022-08-06,Giải ba,216,4
00140,2022-08-06,Giải ba,004,5
00140,2022-08-06,Giải ba,699,6
00140,2022-08-06,Giải ba,268,7
00140,2022-08-06,Giải Đặc biệt,543,0
00140,2022-08-06,Giải Đặc biệt,468,1
00140,2022-08-06,Giải nhất,500,0
00140,2022-08-06,Giải nhất,894,1
00140,2022-08-06,Giải nhất,463,2
00140,2022-08-06,Giải nhất,738,3
00140,2022-08-06,Giải nhì,756,0
00140,2022-08-06,Giải nhì,698,1
00140,2022-08-06,Giải nhì,832,2
00140,2022-08-06,Giải nhì,745,3
00140,2022-08-06,Giải nhì,399,4
00140,2022-08-06,Giải nhì,637,5
00139,2022-08-04,Giải ba,203,0
00139,2022-08-04,Giải ba,265,1
00139,2022-08-04,Giải ba,039,2
00139,2022-08-04,Giải ba,070,3
00139,2022-08-04,Giải ba,085,4
00139,2022-08-04,Giải ba,216,5
00139,2022-08-04,Giải ba,594,6
00139,2022-08-04,Giải ba,157,7
00139,2022-08-04,Giải Đặc biệt,846,0
00139,2022-08-04,Giải Đặc biệt,393,1
00139,2022-08-04,Giải nhất,456,0
00139,2022-08-04,Giải nhất,222,1
00139,2022-08-04,Giải nhất,814,2
00139,2022-08-04,Giải nhất,537,3
00139,2022-08-04,Giải nhì,976,0
00139,2022-08-04,Giải nhì,293,1
00139,2022-08-04,Giải nhì,296,2
00139,2022-08-04,Giải nhì,112,3
00139,2022-08-04,Giải nhì,455,4
00139,2022-08-04,Giải nhì,779,5
00138,2022-08-02,Giải ba,656,0
00138,2022-08-02,Giải ba,362,1
00138,2022-08-02,Giải ba,373,2
00138,2022-08-02,Giải ba,345,3
00138,2022-08-02,Giải ba,842,4
00138,2022-08-02,Giải ba,055,5
00138,2022-08-02,Giải ba,581,6
00138,2022-08-02,Giải ba,637,7
00138,2022-08-02,Giải Đặc biệt,808,0
00138,2022-08-02,Giải Đặc biệt,595,1
00138,2022-08-02,Giải nhất,739,0
00138,2022-08-02,Giải nhất,568,1
00138,2022-08-02,Giải nhất,770,2
00138,2022-08-02,Giải nhất,583,3
00138,2022-08-02,Giải nhì,134,0
00138,2022-08-02,Giải nhì,987,1
00138,2022-08-02,Giải nhì,480,2
00138,2022-08-02,Giải nhì,967,3
00138,2022-08-02,Giải nhì,326,4
00138,2022-08-02,Giải nhì,114,5
00137,2022-07-30,Giải ba,205,0
00137,2022-07-30,Giải ba,626,1
00137,2022-07-30,Giải ba,830,2
00137,2022-07-30,Giải ba,107,3
00137,2022-07-30,Giải ba,996,4
00137,2022-07-30,Giải ba,551,5
00137,2022-07-30,Giải ba,689,6
00137,2022-07-30,Giải ba,719,7
00137,2022-07-30,Giải Đặc biệt,786,0
00137,2022-07-30,Giải Đặc biệt,969,1
00137,2022-07-30,Giải nhất,232,0
00137,2022-07-30,Giải nhất,192,1
00137,2022-07-30,Giải nhất,914,2
00137,2022-07-30,Giải nhất,441,3
00137,2022-07-30,Giải nhì,871,0
00137,2022-07-30,Giải nhì,918,1
00137,2022-07-30,Giải nhì,685,2
00137,2022-07-30,Giải nhì,966,3
00137,2022-07-30,Giải nhì,955,4
00137,2022-07-30,Giải nhì,965,5
00136,2022-07-28,Giải ba,862,0
00136,2022-07-28,Giải ba,256,1
00136,2022-07-28,Giải ba,656,2
00136,2022-07-28,Giải ba,256,3
00136,2022-07-28,Giải ba,481,4
00136,2022-07-28,Giải ba,999,5
00136,2022-07-28,Giải ba,758,6
00136,2022-07-28,Giải ba,041,7
00136,2022-07-28,Giải Đặc biệt,775,0
00136,2022-07-28,Giải Đặc biệt,705,1
00136,2022-07-28,Giải nhất,461,0
00136,2022-07-28,Giải nhất,686,1
00136,2022-07-28,Giải nhất,467,2
00136,2022-07-28,Giải nhất,811,3
00136,2022-07-28,Giải nhì,565,0
00136,2022-07-28,Giải nhì,774,1
00136,2022-07-28,Giải nhì,553,2
00136,2022-07-28,Giải nhì,668,3
00136,2022-07-28,Giải nhì,647,4
00136,2022-07-28,Giải nhì,899,5
00135,2022-07-26,Giải ba,105,0
00135,2022-07-26,Giải ba,701,1
00135,2022-07-26,Giải ba,864,2
00135,2022-07-26,Giải ba,744,3
00135,2022-07-26,Giải ba,004,4
00135,2022-07-26,Giải ba,280,5
00135,2022-07-26,Giải ba,108,6
00135,2022-07-26,Giải ba,487,7
00135,2022-07-26,Giải Đặc biệt,831,0
00135,2022-07-26,Giải Đặc biệt,005,1
00135,2022-07-26,Giải nhất,944,0
00135,2022-07-26,Giải nhất,315,1
00135,2022-07-26,Giải nhất,700,2
00135,2022-07-26,Giải nhất,661,3
00135,2022-07-26,Giải nhì,340,0
00135,2022-07-26,Giải nhì,353,1
00135,2022-07-26,Giải nhì,815,2
00135,2022-07-26,Giải nhì,144,3
00135,2022-07-26,Giải nhì,098,4
00135,2022-07-26,Giải nhì,023,5
00134,2022-07-23,Giải ba,505,0
00134,2022-07-23,Giải ba,249,1
00134,2022-07-23,Giải ba,933,2
00134,2022-07-23,Giải ba,001,3
00134,2022-07-23,Giải ba,071,4
00134,2022-07-23,Giải ba,622,5
00134,2022-07-23,Giải ba,467,6
00134,2022-07-23,Giải ba,477,7
00134,2022-07-23,Giải Đặc biệt,735,0
00134,2022-07-23,Giải Đặc biệt,572,1
00134,2022-07-23,Giải nhất,406,0
00134,2022-07-23,Giải nhất,682,1
00134,2022-07-23,Giải nhất,467,2
00134,2022-07-23,Giải nhất,027,3
00134,2022-07-23,Giải nhì,495,0
00134,2022-07-23,Giải nhì,400,1
00134,2022-07-23,Giải nhì,909,2
00134,2022-07-23,Giải nhì,118,3
00134,2022-07-23,Giải nhì,039,4
00134,2022-07-23,Giải nhì,068,5
00133,2022-07-21,Giải ba,369,0
00133,2022-07-21,Giải ba,359,1
00133,2022-07-21,Giải ba,173,2
00133,2022-07-21,Giải ba,002,3
00133,2022-07-21,Giải ba,494,4
00133,2022-07-21,Giải ba,505,5
00133,2022-07-21,Giải ba,536,6
00133,2022-07-21,Giải ba,552,7
00133,2022-07-21,Giải Đặc biệt,231,0
00133,2022-07-21,Giải Đặc biệt,677,1
00133,2022-07-21,Giải nhất,703,0
00133,2022-07-21,Giải nhất,638,1
00133,2022-07-21,Giải nhất,106,2
00133,2022-07-21,Giải nhất,327,3
00133,2022-07-21,Giải nhì,803,0
00133,2022-07-21,Giải nhì,293,1
00133,2022-07-21,Giải nhì,586,2
00133,2022-07-21,Giải nhì,867,3
00133,2022-07-21,Giải nhì,633,4
00133,2022-07-21,Giải nhì,107,5
00132,2022-07-19,Giải ba,181,0
00132,2022-07-19,Giải ba,747,1
00132,2022-07-19,Giải ba,905,2
00132,2022-07-19,Giải ba,971,3
00132,2022-07-19,Giải ba,329,4
00132,2022-07-19,Giải ba,669,5
00132,2022-07-19,Giải ba,262,6
00132,2022-07-19,Giải ba,367,7
00132,2022-07-19,Giải Đặc biệt,178,0
00132,2022-07-19,Giải Đặc biệt,130,1
00132,2022-07-19,Giải nhất,114,0
00132,2022-07-19,Giải nhất,591,1
00132,2022-07-19,Giải nhất,898,2
00132,2022-07-19,Giải nhất,732,3
00132,2022-07-19,Giải nhì,114,0
00132,2022-07-19,Giải nhì,019,1
00132,2022-07-19,Giải nhì,585,2
00132,2022-07-19,Giải nhì,041,3
00132,2022-07-19,Giải nhì,594,4
00132,2022-07-19,Giải nhì,531,5
00131,2022-07-16,Giải ba,547,0
00131,2022-07-16,Giải ba,124,1
00131,2022-07-16,Giải ba,069,2
00131,2022-07-16,Giải ba,972,3
00131,2022-07-16,Giải ba,052,4
00131,2022-07-16,Giải ba,729,5
00131,2022-07-16,Giải ba,890,6
00131,2022-07-16,Giải ba,989,7
00131,2022-07-16,Giải Đặc biệt,531,0
00131,2022-07-16,Giải Đặc biệt,765,1
00131,2022-07-16,Giải nhất,543,0
00131,2022-07-16,Giải nhất,689,1
00131,2022-07-16,Giải nhất,658,2
00131,2022-07-16,Giải nhất,787,3
00131,2022-07-16,Giải nhì,343,0
00131,2022-07-16,Giải nhì,992,1
00131,2022-07-16,Giải nhì,683,2
00131,2022-07-16,Giải nhì,127,3
00131,2022-07-16,Giải nhì,076,4
00131,2022-07-16,Giải nhì,734,5
00130,2022-07-14,Giải ba,042,0
00130,2022-07-14,Giải ba,719,1
00130,2022-07-14,Giải ba,582,2
00130,2022-07-14,Giải ba,305,3
00130,2022-07-14,Giải ba,828,4
00130,2022-07-14,Giải ba,130,5
00130,2022-07-14,Giải ba,248,6
00130,2022-07-14,Giải ba,158,7
00130,2022-07-14,Giải Đặc biệt,997,0
00130,2022-07-14,Giải Đặc biệt,374,1
00130,2022-07-14,Giải nhất,858,0
00130,2022-07-14,Giải nhất,258,1
00130,2022-07-14,Giải nhất,418,2
00130,2022-07-14,Giải nhất,638,3
00130,2022-07-14,Giải nhì,528,0
00130,2022-07-14,Giải nhì,508,1
00130,2022-07-14,Giải nhì,173,2
00130,2022-07-14,Giải nhì,834,3
00130,2022-07-14,Giải nhì,766,4
00130,2022-07-14,Giải nhì,784,5
00129,2022-07-12,Giải ba,980,0
00129,2022-07-12,Giải ba,848,1
00129,2022-07-12,Giải ba,334,2
00129,2022-07-12,Giải ba,314,3
00129,2022-07-12,Giải ba,854,4
00129,2022-07-12,Giải ba,677,5
00129,2022-07-12,Giải ba,787,6
00129,2022-07-12,Giải ba,167,7
00129,2022-07-12,Giải Đặc biệt,955,0
00129,2022-07-12,Giải Đặc biệt,456,1
00129,2022-07-12,Giải nhất,019,0
00129,2022-07-12,Giải nhất,513,1
00129,2022-07-12,Giải nhất,895,2
00129,2022-07-12,Giải nhất,916,3
00129,2022-07-12,Giải nhì,536,0
00129,2022-07-12,Giải nhì,779,1
00129,2022-07-12,Giải nhì,042,2
00129,2022-07-12,Giải nhì,291,3
00129,2022-07-12,Giải nhì,203,4
00129,2022-07-12,Giải nhì,763,5
00128,2022-07-09,Giải ba,343,0
00128,2022-07-09,Giải ba,067,1
00128,2022-07-09,Giải ba,871,2
00128,2022-07-09,Giải ba,468,3
00128,2022-07-09,Giải ba,801,4
00128,2022-07-09,Giải ba,913,5
00128,2022-07-09,Giải ba,799,6
00128,2022-07-09,Giải ba,446,7
00128,2022-07-09,Giải Đặc biệt,433,0
00128,2022-07-09,Giải Đặc biệt,717,1
00128,2022-07-09,Giải nhất,072,0
00128,2022-07-09,Giải nhất,495,1
00128,2022-07-09,Giải nhất,154,2
00128,2022-07-09,Giải nhất,341,3
00128,2022-07-09,Giải nhì,182,0
00128,2022-07-09,Giải nhì,557,1
00128,2022-07-09,Giải nhì,305,2
00128,2022-07-09,Giải nhì,178,3
00128,2022-07-09,Giải nhì,788,4
00128,2022-07-09,Giải nhì,458,5
00127,2022-07-07,Giải ba,746,0
00127,2022-07-07,Giải ba,423,1
00127,2022-07-07,Giải ba,319,2
00127,2022-07-07,Giải ba,765,3
00127,2022-07-07,Giải ba,703,4
00127,2022-07-07,Giải ba,064,5
00127,2022-07-07,Giải ba,201,6
00127,2022-07-07,Giải ba,069,7
00127,2022-07-07,Giải Đặc biệt,331,0
00127,2022-07-07,Giải Đặc biệt,491,1
00127,2022-07-07,Giải nhất,446,0
00127,2022-07-07,Giải nhất,772,1
00127,2022-07-07,Giải nhất,301,2
00127,2022-07-07,Giải nhất,528,3
00127,2022-07-07,Giải nhì,683,0
00127,2022-07-07,Giải nhì,289,1
00127,2022-07-07,Giải nhì,218,2
00127,2022-07-07,Giải nhì,619,3
00127,2022-07-07,Giải nhì,271,4
00127,2022-07-07,Giải nhì,267,5
00126,2022-07-05,Giải ba,928,0
00126,2022-07-05,Giải ba,502,1
00126,2022-07-05,Giải ba,942,2
00126,2022-07-05,Giải ba,584,3
00126,2022-07-05,Giải ba,454,4
00126,2022-07-05,Giải ba,864,5
00126,2022-07-05,Giải ba,836,6
00126,2022-07-05,Giải ba,949,7
00126,2022-07-05,Giải Đặc biệt,814,0
00126,2022-07-05,Giải Đặc biệt,157,1
00126,2022-07-05,Giải nhất,346,0
00126,2022-07-05,Giải nhất,929,1
00126,2022-07-05,Giải nhất,720,2
00126,2022-07-05,Giải nhất,865,3
00126,2022-07-05,Giải nhì,398,0
00126,2022-07-05,Giải nhì,775,1
00126,2022-07-05,Giải nhì,492,2
00126,2022-07-05,Giải nhì,134,3
00126,2022-07-05,Giải nhì,722,4
00126,2022-07-05,Giải nhì,643,5
00125,2022-07-02,Giải ba,503,0
00125,2022-07-02,Giải ba,335,1
00125,2022-07-02,Giải ba,168,2
00125,2022-07-02,Giải ba,837,3
00125,2022-07-02,Giải ba,751,4
00125,2022-07-02,Giải ba,121,5
00125,2022-07-02,Giải ba,794,6
00125,2022-07-02,Giải ba,791,7
00125,2022-07-02,Giải Đặc biệt,352,0
00125,2022-07-02,Giải Đặc biệt,485,1
00125,2022-07-02,Giải nhất,943,0
00125,2022-07-02,Giải nhất,282,1
00125,2022-07-02,Giải nhất,249,2
00125,2022-07-02,Giải nhất,727,3
00125,2022-07-02,Giải nhì,832,0
00125,2022-07-02,Giải nhì,356,1
00125,2022-07-02,Giải nhì,897,2
00125,2022-07-02,Giải nhì,334,3
00125,2022-07-02,Giải nhì,091,4
00125,2022-07-02,Giải nhì,291,5
00124,2022-06-30,Giải ba,659,0
00124,2022-06-30,Giải ba,254,1
00124,2022-06-30,Giải ba,166,2
00124,2022-06-30,Giải ba,257,3
00124,2022-06-30,Giải ba,709,4
00124,2022-06-30,Giải ba,070,5
00124,2022-06-30,Giải ba,695,6
00124,2022-06-30,Giải ba,200,7
00124,2022-06-30,Giải Đặc biệt,354,0
00124,2022-06-30,Giải Đặc biệt,032,1
00124,2022-06-30,Giải nhất,659,0
00124,2022-06-30,Giải nhất,176,1
00124,2022-06-30,Giải nhất,065,2
00124,2022-06-30,Giải nhất,683,3
00124,2022-06-30,Giải nhì,640,0
00124,2022-06-30,Giải nhì,319,1
00124,2022-06-30,Giải nhì,554,2
00124,2022-06-30,Giải nhì,505,3
00124,2022-06-30,Giải nhì,465,4
00124,2022-06-30,Giải nhì,173,5
00123,2022-06-28,Giải ba,185,0
00123,2022-06-28,Giải ba,330,1
00123,2022-06-28,Giải ba,397,2
00123,2022-06-28,Giải ba,129,3
00123,2022-06-28,Giải ba,008,4
00123,2022-06-28,Giải ba,692,5
00123,2022-06-28,Giải ba,073,6
00123,2022-06-28,Giải ba,229,7
00123,2022-06-28,Giải Đặc biệt,139,0
00123,2022-06-28,Giải Đặc biệt,594,1
00123,2022-06-28,Giải nhất,889,0
00123,2022-06-28,Giải nhất,772,1
00123,2022-06-28,Giải nhất,354,2
00123,2022-06-28,Giải nhất,018,3
00123,2022-06-28,Giải nhì,587,0
00123,2022-06-28,Giải nhì,792,1
00123,2022-06-28,Giải nhì,692,2
00123,2022-06-28,Giải nhì,187,3
00123,2022-06-28,Giải nhì,756,4
00123,2022-06-28,Giải nhì,437,5
00122,2022-06-25,Giải ba,006,0
00122,2022-06-25,Giải ba,509,1
00122,2022-06-25,Giải ba,417,2
00122,2022-06-25,Giải ba,625,3
00122,2022-06-25,Giải ba,388,4
00122,2022-06-25,Giải ba,079,5
00122,2022-06-25,Giải ba,218,6
00122,2022-06-25,Giải ba,178,7
00122,2022-06-25,Giải Đặc biệt,280,0
00122,2022-06-25,Giải Đặc biệt,081,1
00122,2022-06-25,Giải nhất,533,0
00122,2022-06-25,Giải nhất,038,1
00122,2022-06-25,Giải nhất,741,2
00122,2022-06-25,Giải nhất,879,3
00122,2022-06-25,Giải nhì,201,0
00122,2022-06-25,Giải nhì,481,1
00122,2022-06-25,Giải nhì,145,2
00122,2022-06-25,Giải nhì,175,3
00122,2022-06-25,Giải nhì,694,4
00122,2022-06-25,Giải nhì,979,5
00121,2022-06-23,Giải ba,392,0
00121,2022-06-23,Giải ba,451,1
00121,2022-06-23,Giải ba,498,2
00121,2022-06-23,Giải ba,950,3
00121,2022-06-23,Giải ba,123,4
00121,2022-06-23,Giải ba,334,5
00121,2022-06-23,Giải ba,251,6
00121,2022-06-23,Giải ba,196,7
00121,2022-06-23,Giải Đặc biệt,955,0
00121,2022-06-23,Giải Đặc biệt,269,1
00121,2022-06-23,Giải nhất,939,0
00121,2022-06-23,Giải nhất,970,1
00121,2022-06-23,Giải nhất,772,2
00121,2022-06-23,Giải nhất,627,3
00121,2022-06-23,Giải nhì,421,0
00121,2022-06-23,Giải nhì,346,1
00121,2022-06-23,Giải nhì,743,2
00121,2022-06-23,Giải nhì,682,3
00121,2022-06-23,Giải nhì,843,4
00121,2022-06-23,Giải nhì,835,5
00120,2022-06-21,Giải ba,989,0
00120,2022-06-21,Giải ba,545,1
00120,2022-06-21,Giải ba,266,2
00120,2022-06-21,Giải ba,613,3
00120,2022-06-21,Giải ba,323,4
00120,2022-06-21,Giải ba,364,5
00120,2022-06-21,Giải ba,021,6
00120,2022-06-21,Giải ba,964,7
00120,2022-06-21,Giải Đặc biệt,324,0
00120,2022-06-21,Giải Đặc biệt,871,1
00120,2022-06-21,Giải nhất,607,0
00120,2022-06-21,Giải nhất,806,1
00120,2022-06-21,Giải nhất,590,2
00120,2022-06-21,Giải nhất,081,3
00120,2022-06-21,Giải nhì,598,0
00120,2022-06-21,Giải nhì,602,1
00120,2022-06-21,Giải nhì,531,2
00120,2022-06-21,Giải nhì,216,3
00120,2022-06-21,Giải nhì,104,4
00120,2022-06-21,Giải nhì,318,5
00119,2022-06-18,Giải ba,307,0
00119,2022-06-18,Giải ba,828,1
00119,2022-06-18,Giải ba,246,2
00119,2022-06-18,Giải ba,902,3
00119,2022-06-18,Giải ba,712,4
00119,2022-06-18,Giải ba,331,5
00119,2022-06-18,Giải ba,998,6
00119,2022-06-18,Giải ba,987,7
00119,2022-06-18,Giải Đặc biệt,374,0
00119,2022-06-18,Giải Đặc biệt,030,1
00119,2022-06-18,Giải nhất,023,0
00119,2022-06-18,Giải nhất,062,1
00119,2022-06-18,Giải nhất,910,2
00119,2022-06-18,Giải nhất,868,3
00119,2022-06-18,Giải nhì,725,0
00119,2022-06-18,Giải nhì,430,1
00119,2022-06-18,Giải nhì,683,2
00119,2022-06-18,Giải nhì,474,3
00119,2022-06-18,Giải nhì,397,4
00119,2022-06-18,Giải nhì,249,5
00118,2022-06-16,Giải ba,757,0
00118,2022-06-16,Giải ba,863,1
00118,2022-06-16,Giải ba,328,2
00118,2022-06-16,Giải ba,899,3
00118,2022-06-16,Giải ba,327,4
00118,2022-06-16,Giải ba,416,5
00118,2022-06-16,Giải ba,558,6
00118,2022-06-16,Giải ba,834,7
00118,2022-06-16,Giải Đặc biệt,707,0
00118,2022-06-16,Giải Đặc biệt,758,1
00118,2022-06-16,Giải nhất,135,0
00118,2022-06-16,Giải nhất,583,1
00118,2022-06-16,Giải nhất,135,2
00118,2022-06-16,Giải nhất,514,3
00118,2022-06-16,Giải nhì,165,0
00118,2022-06-16,Giải nhì,746,1
00118,2022-06-16,Giải nhì,410,2
00118,2022-06-16,Giải nhì,110,3
00118,2022-06-16,Giải nhì,306,4
00118,2022-06-16,Giải nhì,732,5
00117,2022-06-14,Giải ba,392,0
00117,2022-06-14,Giải ba,932,1
00117,2022-06-14,Giải ba,146,2
00117,2022-06-14,Giải ba,889,3
00117,2022-06-14,Giải ba,615,4
00117,2022-06-14,Giải ba,818,5
00117,2022-06-14,Giải ba,802,6
00117,2022-06-14,Giải ba,769,7
00117,2022-06-14,Giải Đặc biệt,536,0
00117,2022-06-14,Giải Đặc biệt,639,1
00117,2022-06-14,Giải nhất,609,0
00117,2022-06-14,Giải nhất,464,1
00117,2022-06-14,Giải nhất,899,2
00117,2022-06-14,Giải nhất,724,3
00117,2022-06-14,Giải nhì,537,0
00117,2022-06-14,Giải nhì,689,1
00117,2022-06-14,Giải nhì,561,2
00117,2022-06-14,Giải nhì,753,3
00117,2022-06-14,Giải nhì,031,4
00117,2022-06-14,Giải nhì,417,5
00116,2022-06-11,Giải ba,980,0
00116,2022-06-11,Giải ba,021,1
00116,2022-06-11,Giải ba,869,2
00116,2022-06-11,Giải ba,027,3
00116,2022-06-11,Giải ba,117,4
00116,2022-06-11,Giải ba,897,5
00116,2022-06-11,Giải ba,894,6
00116,2022-06-11,Giải ba,970,7
00116,2022-06-11,Giải Đặc biệt,026,0
00116,2022-06-11,Giải Đặc biệt,591,1
00116,2022-06-11,Giải nhất,658,0
00116,2022-06-11,Giải nhất,954,1
00116,2022-06-11,Giải nhất,750,2
00116,2022-06-11,Giải nhất,647,3
00116,2022-06-11,Giải nhì,608,0
00116,2022-06-11,Giải nhì,294,1
00116,2022-06-11,Giải nhì,599,2
00116,2022-06-11,Giải nhì,121,3
00116,2022-06-11,Giải nhì,212,4
00116,2022-06-11,Giải nhì,834,5
00115,2022-06-09,Giải ba,007,0
00115,2022-06-09,Giải ba,538,1
00115,2022-06-09,Giải ba,149,2
00115,2022-06-09,Giải ba,210,3
00115,2022-06-09,Giải ba,739,4
00115,2022-06-09,Giải ba,588,5
00115,2022-06-09,Giải ba,561,6
00115,2022-06-09,Giải ba,761,7
00115,2022-06-09,Giải Đặc biệt,162,0
00115,2022-06-09,Giải Đặc biệt,022,1
00115,2022-06-09,Giải nhất,217,0
00115,2022-06-09,Giải nhất,218,1
00115,2022-06-09,Giải nhất,529,2
00115,2022-06-09,Giải nhất,083,3
00115,2022-06-09,Giải nhì,330,0
00115,2022-06-09,Giải nhì,815,1
00115,2022-06-09,Giải nhì,750,2
00115,2022-06-09,Giải nhì,888,3
00115,2022-06-09,Giải nhì,537,4
00115,2022-06-09,Giải nhì,589,5
00114,2022-06-07,Giải ba,205,0
00114,2022-06-07,Giải ba,052,1
00114,2022-06-07,Giải ba,449,2
00114,2022-06-07,Giải ba,705,3
00114,2022-06-07,Giải ba,638,4
00114,2022-06-07,Giải ba,697,5
00114,2022-06-07,Giải ba,694,6
00114,2022-06-07,Giải ba,185,7
00114,2022-06-07,Giải Đặc biệt,785,0
00114,2022-06-07,Giải Đặc biệt,861,1
00114,2022-06-07,Giải nhất,945,0
00114,2022-06-07,Giải nhất,022,1
00114,2022-06-07,Giải nhất,546,2
00114,2022-06-07,Giải nhất,153,3
00114,2022-06-07,Giải nhì,125,0
00114,2022-06-07,Giải nhì,569,1
00114,2022-06-07,Giải nhì,632,2
00114,2022-06-07,Giải nhì,244,3
00114,2022-06-07,Giải nhì,950,4
00114,2022-06-07,Giải nhì,552,5
00113,2022-06-04,Giải ba,331,0
00113,2022-06-04,Giải ba,891,1
00113,2022-06-04,Giải ba,919,2
00113,2022-06-04,Giải ba,694,3
00113,2022-06-04,Giải ba,727,4
00113,2022-06-04,Giải ba,667,5
00113,2022-06-04,Giải ba,032,6
00113,2022-06-04,Giải ba,159,7
00113,2022-06-04,Giải Đặc biệt,591,0
00113,2022-06-04,Giải Đặc biệt,727,1
00113,2022-06-04,Giải nhất,542,0
00113,2022-06-04,Giải nhất,463,1
00113,2022-06-04,Giải nhất,562,2
00113,2022-06-04,Giải nhất,080,3
00113,2022-06-04,Giải nhì,582,0
00113,2022-06-04,Giải nhì,877,1
00113,2022-06-04,Giải nhì,384,2
00113,2022-06-04,Giải nhì,760,3
00113,2022-06-04,Giải nhì,177,4
00113,2022-06-04,Giải nhì,049,5
00112,2022-06-02,Giải ba,224,0
00112,2022-06-02,Giải ba,468,1
00112,2022-06-02,Giải ba,495,2
00112,2022-06-02,Giải ba,047,3
00112,2022-06-02,Giải ba,531,4
00112,2022-06-02,Giải ba,981,5
00112,2022-06-02,Giải ba,967,6
00112,2022-06-02,Giải ba,518,7
00112,2022-06-02,Giải Đặc biệt,666,0
00112,2022-06-02,Giải Đặc biệt,728,1
00112,2022-06-02,Giải nhất,813,0
00112,2022-06-02,Giải nhất,696,1
00112,2022-06-02,Giải nhất,629,2
00112,2022-06-02,Giải nhất,493,3
00112,2022-06-02,Giải nhì,550,0
00112,2022-06-02,Giải nhì,281,1
00112,2022-06-02,Giải nhì,827,2
00112,2022-06-02,Giải nhì,166,3
00112,2022-06-02,Giải nhì,854,4
00112,2022-06-02,Giải nhì,452,5
00111,2022-05-31,Giải ba,671,0
00111,2022-05-31,Giải ba,728,1
00111,2022-05-31,Giải ba,182,2
00111,2022-05-31,Giải ba,223,3
00111,2022-05-31,Giải ba,260,4
00111,2022-05-31,Giải ba,857,5
00111,2022-05-31,Giải ba,674,6
00111,2022-05-31,Giải ba,023,7
00111,2022-05-31,Giải Đặc biệt,933,0
00111,2022-05-31,Giải Đặc biệt,977,1
00111,2022-05-31,Giải nhất,789,0
00111,2022-05-31,Giải nhất,834,1
00111,2022-05-31,Giải nhất,048,2
00111,2022-05-31,Giải nhất,300,3
00111,2022-05-31,Giải nhì,053,0
00111,2022-05-31,Giải nhì,327,1
00111,2022-05-31,Giải nhì,423,2
00111,2022-05-31,Giải nhì,909,3
00111,2022-05-31,Giải nhì,090,4
00111,2022-05-31,Giải nhì,392,5
00110,2022-05-28,Giải ba,583,0
00110,2022-05-28,Giải ba,080,1
00110,2022-05-28,Giải ba,771,2
00110,2022-05-28,Giải ba,962,3
00110,2022-05-28,Giải ba,907,4
00110,2022-05-28,Giải ba,660,5
00110,2022-05-28,Giải ba,667,6
00110,2022-05-28,Giải ba,444,7
00110,2022-05-28,Giải Đặc biệt,141,0
00110,2022-05-28,Giải Đặc biệt,345,1
00110,2022-05-28,Giải nhất,953,0
00110,2022-05-28,Giải nhất,198,1
00110,2022-05-28,Giải nhất,982,2
00110,2022-05-28,Giải nhất,437,3
00110,2022-05-28,Giải nhì,738,0
00110,2022-05-28,Giải nhì,433,1
00110,2022-05-28,Giải nhì,689,2
00110,2022-05-28,Giải nhì,738,3
00110,2022-05-28,Giải nhì,898,4
00110,2022-05-28,Giải nhì,992,5
00109,2022-05-26,Giải ba,077,0
00109,2022-05-26,Giải ba,869,1
00109,2022-05-26,Giải ba,297,2
00109,2022-05-26,Giải ba,885,3
00109,2022-05-26,Giải ba,339,4
00109,2022-05-26,Giải ba,937,5
00109,2022-05-26,Giải ba,323,6
00109,2022-05-26,Giải ba,542,7
00109,2022-05-26,Giải Đặc biệt,779,0
00109,2022-05-26,Giải Đặc biệt,286,1
00109,2022-05-26,Giải nhất,711,0
00109,2022-05-26,Giải nhất,356,1
00109,2022-05-26,Giải nhất,030,2
00109,2022-05-26,Giải nhất,080,3
00109,2022-05-26,Giải nhì,728,0
00109,2022-05-26,Giải nhì,381,1
00109,2022-05-26,Giải nhì,969,2
00109,2022-05-26,Giải nhì,849,3
00109,2022-05-26,Giải nhì,695,4
00109,2022-05-26,Giải nhì,141,5
00108,2022-05-24,Giải ba,948,0
00108,2022-05-24,Giải ba,860,1
00108,2022-05-24,Giải ba,183,2
00108,2022-05-24,Giải ba,456,3
00108,2022-05-24,Giải ba,829,4
00108,2022-05-24,Giải ba,155,5
00108,2022-05-24,Giải ba,582,6
00108,2022-05-24,Giải ba,531,7
00108,2022-05-24,Giải Đặc biệt,548,0
00108,2022-05-24,Giải Đặc biệt,800,1
00108,2022-05-24,Giải nhất,701,0
00108,2022-05-24,Giải nhất,222,1
00108,2022-05-24,Giải nhất,667,2
00108,2022-05-24,Giải nhất,736,3
00108,2022-05-24,Giải nhì,988,0
00108,2022-05-24,Giải nhì,433,1
00108,2022-05-24,Giải nhì,867,2
00108,2022-05-24,Giải nhì,148,3
00108,2022-05-24,Giải nhì,099,4
00108,2022-05-24,Giải nhì,468,5
00107,2022-05-21,Giải ba,131,0
00107,2022-05-21,Giải ba,946,1
00107,2022-05-21,Giải ba,832,2
00107,2022-05-21,Giải ba,278,3
00107,2022-05-21,Giải ba,615,4
00107,2022-05-21,Giải ba,413,5
00107,2022-05-21,Giải ba,420,6
00107,2022-05-21,Giải ba,388,7
00107,2022-05-21,Giải Đặc biệt,584,0
00107,2022-05-21,Giải Đặc biệt,058,1
00107,2022-05-21,Giải nhất,605,0
00107,2022-05-21,Giải nhất,998,1
00107,2022-05-21,Giải nhất,570,2
00107,2022-05-21,Giải nhất,159,3
00107,2022-05-21,Giải nhì,356,0
00107,2022-05-21,Giải nhì,380,1
00107,2022-05-21,Giải nhì,950,2
00107,2022-05-21,Giải nhì,646,3
00107,2022-05-21,Giải nhì,994,4
00107,2022-05-21,Giải nhì,566,5
00106,2022-05-19,Giải ba,801,0
00106,2022-05-19,Giải ba,168,1
00106,2022-05-19,Giải ba,086,2
00106,2022-05-19,Giải ba,856,3
00106,2022-05-19,Giải ba,275,4
00106,2022-05-19,Giải ba,601,5
00106,2022-05-19,Giải ba,619,6
00106,2022-05-19,Giải ba,548,7
00106,2022-05-19,Giải Đặc biệt,110,0
00106,2022-05-19,Giải Đặc biệt,772,1
00106,2022-05-19,Giải nhất,166,0
00106,2022-05-19,Giải nhất,033,1
00106,2022-05-19,Giải nhất,625,2
00106,2022-05-19,Giải nhất,178,3
00106,2022-05-19,Giải nhì,762,0
00106,2022-05-19,Giải nhì,404,1
00106,2022-05-19,Giải nhì,458,2
00106,2022-05-19,Giải nhì,037,3
00106,2022-05-19,Giải nhì,790,4
00106,2022-05-19,Giải nhì,759,5
00105,2022-05-17,Giải ba,285,0
00105,2022-05-17,Giải ba,828,1
00105,2022-05-17,Giải ba,489,2
00105,2022-05-17,Giải ba,720,3
00105,2022-05-17,Giải ba,841,4
00105,2022-05-17,Giải ba,673,5
00105,2022-05-17,Giải ba,326,6
00105,2022-05-17,Giải ba,105,7
00105,2022-05-17,Giải Đặc biệt,291,0
00105,2022-05-17,Giải Đặc biệt,481,1
00105,2022-05-17,Giải nhất,907,0
00105,2022-05-17,Giải nhất,398,1
00105,2022-05-17,Giải nhất,140,2
00105,2022-05-17,Giải nhất,037,3
00105,2022-05-17,Giải nhì,340,0
00105,2022-05-17,Giải nhì,934,1
00105,2022-05-17,Giải nhì,408,2
00105,2022-05-17,Giải nhì,959,3
00105,2022-05-17,Giải nhì,298,4
00105,2022-05-17,Giải nhì,235,5
00104,2022-05-14,Giải ba,515,0
00104,2022-05-14,Giải ba,752,1
00104,2022-05-14,Giải ba,449,2
00104,2022-05-14,Giải ba,380,3
00104,2022-05-14,Giải ba,016,4
00104,2022-05-14,Giải ba,760,5
00104,2022-05-14,Giải ba,878,6
00104,2022-05-14,Giải ba,160,7
00104,2022-05-14,Giải Đặc biệt,928,0
00104,2022-05-14,Giải Đặc biệt,581,1
00104,2022-05-14,Giải nhất,604,0
00104,2022-05-14,Giải nhất,601,1
00104,2022-05-14,Giải nhất,572,2
00104,2022-05-14,Giải nhất,616,3
00104,2022-05-14,Giải nhì,249,0
00104,2022-05-14,Giải nhì,696,1
00104,2022-05-14,Giải nhì,780,2
00104,2022-05-14,Giải nhì,778,3
00104,2022-05-14,Giải nhì,755,4
00104,2022-05-14,Giải nhì,530,5
00103,2022-05-12,Giải ba,440,0
00103,2022-05-12,Giải ba,858,1
00103,2022-05-12,Giải ba,500,2
00103,2022-05-12,Giải ba,136,3
00103,2022-05-12,Giải ba,223,4
00103,2022-05-12,Giải ba,046,5
00103,2022-05-12,Giải ba,406,6
00103,2022-05-12,Giải ba,258,7
00103,2022-05-12,Giải Đặc biệt,932,0
00103,2022-05-12,Giải Đặc biệt,403,1
00103,2022-05-12,Giải nhất,904,0
00103,2022-05-12,Giải nhất,205,1
00103,2022-05-12,Giải nhất,976,2
00103,2022-05-12,Giải nhất,378,3
00103,2022-05-12,Giải nhì,281,0
00103,2022-05-12,Giải nhì,630,1
00103,2022-05-12,Giải nhì,786,2
00103,2022-05-12,Giải nhì,639,3
00103,2022-05-12,Giải nhì,387,4
00103,2022-05-12,Giải nhì,385,5
00102,2022-05-10,Giải ba,240,0
00102,2022-05-10,Giải ba,241,1
00102,2022-05-10,Giải ba,505,2
00102,2022-05-10,Giải ba,603,3
00102,2022-05-10,Giải ba,604,4
00102,2022-05-10,Giải ba,801,5
00102,2022-05-10,Giải ba,262,6
00102,2022-05-10,Giải ba,138,7
00102,2022-05-10,Giải Đặc biệt,222,0
00102,2022-05-10,Giải Đặc biệt,194,1
00102,2022-05-10,Giải nhất,740,0
00102,2022-05-10,Giải nhất,523,1
00102,2022-05-10,Giải nhất,332,2
00102,2022-05-10,Giải nhất,519,3
00102,2022-05-10,Giải nhì,702,0
00102,2022-05-10,Giải nhì,362,1
00102,2022-05-10,Giải nhì,099,2
00102,2022-05-10,Giải nhì,805,3
00102,2022-05-10,Giải nhì,177,4
00102,2022-05-10,Giải nhì,218,5
00101,2022-05-07,Giải ba,600,0
00101,2022-05-07,Giải ba,666,1
00101,2022-05-07,Giải ba,976,2
00101,2022-05-07,Giải ba,323,3
00101,2022-05-07,Giải ba,858,4
00101,2022-05-07,Giải ba,305,5
00101,2022-05-07,Giải ba,543,6
00101,2022-05-07,Giải ba,537,7
00101,2022-05-07,Giải Đặc biệt,495,0
00101,2022-05-07,Giải Đặc biệt,238,1
00101,2022-05-07,Giải nhất,442,0
00101,2022-05-07,Giải nhất,751,1
00101,2022-05-07,Giải nhất,050,2
00101,2022-05-07,Giải nhất,114,3
00101,2022-05-07,Giải nhì,542,0
00101,2022-05-07,Giải nhì,734,1
00101,2022-05-07,Giải nhì,447,2
00101,2022-05-07,Giải nhì,730,3
00101,2022-05-07,Giải nhì,882,4
00101,2022-05-07,Giải nhì,397,5
00100,2022-05-05,Giải ba,109,0
00100,2022-05-05,Giải ba,381,1
00100,2022-05-05,Giải ba,037,2
00100,2022-05-05,Giải ba,882,3
00100,2022-05-05,Giải ba,624,4
00100,2022-05-05,Giải ba,538,5
00100,2022-05-05,Giải ba,221,6
00100,2022-05-05,Giải ba,569,7
00100,2022-05-05,Giải Đặc biệt,734,0
00100,2022-05-05,Giải Đặc biệt,471,1
00100,2022-05-05,Giải nhất,031,0
00100,2022-05-05,Giải nhất,163,1
00100,2022-05-05,Giải nhất,256,2
00100,2022-05-05,Giải nhất,565,3
00100,2022-05-05,Giải nhì,600,0
00100,2022-05-05,Giải nhì,258,1
00100,2022-05-05,Giải nhì,714,2
00100,2022-05-05,Giải nhì,649,3
00100,2022-05-05,Giải nhì,729,4
00100,2022-05-05,Giải nhì,946,5
00099,2022-05-03,Giải ba,555,0
00099,2022-05-03,Giải ba,306,1
00099,2022-05-03,Giải ba,213,2
00099,2022-05-03,Giải ba,473,3
00099,2022-05-03,Giải ba,858,4
00099,2022-05-03,Giải ba,840,5
00099,2022-05-03,Giải ba,779,6
00099,2022-05-03,Giải ba,458,7
00099,2022-05-03,Giải Đặc biệt,163,0
00099,2022-05-03,Giải Đặc biệt,681,1
00099,2022-05-03,Giải nhất,705,0
00099,2022-05-03,Giải nhất,560,1
00099,2022-05-03,Giải nhất,232,2
00099,2022-05-03,Giải nhất,296,3
00099,2022-05-03,Giải nhì,133,0
00099,2022-05-03,Giải nhì,517,1
00099,2022-05-03,Giải nhì,539,2
00099,2022-05-03,Giải nhì,050,3
00099,2022-05-03,Giải nhì,654,4
00099,2022-05-03,Giải nhì,191,5
00098,2022-04-30,Giải ba,133,0
00098,2022-04-30,Giải ba,881,1
00098,2022-04-30,Giải ba,960,2
00098,2022-04-30,Giải ba,388,3
00098,2022-04-30,Giải ba,370,4
00098,2022-04-30,Giải ba,788,5
00098,2022-04-30,Giải ba,664,6
00098,2022-04-30,Giải ba,753,7
00098,2022-04-30,Giải Đặc biệt,837,0
00098,2022-04-30,Giải Đặc biệt,296,1
00098,2022-04-30,Giải nhất,755,0
00098,2022-04-30,Giải nhất,477,1
00098,2022-04-30,Giải nhất,821,2
00098,2022-04-30,Giải nhất,454,3
00098,2022-04-30,Giải nhì,357,0
00098,2022-04-30,Giải nhì,014,1
00098,2022-04-30,Giải nhì,122,2
00098,2022-04-30,Giải nhì,052,3
00098,2022-04-30,Giải nhì,588,4
00098,2022-04-30,Giải nhì,053,5
00097,2022-04-28,Giải ba,544,0
00097,2022-04-28,Giải ba,086,1
00097,2022-04-28,Giải ba,057,2
00097,2022-04-28,Giải ba,026,3
00097,2022-04-28,Giải ba,534,4
00097,2022-04-28,Giải ba,637,5
00097,2022-04-28,Giải ba,994,6
00097,2022-04-28,Giải ba,246,7
00097,2022-04-28,Giải Đặc biệt,452,0
00097,2022-04-28,Giải Đặc biệt,543,1
00097,2022-04-28,Giải nhất,468,0
00097,2022-04-28,Giải nhất,202,1
00097,2022-04-28,Giải nhất,783,2
00097,2022-04-28,Giải nhất,456,3
00097,2022-04-28,Giải nhì,901,0
00097,2022-04-28,Giải nhì,528,1
00097,2022-04-28,Giải nhì,473,2
00097,2022-04-28,Giải nhì,304,3
00097,2022-04-28,Giải nhì,232,4
00097,2022-04-28,Giải nhì,357,5
00096,2022-04-26,Giải ba,482,0
00096,2022-04-26,Giải ba,963,1
00096,2022-04-26,Giải ba,890,2
00096,2022-04-26,Giải ba,911,3
00096,2022-04-26,Giải ba,383,4
00096,2022-04-26,Giải ba,003,5
00096,2022-04-26,Giải ba,464,6
00096,2022-04-26,Giải ba,374,7
00096,2022-04-26,Giải Đặc biệt,296,0
00096,2022-04-26,Giải Đặc biệt,024,1
00096,2022-04-26,Giải nhất,391,0
00096,2022-04-26,Giải nhất,837,1
00096,2022-04-26,Giải nhất,231,2
00096,2022-04-26,Giải nhất,676,3
00096,2022-04-26,Giải nhì,950,0
00096,2022-04-26,Giải nhì,626,1
00096,2022-04-26,Giải nhì,661,2
00096,2022-04-26,Giải nhì,221,3
00096,2022-04-26,Giải nhì,072,4
00096,2022-04-26,Giải nhì,326,5
00095,2022-04-23,Giải ba,219,0
00095,2022-04-23,Giải ba,763,1
00095,2022-04-23,Giải ba,161,2
00095,2022-04-23,Giải ba,438,3
00095,2022-04-23,Giải ba,681,4
00095,2022-04-23,Giải ba,738,5
00095,2022-04-23,Giải ba,444,6
00095,2022-04-23,Giải ba,205,7
00095,2022-04-23,Giải Đặc biệt,544,0
00095,2022-04-23,Giải Đặc biệt,515,1
00095,2022-04-23,Giải nhất,469,0
00095,2022-04-23,Giải nhất,349,1
00095,2022-04-23,Giải nhất,525,2
00095,2022-04-23,Giải nhất,364,3
00095,2022-04-23,Giải nhì,689,0
00095,2022-04-23,Giải nhì,056,1
00095,2022-04-23,Giải nhì,854,2
00095,2022-04-23,Giải nhì,056,3
00095,2022-04-23,Giải nhì,334,4
00095,2022-04-23,Giải nhì,852,5
00094,2022-04-21,Giải ba,733,0
00094,2022-04-21,Giải ba,822,1
00094,2022-04-21,Giải ba,399,2
00094,2022-04-21,Giải ba,008,3
00094,2022-04-21,Giải ba,040,4
00094,2022-04-21,Giải ba,409,5
00094,2022-04-21,Giải ba,006,6
00094,2022-04-21,Giải ba,524,7
00094,2022-04-21,Giải Đặc biệt,285,0
00094,2022-04-21,Giải Đặc biệt,706,1
00094,2022-04-21,Giải nhất,303,0
00094,2022-04-21,Giải nhất,814,1
00094,2022-04-21,Giải nhất,347,2
00094,2022-04-21,Giải nhất,285,3
00094,2022-04-21,Giải nhì,013,0
00094,2022-04-21,Giải nhì,828,1
00094,2022-04-21,Giải nhì,446,2
00094,2022-04-21,Giải nhì,151,3
00094,2022-04-21,Giải nhì,357,4
00094,2022-04-21,Giải nhì,348,5
00093,2022-04-19,Giải ba,861,0
00093,2022-04-19,Giải ba,896,1
00093,2022-04-19,Giải ba,080,2
00093,2022-04-19,Giải ba,217,3
00093,2022-04-19,Giải ba,340,4
00093,2022-04-19,Giải ba,636,5
00093,2022-04-19,Giải ba,984,6
00093,2022-04-19,Giải ba,367,7
00093,2022-04-19,Giải Đặc biệt,160,0
00093,2022-04-19,Giải Đặc biệt,937,1
00093,2022-04-19,Giải nhất,746,0
00093,2022-04-19,Giải nhất,127,1
00093,2022-04-19,Giải nhất,050,2
00093,2022-04-19,Giải nhất,578,3
00093,2022-04-19,Giải nhì,540,0
00093,2022-04-19,Giải nhì,332,1
00093,2022-04-19,Giải nhì,901,2
00093,2022-04-19,Giải nhì,599,3
00093,2022-04-19,Giải nhì,091,4
00093,2022-04-19,Giải nhì,362,5
00092,2022-04-16,Giải ba,587,0
00092,2022-04-16,Giải ba,496,1
00092,2022-04-16,Giải ba,312,2
00092,2022-04-16,Giải ba,139,3
00092,2022-04-16,Giải ba,044,4
00092,2022-04-16,Giải ba,916,5
00092,2022-04-16,Giải ba,863,6
00092,2022-04-16,Giải ba,741,7
00092,2022-04-16,Giải Đặc biệt,416,0
00092,2022-04-16,Giải Đặc biệt,756,1
00092,2022-04-16,Giải nhất,133,0
00092,2022-04-16,Giải nhất,013,1
00092,2022-04-16,Giải nhất,519,2
00092,2022-04-16,Giải nhất,396,3
00092,2022-04-16,Giải nhì,283,0
00092,2022-04-16,Giải nhì,005,1
00092,2022-04-16,Giải nhì,058,2
00092,2022-04-16,Giải nhì,065,3
00092,2022-04-16,Giải nhì,079,4
00092,2022-04-16,Giải nhì,307,5
00091,2022-04-14,Giải ba,790,0
00091,2022-04-14,Giải ba,393,1
00091,2022-04-14,Giải ba,277,2
00091,2022-04-14,Giải ba,352,3
00091,2022-04-14,Giải ba,369,4
00091,2022-04-14,Giải ba,701,5
00091,2022-04-14,Giải ba,476,6
00091,2022-04-14,Giải ba,268,7
00091,2022-04-14,Giải Đặc biệt,199,0
00091,2022-04-14,Giải Đặc biệt,660,1
00091,2022-04-14,Giải nhất,653,0
00091,2022-04-14,Giải nhất,056,1
00091,2022-04-14,Giải nhất,348,2
00091,2022-04-14,Giải nhất,250,3
00091,2022-04-14,Giải nhì,024,0
00091,2022-04-14,Giải nhì,422,1
00091,2022-04-14,Giải nhì,721,2
00091,2022-04-14,Giải nhì,112,3
00091,2022-04-14,Giải nhì,341,4
00091,2022-04-14,Giải nhì,582,5
00090,2022-04-12,Giải ba,381,0
00090,2022-04-12,Giải ba,011,1
00090,2022-04-12,Giải ba,145,2
00090,2022-04-12,Giải ba,290,3
00090,2022-04-12,Giải ba,509,4
00090,2022-04-12,Giải ba,711,5
00090,2022-04-12,Giải ba,685,6
00090,2022-04-12,Giải ba,105,7
00090,2022-04-12,Giải Đặc biệt,116,0
00090,2022-04-12,Giải Đặc biệt,803,1
00090,2022-04-12,Giải nhất,523,0
00090,2022-04-12,Giải nhất,085,1
00090,2022-04-12,Giải nhất,249,2
00090,2022-04-12,Giải nhất,824,3
00090,2022-04-12,Giải nhì,055,0
00090,2022-04-12,Giải nhì,341,1
00090,2022-04-12,Giải nhì,952,2
00090,2022-04-12,Giải nhì,990,3
00090,2022-04-12,Giải nhì,638,4
00090,2022-04-12,Giải nhì,168,5
00089,2022-04-09,Giải ba,942,0
00089,2022-04-09,Giải ba,978,1
00089,2022-04-09,Giải ba,137,2
00089,2022-04-09,Giải ba,027,3
00089,2022-04-09,Giải ba,320,4
00089,2022-04-09,Giải ba,790,5
00089,2022-04-09,Giải ba,706,6
00089,2022-04-09,Giải ba,422,7
00089,2022-04-09,Giải Đặc biệt,351,0
00089,2022-04-09,Giải Đặc biệt,810,1
00089,2022-04-09,Giải nhất,548,0
00089,2022-04-09,Giải nhất,622,1
00089,2022-04-09,Giải nhất,782,2
00089,2022-04-09,Giải nhất,287,3
00089,2022-04-09,Giải nhì,498,0
00089,2022-04-09,Giải nhì,602,1
00089,2022-04-09,Giải nhì,992,2
00089,2022-04-09,Giải nhì,917,3
00089,2022-04-09,Giải nhì,088,4
00089,2022-04-09,Giải nhì,595,5
00088,2022-04-07,Giải ba,726,0
00088,2022-04-07,Giải ba,733,1
00088,2022-04-07,Giải ba,192,2
00088,2022-04-07,Giải ba,456,3
00088,2022-04-07,Giải ba,370,4
00088,2022-04-07,Giải ba,857,5
00088,2022-04-07,Giải ba,827,6
00088,2022-04-07,Giải ba,769,7
00088,2022-04-07,Giải Đặc biệt,658,0
00088,2022-04-07,Giải Đặc biệt,359,1
00088,2022-04-07,Giải nhất,704,0
00088,2022-04-07,Giải nhất,452,1
00088,2022-04-07,Giải nhất,944,2
00088,2022-04-07,Giải nhất,951,3
00088,2022-04-07,Giải nhì,367,0
00088,2022-04-07,Giải nhì,204,1
00088,2022-04-07,Giải nhì,859,2
00088,2022-04-07,Giải nhì,246,3
00088,2022-04-07,Giải nhì,032,4
00088,2022-04-07,Giải nhì,351,5
00087,2022-04-05,Giải ba,905,0
00087,2022-04-05,Giải ba,985,1
00087,2022-04-05,Giải ba,081,2
00087,2022-04-05,Giải ba,076,3
00087,2022-04-05,Giải ba,811,4
00087,2022-04-05,Giải ba,047,5
00087,2022-04-05,Giải ba,041,6
00087,2022-04-05,Giải ba,032,7
00087,2022-04-05,Giải Đặc biệt,857,0
00087,2022-04-05,Giải Đặc biệt,661,1
00087,2022-04-05,Giải nhất,923,0
00087,2022-04-05,Giải nhất,871,1
00087,2022-04-05,Giải nhất,010,2
00087,2022-04-05,Giải nhất,317,3
00087,2022-04-05,Giải nhì,437,0
00087,2022-04-05,Giải nhì,454,1
00087,2022-04-05,Giải nhì,123,2
00087,2022-04-05,Giải nhì,234,3
00087,2022-04-05,Giải nhì,558,4
00087,2022-04-05,Giải nhì,981,5
00086,2022-04-02,Giải ba,887,0
00086,2022-04-02,Giải ba,817,1
00086,2022-04-02,Giải ba,241,2
00086,2022-04-02,Giải ba,498,3
00086,2022-04-02,Giải ba,798,4
00086,2022-04-02,Giải ba,704,5
00086,2022-04-02,Giải ba,527,6
00086,2022-04-02,Giải ba,619,7
00086,2022-04-02,Giải Đặc biệt,228,0
00086,2022-04-02,Giải Đặc biệt,709,1
00086,2022-04-02,Giải nhất,885,0
00086,2022-04-02,Giải nhất,440,1
00086,2022-04-02,Giải nhất,299,2
00086,2022-04-02,Giải nhất,265,3
00086,2022-04-02,Giải nhì,531,0
00086,2022-04-02,Giải nhì,009,1
00086,2022-04-02,Giải nhì,909,2
00086,2022-04-02,Giải nhì,222,3
00086,2022-04-02,Giải nhì,608,4
00086,2022-04-02,Giải nhì,176,5
00085,2022-03-31,Giải ba,095,0
00085,2022-03-31,Giải ba,858,1
00085,2022-03-31,Giải ba,462,2
00085,2022-03-31,Giải ba,658,3
00085,2022-03-31,Giải ba,353,4
00085,2022-03-31,Giải ba,485,5
00085,2022-03-31,Giải ba,966,6
00085,2022-03-31,Giải ba,150,7
00085,2022-03-31,Giải Đặc biệt,772,0
00085,2022-03-31,Giải Đặc biệt,157,1
00085,2022-03-31,Giải nhất,267,0
00085,2022-03-31,Giải nhất,139,1
00085,2022-03-31,Giải nhất,327,2
00085,2022-03-31,Giải nhất,267,3
00085,2022-03-31,Giải nhì,146,0
00085,2022-03-31,Giải nhì,639,1
00085,2022-03-31,Giải nhì,234,2
00085,2022-03-31,Giải nhì,880,3
00085,2022-03-31,Giải nhì,357,4
00085,2022-03-31,Giải nhì,416,5
00084,2022-03-29,Giải ba,425,0
00084,2022-03-29,Giải ba,214,1
00084,2022-03-29,Giải ba,892,2
00084,2022-03-29,Giải ba,535,3
00084,2022-03-29,Giải ba,922,4
00084,2022-03-29,Giải ba,741,5
00084,2022-03-29,Giải ba,237,6
00084,2022-03-29,Giải ba,142,7
00084,2022-03-29,Giải Đặc biệt,289,0
00084,2022-03-29,Giải Đặc biệt,734,1
00084,2022-03-29,Giải nhất,946,0
00084,2022-03-29,Giải nhất,775,1
00084,2022-03-29,Giải nhất,475,2
00084,2022-03-29,Giải nhất,667,3
00084,2022-03-29,Giải nhì,501,0
00084,2022-03-29,Giải nhì,959,1
00084,2022-03-29,Giải nhì,955,2
00084,2022-03-29,Giải nhì,272,3
00084,2022-03-29,Giải nhì,720,4
00084,2022-03-29,Giải nhì,892,5
00083,2022-03-26,Giải ba,839,0
00083,2022-03-26,Giải ba,707,1
00083,2022-03-26,Giải ba,449,2
00083,2022-03-26,Giải ba,353,3
00083,2022-03-26,Giải ba,674,4
00083,2022-03-26,Giải ba,051,5
00083,2022-03-26,Giải ba,173,6
00083,2022-03-26,Giải ba,926,7
00083,2022-03-26,Giải Đặc biệt,251,0
00083,2022-03-26,Giải Đặc biệt,639,1
00083,2022-03-26,Giải nhất,826,0
00083,2022-03-26,Giải nhất,519,1
00083,2022-03-26,Giải nhất,038,2
00083,2022-03-26,Giải nhất,413,3
00083,2022-03-26,Giải nhì,567,0
00083,2022-03-26,Giải nhì,546,1
00083,2022-03-26,Giải nhì,101,2
00083,2022-03-26,Giải nhì,360,3
00083,2022-03-26,Giải nhì,858,4
00083,2022-03-26,Giải nhì,429,5
00082,2022-03-24,Giải ba,140,0
00082,2022-03-24,Giải ba,452,1
00082,2022-03-24,Giải ba,136,2
00082,2022-03-24,Giải ba,766,3
00082,2022-03-24,Giải ba,878,4
00082,2022-03-24,Giải ba,133,5
00082,2022-03-24,Giải ba,085,6
00082,2022-03-24,Giải ba,661,7
00082,2022-03-24,Giải Đặc biệt,896,0
00082,2022-03-24,Giải Đặc biệt,549,1
00082,2022-03-24,Giải nhất,137,0
00082,2022-03-24,Giải nhất,018,1
00082,2022-03-24,Giải nhất,878,2
00082,2022-03-24,Giải nhất,661,3
00082,2022-03-24,Giải nhì,089,0
00082,2022-03-24,Giải nhì,896,1
00082,2022-03-24,Giải nhì,566,2
00082,2022-03-24,Giải nhì,890,3
00082,2022-03-24,Giải nhì,476,4
00082,2022-03-24,Giải nhì,744,5
00081,2022-03-22,Giải ba,405,0
00081,2022-03-22,Giải ba,869,1
00081,2022-03-22,Giải ba,275,2
00081,2022-03-22,Giải ba,861,3
00081,2022-03-22,Giải ba,297,4
00081,2022-03-22,Giải ba,132,5
00081,2022-03-22,Giải ba,196,6
00081,2022-03-22,Giải ba,240,7
00081,2022-03-22,Giải Đặc biệt,036,0
00081,2022-03-22,Giải Đặc biệt,855,1
00081,2022-03-22,Giải nhất,355,0
00081,2022-03-22,Giải nhất,763,1
00081,2022-03-22,Giải nhất,892,2
00081,2022-03-22,Giải nhất,342,3
00081,2022-03-22,Giải nhì,861,0
00081,2022-03-22,Giải nhì,269,1
00081,2022-03-22,Giải nhì,670,2
00081,2022-03-22,Giải nhì,576,3
00081,2022-03-22,Giải nhì,175,4
00081,2022-03-22,Giải nhì,865,5
00080,2022-03-19,Giải ba,676,0
00080,2022-03-19,Giải ba,955,1
00080,2022-03-19,Giải ba,492,2
00080,2022-03-19,Giải ba,671,3
00080,2022-03-19,Giải ba,104,4
00080,2022-03-19,Giải ba,122,5
00080,2022-03-19,Giải ba,500,6
00080,2022-03-19,Giải ba,026,7
00080,2022-03-19,Giải Đặc biệt,667,0
00080,2022-03-19,Giải Đặc biệt,107,1
00080,2022-03-19,Giải nhất,536,0
00080,2022-03-19,Giải nhất,046,1
00080,2022-03-19,Giải nhất,533,2
00080,2022-03-19,Giải nhất,376,3
00080,2022-03-19,Giải nhì,524,0
00080,2022-03-19,Giải nhì,821,1
00080,2022-03-19,Giải nhì,914,2
00080,2022-03-19,Giải nhì,809,3
00080,2022-03-19,Giải nhì,443,4
00080,2022-03-19,Giải nhì,696,5
00079,2022-03-17,Giải ba,723,0
00079,2022-03-17,Giải ba,278,1
00079,2022-03-17,Giải ba,244,2
00079,2022-03-17,Giải ba,316,3
00079,2022-03-17,Giải ba,054,4
00079,2022-03-17,Giải ba,011,5
00079,2022-03-17,Giải ba,259,6
00079,2022-03-17,Giải ba,995,7
00079,2022-03-17,Giải Đặc biệt,363,0
00079,2022-03-17,Giải Đặc biệt,066,1
00079,2022-03-17,Giải nhất,304,0
00079,2022-03-17,Giải nhất,789,1
00079,2022-03-17,Giải nhất,684,2
00079,2022-03-17,Giải nhất,460,3
00079,2022-03-17,Giải nhì,790,0
00079,2022-03-17,Giải nhì,186,1
00079,2022-03-17,Giải nhì,329,2
00079,2022-03-17,Giải nhì,425,3
00079,2022-03-17,Giải nhì,880,4
00079,2022-03-17,Giải nhì,276,5
00078,2022-03-15,Giải ba,755,0
00078,2022-03-15,Giải ba,922,1
00078,2022-03-15,Giải ba,769,2
00078,2022-03-15,Giải ba,538,3
00078,2022-03-15,Giải ba,868,4
00078,2022-03-15,Giải ba,229,5
00078,2022-03-15,Giải ba,138,6
00078,2022-03-15,Giải ba,064,7
00078,2022-03-15,Giải Đặc biệt,310,0
00078,2022-03-15,Giải Đặc biệt,669,1
00078,2022-03-15,Giải nhất,909,0
00078,2022-03-15,Giải nhất,754,1
00078,2022-03-15,Giải nhất,398,2
00078,2022-03-15,Giải nhất,723,3
00078,2022-03-15,Giải nhì,602,0
00078,2022-03-15,Giải nhì,838,1
00078,2022-03-15,Giải nhì,555,2
00078,2022-03-15,Giải nhì,256,3
00078,2022-03-15,Giải nhì,010,4
00078,2022-03-15,Giải nhì,666,5
00077,2022-03-12,Giải ba,543,0
00077,2022-03-12,Giải ba,161,1
00077,2022-03-12,Giải ba,719,2
00077,2022-03-12,Giải ba,240,3
00077,2022-03-12,Giải ba,339,4
00077,2022-03-12,Giải ba,425,5
00077,2022-03-12,Giải ba,649,6
00077,2022-03-12,Giải ba,665,7
00077,2022-03-12,Giải Đặc biệt,496,0
00077,2022-03-12,Giải Đặc biệt,912,1
00077,2022-03-12,Giải nhất,555,0
00077,2022-03-12,Giải nhất,223,1
00077,2022-03-12,Giải nhất,158,2
00077,2022-03-12,Giải nhất,956,3
00077,2022-03-12,Giải nhì,351,0
00077,2022-03-12,Giải nhì,979,1
00077,2022-03-12,Giải nhì,790,2
00077,2022-03-12,Giải nhì,158,3
00077,2022-03-12,Giải nhì,997,4
00077,2022-03-12,Giải nhì,395,5
00076,2022-03-10,Giải ba,298,0
00076,2022-03-10,Giải ba,184,1
00076,2022-03-10,Giải ba,114,2
00076,2022-03-10,Giải ba,336,3
00076,2022-03-10,Giải ba,132,4
00076,2022-03-10,Giải ba,426,5
00076,2022-03-10,Giải ba,933,6
00076,2022-03-10,Giải ba,554,7
00076,2022-03-10,Giải Đặc biệt,277,0
00076,2022-03-10,Giải Đặc biệt,432,1
00076,2022-03-10,Giải nhất,935,0
00076,2022-03-10,Giải nhất,753,1
00076,2022-03-10,Giải nhất,128,2
00076,2022-03-10,Giải nhất,269,3
00076,2022-03-10,Giải nhì,444,0
00076,2022-03-10,Giải nhì,469,1
00076,2022-03-10,Giải nhì,645,2
00076,2022-03-10,Giải nhì,926,3
00076,2022-03-10,Giải nhì,813,4
00076,2022-03-10,Giải nhì,243,5
00075,2022-03-08,Giải ba,845,0
00075,2022-03-08,Giải ba,292,1
00075,2022-03-08,Giải ba,600,2
00075,2022-03-08,Giải ba,105,3
00075,2022-03-08,Giải ba,651,4
00075,2022-03-08,Giải ba,751,5
00075,2022-03-08,Giải ba,980,6
00075,2022-03-08,Giải ba,499,7
00075,2022-03-08,Giải Đặc biệt,522,0
00075,2022-03-08,Giải Đặc biệt,460,1
00075,2022-03-08,Giải nhất,765,0
00075,2022-03-08,Giải nhất,973,1
00075,2022-03-08,Giải nhất,954,2
00075,2022-03-08,Giải nhất,943,3
00075,2022-03-08,Giải nhì,013,0
00075,2022-03-08,Giải nhì,926,1
00075,2022-03-08,Giải nhì,771,2
00075,2022-03-08,Giải nhì,709,3
00075,2022-03-08,Giải nhì,722,4
00075,2022-03-08,Giải nhì,021,5
00074,2022-03-05,Giải ba,235,0
00074,2022-03-05,Giải ba,520,1
00074,2022-03-05,Giải ba,558,2
00074,2022-03-05,Giải ba,705,3
00074,2022-03-05,Giải ba,592,4
00074,2022-03-05,Giải ba,476,5
00074,2022-03-05,Giải ba,489,6
00074,2022-03-05,Giải ba,727,7
00074,2022-03-05,Giải Đặc biệt,118,0
00074,2022-03-05,Giải Đặc biệt,750,1
00074,2022-03-05,Giải nhất,669,0
00074,2022-03-05,Giải nhất,491,1
00074,2022-03-05,Giải nhất,967,2
00074,2022-03-05,Giải nhất,089,3
00074,2022-03-05,Giải nhì,234,0
00074,2022-03-05,Giải nhì,851,1
00074,2022-03-05,Giải nhì,029,2
00074,2022-03-05,Giải nhì,864,3
00074,2022-03-05,Giải nhì,966,4
00074,2022-03-05,Giải nhì,509,5
00073,2022-03-03,Giải ba,827,0
00073,2022-03-03,Giải ba,563,1
00073,2022-03-03,Giải ba,514,2
00073,2022-03-03,Giải ba,078,3
00073,2022-03-03,Giải ba,062,4
00073,2022-03-03,Giải ba,580,5
00073,2022-03-03,Giải ba,629,6
00073,2022-03-03,Giải ba,451,7
00073,2022-03-03,Giải Đặc biệt,903,0
00073,2022-03-03,Giải Đặc biệt,294,1
00073,2022-03-03,Giải nhất,453,0
00073,2022-03-03,Giải nhất,964,1
00073,2022-03-03,Giải nhất,252,2
00073,2022-03-03,Giải nhất,109,3
00073,2022-03-03,Giải nhì,727,0
00073,2022-03-03,Giải nhì,837,1
00073,2022-03-03,Giải nhì,813,2
00073,2022-03-03,Giải nhì,868,3
00073,2022-03-03,Giải nhì,332,4
00073,2022-03-03,Giải nhì,671,5
00072,2022-03-01,Giải ba,128,0
00072,2022-03-01,Giải ba,653,1
00072,2022-03-01,Giải ba,221,2
00072,2022-03-01,Giải ba,709,3
00072,2022-03-01,Giải ba,644,4
00072,2022-03-01,Giải ba,460,5
00072,2022-03-01,Giải ba,693,6
00072,2022-03-01,Giải ba,748,7
00072,2022-03-01,Giải Đặc biệt,188,0
00072,2022-03-01,Giải Đặc biệt,421,1
00072,2022-03-01,Giải nhất,251,0
00072,2022-03-01,Giải nhất,562,1
00072,2022-03-01,Giải nhất,119,2
00072,2022-03-01,Giải nhất,074,3
00072,2022-03-01,Giải nhì,604,0
00072,2022-03-01,Giải nhì,796,1
00072,2022-03-01,Giải nhì,436,2
00072,2022-03-01,Giải nhì,599,3
00072,2022-03-01,Giải nhì,699,4
00072,2022-03-01,Giải nhì,369,5
00071,2022-02-26,Giải ba,370,0
00071,2022-02-26,Giải ba,500,1
00071,2022-02-26,Giải ba,896,2
00071,2022-02-26,Giải ba,191,3
00071,2022-02-26,Giải ba,770,4
00071,2022-02-26,Giải ba,112,5
00071,2022-02-26,Giải ba,048,6
00071,2022-02-26,Giải ba,839,7
00071,2022-02-26,Giải Đặc biệt,127,0
00071,2022-02-26,Giải Đặc biệt,868,1
00071,2022-02-26,Giải nhất,860,0
00071,2022-02-26,Giải nhất,423,1
00071,2022-02-26,Giải nhất,233,2
00071,2022-02-26,Giải nhất,248,3
00071,2022-02-26,Giải nhì,527,0
00071,2022-02-26,Giải nhì,185,1
00071,2022-02-26,Giải nhì,499,2
00071,2022-02-26,Giải nhì,549,3
00071,2022-02-26,Giải nhì,114,4
00071,2022-02-26,Giải nhì,046,5
00070,2022-02-24,Giải ba,808,0
00070,2022-02-24,Giải ba,011,1
00070,2022-02-24,Giải ba,836,2
00070,2022-02-24,Giải ba,264,3
00070,2022-02-24,Giải ba,358,4
00070,2022-02-24,Giải ba,413,5
00070,2022-02-24,Giải ba,995,6
00070,2022-02-24,Giải ba,235,7
00070,2022-02-24,Giải Đặc biệt,026,0
00070,2022-02-24,Giải Đặc biệt,680,1
00070,2022-02-24,Giải nhất,211,0
00070,2022-02-24,Giải nhất,394,1
00070,2022-02-24,Giải nhất,820,2
00070,2022-02-24,Giải nhất,032,3
00070,2022-02-24,Giải nhì,749,0
00070,2022-02-24,Giải nhì,762,1
00070,2022-02-24,Giải nhì,103,2
00070,2022-02-24,Giải nhì,284,3
00070,2022-02-24,Giải nhì,828,4
00070,2022-02-24,Giải nhì,258,5
00069,2022-02-22,Giải ba,145,0
00069,2022-02-22,Giải ba,797,1
00069,2022-02-22,Giải ba,538,2
00069,2022-02-22,Giải ba,660,3
00069,2022-02-22,Giải ba,153,4
00069,2022-02-22,Giải ba,097,5
00069,2022-02-22,Giải ba,182,6
00069,2022-02-22,Giải ba,430,7
00069,2022-02-22,Giải Đặc biệt,585,0
00069,2022-02-22,Giải Đặc biệt,081,1
00069,2022-02-22,Giải nhất,934,0
00069,2022-02-22,Giải nhất,206,1
00069,2022-02-22,Giải nhất,581,2
00069,2022-02-22,Giải nhất,532,3
00069,2022-02-22,Giải nhì,922,0
00069,2022-02-22,Giải nhì,755,1
00069,2022-02-22,Giải nhì,617,2
00069,2022-02-22,Giải nhì,857,3
00069,2022-02-22,Giải nhì,918,4
00069,2022-02-22,Giải nhì,216,5
00068,2022-02-19,Giải ba,738,0
00068,2022-02-19,Giải ba,675,1
00068,2022-02-19,Giải ba,940,2
00068,2022-02-19,Giải ba,982,3
00068,2022-02-19,Giải ba,446,4
00068,2022-02-19,Giải ba,417,5
00068,2022-02-19,Giải ba,643,6
00068,2022-02-19,Giải ba,033,7
00068,2022-02-19,Giải Đặc biệt,787,0
00068,2022-02-19,Giải Đặc biệt,534,1
00068,2022-02-19,Giải nhất,612,0
00068,2022-02-19,Giải nhất,078,1
00068,2022-02-19,Giải nhất,139,2
00068,2022-02-19,Giải nhất,721,3
00068,2022-02-19,Giải nhì,534,0
00068,2022-02-19,Giải nhì,186,1
00068,2022-02-19,Giải nhì,201,2
00068,2022-02-19,Giải nhì,585,3
00068,2022-02-19,Giải nhì,857,4
00068,2022-02-19,Giải nhì,728,5
00067,2022-02-17,Giải ba,908,0
00067,2022-02-17,Giải ba,620,1
00067,2022-02-17,Giải ba,918,2
00067,2022-02-17,Giải ba,376,3
00067,2022-02-17,Giải ba,478,4
00067,2022-02-17,Giải ba,151,5
00067,2022-02-17,Giải ba,497,6
00067,2022-02-17,Giải ba,522,7
00067,2022-02-17,Giải Đặc biệt,532,0
00067,2022-02-17,Giải Đặc biệt,635,1
00067,2022-02-17,Giải nhất,149,0
00067,2022-02-17,Giải nhất,047,1
00067,2022-02-17,Giải nhất,829,2
00067,2022-02-17,Giải nhất,161,3
00067,2022-02-17,Giải nhì,521,0
00067,2022-02-17,Giải nhì,249,1
00067,2022-02-17,Giải nhì,112,2
00067,2022-02-17,Giải nhì,507,3
00067,2022-02-17,Giải nhì,028,4
00067,2022-02-17,Giải nhì,327,5
00066,2022-02-15,Giải ba,541,0
00066,2022-02-15,Giải ba,137,1
00066,2022-02-15,Giải ba,571,2
00066,2022-02-15,Giải ba,420,3
00066,2022-02-15,Giải ba,560,4
00066,2022-02-15,Giải ba,001,5
00066,2022-02-15,Giải ba,911,6
00066,2022-02-15,Giải ba,422,7
00066,2022-02-15,Giải Đặc biệt,494,0
00066,2022-02-15,Giải Đặc biệt,040,1
00066,2022-02-15,Giải nhất,982,0
00066,2022-02-15,Giải nhất,404,1
00066,2022-02-15,Giải nhất,820,2
00066,2022-02-15,Giải nhất,244,3
00066,2022-02-15,Giải nhì,303,0
00066,2022-02-15,Giải nhì,895,1
00066,2022-02-15,Giải nhì,729,2
00066,2022-02-15,Giải nhì,672,3
00066,2022-02-15,Giải nhì,366,4
00066,2022-02-15,Giải nhì,591,5
00065,2022-02-12,Giải ba,073,0
00065,2022-02-12,Giải ba,088,1
00065,2022-02-12,Giải ba,584,2
00065,2022-02-12,Giải ba,212,3
00065,2022-02-12,Giải ba,139,4
00065,2022-02-12,Giải ba,964,5
00065,2022-02-12,Giải ba,159,6
00065,2022-02-12,Giải ba,270,7
00065,2022-02-12,Giải Đặc biệt,969,0
00065,2022-02-12,Giải Đặc biệt,262,1
00065,2022-02-12,Giải nhất,387,0
00065,2022-02-12,Giải nhất,644,1
00065,2022-02-12,Giải nhất,015,2
00065,2022-02-12,Giải nhất,503,3
00065,2022-02-12,Giải nhì,752,0
00065,2022-02-12,Giải nhì,823,1
00065,2022-02-12,Giải nhì,424,2
00065,2022-02-12,Giải nhì,998,3
00065,2022-02-12,Giải nhì,900,4
00065,2022-02-12,Giải nhì,812,5
00064,2022-02-10,Giải ba,129,0
00064,2022-02-10,Giải ba,881,1
00064,2022-02-10,Giải ba,029,2
00064,2022-02-10,Giải ba,318,3
00064,2022-02-10,Giải ba,903,4
00064,2022-02-10,Giải ba,888,5
00064,2022-02-10,Giải ba,450,6
00064,2022-02-10,Giải ba,258,7
00064,2022-02-10,Giải Đặc biệt,830,0
00064,2022-02-10,Giải Đặc biệt,303,1
00064,2022-02-10,Giải nhất,869,0
00064,2022-02-10,Giải nhất,573,1
00064,2022-02-10,Giải nhất,547,2
00064,2022-02-10,Giải nhất,999,3
00064,2022-02-10,Giải nhì,809,0
00064,2022-02-10,Giải nhì,790,1
00064,2022-02-10,Giải nhì,807,2
00064,2022-02-10,Giải nhì,080,3
00064,2022-02-10,Giải nhì,683,4
00064,2022-02-10,Giải nhì,915,5
00063,2022-02-08,Giải ba,450,0
00063,2022-02-08,Giải ba,791,1
00063,2022-02-08,Giải ba,661,2
00063,2022-02-08,Giải ba,249,3
00063,2022-02-08,Giải ba,910,4
00063,2022-02-08,Giải ba,792,5
00063,2022-02-08,Giải ba,580,6
00063,2022-02-08,Giải ba,445,7
00063,2022-02-08,Giải Đặc biệt,427,0
00063,2022-02-08,Giải Đặc biệt,838,1
00063,2022-02-08,Giải nhất,954,0
00063,2022-02-08,Giải nhất,296,1
00063,2022-02-08,Giải nhất,577,2
00063,2022-02-08,Giải nhất,097,3
00063,2022-02-08,Giải nhì,830,0
00063,2022-02-08,Giải nhì,018,1
00063,2022-02-08,Giải nhì,952,2
00063,2022-02-08,Giải nhì,769,3
00063,2022-02-08,Giải nhì,119,4
00063,2022-02-08,Giải nhì,789,5
00062,2022-02-05,Giải ba,849,0
00062,2022-02-05,Giải ba,769,1
00062,2022-02-05,Giải ba,346,2
00062,2022-02-05,Giải ba,503,3
00062,2022-02-05,Giải ba,927,4
00062,2022-02-05,Giải ba,001,5
00062,2022-02-05,Giải ba,883,6
00062,2022-02-05,Giải ba,014,7
00062,2022-02-05,Giải Đặc biệt,850,0
00062,2022-02-05,Giải Đặc biệt,389,1
00062,2022-02-05,Giải nhất,358,0
00062,2022-02-05,Giải nhất,871,1
00062,2022-02-05,Giải nhất,217,2
00062,2022-02-05,Giải nhất,311,3
00062,2022-02-05,Giải nhì,430,0
00062,2022-02-05,Giải nhì,184,1
00062,2022-02-05,Giải nhì,409,2
00062,2022-02-05,Giải nhì,477,3
00062,2022-02-05,Giải nhì,823,4
00062,2022-02-05,Giải nhì,087,5
00061,2022-02-03,Giải ba,175,0
00061,2022-02-03,Giải ba,262,1
00061,2022-02-03,Giải ba,503,2
00061,2022-02-03,Giải ba,321,3
00061,2022-02-03,Giải ba,497,4
00061,2022-02-03,Giải ba,011,5
00061,2022-02-03,Giải ba,352,6
00061,2022-02-03,Giải ba,563,7
00061,2022-02-03,Giải Đặc biệt,158,0
00061,2022-02-03,Giải Đặc biệt,455,1
00061,2022-02-03,Giải nhất,789,0
00061,2022-02-03,Giải nhất,435,1
00061,2022-02-03,Giải nhất,629,2
00061,2022-02-03,Giải nhất,628,3
00061,2022-02-03,Giải nhì,834,0
00061,2022-02-03,Giải nhì,421,1
00061,2022-02-03,Giải nhì,098,2
00061,2022-02-03,Giải nhì,810,3
00061,2022-02-03,Giải nhì,566,4
00061,2022-02-03,Giải nhì,196,5
00060,2022-01-29,Giải ba,223,0
00060,2022-01-29,Giải ba,888,1
00060,2022-01-29,Giải ba,483,2
00060,2022-01-29,Giải ba,665,3
00060,2022-01-29,Giải ba,623,4
00060,2022-01-29,Giải ba,321,5
00060,2022-01-29,Giải ba,933,6
00060,2022-01-29,Giải ba,468,7
00060,2022-01-29,Giải Đặc biệt,186,0
00060,2022-01-29,Giải Đặc biệt,576,1
00060,2022-01-29,Giải nhất,564,0
00060,2022-01-29,Giải nhất,241,1
00060,2022-01-29,Giải nhất,534,2
00060,2022-01-29,Giải nhất,807,3
00060,2022-01-29,Giải nhì,512,0
00060,2022-01-29,Giải nhì,921,1
00060,2022-01-29,Giải nhì,167,2
00060,2022-01-29,Giải nhì,569,3
00060,2022-01-29,Giải nhì,165,4
00060,2022-01-29,Giải nhì,450,5
00059,2022-01-27,Giải ba,757,0
00059,2022-01-27,Giải ba,434,1
00059,2022-01-27,Giải ba,916,2
00059,2022-01-27,Giải ba,164,3
00059,2022-01-27,Giải ba,366,4
00059,2022-01-27,Giải ba,530,5
00059,2022-01-27,Giải ba,584,6
00059,2022-01-27,Giải ba,166,7
00059,2022-01-27,Giải Đặc biệt,078,0
00059,2022-01-27,Giải Đặc biệt,120,1
00059,2022-01-27,Giải nhất,349,0
00059,2022-01-27,Giải nhất,567,1
00059,2022-01-27,Giải nhất,514,2
00059,2022-01-27,Giải nhất,973,3
00059,2022-01-27,Giải nhì,208,0
00059,2022-01-27,Giải nhì,922,1
00059,2022-01-27,Giải nhì,361,2
00059,2022-01-27,Giải nhì,093,3
00059,2022-01-27,Giải nhì,372,4
00059,2022-01-27,Giải nhì,279,5
00058,2022-01-25,Giải ba,148,0
00058,2022-01-25,Giải ba,468,1
00058,2022-01-25,Giải ba,453,2
00058,2022-01-25,Giải ba,783,3
00058,2022-01-25,Giải ba,261,4
00058,2022-01-25,Giải ba,179,5
00058,2022-01-25,Giải ba,748,6
00058,2022-01-25,Giải ba,646,7
00058,2022-01-25,Giải Đặc biệt,852,0
00058,2022-01-25,Giải Đặc biệt,617,1
00058,2022-01-25,Giải nhất,319,0
00058,2022-01-25,Giải nhất,209,1
00058,2022-01-25,Giải nhất,568,2
00058,2022-01-25,Giải nhất,798,3
00058,2022-01-25,Giải nhì,303,0
00058,2022-01-25,Giải nhì,015,1
00058,2022-01-25,Giải nhì,670,2
00058,2022-01-25,Giải nhì,849,3
00058,2022-01-25,Giải nhì,927,4
00058,2022-01-25,Giải nhì,510,5
00057,2022-01-22,Giải ba,299,0
00057,2022-01-22,Giải ba,427,1
00057,2022-01-22,Giải ba,229,2
00057,2022-01-22,Giải ba,129,3
00057,2022-01-22,Giải ba,933,4
00057,2022-01-22,Giải ba,693,5
00057,2022-01-22,Giải ba,641,6
00057,2022-01-22,Giải ba,934,7
00057,2022-01-22,Giải Đặc biệt,159,0
00057,2022-01-22,Giải Đặc biệt,771,1
00057,2022-01-22,Giải nhất,435,0
00057,2022-01-22,Giải nhất,682,1
00057,2022-01-22,Giải nhất,063,2
00057,2022-01-22,Giải nhất,597,3
00057,2022-01-22,Giải nhì,027,0
00057,2022-01-22,Giải nhì,095,1
00057,2022-01-22,Giải nhì,145,2
00057,2022-01-22,Giải nhì,954,3
00057,2022-01-22,Giải nhì,312,4
00057,2022-01-22,Giải nhì,484,5
00056,2022-01-20,Giải ba,451,0
00056,2022-01-20,Giải ba,661,1
00056,2022-01-20,Giải ba,801,2
00056,2022-01-20,Giải ba,796,3
00056,2022-01-20,Giải ba,071,4
00056,2022-01-20,Giải ba,853,5
00056,2022-01-20,Giải ba,137,6
00056,2022-01-20,Giải ba,961,7
00056,2022-01-20,Giải Đặc biệt,003,0
00056,2022-01-20,Giải Đặc biệt,178,1
00056,2022-01-20,Giải nhất,882,0
00056,2022-01-20,Giải nhất,848,1
00056,2022-01-20,Giải nhất,001,2
00056,2022-01-20,Giải nhất,479,3
00056,2022-01-20,Giải nhì,731,0
00056,2022-01-20,Giải nhì,476,1
00056,2022-01-20,Giải nhì,864,2
00056,2022-01-20,Giải nhì,373,3
00056,2022-01-20,Giải nhì,234,4
00056,2022-01-20,Giải nhì,499,5
00055,2022-01-18,Giải ba,821,0
00055,2022-01-18,Giải ba,547,1
00055,2022-01-18,Giải ba,203,2
00055,2022-01-18,Giải ba,469,3
00055,2022-01-18,Giải ba,202,4
00055,2022-01-18,Giải ba,141,5
00055,2022-01-18,Giải ba,093,6
00055,2022-01-18,Giải ba,274,7
00055,2022-01-18,Giải Đặc biệt,895,0
00055,2022-01-18,Giải Đặc biệt,505,1
00055,2022-01-18,Giải nhất,515,0
00055,2022-01-18,Giải nhất,226,1
00055,2022-01-18,Giải nhất,252,2
00055,2022-01-18,Giải nhất,690,3
00055,2022-01-18,Giải nhì,865,0
00055,2022-01-18,Giải nhì,652,1
00055,2022-01-18,Giải nhì,873,2
00055,2022-01-18,Giải nhì,766,3
00055,2022-01-18,Giải nhì,411,4
00055,2022-01-18,Giải nhì,001,5
00054,2022-01-15,Giải ba,848,0
00054,2022-01-15,Giải ba,616,1
00054,2022-01-15,Giải ba,914,2
00054,2022-01-15,Giải ba,317,3
00054,2022-01-15,Giải ba,694,4
00054,2022-01-15,Giải ba,154,5
00054,2022-01-15,Giải ba,036,6
00054,2022-01-15,Giải ba,341,7
00054,2022-01-15,Giải Đặc biệt,456,0
00054,2022-01-15,Giải Đặc biệt,467,1
00054,2022-01-15,Giải nhất,857,0
00054,2022-01-15,Giải nhất,359,1
00054,2022-01-15,Giải nhất,127,2
00054,2022-01-15,Giải nhất,786,3
00054,2022-01-15,Giải nhì,206,0
00054,2022-01-15,Giải nhì,199,1
00054,2022-01-15,Giải nhì,899,2
00054,2022-01-15,Giải nhì,911,3
00054,2022-01-15,Giải nhì,066,4
00054,2022-01-15,Giải nhì,259,5
00053,2022-01-13,Giải ba,886,0
00053,2022-01-13,Giải ba,440,1
00053,2022-01-13,Giải ba,785,2
00053,2022-01-13,Giải ba,078,3
00053,2022-01-13,Giải ba,129,4
00053,2022-01-13,Giải ba,852,5
00053,2022-01-13,Giải ba,573,6
00053,2022-01-13,Giải ba,738,7
00053,2022-01-13,Giải Đặc biệt,773,0
00053,2022-01-13,Giải Đặc biệt,499,1
00053,2022-01-13,Giải nhất,654,0
00053,2022-01-13,Giải nhất,782,1
00053,2022-01-13,Giải nhất,381,2
00053,2022-01-13,Giải nhất,875,3
00053,2022-01-13,Giải nhì,159,0
00053,2022-01-13,Giải nhì,936,1
00053,2022-01-13,Giải nhì,121,2
00053,2022-01-13,Giải nhì,939,3
00053,2022-01-13,Giải nhì,408,4
00053,2022-01-13,Giải nhì,387,5
00052,2022-01-11,Giải ba,742,0
00052,2022-01-11,Giải ba,021,1
00052,2022-01-11,Giải ba,871,2
00052,2022-01-11,Giải ba,460,3
00052,2022-01-11,Giải ba,322,4
00052,2022-01-11,Giải ba,313,5
00052,2022-01-11,Giải ba,739,6
00052,2022-01-11,Giải ba,669,7
00052,2022-01-11,Giải Đặc biệt,504,0
00052,2022-01-11,Giải Đặc biệt,056,1
00052,2022-01-11,Giải nhất,823,0
00052,2022-01-11,Giải nhất,949,1
00052,2022-01-11,Giải nhất,940,2
00052,2022-01-11,Giải nhất,984,3
00052,2022-01-11,Giải nhì,839,0
00052,2022-01-11,Giải nhì,895,1
00052,2022-01-11,Giải nhì,625,2
00052,2022-01-11,Giải nhì,682,3
00052,2022-01-11,Giải nhì,398,4
00052,2022-01-11,Giải nhì,874,5
00051,2022-01-08,Giải ba,074,0
00051,2022-01-08,Giải ba,445,1
00051,2022-01-08,Giải ba,546,2
00051,2022-01-08,Giải ba,523,3
00051,2022-01-08,Giải ba,674,4
00051,2022-01-08,Giải ba,262,5
00051,2022-01-08,Giải ba,389,6
00051,2022-01-08,Giải ba,763,7
00051,2022-01-08,Giải Đặc biệt,665,0
00051,2022-01-08,Giải Đặc biệt,457,1
00051,2022-01-08,Giải nhất,280,0
00051,2022-01-08,Giải nhất,003,1
00051,2022-01-08,Giải nhất,966,2
00051,2022-01-08,Giải nhất,793,3
00051,2022-01-08,Giải nhì,336,0
00051,2022-01-08,Giải nhì,318,1
00051,2022-01-08,Giải nhì,054,2
00051,2022-01-08,Giải nhì,001,3
00051,2022-01-08,Giải nhì,143,4
00051,2022-01-08,Giải nhì,592,5
00050,2022-01-06,Giải ba,066,0
00050,2022-01-06,Giải ba,205,1
00050,2022-01-06,Giải ba,041,2
00050,2022-01-06,Giải ba,641,3
00050,2022-01-06,Giải ba,854,4
00050,2022-01-06,Giải ba,280,5
00050,2022-01-06,Giải ba,328,6
00050,2022-01-06,Giải ba,485,7
00050,2022-01-06,Giải Đặc biệt,666,0
00050,2022-01-06,Giải Đặc biệt,597,1
00050,2022-01-06,Giải nhất,199,0
00050,2022-01-06,Giải nhất,055,1
00050,2022-01-06,Giải nhất,057,2
00050,2022-01-06,Giải nhất,704,3
00050,2022-01-06,Giải nhì,743,0
00050,2022-01-06,Giải nhì,876,1
00050,2022-01-06,Giải nhì,628,2
00050,2022-01-06,Giải nhì,556,3
00050,2022-01-06,Giải nhì,185,4
00050,2022-01-06,Giải nhì,421,5
00049,2022-01-04,Giải ba,222,0
00049,2022-01-04,Giải ba,221,1
00049,2022-01-04,Giải ba,420,2
00049,2022-01-04,Giải ba,698,3
00049,2022-01-04,Giải ba,945,4
00049,2022-01-04,Giải ba,942,5
00049,2022-01-04,Giải ba,436,6
00049,2022-01-04,Giải ba,395,7
00049,2022-01-04,Giải Đặc biệt,605,0
00049,2022-01-04,Giải Đặc biệt,705,1
00049,2022-01-04,Giải nhất,106,0
00049,2022-01-04,Giải nhất,515,1
00049,2022-01-04,Giải nhất,866,2
00049,2022-01-04,Giải nhất,827,3
00049,2022-01-04,Giải nhì,067,0
00049,2022-01-04,Giải nhì,829,1
00049,2022-01-04,Giải nhì,872,2
00049,2022-01-04,Giải nhì,650,3
00049,2022-01-04,Giải nhì,367,4
00049,2022-01-04,Giải nhì,104,5
00048,2022-01-01,Giải ba,470,0
00048,2022-01-01,Giải ba,947,1
00048,2022-01-01,Giải ba,854,2
00048,2022-01-01,Giải ba,383,3
00048,2022-01-01,Giải ba,944,4
00048,2022-01-01,Giải ba,829,5
00048,2022-01-01,Giải ba,402,6
00048,2022-01-01,Giải ba,841,7
00048,2022-01-01,Giải Đặc biệt,056,0
00048,2022-01-01,Giải Đặc biệt,071,1
00048,2022-01-01,Giải nhất,506,0
00048,2022-01-01,Giải nhất,695,1
00048,2022-01-01,Giải nhất,787,2
00048,2022-01-01,Giải nhất,699,3
00048,2022-01-01,Giải nhì,179,0
00048,2022-01-01,Giải nhì,621,1
00048,2022-01-01,Giải nhì,336,2
00048,2022-01-01,Giải nhì,237,3
00048,2022-01-01,Giải nhì,021,4
00048,2022-01-01,Giải nhì,597,5
00047,2021-12-30,Giải ba,693,0
00047,2021-12-30,Giải ba,674,1
00047,2021-12-30,Giải ba,416,2
00047,2021-12-30,Giải ba,055,3
00047,2021-12-30,Giải ba,851,4
00047,2021-12-30,Giải ba,395,5
00047,2021-12-30,Giải ba,028,6
00047,2021-12-30,Giải ba,872,7
00047,2021-12-30,Giải Đặc biệt,957,0
00047,2021-12-30,Giải Đặc biệt,052,1
00047,2021-12-30,Giải nhất,615,0
00047,2021-12-30,Giải nhất,462,1
00047,2021-12-30,Giải nhất,685,2
00047,2021-12-30,Giải nhất,652,3
00047,2021-12-30,Giải nhì,374,0
00047,2021-12-30,Giải nhì,476,1
00047,2021-12-30,Giải nhì,234,2
00047,2021-12-30,Giải nhì,863,3
00047,2021-12-30,Giải nhì,316,4
00047,2021-12-30,Giải nhì,803,5
00046,2021-12-28,Giải ba,417,0
00046,2021-12-28,Giải ba,487,1
00046,2021-12-28,Giải ba,899,2
00046,2021-12-28,Giải ba,340,3
00046,2021-12-28,Giải ba,375,4
00046,2021-12-28,Giải ba,413,5
00046,2021-12-28,Giải ba,918,6
00046,2021-12-28,Giải ba,057,7
00046,2021-12-28,Giải Đặc biệt,829,0
00046,2021-12-28,Giải Đặc biệt,217,1
00046,2021-12-28,Giải nhất,711,0
00046,2021-12-28,Giải nhất,614,1
00046,2021-12-28,Giải nhất,886,2
00046,2021-12-28,Giải nhất,538,3
00046,2021-12-28,Giải nhì,024,0
00046,2021-12-28,Giải nhì,863,1
00046,2021-12-28,Giải nhì,411,2
00046,2021-12-28,Giải nhì,148,3
00046,2021-12-28,Giải nhì,426,4
00046,2021-12-28,Giải nhì,229,5
00045,2021-12-25,Giải ba,763,0
00045,2021-12-25,Giải ba,682,1
00045,2021-12-25,Giải ba,691,2
00045,2021-12-25,Giải ba,124,3
00045,2021-12-25,Giải ba,430,4
00045,2021-12-25,Giải ba,511,5
00045,2021-12-25,Giải ba,861,6
00045,2021-12-25,Giải ba,716,7
00045,2021-12-25,Giải Đặc biệt,878,0
00045,2021-12-25,Giải Đặc biệt,480,1
00045,2021-12-25,Giải nhất,519,0
00045,2021-12-25,Giải nhất,433,1
00045,2021-12-25,Giải nhất,840,2
00045,2021-12-25,Giải nhất,816,3
00045,2021-12-25,Giải nhì,291,0
00045,2021-12-25,Giải nhì,586,1
00045,2021-12-25,Giải nhì,397,2
00045,2021-12-25,Giải nhì,174,3
00045,2021-12-25,Giải nhì,145,4
00045,2021-12-25,Giải nhì,485,5
00044,2021-12-23,Giải ba,953,0
00044,2021-12-23,Giải ba,900,1
00044,2021-12-23,Giải ba,365,2
00044,2021-12-23,Giải ba,885,3
00044,2021-12-23,Giải ba,619,4
00044,2021-12-23,Giải ba,830,5
00044,2021-12-23,Giải ba,369,6
00044,2021-12-23,Giải ba,729,7
00044,2021-12-23,Giải Đặc biệt,609,0
00044,2021-12-23,Giải Đặc biệt,770,1
00044,2021-12-23,Giải nhất,915,0
00044,2021-12-23,Giải nhất,490,1
00044,2021-12-23,Giải nhất,800,2
00044,2021-12-23,Giải nhất,277,3
00044,2021-12-23,Giải nhì,473,0
00044,2021-12-23,Giải nhì,038,1
00044,2021-12-23,Giải nhì,556,2
00044,2021-12-23,Giải nhì,966,3
00044,2021-12-23,Giải nhì,719,4
00044,2021-12-23,Giải nhì,426,5
00043,2021-12-21,Giải ba,848,0
00043,2021-12-21,Giải ba,676,1
00043,2021-12-21,Giải ba,929,2
00043,2021-12-21,Giải ba,336,3
00043,2021-12-21,Giải ba,338,4
00043,2021-12-21,Giải ba,399,5
00043,2021-12-21,Giải ba,178,6
00043,2021-12-21,Giải ba,325,7
00043,2021-12-21,Giải Đặc biệt,474,0
00043,2021-12-21,Giải Đặc biệt,784,1
00043,2021-12-21,Giải nhất,871,0
00043,2021-12-21,Giải nhất,926,1
00043,2021-12-21,Giải nhất,034,2
00043,2021-12-21,Giải nhất,262,3
00043,2021-12-21,Giải nhì,343,0
00043,2021-12-21,Giải nhì,087,1
00043,2021-12-21,Giải nhì,809,2
00043,2021-12-21,Giải nhì,763,3
00043,2021-12-21,Giải nhì,129,4
00043,2021-12-21,Giải nhì,082,5
00042,2021-12-18,Giải ba,689,0
00042,2021-12-18,Giải ba,144,1
00042,2021-12-18,Giải ba,368,2
00042,2021-12-18,Giải ba,232,3
00042,2021-12-18,Giải ba,698,4
00042,2021-12-18,Giải ba,322,5
00042,2021-12-18,Giải ba,591,6
00042,2021-12-18,Giải ba,309,7
00042,2021-12-18,Giải Đặc biệt,164,0
00042,2021-12-18,Giải Đặc biệt,092,1
00042,2021-12-18,Giải nhất,382,0
00042,2021-12-18,Giải nhất,826,1
00042,2021-12-18,Giải nhất,681,2
00042,2021-12-18,Giải nhất,925,3
00042,2021-12-18,Giải nhì,962,0
00042,2021-12-18,Giải nhì,394,1
00042,2021-12-18,Giải nhì,147,2
00042,2021-12-18,Giải nhì,555,3
00042,2021-12-18,Giải nhì,762,4
00042,2021-12-18,Giải nhì,303,5
00041,2021-12-16,Giải ba,453,0
00041,2021-12-16,Giải ba,614,1
00041,2021-12-16,Giải ba,290,2
00041,2021-12-16,Giải ba,130,3
00041,2021-12-16,Giải ba,110,4
00041,2021-12-16,Giải ba,459,5
00041,2021-12-16,Giải ba,366,6
00041,2021-12-16,Giải ba,074,7
00041,2021-12-16,Giải Đặc biệt,938,0
00041,2021-12-16,Giải Đặc biệt,723,1
00041,2021-12-16,Giải nhất,589,0
00041,2021-12-16,Giải nhất,555,1
00041,2021-12-16,Giải nhất,971,2
00041,2021-12-16,Giải nhất,303,3
00041,2021-12-16,Giải nhì,826,0
00041,2021-12-16,Giải nhì,156,1
00041,2021-12-16,Giải nhì,410,2
00041,2021-12-16,Giải nhì,008,3
00041,2021-12-16,Giải nhì,057,4
00041,2021-12-16,Giải nhì,388,5
00040,2021-12-14,Giải ba,478,0
00040,2021-12-14,Giải ba,402,1
00040,2021-12-14,Giải ba,025,2
00040,2021-12-14,Giải ba,025,3
00040,2021-12-14,Giải ba,449,4
00040,2021-12-14,Giải ba,830,5
00040,2021-12-14,Giải ba,074,6
00040,2021-12-14,Giải ba,524,7
00040,2021-12-14,Giải Đặc biệt,825,0
00040,2021-12-14,Giải Đặc biệt,082,1
00040,2021-12-14,Giải nhất,187,0
00040,2021-12-14,Giải nhất,817,1
00040,2021-12-14,Giải nhất,371,2
00040,2021-12-14,Giải nhất,028,3
00040,2021-12-14,Giải nhì,698,0
00040,2021-12-14,Giải nhì,080,1
00040,2021-12-14,Giải nhì,553,2
00040,2021-12-14,Giải nhì,572,3
00040,2021-12-14,Giải nhì,460,4
00040,2021-12-14,Giải nhì,863,5
00039,2021-12-11,Giải ba,666,0
00039,2021-12-11,Giải ba,123,1
00039,2021-12-11,Giải ba,346,2
00039,2021-12-11,Giải ba,214,3
00039,2021-12-11,Giải ba,162,4
00039,2021-12-11,Giải ba,113,5
00039,2021-12-11,Giải ba,077,6
00039,2021-12-11,Giải ba,613,7
00039,2021-12-11,Giải Đặc biệt,486,0
00039,2021-12-11,Giải Đặc biệt,745,1
00039,2021-12-11,Giải nhất,972,0
00039,2021-12-11,Giải nhất,441,1
00039,2021-12-11,Giải nhất,032,2
00039,2021-12-11,Giải nhất,530,3
00039,2021-12-11,Giải nhì,209,0
00039,2021-12-11,Giải nhì,217,1
00039,2021-12-11,Giải nhì,801,2
00039,2021-12-11,Giải nhì,859,3
00039,2021-12-11,Giải nhì,365,4
00039,2021-12-11,Giải nhì,606,5
00038,2021-12-09,Giải ba,327,0
00038,2021-12-09,Giải ba,511,1
00038,2021-12-09,Giải ba,678,2
00038,2021-12-09,Giải ba,216,3
00038,2021-12-09,Giải ba,455,4
00038,2021-12-09,Giải ba,287,5
00038,2021-12-09,Giải ba,421,6
00038,2021-12-09,Giải ba,477,7
00038,2021-12-09,Giải Đặc biệt,966,0
00038,2021-12-09,Giải Đặc biệt,381,1
00038,2021-12-09,Giải nhất,116,0
00038,2021-12-09,Giải nhất,673,1
00038,2021-12-09,Giải nhất,373,2
00038,2021-12-09,Giải nhất,113,3
00038,2021-12-09,Giải nhì,882,0
00038,2021-12-09,Giải nhì,121,1
00038,2021-12-09,Giải nhì,666,2
00038,2021-12-09,Giải nhì,758,3
00038,2021-12-09,Giải nhì,536,4
00038,2021-12-09,Giải nhì,657,5
00037,2021-12-07,Giải ba,727,0
00037,2021-12-07,Giải ba,863,1
00037,2021-12-07,Giải ba,005,2
00037,2021-12-07,Giải ba,570,3
00037,2021-12-07,Giải ba,499,4
00037,2021-12-07,Giải ba,115,5
00037,2021-12-07,Giải ba,338,6
00037,2021-12-07,Giải ba,859,7
00037,2021-12-07,Giải Đặc biệt,602,0
00037,2021-12-07,Giải Đặc biệt,846,1
00037,2021-12-07,Giải nhất,220,0
00037,2021-12-07,Giải nhất,634,1
00037,2021-12-07,Giải nhất,017,2
00037,2021-12-07,Giải nhất,195,3
00037,2021-12-07,Giải nhì,073,0
00037,2021-12-07,Giải nhì,078,1
00037,2021-12-07,Giải nhì,707,2
00037,2021-12-07,Giải nhì,406,3
00037,2021-12-07,Giải nhì,577,4
00037,2021-12-07,Giải nhì,109,5
00036,2021-12-04,Giải ba,284,0
00036,2021-12-04,Giải ba,993,1
00036,2021-12-04,Giải ba,897,2
00036,2021-12-04,Giải ba,030,3
00036,2021-12-04,Giải ba,454,4
00036,2021-12-04,Giải ba,458,5
00036,2021-12-04,Giải ba,612,6
00036,2021-12-04,Giải ba,961,7
00036,2021-12-04,Giải Đặc biệt,809,0
00036,2021-12-04,Giải Đặc biệt,900,1
00036,2021-12-04,Giải nhất,097,0
00036,2021-12-04,Giải nhất,851,1
00036,2021-12-04,Giải nhất,216,2
00036,2021-12-04,Giải nhất,164,3
00036,2021-12-04,Giải nhì,975,0
00036,2021-12-04,Giải nhì,369,1
00036,2021-12-04,Giải nhì,256,2
00036,2021-12-04,Giải nhì,359,3
00036,2021-12-04,Giải nhì,435,4
00036,2021-12-04,Giải nhì,982,5
00035,2021-12-02,Giải ba,978,0
00035,2021-12-02,Giải ba,364,1
00035,2021-12-02,Giải ba,204,2
00035,2021-12-02,Giải ba,279,3
00035,2021-12-02,Giải ba,414,4
00035,2021-12-02,Giải ba,752,5
00035,2021-12-02,Giải ba,543,6
00035,2021-12-02,Giải ba,146,7
00035,2021-12-02,Giải Đặc biệt,231,0
00035,2021-12-02,Giải Đặc biệt,875,1
00035,2021-12-02,Giải nhất,450,0
00035,2021-12-02,Giải nhất,899,1
00035,2021-12-02,Giải nhất,833,2
00035,2021-12-02,Giải nhất,731,3
00035,2021-12-02,Giải nhì,947,0
00035,2021-12-02,Giải nhì,677,1
00035,2021-12-02,Giải nhì,495,2
00035,2021-12-02,Giải nhì,032,3
00035,2021-12-02,Giải nhì,118,4
00035,2021-12-02,Giải nhì,248,5
00034,2021-11-30,Giải ba,451,0
00034,2021-11-30,Giải ba,612,1
00034,2021-11-30,Giải ba,197,2
00034,2021-11-30,Giải ba,702,3
00034,2021-11-30,Giải ba,155,4
00034,2021-11-30,Giải ba,779,5
00034,2021-11-30,Giải ba,731,6
00034,2021-11-30,Giải ba,984,7
00034,2021-11-30,Giải Đặc biệt,612,0
00034,2021-11-30,Giải Đặc biệt,054,1
00034,2021-11-30,Giải nhất,948,0
00034,2021-11-30,Giải nhất,310,1
00034,2021-11-30,Giải nhất,977,2
00034,2021-11-30,Giải nhất,297,3
00034,2021-11-30,Giải nhì,656,0
00034,2021-11-30,Giải nhì,572,1
00034,2021-11-30,Giải nhì,704,2
00034,2021-11-30,Giải nhì,133,3
00034,2021-11-30,Giải nhì,951,4
00034,2021-11-30,Giải nhì,258,5
00033,2021-11-27,Giải ba,229,0
00033,2021-11-27,Giải ba,946,1
00033,2021-11-27,Giải ba,021,2
00033,2021-11-27,Giải ba,323,3
00033,2021-11-27,Giải ba,626,4
00033,2021-11-27,Giải ba,254,5
00033,2021-11-27,Giải ba,355,6
00033,2021-11-27,Giải ba,095,7
00033,2021-11-27,Giải Đặc biệt,319,0
00033,2021-11-27,Giải Đặc biệt,822,1
00033,2021-11-27,Giải nhất,956,0
00033,2021-11-27,Giải nhất,232,1
00033,2021-11-27,Giải nhất,329,2
00033,2021-11-27,Giải nhất,794,3
00033,2021-11-27,Giải nhì,030,0
00033,2021-11-27,Giải nhì,915,1
00033,2021-11-27,Giải nhì,270,2
00033,2021-11-27,Giải nhì,251,3
00033,2021-11-27,Giải nhì,014,4
00033,2021-11-27,Giải nhì,006,5
00032,2021-11-25,Giải ba,611,0
00032,2021-11-25,Giải ba,412,1
00032,2021-11-25,Giải ba,223,2
00032,2021-11-25,Giải ba,885,3
00032,2021-11-25,Giải ba,639,4
00032,2021-11-25,Giải ba,589,5
00032,2021-11-25,Giải ba,207,6
00032,2021-11-25,Giải ba,121,7
00032,2021-11-25,Giải Đặc biệt,019,0
00032,2021-11-25,Giải Đặc biệt,602,1
00032,2021-11-25,Giải nhất,177,0
00032,2021-11-25,Giải nhất,854,1
00032,2021-11-25,Giải nhất,553,2
00032,2021-11-25,Giải nhất,589,3
00032,2021-11-25,Giải nhì,231,0
00032,2021-11-25,Giải nhì,082,1
00032,2021-11-25,Giải nhì,236,2
00032,2021-11-25,Giải nhì,425,3
00032,2021-11-25,Giải nhì,164,4
00032,2021-11-25,Giải nhì,171,5
00031,2021-11-23,Giải ba,189,0
00031,2021-11-23,Giải ba,059,1
00031,2021-11-23,Giải ba,798,2
00031,2021-11-23,Giải ba,168,3
00031,2021-11-23,Giải ba,079,4
00031,2021-11-23,Giải ba,666,5
00031,2021-11-23,Giải ba,067,6
00031,2021-11-23,Giải ba,134,7
00031,2021-11-23,Giải Đặc biệt,248,0
00031,2021-11-23,Giải Đặc biệt,477,1
00031,2021-11-23,Giải nhất,740,0
00031,2021-11-23,Giải nhất,862,1
00031,2021-11-23,Giải nhất,459,2
00031,2021-11-23,Giải nhất,943,3
00031,2021-11-23,Giải nhì,964,0
00031,2021-11-23,Giải nhì,488,1
00031,2021-11-23,Giải nhì,384,2
00031,2021-11-23,Giải nhì,707,3
00031,2021-11-23,Giải nhì,455,4
00031,2021-11-23,Giải nhì,016,5
00030,2021-11-20,Giải ba,063,0
00030,2021-11-20,Giải ba,176,1
00030,2021-11-20,Giải ba,447,2
00030,2021-11-20,Giải ba,470,3
00030,2021-11-20,Giải ba,794,4
00030,2021-11-20,Giải ba,214,5
00030,2021-11-20,Giải ba,240,6
00030,2021-11-20,Giải ba,974,7
00030,2021-11-20,Giải Đặc biệt,361,0
00030,2021-11-20,Giải Đặc biệt,135,1
00030,2021-11-20,Giải nhất,904,0
00030,2021-11-20,Giải nhất,410,1
00030,2021-11-20,Giải nhất,276,2
00030,2021-11-20,Giải nhất,656,3
00030,2021-11-20,Giải nhì,103,0
00030,2021-11-20,Giải nhì,607,1
00030,2021-11-20,Giải nhì,790,2
00030,2021-11-20,Giải nhì,666,3
00030,2021-11-20,Giải nhì,749,4
00030,2021-11-20,Giải nhì,981,5
00029,2021-11-18,Giải ba,737,0
00029,2021-11-18,Giải ba,791,1
00029,2021-11-18,Giải ba,302,2
00029,2021-11-18,Giải ba,820,3
00029,2021-11-18,Giải ba,639,4
00029,2021-11-18,Giải ba,591,5
00029,2021-11-18,Giải ba,592,6
00029,2021-11-18,Giải ba,033,7
00029,2021-11-18,Giải Đặc biệt,139,0
00029,2021-11-18,Giải Đặc biệt,729,1
00029,2021-11-18,Giải nhất,614,0
00029,2021-11-18,Giải nhất,989,1
00029,2021-11-18,Giải nhất,996,2
00029,2021-11-18,Giải nhất,746,3
00029,2021-11-18,Giải nhì,503,0
00029,2021-11-18,Giải nhì,389,1
00029,2021-11-18,Giải nhì,287,2
00029,2021-11-18,Giải nhì,674,3
00029,2021-11-18,Giải nhì,297,4
00029,2021-11-18,Giải nhì,586,5
00028,2021-11-16,Giải ba,775,0
00028,2021-11-16,Giải ba,888,1
00028,2021-11-16,Giải ba,122,2
00028,2021-11-16,Giải ba,923,3
00028,2021-11-16,Giải ba,765,4
00028,2021-11-16,Giải ba,486,5
00028,2021-11-16,Giải ba,124,6
00028,2021-11-16,Giải ba,326,7
00028,2021-11-16,Giải Đặc biệt,427,0
00028,2021-11-16,Giải Đặc biệt,245,1
00028,2021-11-16,Giải nhất,612,0
00028,2021-11-16,Giải nhất,747,1
00028,2021-11-16,Giải nhất,276,2
00028,2021-11-16,Giải nhất,659,3
00028,2021-11-16,Giải nhì,671,0
00028,2021-11-16,Giải nhì,811,1
00028,2021-11-16,Giải nhì,605,2
00028,2021-11-16,Giải nhì,153,3
00028,2021-11-16,Giải nhì,781,4
00028,2021-11-16,Giải nhì,091,5
00027,2021-11-13,Giải ba,553,0
00027,2021-11-13,Giải ba,371,1
00027,2021-11-13,Giải ba,402,2
00027,2021-11-13,Giải ba,524,3
00027,2021-11-13,Giải ba,542,4
00027,2021-11-13,Giải ba,039,5
00027,2021-11-13,Giải ba,219,6
00027,2021-11-13,Giải ba,000,7
00027,2021-11-13,Giải Đặc biệt,406,0
00027,2021-11-13,Giải Đặc biệt,419,1
00027,2021-11-13,Giải nhất,445,0
00027,2021-11-13,Giải nhất,559,1
00027,2021-11-13,Giải nhất,430,2
00027,2021-11-13,Giải nhất,376,3
00027,2021-11-13,Giải nhì,267,0
00027,2021-11-13,Giải nhì,456,1
00027,2021-11-13,Giải nhì,568,2
00027,2021-11-13,Giải nhì,396,3
00027,2021-11-13,Giải nhì,745,4
00027,2021-11-13,Giải nhì,867,5
00026,2021-11-11,Giải ba,473,0
00026,2021-11-11,Giải ba,144,1
00026,2021-11-11,Giải ba,996,2
00026,2021-11-11,Giải ba,451,3
00026,2021-11-11,Giải ba,438,4
00026,2021-11-11,Giải ba,799,5
00026,2021-11-11,Giải ba,255,6
00026,2021-11-11,Giải ba,782,7
00026,2021-11-11,Giải Đặc biệt,110,0
00026,2021-11-11,Giải Đặc biệt,271,1
00026,2021-11-11,Giải nhất,437,0
00026,2021-11-11,Giải nhất,873,1
00026,2021-11-11,Giải nhất,689,2
00026,2021-11-11,Giải nhất,988,3
00026,2021-11-11,Giải nhì,389,0
00026,2021-11-11,Giải nhì,735,1
00026,2021-11-11,Giải nhì,367,2
00026,2021-11-11,Giải nhì,390,3
00026,2021-11-11,Giải nhì,563,4
00026,2021-11-11,Giải nhì,406,5
00025,2021-11-09,Giải ba,117,0
00025,2021-11-09,Giải ba,951,1
00025,2021-11-09,Giải ba,610,2
00025,2021-11-09,Giải ba,557,3
00025,2021-11-09,Giải ba,759,4
00025,2021-11-09,Giải ba,968,5
00025,2021-11-09,Giải ba,120,6
00025,2021-11-09,Giải ba,087,7
00025,2021-11-09,Giải Đặc biệt,542,0
00025,2021-11-09,Giải Đặc biệt,973,1
00025,2021-11-09,Giải nhất,415,0
00025,2021-11-09,Giải nhất,338,1
00025,2021-11-09,Giải nhất,064,2
00025,2021-11-09,Giải nhất,679,3
00025,2021-11-09,Giải nhì,815,0
00025,2021-11-09,Giải nhì,467,1
00025,2021-11-09,Giải nhì,068,2
00025,2021-11-09,Giải nhì,714,3
00025,2021-11-09,Giải nhì,316,4
00025,2021-11-09,Giải nhì,200,5
00024,2021-11-06,Giải ba,471,0
00024,2021-11-06,Giải ba,957,1
00024,2021-11-06,Giải ba,399,2
00024,2021-11-06,Giải ba,662,3
00024,2021-11-06,Giải ba,076,4
00024,2021-11-06,Giải ba,736,5
00024,2021-11-06,Giải ba,694,6
00024,2021-11-06,Giải ba,190,7
00024,2021-11-06,Giải Đặc biệt,770,0
00024,2021-11-06,Giải Đặc biệt,542,1
00024,2021-11-06,Giải nhất,594,0
00024,2021-11-06,Giải nhất,539,1
00024,2021-11-06,Giải nhất,384,2
00024,2021-11-06,Giải nhất,107,3
00024,2021-11-06,Giải nhì,624,0
00024,2021-11-06,Giải nhì,189,1
00024,2021-11-06,Giải nhì,934,2
00024,2021-11-06,Giải nhì,545,3
00024,2021-11-06,Giải nhì,944,4
00024,2021-11-06,Giải nhì,248,5
00023,2021-11-04,Giải ba,618,0
00023,2021-11-04,Giải ba,662,1
00023,2021-11-04,Giải ba,167,2
00023,2021-11-04,Giải ba,516,3
00023,2021-11-04,Giải ba,238,4
00023,2021-11-04,Giải ba,219,5
00023,2021-11-04,Giải ba,575,6
00023,2021-11-04,Giải ba,738,7
00023,2021-11-04,Giải Đặc biệt,767,0
00023,2021-11-04,Giải Đặc biệt,869,1
00023,2021-11-04,Giải nhất,342,0
00023,2021-11-04,Giải nhất,173,1
00023,2021-11-04,Giải nhất,193,2
00023,2021-11-04,Giải nhất,480,3
00023,2021-11-04,Giải nhì,877,0
00023,2021-11-04,Giải nhì,005,1
00023,2021-11-04,Giải nhì,803,2
00023,2021-11-04,Giải nhì,559,3
00023,2021-11-04,Giải nhì,841,4
00023,2021-11-04,Giải nhì,739,5
00022,2021-11-02,Giải ba,951,0
00022,2021-11-02,Giải ba,067,1
00022,2021-11-02,Giải ba,682,2
00022,2021-11-02,Giải ba,220,3
00022,2021-11-02,Giải ba,433,4
00022,2021-11-02,Giải ba,145,5
00022,2021-11-02,Giải ba,186,6
00022,2021-11-02,Giải ba,766,7
00022,2021-11-02,Giải Đặc biệt,848,0
00022,2021-11-02,Giải Đặc biệt,361,1
00022,2021-11-02,Giải nhất,496,0
00022,2021-11-02,Giải nhất,168,1
00022,2021-11-02,Giải nhất,716,2
00022,2021-11-02,Giải nhất,412,3
00022,2021-11-02,Giải nhì,666,0
00022,2021-11-02,Giải nhì,640,1
00022,2021-11-02,Giải nhì,168,2
00022,2021-11-02,Giải nhì,279,3
00022,2021-11-02,Giải nhì,318,4
00022,2021-11-02,Giải nhì,429,5
00021,2021-10-30,Giải ba,967,0
00021,2021-10-30,Giải ba,948,1
00021,2021-10-30,Giải ba,518,2
00021,2021-10-30,Giải ba,809,3
00021,2021-10-30,Giải ba,224,4
00021,2021-10-30,Giải ba,646,5
00021,2021-10-30,Giải ba,083,6
00021,2021-10-30,Giải ba,522,7
00021,2021-10-30,Giải Đặc biệt,818,0
00021,2021-10-30,Giải Đặc biệt,283,1
00021,2021-10-30,Giải nhất,613,0
00021,2021-10-30,Giải nhất,809,1
00021,2021-10-30,Giải nhất,401,2
00021,2021-10-30,Giải nhất,616,3
00021,2021-10-30,Giải nhì,542,0
00021,2021-10-30,Giải nhì,598,1
00021,2021-10-30,Giải nhì,839,2
00021,2021-10-30,Giải nhì,687,3
00021,2021-10-30,Giải nhì,777,4
00021,2021-10-30,Giải nhì,581,5
00020,2021-10-28,Giải ba,768,0
00020,2021-10-28,Giải ba,964,1
00020,2021-10-28,Giải ba,150,2
00020,2021-10-28,Giải ba,097,3
00020,2021-10-28,Giải ba,204,4
00020,2021-10-28,Giải ba,336,5
00020,2021-10-28,Giải ba,404,6
00020,2021-10-28,Giải ba,194,7
00020,2021-10-28,Giải Đặc biệt,998,0
00020,2021-10-28,Giải Đặc biệt,244,1
00020,2021-10-28,Giải nhất,796,0
00020,2021-10-28,Giải nhất,599,1
00020,2021-10-28,Giải nhất,310,2
00020,2021-10-28,Giải nhất,183,3
00020,2021-10-28,Giải nhì,046,0
00020,2021-10-28,Giải nhì,118,1
00020,2021-10-28,Giải nhì,687,2
00020,2021-10-28,Giải nhì,068,3
00020,2021-10-28,Giải nhì,327,4
00020,2021-10-28,Giải nhì,154,5
00019,2021-10-26,Giải ba,108,0
00019,2021-10-26,Giải ba,973,1
00019,2021-10-26,Giải ba,246,2
00019,2021-10-26,Giải ba,081,3
00019,2021-10-26,Giải ba,989,4
00019,2021-10-26,Giải ba,534,5
00019,2021-10-26,Giải ba,019,6
00019,2021-10-26,Giải ba,704,7
00019,2021-10-26,Giải Đặc biệt,164,0
00019,2021-10-26,Giải Đặc biệt,042,1
00019,2021-10-26,Giải nhất,487,0
00019,2021-10-26,Giải nhất,921,1
00019,2021-10-26,Giải nhất,590,2
00019,2021-10-26,Giải nhất,236,3
00019,2021-10-26,Giải nhì,342,0
00019,2021-10-26,Giải nhì,880,1
00019,2021-10-26,Giải nhì,105,2
00019,2021-10-26,Giải nhì,458,3
00019,2021-10-26,Giải nhì,602,4
00019,2021-10-26,Giải nhì,738,5
00018,2021-10-23,Giải ba,645,0
00018,2021-10-23,Giải ba,124,1
00018,2021-10-23,Giải ba,241,2
00018,2021-10-23,Giải ba,475,3
00018,2021-10-23,Giải ba,497,4
00018,2021-10-23,Giải ba,073,5
00018,2021-10-23,Giải ba,146,6
00018,2021-10-23,Giải ba,482,7
00018,2021-10-23,Giải Đặc biệt,841,0
00018,2021-10-23,Giải Đặc biệt,363,1
00018,2021-10-23,Giải nhất,543,0
00018,2021-10-23,Giải nhất,562,1
00018,2021-10-23,Giải nhất,797,2
00018,2021-10-23,Giải nhất,573,3
00018,2021-10-23,Giải nhì,621,0
00018,2021-10-23,Giải nhì,160,1
00018,2021-10-23,Giải nhì,658,2
00018,2021-10-23,Giải nhì,965,3
00018,2021-10-23,Giải nhì,173,4
00018,2021-10-23,Giải nhì,668,5
00017,2021-10-21,Giải ba,769,0
00017,2021-10-21,Giải ba,005,1
00017,2021-10-21,Giải ba,605,2
00017,2021-10-21,Giải ba,078,3
00017,2021-10-21,Giải ba,619,4
00017,2021-10-21,Giải ba,226,5
00017,2021-10-21,Giải ba,678,6
00017,2021-10-21,Giải ba,679,7
00017,2021-10-21,Giải Đặc biệt,762,0
00017,2021-10-21,Giải Đặc biệt,717,1
00017,2021-10-21,Giải nhất,218,0
00017,2021-10-21,Giải nhất,060,1
00017,2021-10-21,Giải nhất,863,2
00017,2021-10-21,Giải nhất,078,3
00017,2021-10-21,Giải nhì,320,0
00017,2021-10-21,Giải nhì,598,1
00017,2021-10-21,Giải nhì,187,2
00017,2021-10-21,Giải nhì,642,3
00017,2021-10-21,Giải nhì,165,4
00017,2021-10-21,Giải nhì,294,5
00016,2021-10-19,Giải ba,047,0
00016,2021-10-19,Giải ba,907,1
00016,2021-10-19,Giải ba,407,2
00016,2021-10-19,Giải ba,134,3
00016,2021-10-19,Giải ba,332,4
00016,2021-10-19,Giải ba,059,5
00016,2021-10-19,Giải ba,434,6
00016,2021-10-19,Giải ba,123,7
00016,2021-10-19,Giải Đặc biệt,702,0
00016,2021-10-19,Giải Đặc biệt,929,1
00016,2021-10-19,Giải nhất,984,0
00016,2021-10-19,Giải nhất,204,1
00016,2021-10-19,Giải nhất,900,2
00016,2021-10-19,Giải nhất,942,3
00016,2021-10-19,Giải nhì,126,0
00016,2021-10-19,Giải nhì,330,1
00016,2021-10-19,Giải nhì,882,2
00016,2021-10-19,Giải nhì,903,3
00016,2021-10-19,Giải nhì,217,4
00016,2021-10-19,Giải nhì,369,5
00015,2021-10-16,Giải ba,825,0
00015,2021-10-16,Giải ba,062,1
00015,2021-10-16,Giải ba,488,2
00015,2021-10-16,Giải ba,288,3
00015,2021-10-16,Giải ba,538,4
00015,2021-10-16,Giải ba,720,5
00015,2021-10-16,Giải ba,236,6
00015,2021-10-16,Giải ba,108,7
00015,2021-10-16,Giải Đặc biệt,362,0
00015,2021-10-16,Giải Đặc biệt,339,1
00015,2021-10-16,Giải nhất,864,0
00015,2021-10-16,Giải nhất,962,1
00015,2021-10-16,Giải nhất,784,2
00015,2021-10-16,Giải nhất,230,3
00015,2021-10-16,Giải nhì,861,0
00015,2021-10-16,Giải nhì,188,1
00015,2021-10-16,Giải nhì,189,2
00015,2021-10-16,Giải nhì,085,3
00015,2021-10-16,Giải nhì,748,4
00015,2021-10-16,Giải nhì,623,5
00014,2021-10-14,Giải ba,902,0
00014,2021-10-14,Giải ba,810,1
00014,2021-10-14,Giải ba,578,2
00014,2021-10-14,Giải ba,871,3
00014,2021-10-14,Giải ba,928,4
00014,2021-10-14,Giải ba,941,5
00014,2021-10-14,Giải ba,064,6
00014,2021-10-14,Giải ba,607,7
00014,2021-10-14,Giải Đặc biệt,744,0
00014,2021-10-14,Giải Đặc biệt,066,1
00014,2021-10-14,Giải nhất,290,0
00014,2021-10-14,Giải nhất,881,1
00014,2021-10-14,Giải nhất,830,2
00014,2021-10-14,Giải nhất,513,3
00014,2021-10-14,Giải nhì,776,0
00014,2021-10-14,Giải nhì,270,1
00014,2021-10-14,Giải nhì,787,2
00014,2021-10-14,Giải nhì,212,3
00014,2021-10-14,Giải nhì,352,4
00014,2021-10-14,Giải nhì,695,5
00013,2021-10-12,Giải ba,865,0
00013,2021-10-12,Giải ba,463,1
00013,2021-10-12,Giải ba,554,2
00013,2021-10-12,Giải ba,679,3
00013,2021-10-12,Giải ba,515,4
00013,2021-10-12,Giải ba,538,5
00013,2021-10-12,Giải ba,407,6
00013,2021-10-12,Giải ba,967,7
00013,2021-10-12,Giải Đặc biệt,232,0
00013,2021-10-12,Giải Đặc biệt,426,1
00013,2021-10-12,Giải nhất,021,0
00013,2021-10-12,Giải nhất,626,1
00013,2021-10-12,Giải nhất,628,2
00013,2021-10-12,Giải nhất,436,3
00013,2021-10-12,Giải nhì,297,0
00013,2021-10-12,Giải nhì,269,1
00013,2021-10-12,Giải nhì,073,2
00013,2021-10-12,Giải nhì,208,3
00013,2021-10-12,Giải nhì,335,4
00013,2021-10-12,Giải nhì,026,5
00012,2021-10-09,Giải ba,730,0
00012,2021-10-09,Giải ba,098,1
00012,2021-10-09,Giải ba,836,2
00012,2021-10-09,Giải ba,366,3
00012,2021-10-09,Giải ba,484,4
00012,2021-10-09,Giải ba,551,5
00012,2021-10-09,Giải ba,460,6
00012,2021-10-09,Giải ba,118,7
00012,2021-10-09,Giải Đặc biệt,134,0
00012,2021-10-09,Giải Đặc biệt,575,1
00012,2021-10-09,Giải nhất,152,0
00012,2021-10-09,Giải nhất,208,1
00012,2021-10-09,Giải nhất,728,2
00012,2021-10-09,Giải nhất,041,3
00012,2021-10-09,Giải nhì,203,0
00012,2021-10-09,Giải nhì,110,1
00012,2021-10-09,Giải nhì,979,2
00012,2021-10-09,Giải nhì,334,3
00012,2021-10-09,Giải nhì,928,4
00012,2021-10-09,Giải nhì,482,5
00011,2021-10-07,Giải ba,663,0
00011,2021-10-07,Giải ba,108,1
00011,2021-10-07,Giải ba,347,2
00011,2021-10-07,Giải ba,598,3
00011,2021-10-07,Giải ba,996,4
00011,2021-10-07,Giải ba,695,5
00011,2021-10-07,Giải ba,859,6
00011,2021-10-07,Giải ba,957,7
00011,2021-10-07,Giải Đặc biệt,128,0
00011,2021-10-07,Giải Đặc biệt,706,1
00011,2021-10-07,Giải nhất,518,0
00011,2021-10-07,Giải nhất,997,1
00011,2021-10-07,Giải nhất,054,2
00011,2021-10-07,Giải nhất,957,3
00011,2021-10-07,Giải nhì,030,0
00011,2021-10-07,Giải nhì,758,1
00011,2021-10-07,Giải nhì,343,2
00011,2021-10-07,Giải nhì,942,3
00011,2021-10-07,Giải nhì,265,4
00011,2021-10-07,Giải nhì,127,5
00010,2021-10-05,Giải ba,296,0
00010,2021-10-05,Giải ba,277,1
00010,2021-10-05,Giải ba,284,2
00010,2021-10-05,Giải ba,642,3
00010,2021-10-05,Giải ba,883,4
00010,2021-10-05,Giải ba,606,5
00010,2021-10-05,Giải ba,979,6
00010,2021-10-05,Giải ba,623,7
00010,2021-10-05,Giải Đặc biệt,481,0
00010,2021-10-05,Giải Đặc biệt,603,1
00010,2021-10-05,Giải nhất,934,0
00010,2021-10-05,Giải nhất,085,1
00010,2021-10-05,Giải nhất,142,2
00010,2021-10-05,Giải nhất,007,3
00010,2021-10-05,Giải nhì,636,0
00010,2021-10-05,Giải nhì,095,1
00010,2021-10-05,Giải nhì,620,2
00010,2021-10-05,Giải nhì,859,3
00010,2021-10-05,Giải nhì,749,4
00010,2021-10-05,Giải nhì,608,5
00009,2021-10-02,Giải ba,948,0
00009,2021-10-02,Giải ba,969,1
00009,2021-10-02,Giải ba,492,2
00009,2021-10-02,Giải ba,584,3
00009,2021-10-02,Giải ba,705,4
00009,2021-10-02,Giải ba,002,5
00009,2021-10-02,Giải ba,264,6
00009,2021-10-02,Giải ba,399,7
00009,2021-10-02,Giải Đặc biệt,720,0
00009,2021-10-02,Giải Đặc biệt,129,1
00009,2021-10-02,Giải nhất,626,0
00009,2021-10-02,Giải nhất,077,1
00009,2021-10-02,Giải nhất,195,2
00009,2021-10-02,Giải nhất,559,3
00009,2021-10-02,Giải nhì,772,0
00009,2021-10-02,Giải nhì,648,1
00009,2021-10-02,Giải nhì,499,2
00009,2021-10-02,Giải nhì,451,3
00009,2021-10-02,Giải nhì,818,4
00009,2021-10-02,Giải nhì,727,5
00008,2021-09-30,Giải ba,723,0
00008,2021-09-30,Giải ba,313,1
00008,2021-09-30,Giải ba,190,2
00008,2021-09-30,Giải ba,172,3
00008,2021-09-30,Giải ba,179,4
00008,2021-09-30,Giải ba,752,5
00008,2021-09-30,Giải ba,172,6
00008,2021-09-30,Giải ba,391,7
00008,2021-09-30,Giải Đặc biệt,426,0
00008,2021-09-30,Giải Đặc biệt,195,1
00008,2021-09-30,Giải nhất,594,0
00008,2021-09-30,Giải nhất,350,1
00008,2021-09-30,Giải nhất,595,2
00008,2021-09-30,Giải nhất,137,3
00008,2021-09-30,Giải nhì,357,0
00008,2021-09-30,Giải nhì,856,1
00008,2021-09-30,Giải nhì,822,2
00008,2021-09-30,Giải nhì,923,3
00008,2021-09-30,Giải nhì,072,4
00008,2021-09-30,Giải nhì,243,5
00007,2021-09-28,Giải ba,594,0
00007,2021-09-28,Giải ba,365,1
00007,2021-09-28,Giải ba,667,2
00007,2021-09-28,Giải ba,831,3
00007,2021-09-28,Giải ba,559,4
00007,2021-09-28,Giải ba,046,5
00007,2021-09-28,Giải ba,447,6
00007,2021-09-28,Giải ba,056,7
00007,2021-09-28,Giải Đặc biệt,301,0
00007,2021-09-28,Giải Đặc biệt,987,1
00007,2021-09-28,Giải nhất,550,0
00007,2021-09-28,Giải nhất,814,1
00007,2021-09-28,Giải nhất,609,2
00007,2021-09-28,Giải nhất,296,3
00007,2021-09-28,Giải nhì,669,0
00007,2021-09-28,Giải nhì,259,1
00007,2021-09-28,Giải nhì,867,2
00007,2021-09-28,Giải nhì,313,3
00007,2021-09-28,Giải nhì,001,4
00007,2021-09-28,Giải nhì,999,5
00006,2021-09-25,Giải ba,186,0
00006,2021-09-25,Giải ba,766,1
00006,2021-09-25,Giải ba,533,2
00006,2021-09-25,Giải ba,200,3
00006,2021-09-25,Giải ba,948,4
00006,2021-09-25,Giải ba,267,5
00006,2021-09-25,Giải ba,956,6
00006,2021-09-25,Giải ba,534,7
00006,2021-09-25,Giải Đặc biệt,003,0
00006,2021-09-25,Giải Đặc biệt,266,1
00006,2021-09-25,Giải nhất,641,0
00006,2021-09-25,Giải nhất,433,1
00006,2021-09-25,Giải nhất,376,2
00006,2021-09-25,Giải nhất,870,3
00006,2021-09-25,Giải nhì,869,0
00006,2021-09-25,Giải nhì,608,1
00006,2021-09-25,Giải nhì,074,2
00006,2021-09-25,Giải nhì,234,3
00006,2021-09-25,Giải nhì,814,4
00006,2021-09-25,Giải nhì,577,5
00005,2021-09-23,Giải ba,401,0
00005,2021-09-23,Giải ba,416,1
00005,2021-09-23,Giải ba,472,2
00005,2021-09-23,Giải ba,359,3
00005,2021-09-23,Giải ba,040,4
00005,2021-09-23,Giải ba,576,5
00005,2021-09-23,Giải ba,156,6
00005,2021-09-23,Giải ba,888,7
00005,2021-09-23,Giải Đặc biệt,828,0
00005,2021-09-23,Giải Đặc biệt,655,1
00005,2021-09-23,Giải nhất,442,0
00005,2021-09-23,Giải nhất,521,1
00005,2021-09-23,Giải nhất,663,2
00005,2021-09-23,Giải nhất,420,3
00005,2021-09-23,Giải nhì,882,0
00005,2021-09-23,Giải nhì,064,1
00005,2021-09-23,Giải nhì,486,2
00005,2021-09-23,Giải nhì,740,3
00005,2021-09-23,Giải nhì,621,4
00005,2021-09-23,Giải nhì,231,5
00004,2021-09-21,Giải ba,471,0
00004,2021-09-21,Giải ba,583,1
00004,2021-09-21,Giải ba,763,2
00004,2021-09-21,Giải ba,305,3
00004,2021-09-21,Giải ba,686,4
00004,2021-09-21,Giải ba,664,5
00004,2021-09-21,Giải ba,267,6
00004,2021-09-21,Giải ba,933,7
00004,2021-09-21,Giải Đặc biệt,961,0
00004,2021-09-21,Giải Đặc biệt,570,1
00004,2021-09-21,Giải nhất,988,0
00004,2021-09-21,Giải nhất,496,1
00004,2021-09-21,Giải nhất,491,2
00004,2021-09-21,Giải nhất,628,3
00004,2021-09-21,Giải nhì,669,0
00004,2021-09-21,Giải nhì,916,1
00004,2021-09-21,Giải nhì,341,2
00004,2021-09-21,Giải nhì,377,3
00004,2021-09-21,Giải nhì,446,4
00004,2021-09-21,Giải nhì,293,5
00003,2021-09-18,Giải ba,112,0
00003,2021-09-18,Giải ba,636,1
00003,2021-09-18,Giải ba,469,2
00003,2021-09-18,Giải ba,329,3
00003,2021-09-18,Giải ba,009,4
00003,2021-09-18,Giải ba,830,5
00003,2021-09-18,Giải ba,209,6
00003,2021-09-18,Giải ba,638,7
00003,2021-09-18,Giải Đặc biệt,176,0
00003,2021-09-18,Giải Đặc biệt,797,1
00003,2021-09-18,Giải nhất,857,0
00003,2021-09-18,Giải nhất,766,1
00003,2021-09-18,Giải nhất,706,2
00003,2021-09-18,Giải nhất,411,3
00003,2021-09-18,Giải nhì,158,0
00003,2021-09-18,Giải nhì,105,1
00003,2021-09-18,Giải nhì,868,2
00003,2021-09-18,Giải nhì,369,3
00003,2021-09-18,Giải nhì,296,4
00003,2021-09-18,Giải nhì,650,5
00002,2021-09-16,Giải ba,353,0
00002,2021-09-16,Giải ba,385,1
00002,2021-09-16,Giải ba,185,2
00002,2021-09-16,Giải ba,659,3
00002,2021-09-16,Giải ba,640,4
00002,2021-09-16,Giải ba,769,5
00002,2021-09-16,Giải ba,009,6
00002,2021-09-16,Giải ba,190,7
00002,2021-09-16,Giải Đặc biệt,243,0
00002,2021-09-16,Giải Đặc biệt,843,1
00002,2021-09-16,Giải nhất,241,0
00002,2021-09-16,Giải nhất,488,1
00002,2021-09-16,Giải nhất,124,2
00002,2021-09-16,Giải nhất,559,3
00002,2021-09-16,Giải nhì,701,0
00002,2021-09-16,Giải nhì,250,1
00002,2021-09-16,Giải nhì,923,2
00002,2021-09-16,Giải nhì,060,3
00002,2021-09-16,Giải nhì,828,4
00002,2021-09-16,Giải nhì,949,5
00001,2021-09-14,Giải ba,242,0
00001,2021-09-14,Giải ba,402,1
00001,2021-09-14,Giải ba,314,2
00001,2021-09-14,Giải ba,658,3
00001,2021-09-14,Giải ba,551,4
00001,2021-09-14,Giải ba,277,5
00001,2021-09-14,Giải ba,809,6
00001,2021-09-14,Giải ba,071,7
00001,2021-09-14,Giải Đặc biệt,740,0
00001,2021-09-14,Giải Đặc biệt,262,1
00001,2021-09-14,Giải nhất,355,0
00001,2021-09-14,Giải nhất,087,1
00001,2021-09-14,Giải nhất,711,2
00001,2021-09-14,Giải nhất,492,3
00001,2021-09-14,Giải nhì,302,0
00001,2021-09-14,Giải nhì,206,1
00001,2021-09-14,Giải nhì,092,2
00001,2021-09-14,Giải nhì,309,3
00001,2021-09-14,Giải nhì,393,4
00001,2021-09-14,Giải nhì,180,5
